t,vx_cmd,vy_cmd,wz_cmd,lin_vx,lin_vy,lin_vz,gyro_x,gyro_y,gyro_z,projg_x,projg_y,projg_z,jpos_hip_yaw_l,jpos_hip_roll_l,jpos_hip_pitch_l,jpos_knee_pitch_l,jpos_ankle_pitch_l,jpos_hip_yaw_r,jpos_hip_roll_r,jpos_hip_pitch_r,jpos_knee_pitch_r,jpos_ankle_pitch_r,jvel_hip_yaw_l,jvel_hip_roll_l,jvel_hip_pitch_l,jvel_knee_pitch_l,jvel_ankle_pitch_l,jvel_hip_yaw_r,jvel_hip_roll_r,jvel_hip_pitch_r,jvel_knee_pitch_r,jvel_ankle_pitch_r,jtgt_hip_yaw_l,jtgt_hip_roll_l,jtgt_hip_pitch_l,jtgt_knee_pitch_l,jtgt_ankle_pitch_l,jtgt_hip_yaw_r,jtgt_hip_roll_r,jtgt_hip_pitch_r,jtgt_knee_pitch_r,jtgt_ankle_pitch_r,act_0,act_1,act_2,act_3,act_4,act_5,act_6,act_7,act_8,act_9,gait_phase,infer_ms
0.0000,0.1000,0.0000,0.0000,0.0000,0.0000,0.0000,-0.0213,-0.2977,0.0011,-0.3288,-0.0032,-0.9444,0.4031,-0.1019,-1.4851,0.9913,-1.2988,-0.4037,0.1069,1.5036,-1.0220,1.3033,-0.0465,0.0620,-0.0349,0.0659,0.0116,0.0427,-0.0271,-0.0388,0.0194,0.0194,0.5000,-0.2000,-1.3432,1.1052,-1.3282,-0.3000,0.1257,1.7263,-0.9408,1.3239,14.4113,-2.4484,-0.4287,1.1354,0.4171,1.1534,0.2572,0.5924,0.7252,1.2504,0.0278,0.66
0.0189,0.1000,0.0000,0.0000,0.0000,0.0000,0.0000,-0.0697,-0.3325,-0.3133,-0.3347,-0.0090,-0.9423,0.3876,-0.1110,-1.4865,0.9869,-1.3736,-0.3888,0.0907,1.4725,-0.9968,1.2193,-0.0000,-0.0194,-0.0194,0.0504,0.0427,0.0388,0.0039,0.0000,-0.0000,0.0000,0.5000,-0.1370,-1.3387,1.0859,-1.3371,-0.3000,0.2000,1.5874,-0.9083,1.2868,37.7867,-0.3701,-0.1797,0.7558,0.2566,1.5135,3.2229,-1.2700,2.5343,0.7290,0.0556,0.22
0.0389,0.1000,0.0000,0.0000,0.0000,0.0000,0.0000,-0.1836,-0.4377,-0.9451,-0.3414,-0.0109,-0.9399,0.4036,-0.1293,-1.4680,0.9982,-1.3751,-0.3720,0.0949,1.4927,-0.9944,1.2204,0.7987,-0.8259,0.4459,0.3567,-0.0155,0.9112,0.1512,0.7096,0.0116,-0.0310,0.5000,-0.1512,-1.2411,0.9471,-1.3505,-0.3000,0.2000,1.6078,-0.9031,1.3038,56.7381,-0.5116,1.0470,-0.6812,0.0515,2.1845,3.9284,-1.4521,4.9382,2.5907,0.0833,0.20
0.0600,0.1000,0.0000,0.0000,0.0000,0.0000,0.0000,-0.3332,-0.6457,-1.3742,-0.3538,-0.0118,-0.9352,0.4166,-0.1334,-1.4584,1.0000,-1.3756,-0.3557,0.1142,1.4930,-0.9892,1.2152,0.7134,-0.1396,0.4304,0.0271,0.0698,0.7677,0.8802,0.0000,0.3063,-0.2675,0.5000,-0.1618,-1.2615,0.9198,-1.2930,-0.3000,0.2000,1.6078,-0.9209,1.3562,72.1083,-0.6179,1.4812,-1.4974,0.5552,2.2568,4.8884,-1.9454,6.9389,3.3581,0.1111,0.19
0.0809,0.1000,0.0000,0.0000,0.0000,0.0000,0.0000,-0.5981,-0.5048,-1.7979,-0.3647,-0.0145,-0.9310,0.4263,-0.1382,-1.4323,0.9784,-1.3767,-0.3413,0.1306,1.4959,-0.9841,1.2116,0.3490,-0.1900,1.5083,-1.0236,-0.0349,0.6243,0.7018,0.1047,0.2637,-0.2482,0.5000,-0.1870,-1.2819,0.9239,-1.2414,-0.3000,0.2000,1.5772,-0.9722,1.3689,83.8654,-0.8700,2.0098,-2.3177,1.2360,2.1161,5.5062,-2.2343,8.5388,3.9815,0.1389,0.20
0.0999,0.1000,0.0000,0.0000,0.0000,0.0000,0.0000,-0.6049,-0.3515,-2.0033,-0.3697,-0.0184,-0.9290,0.4344,-0.1459,-1.4027,0.9562,-1.3730,-0.3295,0.1422,1.5017,-0.9798,1.2156,0.3916,-0.3141,1.3881,-0.8298,0.1357,0.5932,0.4498,0.2792,0.4149,0.0310,0.5000,-0.2000,-1.3022,0.9276,-1.2342,-0.3000,0.2000,1.5467,-1.0200,1.3813,93.0274,-1.2429,2.5225,-3.1059,1.8899,1.8724,5.9315,-2.3957,9.8621,4.5118,0.1667,0.19
0.1189,0.1000,0.0000,0.0000,0.0000,0.0000,0.0000,-0.5253,-0.4339,-2.1503,-0.3752,-0.0259,-0.9266,0.4417,-0.1579,-1.3805,0.9429,-1.3630,-0.3208,0.1516,1.5062,-0.9797,1.2226,0.3877,-0.4653,1.0779,-0.5351,0.5390,0.4459,0.4575,0.2947,0.0853,0.3102,0.5000,-0.2000,-1.3226,0.9306,-1.2271,-0.3000,0.2000,1.5161,-1.0621,1.3931,100.2695,-1.6672,2.9585,-3.7467,2.5023,1.6371,6.1835,-2.5047,10.9557,4.9742,0.1944,0.19
0.1399,0.1000,0.0000,0.0000,0.0000,0.0000,0.0000,-0.5417,-0.6112,-2.0273,-0.3843,-0.0293,-0.9227,0.4476,-0.1685,-1.3635,0.9368,-1.3515,-0.3135,0.1598,1.5106,-0.9839,1.2335,0.2986,-0.5157,0.8724,-0.1745,0.5971,0.4071,0.3839,0.3839,-0.1861,0.6049,0.5000,-0.2000,-1.3430,0.9331,-1.2200,-0.3000,0.2000,1.4856,-1.0966,1.4039,105.9021,-2.0808,3.3439,-4.2721,3.0299,1.4382,6.3104,-2.5469,11.8231,5.3661,0.2222,0.18
0.1599,0.1000,0.0000,0.0000,0.0000,0.0000,0.0000,-0.5217,-0.7234,-1.7306,-0.3953,-0.0316,-0.9180,0.4540,-0.1781,-1.3491,0.9368,-1.3386,-0.3072,0.1672,1.5141,-0.9926,1.2496,0.3412,-0.3218,0.6785,0.2171,0.5390,0.3218,0.2714,0.2908,-0.2714,0.7289,0.5000,-0.2000,-1.3633,0.9348,-1.2128,-0.3000,0.2000,1.4550,-1.1217,1.4136,110.2578,-2.4472,3.6633,-4.7019,3.4340,1.2828,6.3882,-2.5647,12.4843,5.6873,0.2500,0.18
0.1809,0.1000,0.0000,0.0000,0.0000,0.0000,0.0000,-0.3766,-0.8221,-1.3550,-0.4085,-0.0345,-0.9121,0.4592,-0.1848,-1.3372,0.9408,-1.3285,-0.3031,0.1733,1.5165,-1.0011,1.2667,0.2365,-0.3179,0.6553,0.2559,0.5390,0.1745,0.3063,0.1435,-0.2947,0.7832,0.5000,-0.2000,-1.3837,0.9358,-1.2057,-0.3000,0.2000,1.4244,-1.1364,1.4221,113.5677,-2.7387,3.9297,-5.0744,3.7162,1.1588,6.4328,-2.5643,12.9885,5.9656,0.2778,0.17
0.1999,0.1000,0.0000,0.0000,0.0000,0.0000,0.0000,-0.2020,-0.8910,-0.8830,-0.4228,-0.0382,-0.9054,0.4646,-0.1899,-1.3273,0.9476,-1.3211,-0.3005,0.1785,1.5166,-1.0109,1.2850,0.2908,-0.2171,0.4924,0.4110,0.3490,0.0504,0.1667,0.0504,-0.3839,0.7638,0.5000,-0.2000,-1.4041,0.9360,-1.1986,-0.3000,0.2000,1.3939,-1.1398,1.4293,116.0290,-2.9619,4.1443,-5.3862,3.9117,1.0613,6.4501,-2.5469,13.3521,6.1949,0.3056,0.16
0.2199,0.1000,0.0000,0.0000,0.0000,0.0000,0.0000,-0.0524,-0.9352,-0.4035,-0.4385,-0.0410,-0.8978,0.4691,-0.1936,-1.3200,0.9560,-1.3139,-0.2985,0.1830,1.5140,-1.0189,1.3010,0.2675,-0.0698,0.3141,0.4924,0.3102,0.1900,0.2055,-0.1202,-0.3412,0.7367,0.5000,-0.2000,-1.4244,0.9355,-1.1914,-0.3019,0.2000,1.3633,-1.1318,1.4352,117.8307,-3.1447,4.3178,-5.6409,4.0372,0.9815,6.4563,-2.5213,13.6006,6.3847,0.3333,0.16
0.2399,0.1000,0.0000,0.0000,0.0000,0.0000,0.0000,0.0921,-0.9113,0.0739,-0.4545,-0.0419,-0.8898,0.4729,-0.1970,-1.3164,0.9633,-1.3084,-0.2967,0.1865,1.5069,-1.0258,1.3165,0.1551,-0.1241,0.1977,0.3451,0.2869,0.0853,0.1473,-0.2947,-0.3761,0.7522,0.5000,-0.2000,-1.4448,0.9342,-1.1842,-0.3080,0.2000,1.3328,-1.1129,1.4398,119.1047,-3.2893,4.4645,-5.8623,4.1106,0.9204,6.4493,-2.4883,13.7738,6.5485,0.3611,0.16
0.2599,0.1000,0.0000,0.0000,0.0000,0.0000,0.0000,0.2465,-0.8441,0.5380,-0.4702,-0.0410,-0.8816,0.4762,-0.1993,-1.3164,0.9686,-1.3043,-0.2954,0.1882,1.4956,-1.0299,1.3321,0.1784,-0.0737,-0.0155,0.2055,0.2133,0.1008,0.0078,-0.5002,-0.2326,0.7212,0.5000,-0.2000,-1.4652,0.9322,-1.1742,-0.3133,0.2000,1.3022,-1.0839,1.4432,119.9735,-3.3785,4.5784,-6.0491,4.1314,0.8666,6.4491,-2.4569,13.8870,6.6845,0.3889,0.16
0.2799,0.1000,0.0000,0.0000,0.0000,0.0000,0.0000,0.3974,-0.7436,0.9379,-0.4852,-0.0387,-0.8735,0.4787,-0.2009,-1.3204,0.9718,-1.3007,-0.2950,0.1893,1.4816,-1.0302,1.3470,0.0969,-0.0465,-0.2016,0.1628,0.1086,0.0737,-0.0388,-0.6940,0.0078,0.7406,0.5000,-0.2000,-1.4856,0.9295,-1.1641,-0.3172,0.2000,1.2717,-1.0461,1.4456,120.5059,-3.4141,4.6582,-6.1923,4.1066,0.8279,6.4493,-2.4267,13.9504,6.7843,0.4167,0.15
0.3000,0.1000,0.0000,0.0000,0.0000,0.0000,0.0000,0.5235,-0.5892,1.2699,-0.4976,-0.0347,-0.8667,0.4807,-0.2016,-1.3291,0.9729,-1.2964,-0.2952,0.1891,1.4631,-1.0261,1.3611,0.1512,0.0155,-0.4885,-0.0194,0.1745,0.0078,0.0078,-0.8763,0.2016,0.6436,0.5000,-0.2000,-1.5059,0.9262,-1.1541,-0.3204,0.2000,1.2411,-1.0014,1.4472,120.7931,-3.3982,4.7013,-6.2868,4.0496,0.7955,6.4575,-2.4088,13.9854,6.8531,0.4444,0.15
0.3199,0.1000,0.0000,0.0000,0.0000,0.0000,0.0000,0.6121,-0.4335,1.5729,-0.5074,-0.0292,-0.8612,0.4827,-0.2020,-1.3420,0.9721,-1.2908,-0.2954,0.1885,1.4412,-1.0164,1.3745,0.1008,-0.0271,-0.6320,-0.0853,0.3024,0.0271,-0.0349,-1.0624,0.4575,0.7096,0.5000,-0.2000,-1.5263,0.9223,-1.1440,-0.3243,0.2000,1.2106,-0.9519,1.4483,120.8736,-3.3557,4.7228,-6.3446,3.9814,0.7573,6.4657,-2.3940,13.9854,6.8903,0.4722,0.16
0.3399,0.1000,0.0000,0.0000,0.0000,0.0000,0.0000,0.6646,-0.2831,1.8152,-0.5148,-0.0217,-0.8570,0.4845,-0.2019,-1.3591,0.9689,-1.2846,-0.2958,0.1876,1.4156,-1.0016,1.3877,0.0427,-0.0039,-0.8375,-0.1667,0.3373,-0.0078,-0.0775,-1.1593,0.7057,0.6630,0.5000,-0.2000,-1.5467,0.9180,-1.1340,-0.3285,0.2000,1.1800,-0.9000,1.4770,120.7781,-3.2621,4.7089,-6.3572,3.8913,0.7150,6.4881,-2.3946,13.9698,6.8929,0.5000,0.20
0.3599,0.1000,0.0000,0.0000,0.0000,0.0000,0.0000,0.7079,-0.1243,2.0111,-0.5194,-0.0128,-0.8544,0.4865,-0.2017,-1.3787,0.9632,-1.2779,-0.2963,0.1863,1.3887,-0.9809,1.3990,0.1551,0.0078,-1.0508,-0.3179,0.3335,-0.0194,-0.1163,-1.2950,0.9112,0.5467,0.5000,-0.2000,-1.5670,0.9133,-1.1239,-0.3331,0.2000,1.2004,-0.9052,1.4699,120.5520,-3.1410,4.6752,-6.3398,3.7883,0.6693,6.5148,-2.4022,13.9382,6.8786,0.5278,0.19
0.3809,0.1000,0.0000,0.0000,0.0000,0.0000,0.0000,0.6278,0.0659,2.1415,-0.5209,0.0004,-0.8536,0.4882,-0.2013,-1.4015,0.9560,-1.2703,-0.2972,0.1854,1.3592,-0.9551,1.4143,0.0969,0.0233,-1.0624,-0.3994,0.4188,0.0504,-0.0233,-1.3803,1.1283,0.8220,0.5000,-0.2000,-1.5874,0.9083,-1.1139,-0.3385,0.2000,1.2207,-0.9103,1.4627,120.2188,-3.0253,4.6188,-6.2716,3.6923,0.6151,6.5394,-2.4182,13.8788,6.8358,0.5556,0.18
0.4009,0.1000,0.0000,0.0000,0.0000,0.0000,0.0000,0.5770,0.2936,2.1561,-0.5176,0.0149,-0.8555,0.4900,-0.2006,-1.4256,0.9475,-1.2620,-0.2993,0.1850,1.3380,-0.9352,1.4260,0.0349,0.0698,-1.2640,-0.5390,0.4226,-0.1163,-0.0039,-0.9228,0.8104,0.4769,0.5000,-0.2000,-1.6078,0.9031,-1.1038,-0.3425,0.2000,1.2411,-0.9152,1.4556,119.7930,-2.8500,4.5171,-6.1622,3.5892,0.5751,6.5890,-2.4630,13.8560,6.7510,0.5833,0.15
0.4199,0.1000,0.0000,0.0000,0.0000,0.0000,0.0000,0.5311,0.4926,2.0954,-0.5107,0.0288,-0.8593,0.4914,-0.2000,-1.4527,0.9350,-1.2526,-0.3021,0.1850,1.3248,-0.9223,1.4341,0.1241,0.0504,-1.2524,-0.6514,0.4963,-0.0504,-0.0427,-0.5739,0.6320,0.3606,0.5000,-0.2000,-1.6078,0.9209,-1.1562,-0.3440,0.2000,1.2615,-0.9198,1.4485,119.2989,-2.6556,4.4080,-6.0369,3.4561,0.5599,6.6320,-2.5022,13.8160,6.6636,0.6111,0.15
0.4399,0.1000,0.0000,0.0000,0.0000,0.0000,0.0000,0.4482,0.5679,2.0145,-0.5012,0.0417,-0.8644,0.4927,-0.1987,-1.4823,0.9218,-1.2404,-0.3052,0.1853,1.3193,-0.9131,1.4390,0.1280,0.1822,-1.4463,-0.6165,0.6204,-0.1241,-0.0194,-0.2404,0.4032,0.2016,0.5000,-0.2000,-1.5772,0.9722,-1.1689,-0.3425,0.2000,1.2819,-0.9239,1.4414,118.7355,-2.4107,4.2557,-5.8694,3.2740,0.5748,6.6895,-2.5526,13.7728,6.5471,0.6389,0.15
0.4599,0.1000,0.0000,0.0000,0.0000,0.0000,0.0000,0.2775,0.3518,1.9450,-0.4912,0.0574,-0.8692,0.4946,-0.1967,-1.5096,0.9114,-1.2362,-0.3082,0.1860,1.3193,-0.9070,1.4420,0.1512,0.1473,-1.3997,-0.4226,0.2598,-0.1590,0.0698,0.0775,0.2675,0.1473,0.5000,-0.2000,-1.5467,1.0200,-1.1813,-0.3381,0.2000,1.3022,-0.9276,1.4342,118.0471,-2.1179,4.0849,-5.6808,3.0233,0.6189,6.7355,-2.5937,13.6917,6.4248,0.6667,0.15
0.4799,0.1000,0.0000,0.0000,0.0000,0.0000,0.0000,0.2782,-0.1470,1.6369,-0.4925,0.0700,-0.8675,0.4950,-0.1947,-1.5332,0.9083,-1.2325,-0.3113,0.1871,1.3216,-0.9044,1.4427,0.0465,0.1435,-1.2446,-0.1861,0.2016,-0.1628,0.0465,0.0116,0.1202,-0.0427,0.5000,-0.2000,-1.5161,1.0621,-1.1931,-0.3293,0.2000,1.3226,-0.9306,1.4271,117.4108,-1.7462,3.8792,-5.4670,2.7056,0.7066,6.8332,-2.6676,13.6389,6.2893,0.6944,0.15
0.5009,0.1000,0.0000,0.0000,0.0000,0.0000,0.0000,0.2204,-0.4377,1.0170,-0.5013,0.0754,-0.8620,0.4944,-0.1923,-1.5509,0.9110,-1.2301,-0.3139,0.1888,1.3233,-0.9055,1.4401,0.0349,0.1124,-0.9344,0.1745,0.1977,-0.0775,0.0698,-0.0465,-0.0465,-0.2133,0.5000,-0.2000,-1.4856,1.0966,-1.2039,-0.3139,0.2000,1.3430,-0.9331,1.4200,116.9933,-1.3958,3.6755,-5.1977,2.4208,0.8612,6.9547,-2.7579,13.5750,6.1344,0.7222,0.15
0.5209,0.1000,0.0000,0.0000,0.0000,0.0000,0.0000,0.1299,-0.5046,0.3429,-0.5128,0.0744,-0.8552,0.4936,-0.1902,-1.5619,0.9185,-1.2282,-0.3142,0.1903,1.3253,-0.9085,1.4342,0.0116,0.0659,-0.4847,0.2830,0.2249,-0.0000,0.0116,0.0465,-0.1396,-0.3412,0.5000,-0.2000,-1.4550,1.1217,-1.2136,-0.3000,0.2000,1.3633,-0.9348,1.4128,116.8234,-1.0734,3.4963,-4.9213,2.1754,1.0445,7.1095,-2.8561,13.5114,5.9863,0.7500,0.16
0.5409,0.1000,0.0000,0.0000,0.0000,0.0000,0.0000,0.0159,-0.4541,-0.3650,-0.5249,0.0678,-0.8484,0.4936,-0.1892,-1.5670,0.9297,-1.2271,-0.3125,0.1916,1.3289,-0.9119,1.4273,0.0233,-0.0155,-0.3296,0.5971,0.0659,0.0853,0.0233,0.0853,-0.1241,-0.4614,0.5000,-0.1781,-1.4244,1.1364,-1.2221,-0.3000,0.2000,1.3837,-0.9358,1.4057,116.9232,-0.7805,3.3346,-4.6474,1.9691,1.2457,7.2842,-2.9543,13.4427,5.8389,0.7778,0.17
0.5619,0.1000,0.0000,0.0000,0.0000,0.0000,0.0000,-0.0553,-0.3308,-1.0619,-0.5356,0.0552,-0.8427,0.4933,-0.1891,-1.5670,0.9449,-1.2271,-0.3088,0.1928,1.3350,-0.9146,1.4193,-0.0000,-0.0000,0.0039,0.6979,0.0775,0.1318,0.0194,0.2171,-0.1047,-0.4381,0.5000,-0.1511,-1.3939,1.1398,-1.2293,-0.3000,0.2000,1.4041,-0.9360,1.3986,117.2617,-0.5115,3.1956,-4.4077,1.7923,1.4384,7.4783,-3.0588,13.3840,5.7259,0.8056,0.16
0.5809,0.1000,0.0000,0.0000,0.0000,0.0000,0.0000,-0.1435,-0.2700,-1.5938,-0.5439,0.0384,-0.8383,0.4932,-0.1865,-1.5618,0.9609,-1.2274,-0.3048,0.1936,1.3429,-0.9168,1.4103,-0.0194,0.0892,0.2869,0.7871,-0.0000,0.1628,-0.0582,0.3606,-0.0698,-0.4614,0.5000,-0.1279,-1.3633,1.1318,-1.2352,-0.3000,0.2000,1.4244,-0.9355,1.3914,117.7210,-0.2791,3.0753,-4.2100,1.6447,1.6009,7.6669,-3.1587,13.3307,5.6391,0.8333,0.16
0.6009,0.1000,0.0000,0.0000,0.0000,0.0000,0.0000,-0.2533,-0.3092,-2.0388,-0.5519,0.0195,-0.8337,0.4928,-0.1805,-1.5497,0.9767,-1.2284,-0.3018,0.1935,1.3538,-0.9178,1.4011,0.0039,0.2094,0.6436,0.8220,-0.0698,0.1667,-0.0465,0.4963,-0.0000,-0.5041,0.5000,-0.1088,-1.3328,1.1129,-1.2398,-0.3000,0.2000,1.4448,-0.9342,1.3842,118.2491,-0.0878,2.9703,-4.0513,1.5243,1.7337,7.8437,-3.2583,13.2903,5.5794,0.8611,0.15
0.6209,0.1000,0.0000,0.0000,0.0000,0.0000,0.0000,-0.3637,-0.2732,-2.3661,-0.5599,-0.0009,-0.8286,0.4919,-0.1727,-1.5307,0.9908,-1.2312,-0.2997,0.1930,1.3671,-0.9181,1.3906,-0.0310,0.3645,0.8608,0.7251,-0.0853,0.0969,-0.0698,0.5118,0.0233,-0.4769,0.5000,-0.0965,-1.3022,1.0839,-1.2432,-0.3000,0.2000,1.4652,-0.9322,1.3742,118.8067,0.0346,2.8989,-3.9319,1.4560,1.8362,7.9949,-3.3470,13.2634,5.5392,0.8889,0.15
0.6409,0.1000,0.0000,0.0000,0.0000,0.0000,0.0000,-0.5388,-0.0460,-2.6534,-0.5640,-0.0227,-0.8255,0.4905,-0.1631,-1.5084,1.0000,-1.2349,-0.2973,0.1919,1.3806,-0.9179,1.3809,-0.0388,0.4226,1.2408,0.4459,-0.1241,0.1706,-0.0737,0.6747,0.0116,-0.4188,0.5000,-0.0935,-1.2717,1.0461,-1.2456,-0.3000,0.2000,1.4856,-0.9295,1.3641,119.3573,0.0651,2.8613,-3.8566,1.4772,1.8952,8.1170,-3.4315,13.2639,5.5057,0.9167,0.15
0.6619,0.1000,0.0000,0.0000,0.0000,0.0000,0.0000,-0.6883,0.2585,-2.8908,-0.5618,-0.0437,-0.8261,0.4891,-0.1535,-1.4814,1.0037,-1.2383,-0.2951,0.1904,1.3983,-0.9168,1.3715,-0.0349,0.4769,1.2718,0.1745,-0.1280,0.1977,-0.0543,0.8724,0.1473,-0.5079,0.5000,-0.0988,-1.2411,1.0014,-1.2472,-0.3000,0.2000,1.5059,-0.9262,1.3541,119.8960,0.0121,2.8571,-3.8414,1.5659,1.9215,8.2097,-3.4956,13.2989,5.4844,0.9444,0.15
0.6809,0.1000,0.0000,0.0000,0.0000,0.0000,0.0000,-0.7498,0.4007,-3.0372,-0.5544,-0.0643,-0.8297,0.4878,-0.1468,-1.4516,1.0017,-1.2417,-0.2935,0.1895,1.4196,-0.9132,1.3623,-0.1124,0.3761,1.4385,0.0271,-0.2094,0.0775,-0.0620,1.0740,0.3063,-0.3645,0.5000,-0.1087,-1.2106,0.9519,-1.2483,-0.3000,0.2000,1.5263,-0.9223,1.3440,120.3627,-0.0873,2.8895,-3.9094,1.6935,1.9129,8.2546,-3.5251,13.3758,5.4942,0.9722,0.19
0.7019,0.1000,0.0000,0.0000,0.0000,0.0000,0.0000,-0.8116,0.4211,-3.1601,-0.5445,-0.0854,-0.8344,0.4865,-0.1429,-1.4178,0.9927,-1.2453,-0.2928,0.1892,1.4455,-0.9078,1.3542,-0.0582,0.1590,1.5587,-0.3218,-0.1202,0.0310,-0.0155,1.2175,0.2947,-0.3761,0.5000,-0.1262,-1.1800,0.9000,-1.2770,-0.3000,0.2000,1.5467,-0.9180,1.3340,120.8173,-0.2624,2.9490,-4.0531,1.8770,1.8624,8.2559,-3.5373,13.5002,5.5456,0.0000,0.19
0.7209,0.1000,0.0000,0.0000,0.0000,0.0000,0.0000,-0.8825,0.4125,-3.1430,-0.5342,-0.1040,-0.8389,0.4851,-0.1413,-1.3838,0.9795,-1.2484,-0.2919,0.1894,1.4704,-0.9003,1.3455,-0.0814,0.1163,1.6401,-0.6087,-0.0620,0.0349,-0.0349,1.3067,0.3141,-0.3800,0.5000,-0.1498,-1.2004,0.9052,-1.2699,-0.3000,0.2000,1.5670,-0.9133,1.3239,121.1998,-0.4978,3.0346,-4.2565,2.1044,1.7723,8.2212,-3.5255,13.6443,5.6214,0.0278,0.19
0.7419,0.1000,0.0000,0.0000,0.0000,0.0000,0.0000,-0.9562,0.5455,-3.0375,-0.5195,-0.1209,-0.8459,0.4847,-0.1424,-1.3437,0.9589,-1.2567,-0.2919,0.1899,1.4989,-0.8919,1.3372,-0.0194,-0.0349,1.7642,-0.8336,-0.3528,-0.0000,0.0310,1.2563,0.4343,-0.4420,0.5000,-0.1819,-1.2207,0.9103,-1.2627,-0.3000,0.2000,1.5874,-0.9083,1.3139,121.4876,-0.8185,3.1800,-4.5419,2.4027,1.6464,8.1116,-3.4634,13.7949,5.7346,0.0556,0.17
0.7609,0.1000,0.0000,0.0000,0.0000,0.0000,0.0000,-1.0357,0.6258,-2.8961,-0.5027,-0.1322,-0.8543,0.4851,-0.1469,-1.3155,0.9472,-1.2634,-0.2923,0.1911,1.5248,-0.8813,1.3271,-0.0427,-0.1900,1.3959,-0.5118,-0.3179,0.0310,0.0543,1.3144,0.5467,-0.4343,0.5000,-0.2000,-1.2411,0.9152,-1.2556,-0.3000,0.2000,1.6078,-0.9031,1.3038,121.7638,-1.2142,3.3246,-4.7940,2.7443,1.4903,7.9778,-3.4014,13.9287,5.8300,0.0833,0.15
0.7809,0.1000,0.0000,0.0000,0.0000,0.0000,0.0000,-0.9474,0.7148,-2.7362,-0.4847,-0.1419,-0.8631,0.4854,-0.1557,-1.2936,0.9384,-1.2699,-0.2924,0.1932,1.5544,-0.8713,1.3177,-0.0194,-0.2869,0.9887,-0.3528,-0.2908,0.0155,0.1086,1.3261,0.4847,-0.4614,0.5000,-0.2000,-1.2615,0.9198,-1.2485,-0.3000,0.2000,1.6078,-0.9209,1.3562,122.0826,-1.6210,3.4959,-5.0175,3.0869,1.3399,7.8280,-3.3257,14.0550,5.9440,0.1111,0.17
0.8019,0.1000,0.0000,0.0000,0.0000,0.0000,0.0000,-0.8138,0.8285,-2.5521,-0.4641,-0.1505,-0.8729,0.4862,-0.1645,-1.2789,0.9354,-1.2756,-0.2926,0.1960,1.5806,-0.8605,1.3088,0.0853,-0.3528,0.6243,-0.0465,-0.2792,0.0310,0.0814,1.3067,0.5157,-0.3800,0.5000,-0.2000,-1.2819,0.9239,-1.2414,-0.3000,0.2000,1.5772,-0.9722,1.3689,122.4844,-2.0220,3.6824,-5.1948,3.4336,1.1965,7.6697,-3.2385,14.1529,6.0499,0.1389,0.15
0.8209,0.1000,0.0000,0.0000,0.0000,0.0000,0.0000,-0.8118,0.7565,-2.2361,-0.4427,-0.1558,-0.8830,0.4879,-0.1710,-1.2686,0.9360,-1.2799,-0.2929,0.1991,1.6047,-0.8521,1.3103,0.1202,-0.2830,0.5079,0.1357,-0.1784,0.0271,0.1900,1.1981,0.4769,0.0892,0.5000,-0.2000,-1.3022,0.9276,-1.2342,-0.3000,0.2000,1.5467,-1.0200,1.3813,122.8882,-2.3937,3.8598,-5.3488,3.7348,1.0576,7.5053,-3.1378,14.2166,6.1658,0.1667,0.15
0.8429,0.1000,0.0000,0.0000,0.0000,0.0000,0.0000,-0.7225,0.4608,-1.7250,-0.4277,-0.1565,-0.8903,0.4903,-0.1751,-1.2611,0.9385,-1.2825,-0.2929,0.2028,1.6228,-0.8511,1.3157,0.1435,-0.1280,0.4071,0.1745,-0.1202,-0.0000,0.2171,0.8647,0.0271,0.2947,0.5000,-0.2000,-1.3226,0.9306,-1.2271,-0.3084,0.2000,1.5161,-1.0621,1.3931,123.2050,-2.6974,4.0212,-5.5206,3.9801,0.9159,7.3434,-3.0345,14.2867,6.2995,0.1944,0.14
0.8619,0.1000,0.0000,0.0000,0.0000,0.0000,0.0000,-0.6026,0.3111,-1.0581,-0.4182,-0.1549,-0.8950,0.4944,-0.1784,-1.2565,0.9432,-1.2830,-0.2930,0.2078,1.6357,-0.8566,1.3257,0.2637,-0.0814,0.4032,0.3645,-0.0000,0.0504,0.1900,0.4847,-0.2326,0.3606,0.5000,-0.2000,-1.3430,0.9331,-1.2200,-0.3222,0.2000,1.4856,-1.0966,1.4039,123.3923,-3.0212,4.1964,-5.7093,4.2257,0.7781,7.1526,-2.9146,14.3385,6.4439,0.2222,0.14
0.8829,0.1000,0.0000,0.0000,0.0000,0.0000,0.0000,-0.5440,0.1721,-0.3485,-0.4141,-0.1474,-0.8982,0.4986,-0.1802,-1.2541,0.9503,-1.2825,-0.2946,0.2130,1.6403,-0.8668,1.3367,0.1473,-0.0465,0.0737,0.4071,-0.0194,0.0233,0.2520,0.2326,-0.4847,0.4537,0.5000,-0.2000,-1.3633,0.9348,-1.2128,-0.3345,0.2000,1.4550,-1.1217,1.4136,123.4220,-3.3226,4.3554,-5.8748,4.4288,0.6550,6.9705,-2.7955,14.3568,6.5697,0.2500,0.16
0.9029,0.1000,0.0000,0.0000,0.0000,0.0000,0.0000,-0.4046,0.0326,0.3766,-0.4138,-0.1369,-0.9000,0.5021,-0.1814,-1.2544,0.9584,-1.2820,-0.2976,0.2163,1.6405,-0.8818,1.3489,0.2520,-0.0310,-0.0233,0.4304,0.0388,-0.1163,0.1900,-0.0620,-0.7406,0.5312,0.5000,-0.2000,-1.3837,0.9358,-1.2057,-0.3450,0.2000,1.4244,-1.1364,1.4221,123.3400,-3.5698,4.5010,-6.0470,4.5781,0.5496,6.8074,-2.6839,14.3603,6.7002,0.2778,0.16
0.9219,0.1000,0.0000,0.0000,0.0000,0.0000,0.0000,-0.2698,-0.0716,0.9702,-0.4176,-0.1233,-0.9002,0.5040,-0.1824,-1.2565,0.9653,-1.2818,-0.3029,0.2182,1.6353,-0.9009,1.3605,0.0775,-0.0620,-0.0775,0.3179,0.0155,-0.2520,0.0155,-0.2947,-1.0004,0.4614,0.5000,-0.2000,-1.4041,0.9360,-1.1986,-0.3530,0.2000,1.3939,-1.1398,1.4293,123.1906,-3.7931,4.6308,-6.2051,4.6955,0.4699,6.6653,-2.5860,14.3535,6.8169,0.3056,0.16
0.9419,0.1000,0.0000,0.0000,0.0000,0.0000,0.0000,-0.1262,-0.0662,1.5437,-0.4234,-0.1069,-0.8996,0.5055,-0.1839,-1.2601,0.9716,-1.2815,-0.3086,0.2180,1.6245,-0.9200,1.3718,0.1008,-0.0465,-0.1318,0.3412,-0.0194,-0.2365,-0.0775,-0.6553,-0.9228,0.5312,0.5000,-0.2000,-1.4244,0.9355,-1.1914,-0.3592,0.2000,1.3633,-1.1318,1.4352,123.0048,-3.9955,4.7563,-6.3585,4.7768,0.4081,6.5452,-2.4896,14.3126,6.9263,0.3333,0.15
0.9629,0.1000,0.0000,0.0000,0.0000,0.0000,0.0000,0.0125,0.0302,2.0000,-0.4292,-0.0879,-0.8989,0.5060,-0.1858,-1.2658,0.9766,-1.2815,-0.3153,0.2161,1.6080,-0.9392,1.3842,0.0465,-0.0698,-0.3994,0.2986,-0.0116,-0.3684,-0.1512,-0.8375,-0.9112,0.6010,0.5000,-0.2000,-1.4448,0.9342,-1.1842,-0.3635,0.2000,1.3328,-1.1129,1.4398,122.8040,-4.1511,4.8573,-6.4794,4.8281,0.3654,6.4473,-2.4118,14.2732,7.0091,0.3611,0.15
0.9829,0.1000,0.0000,0.0000,0.0000,0.0000,0.0000,0.2218,0.2031,2.3605,-0.4317,-0.0692,-0.8993,0.5058,-0.1880,-1.2750,0.9805,-1.2814,-0.3221,0.2133,1.5847,-0.9549,1.3959,0.0310,-0.1086,-0.4537,0.1435,0.0039,-0.2365,-0.1357,-1.0857,-0.7367,0.3916,0.5000,-0.2000,-1.4652,0.9322,-1.1742,-0.3681,0.2000,1.3022,-1.0839,1.4432,122.5976,-4.2604,4.9470,-6.5946,4.8622,0.3186,6.3765,-2.3487,14.2388,7.0835,0.3889,0.14
1.0043,0.1000,0.0000,0.0000,0.0000,0.0000,0.0000,0.3841,0.3426,2.6892,-0.4317,-0.0518,-0.9005,0.5051,-0.1899,-1.2876,0.9822,-1.2807,-0.3276,0.2098,1.5621,-0.9652,1.4053,-0.0116,-0.0388,-0.6708,0.0659,0.1280,-0.2133,-0.1861,-1.2408,-0.3839,0.3839,0.5000,-0.2000,-1.4856,0.9295,-1.1641,-0.3722,0.2000,1.2717,-1.0461,1.4456,122.3386,-4.3112,5.0062,-6.6812,4.8441,0.2784,6.3247,-2.2945,14.1902,7.1346,0.4167,0.31
1.0229,0.1000,0.0000,0.0000,0.0000,0.0000,0.0000,0.4764,0.5487,2.9451,-0.4274,-0.0340,-0.9034,0.5042,-0.1921,-1.3042,0.9821,-1.2785,-0.3336,0.2056,1.5331,-0.9687,1.4144,-0.0427,-0.0814,-0.8569,0.0233,0.1784,-0.1357,-0.2830,-1.4695,-0.1861,0.4188,0.5000,-0.2000,-1.5059,0.9262,-1.1541,-0.3767,0.2000,1.2411,-1.0014,1.4472,122.0505,-4.3474,5.0494,-6.7318,4.8388,0.2334,6.2767,-2.2494,14.1267,7.1603,0.4444,0.34
1.0419,0.1000,0.0000,0.0000,0.0000,0.0000,0.0000,0.5998,0.7547,3.1723,-0.4190,-0.0156,-0.9078,0.5030,-0.1942,-1.3229,0.9802,-1.2762,-0.3367,0.2010,1.4976,-0.9675,1.4207,-0.0737,-0.1357,-0.9732,-0.1667,0.1008,-0.1861,-0.1900,-1.5393,-0.0194,0.3335,0.5000,-0.2000,-1.5263,0.9223,-1.1440,-0.3822,0.2000,1.2106,-0.9519,1.4483,121.6820,-4.3200,5.0704,-6.7638,4.8065,0.1778,6.2508,-2.2164,14.0607,7.1677,0.4722,0.19
1.0619,0.1000,0.0000,0.0000,0.0000,0.0000,0.0000,0.7494,0.9305,3.2462,-0.4062,-0.0001,-0.9138,0.5005,-0.1964,-1.3418,0.9770,-1.2731,-0.3393,0.1954,1.4660,-0.9615,1.4264,-0.1202,-0.1008,-1.0275,-0.2210,0.1551,-0.1202,-0.3102,-1.7293,0.2675,0.2947,0.5000,-0.2000,-1.5467,0.9180,-1.1340,-0.3879,0.2000,1.1800,-0.9000,1.4770,121.2945,-4.2573,5.0714,-6.7762,4.7554,0.1213,6.2425,-2.1964,13.9981,7.1572,0.5000,0.16
1.0829,0.1000,0.0000,0.0000,0.0000,0.0000,0.0000,0.9268,1.1321,3.3115,-0.3890,0.0112,-0.9212,0.4977,-0.1982,-1.3662,0.9705,-1.2686,-0.3421,0.1912,1.4268,-0.9503,1.4309,-0.0427,-0.0543,-1.2214,-0.3645,0.2016,-0.1590,-0.2482,-1.7758,0.4692,0.1512,0.5000,-0.2000,-1.5670,0.9133,-1.1239,-0.3950,0.2000,1.2004,-0.9052,1.4699,120.8549,-4.1351,5.0452,-6.7633,4.6818,0.0499,6.2600,-2.1925,13.9353,7.1250,0.5278,0.17
1.1018,0.1000,0.0000,0.0000,0.0000,0.0000,0.0000,0.9518,1.3464,3.3392,-0.3655,0.0206,-0.9306,0.4960,-0.1999,-1.3904,0.9626,-1.2619,-0.3458,0.1875,1.3891,-0.9313,1.4393,-0.1047,-0.1124,-1.3299,-0.4459,0.4459,-0.0853,-0.2249,-1.9038,0.8181,0.3839,0.5000,-0.2000,-1.5874,0.9083,-1.1139,-0.4040,0.2000,1.2207,-0.9103,1.4627,120.4014,-4.0523,5.0160,-6.7295,4.6309,-0.0398,6.2673,-2.1844,13.8451,7.0827,0.5556,0.17
1.1228,0.1000,0.0000,0.0000,0.0000,0.0000,0.0000,0.9366,1.4663,3.3045,-0.3378,0.0297,-0.9407,0.4946,-0.2007,-1.4187,0.9528,-1.2534,-0.3499,0.1858,1.3561,-0.9201,1.4431,-0.0504,-0.0465,-1.4385,-0.3994,0.4692,-0.1124,-0.0814,-1.4618,0.4537,0.0853,0.5000,-0.2000,-1.6078,0.9031,-1.1038,-0.4133,0.2000,1.2411,-0.9152,1.4556,119.8854,-3.8886,4.9286,-6.6407,4.5712,-0.1326,6.3020,-2.2134,13.7921,6.9904,0.5833,0.17
1.1439,0.1000,0.0000,0.0000,0.0000,0.0000,0.0000,0.9626,1.4969,3.3023,-0.3080,0.0349,-0.9508,0.4941,-0.2009,-1.4483,0.9409,-1.2433,-0.3554,0.1850,1.3322,-0.9131,1.4435,-0.0465,-0.0155,-1.3765,-0.6243,0.5739,-0.1977,-0.0349,-1.0818,0.2753,-0.0543,0.5000,-0.2000,-1.6078,0.9209,-1.1562,-0.4204,0.2000,1.2615,-0.9198,1.4485,119.2529,-3.6832,4.8310,-6.5582,4.4490,-0.2036,6.3331,-2.2309,13.7242,6.9097,0.6111,0.16
1.1629,0.1000,0.0000,0.0000,0.0000,0.0000,0.0000,0.9771,1.4302,3.2721,-0.2771,0.0368,-0.9601,0.4940,-0.2008,-1.4756,0.9300,-1.2334,-0.3617,0.1853,1.3172,-0.9111,1.4418,0.0155,0.0194,-1.3997,-0.5661,0.5390,-0.2830,0.0000,-0.7755,0.0465,-0.0659,0.5000,-0.2000,-1.5772,0.9722,-1.1689,-0.4246,0.2000,1.2819,-0.9239,1.4414,118.5462,-3.4577,4.7127,-6.4515,4.2946,-0.2461,6.3589,-2.2488,13.6434,6.8129,0.6389,0.16
1.1828,0.1000,0.0000,0.0000,0.0000,0.0000,0.0000,0.9014,1.2204,3.2589,-0.2477,0.0363,-0.9682,0.4941,-0.2004,-1.5021,0.9216,-1.2312,-0.3691,0.1862,1.3060,-0.9115,1.4383,0.0155,0.0620,-1.2679,-0.3645,0.0698,-0.3916,0.0931,-0.5273,-0.0504,-0.2753,0.5000,-0.2000,-1.5467,1.0200,-1.1813,-0.4266,0.2000,1.3022,-0.9276,1.4342,117.7278,-3.1876,4.5675,-6.3178,4.0963,-0.2665,6.3861,-2.2689,13.5437,6.6989,0.6667,0.15
1.2029,0.1000,0.0000,0.0000,0.0000,0.0000,0.0000,0.9125,0.7783,2.9607,-0.2270,0.0320,-0.9734,0.4939,-0.1999,-1.5235,0.9207,-1.2303,-0.3775,0.1877,1.2977,-0.9147,1.4328,0.0116,0.0698,-1.1981,-0.1435,0.0775,-0.4226,0.1628,-0.5506,-0.2675,-0.3141,0.5000,-0.2000,-1.5161,1.0621,-1.1931,-0.4247,0.2000,1.3226,-0.9306,1.4271,116.9730,-2.8508,4.3888,-6.1430,3.8483,-0.2473,6.4429,-2.3209,13.4798,6.5615,0.6944,0.16
1.2239,0.1000,0.0000,0.0000,0.0000,0.0000,0.0000,0.8899,0.3447,2.4623,-0.2172,0.0227,-0.9759,0.4932,-0.1994,-1.5402,0.9235,-1.2297,-0.3866,0.1903,1.2888,-0.9225,1.4233,0.0078,0.0582,-0.9112,0.0620,0.0582,-0.3528,0.0543,-0.6436,-0.3955,-0.5932,0.5000,-0.2000,-1.4856,1.0966,-1.2039,-0.4179,0.2000,1.3430,-0.9331,1.4200,116.3441,-2.4881,4.1943,-5.9426,3.5911,-0.1786,6.5299,-2.3996,13.4410,6.4096,0.7222,0.15
1.2428,0.1000,0.0000,0.0000,0.0000,0.0000,0.0000,0.6676,0.0362,1.8276,-0.2150,0.0104,-0.9766,0.4917,-0.1990,-1.5520,0.9313,-1.2297,-0.3945,0.1929,1.2778,-0.9342,1.4109,-0.0349,0.0388,-0.6087,0.4614,0.0388,-0.3490,0.1900,-0.6669,-0.4653,-0.5816,0.5000,-0.2000,-1.4550,1.1217,-1.2136,-0.4056,0.2000,1.3633,-0.9348,1.4128,115.8630,-2.1502,3.9915,-5.6895,3.3475,-0.0560,6.6310,-2.4899,13.3782,6.2325,0.7500,0.15
1.2628,0.1000,0.0000,0.0000,0.0000,0.0000,0.0000,0.1344,0.0697,0.7316,-0.2122,0.0074,-0.9772,0.4902,-0.1994,-1.5565,0.9424,-1.2301,-0.4025,0.1958,1.2662,-0.9405,1.4036,-0.0310,-0.0427,-0.1900,0.5932,0.0582,-0.5351,0.0814,-0.7677,-0.2482,-0.2171,0.5000,-0.2000,-1.4244,1.1364,-1.2221,-0.3865,0.2000,1.3837,-0.9358,1.4057,115.7731,-1.9201,3.8039,-5.3866,3.1828,0.1350,6.7567,-2.6101,13.3189,6.0402,0.7778,0.15
1.2828,0.1000,0.0000,0.0000,0.0000,0.0000,0.0000,0.2146,0.2602,-0.2565,-0.2053,-0.0006,-0.9787,0.4898,-0.2013,-1.5566,0.9573,-1.2302,-0.4095,0.1992,1.2544,-0.9465,1.4011,0.0194,-0.1435,-0.0543,0.7445,0.0853,-0.1473,0.1590,-0.4847,-0.4110,-0.0969,0.5000,-0.2000,-1.3939,1.1398,-1.2293,-0.3716,0.2000,1.4041,-0.9360,1.3986,115.9771,-1.6076,3.6463,-5.1776,3.0229,0.2835,6.9898,-2.7456,13.3123,5.8589,0.8056,0.15
1.3029,0.1000,0.0000,0.0000,0.0000,0.0000,0.0000,0.2194,0.3708,-1.1379,-0.1972,-0.0164,-0.9802,0.4885,-0.2043,-1.5524,0.9752,-1.2290,-0.4078,0.2028,1.2501,-0.9507,1.3998,-0.0698,-0.1784,0.2598,0.9655,0.1202,0.1784,0.0931,-0.0814,-0.0465,-0.0388,0.5000,-0.2000,-1.3633,1.1318,-1.2352,-0.3569,0.2000,1.4244,-0.9355,1.3914,116.3349,-1.3794,3.5187,-4.9997,2.8968,0.4313,7.1862,-2.8588,13.3006,5.7221,0.8333,0.15
1.3228,0.1000,0.0000,0.0000,0.0000,0.0000,0.0000,-0.0498,0.5295,-1.8760,-0.1851,-0.0300,-0.9823,0.4854,-0.2074,-1.5413,0.9947,-1.2279,-0.4011,0.2068,1.2505,-0.9511,1.3995,-0.0698,-0.1396,0.6243,1.0740,0.0504,0.3645,0.1318,0.0194,0.1047,0.0465,0.5000,-0.2000,-1.3328,1.1129,-1.2398,-0.3423,0.2000,1.4448,-0.9342,1.3842,116.8174,-1.2872,3.4145,-4.8205,2.8701,0.5774,7.3302,-2.9493,13.2635,5.6132,0.8611,0.19
1.3428,0.1000,0.0000,0.0000,0.0000,0.0000,0.0000,-0.3642,0.7521,-2.3270,-0.1687,-0.0364,-0.9850,0.4836,-0.2088,-1.5210,1.0133,-1.2282,-0.3929,0.2104,1.2573,-0.9490,1.3984,-0.0814,0.0465,1.1128,0.9383,-0.0194,0.5041,0.1784,0.4381,0.1861,-0.0853,0.5000,-0.2000,-1.3022,1.0839,-1.2432,-0.3328,0.2000,1.4652,-0.9322,1.3742,117.3081,-1.2862,3.3509,-4.6989,2.9161,0.6717,7.4507,-3.0257,13.2305,5.5419,0.8889,0.20
1.3628,0.1000,0.0000,0.0000,0.0000,0.0000,0.0000,-0.5652,0.8634,-2.6134,-0.1491,-0.0378,-0.9881,0.4823,-0.2084,-1.4955,1.0253,-1.2298,-0.3801,0.2158,1.2712,-0.9451,1.3959,-0.0465,0.0039,1.3222,0.6940,-0.0659,0.6126,0.2598,0.8259,0.2947,-0.1939,0.5000,-0.2000,-1.2717,1.0461,-1.2456,-0.3281,0.2000,1.4856,-0.9295,1.3641,117.7901,-1.3681,3.3355,-4.6486,3.0097,0.7190,7.5240,-3.0748,13.2263,5.5217,0.9167,0.19
1.3828,0.1000,0.0000,0.0000,0.0000,0.0000,0.0000,-0.7027,0.8966,-2.7851,-0.1278,-0.0333,-0.9912,0.4816,-0.2079,-1.4653,1.0311,-1.2322,-0.3682,0.2210,1.2909,-0.9380,1.3912,0.0349,0.0310,1.3222,0.3412,-0.1357,0.5506,0.2714,0.9732,0.5079,-0.2792,0.5000,-0.2000,-1.2411,1.0014,-1.2472,-0.3268,0.2000,1.5059,-0.9262,1.3541,118.2918,-1.5386,3.3629,-4.6540,3.1511,0.7323,7.5507,-3.0985,13.2491,5.5499,0.9444,0.15
1.4028,0.1000,0.0000,0.0000,0.0000,0.0000,0.0000,-0.3921,0.7279,-2.7676,-0.1098,-0.0309,-0.9935,0.4817,-0.2076,-1.4331,1.0267,-1.2341,-0.3567,0.2263,1.3133,-0.9288,1.3840,0.0271,0.0388,1.4773,-0.3916,-0.0582,0.5894,0.2055,1.0004,0.3994,-0.3761,0.5000,-0.2000,-1.2106,0.9519,-1.2483,-0.3323,0.2000,1.5263,-0.9223,1.3440,118.7755,-1.7024,3.4427,-4.7720,3.3013,0.6775,7.5680,-3.1038,13.3438,5.6520,0.9722,0.15
1.4228,0.1000,0.0000,0.0000,0.0000,0.0000,0.0000,-0.1799,0.6414,-2.3757,-0.0949,-0.0352,-0.9949,0.4831,-0.2082,-1.4014,1.0119,-1.2349,-0.3456,0.2288,1.3360,-0.9197,1.3747,0.2365,-0.0116,1.5161,-0.5932,0.2210,0.4614,0.1202,0.9500,0.3528,-0.4924,0.5000,-0.2000,-1.1800,0.9000,-1.2770,-0.3453,0.2000,1.5467,-0.9180,1.3340,119.1892,-2.0279,3.5926,-4.9485,3.5801,0.5467,7.4702,-3.0557,13.4546,5.7991,0.0000,0.15
1.4428,0.1000,0.0000,0.0000,0.0000,0.0000,0.0000,-0.3324,0.7527,-2.1560,-0.0781,-0.0342,-0.9964,0.4857,-0.2087,-1.3691,0.9915,-1.2344,-0.3384,0.2288,1.3575,-0.9135,1.3637,0.1939,0.0465,1.4889,-0.8724,0.0349,0.3955,-0.0775,1.0004,0.2288,-0.6126,0.5000,-0.2000,-1.2004,0.9052,-1.2699,-0.3606,0.2000,1.5670,-0.9133,1.3239,119.6580,-2.5040,3.7669,-5.0761,3.9895,0.3941,7.3320,-3.0046,13.5524,5.9125,0.0278,0.15
1.4628,0.1000,0.0000,0.0000,0.0000,0.0000,0.0000,-0.3734,0.7461,-1.9896,-0.0614,-0.0324,-0.9976,0.4862,-0.2093,-1.3358,0.9642,-1.2385,-0.3351,0.2272,1.3825,-0.9105,1.3526,0.0271,-0.0000,1.4307,-1.2446,-0.1473,0.0969,-0.0775,1.2446,0.1357,-0.5894,0.5000,-0.2000,-1.2207,0.9103,-1.2627,-0.3763,0.2000,1.5874,-0.9083,1.3139,120.1991,-2.9500,3.9594,-5.2345,4.3607,0.2372,7.2105,-2.9508,13.6758,6.0391,0.0556,0.15
1.4838,0.1000,0.0000,0.0000,0.0000,0.0000,0.0000,-0.3661,0.7691,-1.7120,-0.0444,-0.0266,-0.9987,0.4868,-0.2097,-1.3127,0.9433,-1.2398,-0.3350,0.2244,1.4082,-0.9069,1.3414,0.0698,-0.0659,1.0546,-1.0934,0.0892,-0.0194,-0.1124,1.1826,0.1435,-0.5661,0.5000,-0.2000,-1.2411,0.9152,-1.2556,-0.3924,0.2000,1.6078,-0.9031,1.3038,120.8328,-3.4237,4.1571,-5.3898,4.7454,0.0761,7.0707,-2.8868,13.7981,6.1663,0.0833,0.15
1.5038,0.1000,0.0000,0.0000,0.0000,0.0000,0.0000,-0.2194,0.8165,-1.3923,-0.0269,-0.0215,-0.9994,0.4883,-0.2100,-1.2963,0.9244,-1.2386,-0.3389,0.2205,1.4341,-0.9030,1.3297,0.1473,-0.0000,0.7289,-0.9112,0.1124,-0.1318,-0.1900,1.1904,0.1822,-0.5002,0.5000,-0.2000,-1.2615,0.9198,-1.2485,-0.4082,0.2000,1.6078,-0.9209,1.3562,121.4919,-3.8354,4.3553,-5.5679,5.0875,-0.0825,6.9470,-2.8193,13.9286,6.2963,0.1111,0.14
1.5238,0.1000,0.0000,0.0000,0.0000,0.0000,0.0000,-0.1039,0.8092,-1.1036,-0.0088,-0.0206,-0.9997,0.4902,-0.2098,-1.2849,0.9079,-1.2358,-0.3452,0.2171,1.4622,-0.8999,1.3190,0.1124,0.0659,0.4343,-0.6747,0.1202,-0.3218,-0.1163,1.2873,0.1086,-0.4885,0.5000,-0.2000,-1.2819,0.9239,-1.2414,-0.4224,0.2000,1.5772,-0.9722,1.3689,122.1387,-4.2167,4.5386,-5.7371,5.4000,-0.2238,6.8139,-2.7455,14.0567,6.4218,0.1389,0.15
1.5438,0.1000,0.0000,0.0000,0.0000,0.0000,0.0000,-0.2788,0.6631,-0.8060,0.0075,-0.0128,-0.9999,0.4918,-0.2090,-1.2806,0.8965,-1.2318,-0.3547,0.2135,1.4856,-0.9003,1.3191,0.1473,0.0659,0.1745,-0.5234,0.2869,-0.3451,-0.2482,1.0934,-0.0194,-0.0620,0.5000,-0.2000,-1.3022,0.9276,-1.2342,-0.4351,0.2000,1.5467,-1.0200,1.3813,122.7957,-4.6186,4.7056,-5.8732,5.7048,-0.3506,6.6619,-2.6671,14.1586,6.5480,0.1667,0.15
1.5638,0.1000,0.0000,0.0000,0.0000,0.0000,0.0000,-0.2855,0.2681,-0.5016,0.0150,-0.0020,-0.9999,0.4933,-0.2081,-1.2807,0.8871,-1.2260,-0.3651,0.2100,1.5020,-0.9088,1.3220,0.1086,0.0388,0.0078,-0.3800,0.3684,-0.5002,-0.2443,0.7755,-0.4226,0.1512,0.5000,-0.2000,-1.3226,0.9306,-1.2271,-0.4454,0.2000,1.5161,-1.0621,1.3931,123.4200,-4.9077,4.8449,-6.0172,5.9337,-0.4545,6.5365,-2.6041,14.2865,6.6716,0.1944,0.15
1.5838,0.1000,0.0000,0.0000,0.0000,0.0000,0.0000,-0.1901,-0.0820,-0.1480,0.0159,0.0056,-0.9999,0.4941,-0.2074,-1.2818,0.8817,-1.2199,-0.3766,0.2059,1.5120,-0.9240,1.3278,0.0427,0.0388,0.1008,-0.2869,0.3141,-0.5467,-0.2133,0.5971,-0.7134,0.2908,0.5000,-0.2000,-1.3430,0.9331,-1.2200,-0.4538,0.2000,1.4856,-1.0966,1.4039,123.9262,-5.1346,4.9816,-6.1845,6.1062,-0.5379,6.4150,-2.5336,14.3997,6.8035,0.2222,0.15
1.6038,0.1000,0.0000,0.0000,0.0000,0.0000,0.0000,-0.2046,-0.3165,0.3319,0.0108,0.0133,-0.9999,0.4957,-0.2062,-1.2824,0.8802,-1.2147,-0.3888,0.2028,1.5177,-0.9443,1.3363,0.0931,0.0853,0.0349,0.0271,0.2171,-0.5041,-0.2094,0.2520,-0.8608,0.3684,0.5000,-0.2000,-1.3633,0.9348,-1.2128,-0.4607,0.2000,1.4550,-1.1217,1.4136,124.3149,-5.3857,5.1212,-6.3451,6.2734,-0.6071,6.2810,-2.4484,14.4620,6.9320,0.2500,0.15
1.6238,0.1000,0.0000,0.0000,0.0000,0.0000,0.0000,-0.1624,-0.4223,0.8014,0.0025,0.0205,-0.9998,0.4977,-0.2047,-1.2828,0.8807,-1.2095,-0.3998,0.1993,1.5179,-0.9658,1.3461,0.0116,0.1202,0.0543,0.0737,0.2133,-0.4847,-0.1706,-0.0659,-0.9965,0.4032,0.5000,-0.2000,-1.3837,0.9358,-1.2057,-0.4670,0.2000,1.4244,-1.1364,1.4221,124.6123,-5.6153,5.2575,-6.5088,6.4131,-0.6703,6.1715,-2.3723,14.5128,7.0565,0.2778,0.15
1.6438,0.1000,0.0000,0.0000,0.0000,0.0000,0.0000,-0.1255,-0.4593,1.2069,-0.0063,0.0266,-0.9996,0.4982,-0.2039,-1.2839,0.8823,-1.2049,-0.4091,0.1970,1.5137,-0.9884,1.3575,0.0388,0.0969,-0.0310,0.1628,0.2714,-0.4188,-0.1086,-0.2133,-1.0857,0.4032,0.5000,-0.2000,-1.4041,0.9360,-1.1986,-0.4720,0.2000,1.3939,-1.1398,1.4293,124.8397,-5.8189,5.3801,-6.6538,6.5285,-0.7203,6.0755,-2.3039,14.5481,7.1641,0.3056,0.18
1.6638,0.1000,0.0000,0.0000,0.0000,0.0000,0.0000,-0.0933,-0.4749,1.5546,-0.0150,0.0324,-0.9994,0.4983,-0.2032,-1.2880,0.8842,-1.2001,-0.4193,0.1955,1.5047,-1.0087,1.3693,0.0388,0.0543,-0.2288,0.1280,0.2792,-0.5312,-0.0698,-0.4692,-0.8298,0.5390,0.5000,-0.2000,-1.4244,0.9355,-1.1914,-0.4744,0.2000,1.3633,-1.1318,1.4352,124.9953,-5.9682,5.4866,-6.7866,6.5869,-0.7440,5.9962,-2.2372,14.5617,7.2618,0.3333,0.18
1.6838,0.1000,0.0000,0.0000,0.0000,0.0000,0.0000,-0.0177,-0.4302,1.7803,-0.0221,0.0363,-0.9991,0.4986,-0.2027,-1.2953,0.8859,-1.1957,-0.4301,0.1944,1.4913,-1.0250,1.3814,0.0310,0.0931,-0.3567,0.1202,0.2598,-0.5079,-0.0427,-0.7057,-0.7134,0.5390,0.5000,-0.2000,-1.4448,0.9342,-1.1842,-0.4760,0.2000,1.3328,-1.1129,1.4398,125.1129,-6.0536,5.5643,-6.8886,6.6175,-0.7598,5.9439,-2.1900,14.5750,7.3306,0.3611,0.18
1.7038,0.1000,0.0000,0.0000,0.0000,0.0000,0.0000,0.0798,-0.3542,1.8987,-0.0280,0.0377,-0.9989,0.4990,-0.2024,-1.3057,0.8878,-1.1922,-0.4420,0.1939,1.4734,-1.0360,1.3931,-0.0194,0.0504,-0.4537,0.1086,0.1900,-0.5467,-0.0427,-0.9461,-0.4498,0.5041,0.5000,-0.2000,-1.4652,0.9322,-1.1742,-0.4764,0.2000,1.3022,-1.0839,1.4432,125.1894,-6.0759,5.6224,-6.9703,6.6099,-0.7642,5.9120,-2.1532,14.5812,7.3778,0.3889,0.15
1.7238,0.1000,0.0000,0.0000,0.0000,0.0000,0.0000,0.1712,-0.3098,1.9767,-0.0327,0.0370,-0.9988,0.4991,-0.2022,-1.3185,0.8895,-1.1907,-0.4510,0.1937,1.4534,-1.0414,1.4041,0.0388,-0.0271,-0.7522,0.1008,0.0310,-0.3916,-0.0388,-1.0857,-0.1861,0.5467,0.5000,-0.2000,-1.4856,0.9295,-1.1641,-0.4767,0.2000,1.2717,-1.0461,1.4456,125.2070,-6.0207,5.6559,-7.0250,6.5500,-0.7672,5.9020,-2.1262,14.5699,7.4028,0.4167,0.16
1.7438,0.1000,0.0000,0.0000,0.0000,0.0000,0.0000,0.2553,-0.2602,1.9586,-0.0376,0.0344,-0.9987,0.4988,-0.2022,-1.3357,0.8908,-1.1902,-0.4570,0.1935,1.4281,-1.0407,1.4151,0.0582,0.0039,-0.8802,0.1745,-0.0233,-0.1822,-0.0116,-1.2989,0.0969,0.5079,0.5000,-0.2000,-1.5059,0.9262,-1.1541,-0.4769,0.2000,1.2411,-1.0014,1.4472,125.1733,-5.8954,5.6529,-7.0438,6.4543,-0.7692,5.9209,-2.1215,14.5529,7.3986,0.4444,0.15
1.7638,0.1000,0.0000,0.0000,0.0000,0.0000,0.0000,0.3497,-0.1566,1.7702,-0.0418,0.0289,-0.9987,0.4977,-0.2026,-1.3528,0.8931,-1.1909,-0.4621,0.1931,1.4027,-1.0329,1.4247,-0.1086,-0.0155,-0.9500,0.1784,-0.0194,-0.1745,-0.0698,-1.3338,0.4614,0.4071,0.5000,-0.2000,-1.5263,0.9223,-1.1440,-0.4755,0.2000,1.2106,-0.9519,1.4483,125.1011,-5.7133,5.6219,-7.0332,6.3262,-0.7550,5.9656,-2.1354,14.5425,7.3636,0.4722,0.15
1.7838,0.1000,0.0000,0.0000,0.0000,0.0000,0.0000,0.4295,-0.0406,1.6075,-0.0438,0.0217,-0.9988,0.4960,-0.2036,-1.3722,0.8961,-1.1927,-0.4655,0.1925,1.3739,-1.0168,1.4334,-0.0039,-0.0465,-0.9577,0.1784,-0.0698,-0.1008,-0.0582,-1.2989,0.7832,0.4149,0.5000,-0.2000,-1.5467,0.9180,-1.1340,-0.4747,0.2000,1.1800,-0.9000,1.4770,124.9586,-5.4789,5.5704,-7.0034,6.1666,-0.7468,6.0242,-2.1539,14.5095,7.3136,0.5000,0.15
1.8038,0.1000,0.0000,0.0000,0.0000,0.0000,0.0000,0.5034,0.0779,1.3866,-0.0446,0.0122,-0.9989,0.4950,-0.2050,-1.3931,0.8988,-1.1948,-0.4683,0.1917,1.3441,-0.9936,1.4406,-0.0659,-0.0349,-0.9577,0.2753,-0.1163,-0.1939,-0.0388,-1.4385,1.0585,0.3877,0.5000,-0.2000,-1.5670,0.9133,-1.1239,-0.4738,0.2000,1.2004,-0.9052,1.4699,124.7581,-5.2096,5.4925,-6.9445,5.9947,-0.7384,6.0984,-2.1828,14.4683,7.2370,0.5278,0.15
1.8248,0.1000,0.0000,0.0000,0.0000,0.0000,0.0000,0.4627,0.2810,1.1822,-0.0421,0.0039,-0.9991,0.4944,-0.2062,-1.4141,0.9016,-1.1959,-0.4700,0.1905,1.3131,-0.9640,1.4510,0.0310,-0.0000,-1.0624,0.1667,0.0194,-0.0659,-0.0388,-1.5781,1.4967,0.4304,0.5000,-0.2000,-1.5874,0.9083,-1.1139,-0.4747,0.2000,1.2207,-0.9103,1.4627,124.5328,-4.9582,5.4086,-6.8719,5.8261,-0.7471,6.1797,-2.2158,14.4109,7.1583,0.5556,0.15
1.8448,0.1000,0.0000,0.0000,0.0000,0.0000,0.0000,0.3653,0.4630,1.0010,-0.0355,-0.0030,-0.9994,0.4944,-0.2077,-1.4364,0.9036,-1.1959,-0.4722,0.1901,1.2898,-0.9384,1.4585,-0.0078,-0.0078,-0.9887,0.1396,0.0543,-0.1163,0.0194,-1.0702,1.1748,0.2869,0.5000,-0.2000,-1.6078,0.9031,-1.1038,-0.4766,0.2000,1.2411,-0.9152,1.4556,124.1889,-4.6737,5.2848,-6.7573,5.6676,-0.7658,6.2664,-2.2681,14.3649,7.0413,0.5833,0.15
1.8648,0.1000,0.0000,0.0000,0.0000,0.0000,0.0000,0.3287,0.6166,0.8196,-0.0263,-0.0105,-0.9996,0.4947,-0.2089,-1.4578,0.9041,-1.1946,-0.4750,0.1904,1.2763,-0.9184,1.4631,0.0853,-0.0155,-1.0430,0.0853,0.1086,-0.1241,-0.0039,-0.5312,0.9151,0.1861,0.5000,-0.2000,-1.6078,0.9209,-1.1562,-0.4771,0.2000,1.2615,-0.9198,1.4485,123.7384,-4.3561,5.1516,-6.6417,5.4692,-0.7707,6.3557,-2.3161,14.3102,6.9228,0.6111,0.15
1.8848,0.1000,0.0000,0.0000,0.0000,0.0000,0.0000,0.2585,0.7284,0.6698,-0.0139,-0.0181,-0.9997,0.4948,-0.2098,-1.4799,0.9044,-1.1906,-0.4775,0.1911,1.2704,-0.9033,1.4655,0.1047,-0.0388,-0.9732,0.0737,0.2869,-0.0698,0.0233,-0.2249,0.6630,0.1318,0.5000,-0.2000,-1.5772,0.9722,-1.1689,-0.4761,0.2000,1.2819,-0.9239,1.4414,123.2020,-4.0595,5.0070,-6.5142,5.2653,-0.7608,6.4298,-2.3581,14.2391,6.8065,0.6389,0.16
1.9048,0.1000,0.0000,0.0000,0.0000,0.0000,0.0000,0.1463,0.6571,0.5515,-0.0002,-0.0228,-0.9997,0.4949,-0.2109,-1.5003,0.9074,-1.1925,-0.4802,0.1922,1.2699,-0.8913,1.4666,0.0310,-0.0543,-1.0779,0.1280,-0.0078,-0.1241,0.0427,-0.0155,0.6165,0.0349,0.5000,-0.2000,-1.5467,1.0200,-1.1813,-0.4726,0.2000,1.3022,-0.9276,1.4342,122.5523,-3.7317,4.8422,-6.3722,5.0079,-0.7260,6.5013,-2.3956,14.1495,6.6830,0.6667,0.17
1.9248,0.1000,0.0000,0.0000,0.0000,0.0000,0.0000,0.1387,0.3596,0.3571,0.0079,-0.0286,-0.9996,0.4949,-0.2124,-1.5144,0.9166,-1.1939,-0.4830,0.1941,1.2723,-0.8820,1.4669,0.0427,-0.1124,-0.7871,0.4343,-0.0233,-0.1047,0.1357,0.0465,0.5234,-0.0078,0.5000,-0.2000,-1.5161,1.0621,-1.1931,-0.4677,0.2000,1.3226,-0.9306,1.4271,121.8860,-3.3842,4.6605,-6.2251,4.7295,-0.6773,6.5844,-2.4492,14.0714,6.5581,0.6944,0.16
1.9448,0.1000,0.0000,0.0000,0.0000,0.0000,0.0000,0.1162,0.0264,0.0255,0.0088,-0.0339,-0.9994,0.4948,-0.2141,-1.5228,0.9324,-1.1969,-0.4846,0.1956,1.2756,-0.8750,1.4668,-0.0388,-0.0775,-0.5079,0.7328,-0.1861,-0.0465,0.0737,-0.0116,0.3606,-0.0349,0.5000,-0.2000,-1.4856,1.0966,-1.2039,-0.4594,0.2000,1.3430,-0.9331,1.4200,121.2535,-3.0320,4.4640,-6.0539,4.4440,-0.5936,6.6880,-2.5172,13.9915,6.4215,0.7222,0.16
1.9648,0.1000,0.0000,0.0000,0.0000,0.0000,0.0000,0.0613,-0.1461,-0.4163,0.0052,-0.0396,-0.9992,0.4943,-0.2163,-1.5278,0.9512,-1.1993,-0.4850,0.1975,1.2770,-0.8716,1.4659,0.0465,-0.1551,-0.2830,0.9655,-0.1008,-0.0271,0.0427,-0.0349,0.0543,-0.0388,0.5000,-0.2000,-1.4550,1.1217,-1.2136,-0.4482,0.2000,1.3633,-0.9348,1.4128,120.7482,-2.7212,4.2729,-5.8632,4.1946,-0.4820,6.8043,-2.5977,13.9152,6.2806,0.7500,0.16
1.9848,0.1000,0.0000,0.0000,0.0000,0.0000,0.0000,-0.0181,-0.1440,-0.8857,0.0016,-0.0442,-0.9990,0.4937,-0.2179,-1.5280,0.9722,-1.2018,-0.4833,0.1988,1.2780,-0.8711,1.4635,-0.0000,-0.0698,-0.0582,1.0740,-0.1086,0.0892,0.0000,-0.0233,0.0504,-0.1628,0.5000,-0.2000,-1.4244,1.1364,-1.2221,-0.4354,0.2000,1.3837,-0.9358,1.4057,120.3627,-2.4517,4.0985,-5.6764,3.9777,-0.3540,6.9414,-2.6825,13.8360,6.1437,0.7778,0.19
2.0058,0.1000,0.0000,0.0000,0.0000,0.0000,0.0000,-0.1039,-0.0767,-1.3232,0.0006,-0.0440,-0.9990,0.4927,-0.2191,-1.5228,0.9950,-1.2050,-0.4781,0.1997,1.2803,-0.8720,1.4595,-0.0349,-0.0543,0.2986,1.0159,-0.1047,0.3024,-0.0310,0.0349,-0.1163,-0.2869,0.5000,-0.2000,-1.3939,1.1398,-1.2293,-0.4230,0.2000,1.4041,-0.9360,1.3986,120.0737,-2.2511,3.9522,-5.5013,3.8255,-0.2303,7.0637,-2.7602,13.7548,6.0288,0.8056,0.19
2.0258,0.1000,0.0000,0.0000,0.0000,0.0000,0.0000,0.0730,-0.1107,-1.5248,-0.0013,-0.0476,-0.9989,0.4917,-0.2196,-1.5119,1.0138,-1.2081,-0.4696,0.2009,1.2857,-0.8736,1.4540,0.0233,-0.0427,0.4420,0.7910,-0.1047,0.4459,0.0737,0.1551,-0.0039,-0.2520,0.5000,-0.2000,-1.3633,1.1318,-1.2352,-0.4133,0.2000,1.4244,-0.9355,1.3914,119.8097,-2.0482,3.8447,-5.4072,3.6510,-0.1334,7.1835,-2.8173,13.6939,5.9735,0.8333,0.23
2.0448,0.1000,0.0000,0.0000,0.0000,0.0000,0.0000,0.0470,-0.0294,-1.3740,-0.0008,-0.0514,-0.9987,0.4929,-0.2204,-1.4967,1.0282,-1.2094,-0.4565,0.2010,1.2930,-0.8750,1.4477,0.1512,0.0427,0.6669,0.5467,0.0892,0.6320,-0.0814,0.3412,-0.0814,-0.3373,0.5000,-0.2000,-1.3328,1.1129,-1.2398,-0.4099,0.2000,1.4448,-0.9342,1.3842,119.4912,-2.0215,3.7887,-5.3475,3.6157,-0.0991,7.2161,-2.8430,13.6254,5.9592,0.8611,0.20
2.0658,0.1000,0.0000,0.0000,0.0000,0.0000,0.0000,-0.0011,0.0063,-1.3941,0.0004,-0.0519,-0.9987,0.4945,-0.2205,-1.4810,1.0357,-1.2096,-0.4460,0.2009,1.3030,-0.8780,1.4410,0.0543,0.0039,0.7910,0.2753,0.0582,0.4459,-0.1124,0.5234,-0.1861,-0.3141,0.5000,-0.2000,-1.3022,1.0839,-1.2432,-0.4065,0.2000,1.4652,-0.9322,1.3742,119.2165,-2.0540,3.7447,-5.2832,3.6352,-0.0652,7.2386,-2.8724,13.5820,5.9408,0.8889,0.18
2.0858,0.1000,0.0000,0.0000,0.0000,0.0000,0.0000,-0.0528,0.0280,-1.4663,0.0021,-0.0525,-0.9986,0.4947,-0.2206,-1.4633,1.0376,-1.2098,-0.4375,0.2005,1.3151,-0.8823,1.4334,0.0271,0.0388,0.8647,0.0892,0.0310,0.4343,-0.1047,0.5234,-0.1861,-0.3761,0.5000,-0.2000,-1.2717,1.0461,-1.2456,-0.4033,0.2000,1.4856,-0.9295,1.3641,119.0606,-2.1373,3.7231,-5.2310,3.6987,-0.0328,7.2517,-2.8953,13.5501,5.9336,0.9167,0.22
2.1058,0.1000,0.0000,0.0000,0.0000,0.0000,0.0000,-0.1304,0.0985,-1.5304,0.0054,-0.0492,-0.9988,0.4948,-0.2206,-1.4391,1.0328,-1.2100,-0.4300,0.1997,1.3314,-0.8859,1.4249,-0.0000,-0.0000,1.0469,-0.2094,-0.0039,0.3606,-0.0698,0.6514,-0.1086,-0.4265,0.5000,-0.2000,-1.2411,1.0014,-1.2472,-0.4016,0.2000,1.5059,-0.9262,1.3541,119.0363,-2.3067,3.7498,-5.2179,3.8289,-0.0155,7.2285,-2.9021,13.5433,5.9563,0.9444,0.22
2.1258,0.1000,0.0000,0.0000,0.0000,0.0000,0.0000,-0.1672,0.1843,-1.5758,0.0102,-0.0448,-0.9989,0.4949,-0.2207,-1.4147,1.0216,-1.2103,-0.4237,0.1982,1.3479,-0.8880,1.4151,0.0039,-0.0465,1.1710,-0.4614,-0.0000,0.3102,-0.0698,0.8453,-0.0775,-0.4924,0.5000,-0.2000,-1.2106,0.9519,-1.2483,-0.4030,0.2000,1.5263,-0.9223,1.3440,119.1676,-2.5365,3.8091,-5.2347,4.0179,-0.0302,7.1951,-2.9058,13.5700,5.9915,0.9722,0.21
2.1458,0.1000,0.0000,0.0000,0.0000,0.0000,0.0000,-0.2149,0.2379,-1.6064,0.0157,-0.0400,-0.9991,0.4950,-0.2207,-1.3879,1.0046,-1.2105,-0.4182,0.1972,1.3663,-0.8894,1.4049,0.0659,0.0039,1.1555,-0.7677,0.0504,0.2326,-0.0543,0.8259,-0.0427,-0.5002,0.5000,-0.2000,-1.1800,0.9000,-1.2770,-0.4064,0.2000,1.5467,-0.9180,1.3340,119.4796,-2.8265,3.9020,-5.2816,4.2488,-0.0645,7.1417,-2.8965,13.6208,6.0565,0.0000,0.17
2.1658,0.1000,0.0000,0.0000,0.0000,0.0000,0.0000,-0.2911,0.3138,-1.6104,0.0224,-0.0336,-0.9992,0.4951,-0.2208,-1.3608,0.9818,-1.2111,-0.4137,0.1962,1.3854,-0.8893,1.3929,-0.0194,0.0543,1.3028,-1.0353,-0.0155,0.2288,-0.0271,0.9810,0.0892,-0.5506,0.5000,-0.2000,-1.2004,0.9052,-1.2699,-0.4127,0.2000,1.5670,-0.9133,1.3239,119.9272,-3.1697,4.0270,-5.3596,4.5277,-0.1268,7.0719,-2.8793,13.6994,6.1334,0.0278,0.17
2.1858,0.1000,0.0000,0.0000,0.0000,0.0000,0.0000,-0.2589,0.3851,-1.5052,0.0304,-0.0279,-0.9991,0.4951,-0.2210,-1.3303,0.9524,-1.2171,-0.4103,0.1951,1.4072,-0.8888,1.3808,0.0078,-0.0194,1.4850,-1.3067,-0.2869,0.1628,0.0000,1.0663,0.0775,-0.6126,0.5000,-0.2000,-1.2207,0.9103,-1.2627,-0.4226,0.2000,1.5874,-0.9083,1.3139,120.4773,-3.5494,4.2034,-5.5040,4.8466,-0.2256,6.9625,-2.8284,13.8102,6.2538,0.0556,0.16
2.2058,0.1000,0.0000,0.0000,0.0000,0.0000,0.0000,-0.1779,0.4893,-1.3055,0.0405,-0.0226,-0.9989,0.4958,-0.2213,-1.3074,0.9287,-1.2201,-0.4084,0.1938,1.4299,-0.8873,1.3682,0.0155,0.0271,0.9616,-1.1128,-0.0194,0.1628,-0.0737,1.0236,0.1318,-0.6398,0.5000,-0.2000,-1.2411,0.9152,-1.2556,-0.4348,0.2000,1.6078,-0.9031,1.3038,121.1685,-3.9741,4.3837,-5.6410,5.1879,-0.3483,6.8552,-2.7775,13.9325,6.3626,0.0833,0.18
2.2258,0.1000,0.0000,0.0000,0.0000,0.0000,0.0000,-0.1398,0.5683,-1.1008,0.0522,-0.0177,-0.9985,0.4972,-0.2212,-1.2917,0.9102,-1.2204,-0.4087,0.1925,1.4543,-0.8855,1.3551,0.1318,-0.0000,0.7212,-0.7522,-0.0194,0.0349,-0.0349,1.0391,0.0543,-0.5894,0.5000,-0.2000,-1.2615,0.9198,-1.2485,-0.4461,0.2000,1.6078,-0.9209,1.3562,121.9106,-4.3711,4.5592,-5.7736,5.5187,-0.4608,6.7399,-2.7216,14.0598,6.4656,0.1111,0.18
2.2468,0.1000,0.0000,0.0000,0.0000,0.0000,0.0000,-0.1223,0.5679,-0.9050,0.0638,-0.0112,-0.9979,0.4982,-0.2206,-1.2824,0.8959,-1.2193,-0.4112,0.1906,1.4795,-0.8844,1.3420,0.0620,0.0388,0.3296,-0.6747,0.1008,-0.1357,-0.1435,1.1826,0.0078,-0.6126,0.5000,-0.2000,-1.2819,0.9239,-1.2414,-0.4558,0.2000,1.5772,-0.9722,1.3689,122.6502,-4.7216,4.7176,-5.9017,5.7946,-0.5579,6.6390,-2.6712,14.1924,6.5654,0.1389,0.17
2.2668,0.1000,0.0000,0.0000,0.0000,0.0000,0.0000,-0.1335,0.4445,-0.6966,0.0743,-0.0052,-0.9972,0.4987,-0.2195,-1.2789,0.8843,-1.2169,-0.4159,0.1891,1.5041,-0.8857,1.3408,0.0582,0.0814,0.0349,-0.4498,0.1551,-0.1396,-0.0504,1.0314,-0.1086,0.0078,0.5000,-0.2000,-1.3022,0.9276,-1.2342,-0.4635,0.2000,1.5467,-1.0200,1.3813,123.3622,-5.0154,4.8617,-6.0300,6.0161,-0.6349,6.5313,-2.6028,14.2955,6.6794,0.1667,0.15
2.2868,0.1000,0.0000,0.0000,0.0000,0.0000,0.0000,-0.2001,0.1048,-0.4238,0.0777,0.0023,-0.9970,0.4990,-0.2183,-1.2795,0.8774,-1.2129,-0.4221,0.1875,1.5182,-0.8939,1.3417,0.0039,0.1202,-0.0814,-0.3451,0.2055,-0.2753,-0.1202,0.6281,-0.3916,0.0078,0.5000,-0.2000,-1.3226,0.9306,-1.2271,-0.4704,0.2000,1.5161,-1.0621,1.3931,124.0196,-5.2800,4.9868,-6.1580,6.2202,-0.7039,6.4168,-2.5446,14.4150,6.7949,0.1944,0.15
2.3068,0.1000,0.0000,0.0000,0.0000,0.0000,0.0000,-0.1685,-0.2695,0.0007,0.0733,0.0093,-0.9973,0.4997,-0.2171,-1.2812,0.8728,-1.2086,-0.4280,0.1861,1.5276,-0.9096,1.3454,0.0388,0.0388,-0.0582,-0.0543,0.2249,-0.1939,-0.0853,0.4381,-0.7406,0.1667,0.5000,-0.2000,-1.3430,0.9331,-1.2200,-0.4779,0.2000,1.4856,-1.0966,1.4039,124.5364,-5.4909,5.1146,-6.3113,6.3851,-0.7793,6.3020,-2.4778,14.5169,6.9145,0.2222,0.15
2.3268,0.1000,0.0000,0.0000,0.0000,0.0000,0.0000,-0.1635,-0.4838,0.4872,0.0635,0.0145,-0.9979,0.5011,-0.2163,-1.2827,0.8724,-1.2049,-0.4339,0.1852,1.5319,-0.9293,1.3521,0.1008,0.0892,0.0078,0.0465,0.1357,-0.2482,-0.1280,0.1473,-0.9500,0.2908,0.5000,-0.2000,-1.3633,0.9348,-1.2128,-0.4836,0.2000,1.4550,-1.1217,1.4136,124.9010,-5.6964,5.2439,-6.4709,6.5215,-0.8357,6.1836,-2.4008,14.5812,7.0413,0.2500,0.15
2.3468,0.1000,0.0000,0.0000,0.0000,0.0000,0.0000,-0.1793,-0.5337,0.9443,0.0524,0.0203,-0.9984,0.5026,-0.2159,-1.2837,0.8740,-1.2014,-0.4417,0.1845,1.5306,-0.9519,1.3606,0.0814,0.0620,-0.0078,0.0969,0.2404,-0.3063,-0.0116,-0.0465,-1.1361,0.4071,0.5000,-0.2000,-1.3837,0.9358,-1.2057,-0.4882,0.2000,1.4244,-1.1364,1.4221,125.1698,-5.9226,5.3731,-6.6178,6.6549,-0.8823,6.0726,-2.3251,14.6176,7.1563,0.2778,0.15
2.3668,0.1000,0.0000,0.0000,0.0000,0.0000,0.0000,-0.1453,-0.5389,1.3324,0.0419,0.0235,-0.9988,0.5028,-0.2158,-1.2868,0.8772,-1.1976,-0.4487,0.1840,1.5239,-0.9743,1.3709,-0.0039,0.0116,-0.1357,0.1628,0.1784,-0.2830,-0.1124,-0.3063,-1.0275,0.5079,0.5000,-0.2000,-1.4041,0.9360,-1.1986,-0.4915,0.2000,1.3939,-1.1398,1.4293,125.3710,-6.1043,5.4920,-6.7582,6.7516,-0.9148,5.9888,-2.2568,14.6416,7.2542,0.3056,0.15
2.3878,0.1000,0.0000,0.0000,0.0000,0.0000,0.0000,-0.1354,-0.5463,1.5883,0.0316,0.0265,-0.9991,0.5030,-0.2158,-1.2931,0.8808,-1.1936,-0.4567,0.1835,1.5132,-0.9946,1.3826,0.0039,0.0194,-0.3839,0.1241,0.1667,-0.4381,-0.0620,-0.5506,-0.8957,0.5196,0.5000,-0.2000,-1.4244,0.9355,-1.1914,-0.4919,0.2000,1.3633,-1.1318,1.4352,125.5227,-6.2171,5.5774,-6.8623,6.7956,-0.9190,5.9229,-2.2036,14.6582,7.3308,0.3333,0.15
2.4068,0.1000,0.0000,0.0000,0.0000,0.0000,0.0000,-0.1075,-0.4812,1.7744,0.0227,0.0293,-0.9993,0.5039,-0.2157,-1.3022,0.8839,-1.1897,-0.4677,0.1832,1.4985,-1.0118,1.3947,0.1163,0.0931,-0.5622,0.1822,0.2133,-0.4963,-0.0116,-0.7716,-0.7406,0.5467,0.5000,-0.2000,-1.4448,0.9342,-1.1842,-0.4914,0.2000,1.3328,-1.1129,1.4398,125.6422,-6.2723,5.6419,-6.9445,6.8054,-0.9142,5.8802,-2.1620,14.6617,7.3861,0.3611,0.15
2.4278,0.1000,0.0000,0.0000,0.0000,0.0000,0.0000,-0.0532,-0.3753,1.9283,0.0163,0.0304,-0.9994,0.5052,-0.2157,-1.3139,0.8864,-1.1856,-0.4759,0.1831,1.4793,-1.0225,1.4060,0.0814,0.0310,-0.6126,0.1086,0.1706,-0.3800,-0.0853,-1.0159,-0.5157,0.5932,0.5000,-0.2000,-1.4652,0.9322,-1.1742,-0.4915,0.2000,1.3022,-1.0839,1.4432,125.7120,-6.2950,5.6995,-7.0222,6.7968,-0.9149,5.8511,-2.1232,14.6539,7.4324,0.3889,0.18
2.4468,0.1000,0.0000,0.0000,0.0000,0.0000,0.0000,0.0012,-0.2824,2.0416,0.0123,0.0313,-0.9994,0.5056,-0.2157,-1.3285,0.8879,-1.1819,-0.4820,0.1830,1.4568,-1.0280,1.4183,-0.0000,-0.0000,-0.7212,0.0620,0.2171,-0.2792,-0.0233,-1.0740,-0.2365,0.5312,0.5000,-0.2000,-1.4856,0.9295,-1.1641,-0.4924,0.2000,1.2717,-1.0461,1.4456,125.7036,-6.2593,5.7276,-7.0742,6.7544,-0.9242,5.8426,-2.1011,14.6427,7.4539,0.4167,0.20
2.4668,0.1000,0.0000,0.0000,0.0000,0.0000,0.0000,0.1109,-0.2268,2.0598,0.0091,0.0305,-0.9995,0.5054,-0.2158,-1.3464,0.8882,-1.1785,-0.4866,0.1829,1.4309,-1.0269,1.4287,-0.0349,-0.0078,-0.8065,-0.0233,0.0698,-0.2133,0.0194,-1.1787,0.1047,0.3916,0.5000,-0.2000,-1.5059,0.9262,-1.1541,-0.4926,0.2000,1.2411,-1.0014,1.4472,125.6056,-6.1380,5.7272,-7.1042,6.6607,-0.9259,5.8566,-2.0927,14.6266,7.4540,0.4444,0.19
2.4878,0.1000,0.0000,0.0000,0.0000,0.0000,0.0000,0.2486,-0.1810,1.9920,0.0050,0.0261,-0.9996,0.5047,-0.2158,-1.3649,0.8876,-1.1769,-0.4904,0.1824,1.4052,-1.0194,1.4384,-0.0310,0.0582,-0.9383,-0.0155,-0.0039,-0.1822,-0.0931,-1.3726,0.3528,0.4188,0.5000,-0.2000,-1.5263,0.9223,-1.1440,-0.4921,0.2000,1.2106,-0.9519,1.4483,125.4500,-5.9478,5.6983,-7.1078,6.5258,-0.9212,5.8931,-2.0966,14.5990,7.4299,0.4722,0.16
2.5067,0.1000,0.0000,0.0000,0.0000,0.0000,0.0000,0.3292,-0.0932,1.6682,0.0013,0.0200,-0.9998,0.5023,-0.2160,-1.3855,0.8879,-1.1774,-0.4925,0.1817,1.3764,-1.0049,1.4464,-0.1435,-0.0543,-1.0081,0.0388,-0.0504,-0.0737,-0.0582,-1.4579,0.5932,0.2637,0.5000,-0.2000,-1.5467,0.9180,-1.1340,-0.4900,0.2000,1.1800,-0.9000,1.4770,125.3003,-5.7204,5.6371,-7.0542,6.3821,-0.9003,5.9496,-2.1248,14.5814,7.3617,0.5000,0.15
2.5267,0.1000,0.0000,0.0000,0.0000,0.0000,0.0000,0.4034,0.0267,1.4102,-0.0014,0.0135,-0.9999,0.4987,-0.2162,-1.4067,0.8890,-1.1797,-0.4928,0.1810,1.3451,-0.9848,1.4519,-0.1241,0.0582,-0.9849,0.1241,-0.1473,0.0039,-0.0388,-1.3687,0.9887,0.2637,0.5000,-0.2000,-1.5670,0.9133,-1.1239,-0.4883,0.2000,1.2004,-0.9052,1.4699,125.0714,-5.4080,5.5486,-6.9863,6.1825,-0.8833,6.0436,-2.1634,14.5392,7.2718,0.5278,0.16
2.5467,0.1000,0.0000,0.0000,0.0000,0.0000,0.0000,0.4558,0.2281,1.1373,-0.0004,0.0049,-1.0000,0.4970,-0.2166,-1.4275,0.8905,-1.1816,-0.4927,0.1802,1.3143,-0.9577,1.4622,-0.0543,-0.0271,-0.9926,0.1512,-0.1047,-0.0039,-0.0116,-1.5316,1.2175,0.5118,0.5000,-0.2000,-1.5874,0.9083,-1.1139,-0.4869,0.2000,1.2207,-0.9103,1.4627,124.8223,-5.1228,5.4614,-6.9087,5.9983,-0.8686,6.1231,-2.1931,14.4746,7.1850,0.5556,0.15
2.5667,0.1000,0.0000,0.0000,0.0000,0.0000,0.0000,0.3391,0.4454,0.8701,0.0058,-0.0024,-1.0000,0.4961,-0.2171,-1.4475,0.8918,-1.1825,-0.4929,0.1791,1.2935,-0.9342,1.4710,-0.0271,-0.0078,-0.9926,0.0388,-0.0814,-0.0465,-0.0931,-1.0546,1.2136,0.3684,0.5000,-0.2000,-1.6078,0.9031,-1.1038,-0.4861,0.2000,1.2411,-0.9152,1.4556,124.5064,-4.8324,5.3396,-6.7953,5.8176,-0.8607,6.2145,-2.2457,14.4293,7.0701,0.5833,0.15
2.5877,0.1000,0.0000,0.0000,0.0000,0.0000,0.0000,0.2919,0.6272,0.6148,0.0157,-0.0092,-0.9998,0.4957,-0.2180,-1.4683,0.8922,-1.1822,-0.4938,0.1792,1.2795,-0.9133,1.4774,-0.0116,-0.0775,-0.9538,-0.0310,0.0582,-0.0310,0.0116,-0.5816,1.0159,0.2404,0.5000,-0.2000,-1.6078,0.9209,-1.1562,-0.4852,0.2000,1.2615,-0.9198,1.4485,124.1083,-4.5232,5.2050,-6.6725,5.6257,-0.8523,6.3054,-2.2969,14.3807,6.9476,0.6111,0.15
2.6077,0.1000,0.0000,0.0000,0.0000,0.0000,0.0000,0.2633,0.7255,0.4340,0.0289,-0.0172,-0.9994,0.4956,-0.2195,-1.4906,0.8928,-1.1793,-0.4945,0.1803,1.2734,-0.8963,1.4812,-0.0000,-0.0504,-0.9500,0.0543,0.2133,0.0271,0.0427,-0.2249,0.7406,0.0814,0.5000,-0.2000,-1.5772,0.9722,-1.1689,-0.4840,0.2000,1.2819,-0.9239,1.4414,123.6173,-4.2006,5.0514,-6.5400,5.4157,-0.8401,6.3976,-2.3472,14.3202,6.8177,0.6389,0.15
2.6277,0.1000,0.0000,0.0000,0.0000,0.0000,0.0000,0.1503,0.5931,0.2893,0.0413,-0.0231,-0.9989,0.4956,-0.2210,-1.5098,0.8963,-1.1819,-0.4948,0.1824,1.2732,-0.8830,1.4831,0.0620,-0.0155,-0.9344,0.2288,-0.0233,-0.0698,0.0116,0.0000,0.5971,0.0931,0.5000,-0.2000,-1.5467,1.0200,-1.1813,-0.4801,0.2000,1.3022,-0.9276,1.4342,123.0148,-3.8524,4.8794,-6.3956,5.1486,-0.8013,6.4793,-2.3910,14.2291,6.6924,0.6667,0.15
2.6477,0.1000,0.0000,0.0000,0.0000,0.0000,0.0000,0.1291,0.2881,0.1040,0.0483,-0.0291,-0.9984,0.4956,-0.2225,-1.5233,0.9078,-1.1844,-0.4954,0.1849,1.2761,-0.8726,1.4834,0.0039,-0.0698,-0.6514,0.5622,-0.0698,-0.0000,0.1939,0.1396,0.4847,-0.0039,0.5000,-0.2000,-1.5161,1.0621,-1.1931,-0.4750,0.2000,1.3226,-0.9306,1.4271,122.3650,-3.4957,4.6925,-6.2468,4.8604,-0.7500,6.5718,-2.4474,14.1445,6.5658,0.6944,0.15
2.6678,0.1000,0.0000,0.0000,0.0000,0.0000,0.0000,0.1058,-0.0924,-0.2216,0.0472,-0.0353,-0.9983,0.4953,-0.2246,-1.5318,0.9247,-1.1877,-0.4951,0.1871,1.2796,-0.8645,1.4830,-0.0000,-0.0310,-0.4420,0.7212,-0.0582,0.0465,0.0349,0.0698,0.3179,0.0000,0.5000,-0.2000,-1.4856,1.0966,-1.2039,-0.4665,0.2000,1.3430,-0.9331,1.4200,121.7622,-3.1323,4.4909,-6.0797,4.5558,-0.6648,6.6889,-2.5226,14.0674,6.4364,0.7222,0.14
2.6877,0.1000,0.0000,0.0000,0.0000,0.0000,0.0000,0.0289,-0.2695,-0.6223,0.0412,-0.0397,-0.9984,0.4947,-0.2269,-1.5350,0.9461,-1.1915,-0.4941,0.1888,1.2815,-0.8605,1.4815,0.0427,-0.0310,-0.1706,1.0546,-0.1706,0.0737,0.0969,-0.0775,0.0737,-0.0504,0.5000,-0.2000,-1.4550,1.1217,-1.2136,-0.4541,0.2000,1.3633,-0.9348,1.4128,121.2434,-2.8232,4.2982,-5.8898,4.2987,-0.5414,6.7994,-2.5959,13.9751,6.3018,0.7500,0.15
2.7078,0.1000,0.0000,0.0000,0.0000,0.0000,0.0000,0.0149,-0.2183,-0.9857,0.0363,-0.0416,-0.9985,0.4942,-0.2289,-1.5323,0.9688,-1.1956,-0.4913,0.1903,1.2825,-0.8607,1.4781,0.0582,-0.0427,0.1047,0.9732,-0.1086,0.1706,0.0116,0.0194,0.0078,-0.1745,0.5000,-0.2000,-1.4244,1.1364,-1.2221,-0.4423,0.2000,1.3837,-0.9358,1.4057,120.8201,-2.5670,4.1416,-5.7301,4.0879,-0.4232,6.9256,-2.6716,13.8959,6.1863,0.7778,0.16
2.7277,0.1000,0.0000,0.0000,0.0000,0.0000,0.0000,0.1467,-0.1660,-1.1906,0.0330,-0.0471,-0.9983,0.4943,-0.2301,-1.5252,0.9908,-1.1988,-0.4851,0.1910,1.2850,-0.8623,1.4735,0.0698,-0.0078,0.3063,1.1322,-0.0892,0.2598,0.0000,0.1357,-0.0698,-0.2365,0.5000,-0.2000,-1.3939,1.1398,-1.2293,-0.4328,0.2000,1.4041,-0.9360,1.3986,120.4293,-2.3426,4.0098,-5.6051,3.9145,-0.3278,7.0434,-2.7331,13.8197,6.0912,0.8056,0.22
2.7477,0.1000,0.0000,0.0000,0.0000,0.0000,0.0000,0.0704,-0.0955,-1.1385,0.0323,-0.0508,-0.9982,0.4952,-0.2315,-1.5140,1.0084,-1.1997,-0.4758,0.1909,1.2899,-0.8641,1.4684,0.1124,-0.0543,0.3839,0.7871,0.0310,0.5196,-0.0116,0.1473,-0.1086,-0.2133,0.5000,-0.2000,-1.3633,1.1318,-1.2352,-0.4274,0.2000,1.4244,-0.9355,1.3914,120.0258,-2.2698,3.9337,-5.5154,3.8294,-0.2745,7.0855,-2.7591,13.7291,6.0573,0.8333,0.21
2.7677,0.1000,0.0000,0.0000,0.0000,0.0000,0.0000,0.0136,-0.1003,-1.1908,0.0319,-0.0514,-0.9982,0.4968,-0.2321,-1.5016,1.0208,-1.1999,-0.4659,0.1904,1.2977,-0.8682,1.4615,0.0116,-0.0039,0.5157,0.6126,0.0194,0.3955,-0.0465,0.3373,-0.2055,-0.3916,0.5000,-0.2000,-1.3328,1.1129,-1.2398,-0.4223,0.2000,1.4448,-0.9342,1.3842,119.6673,-2.2282,3.8500,-5.4185,3.7876,-0.2234,7.1409,-2.8062,13.6742,6.0094,0.8611,0.20
2.7887,0.1000,0.0000,0.0000,0.0000,0.0000,0.0000,0.0067,-0.1119,-1.2842,0.0309,-0.0519,-0.9982,0.4974,-0.2325,-1.4862,1.0277,-1.1999,-0.4576,0.1898,1.3083,-0.8733,1.4536,0.0892,-0.0000,0.7328,0.3063,-0.0155,0.3994,-0.0078,0.4343,-0.2133,-0.3877,0.5000,-0.2000,-1.3022,1.0839,-1.2432,-0.4169,0.2000,1.4652,-0.9322,1.3742,119.3860,-2.2237,3.7992,-5.3517,3.7734,-0.1694,7.1760,-2.8384,13.6258,5.9950,0.8889,0.20
2.8078,0.1000,0.0000,0.0000,0.0000,0.0000,0.0000,-0.0437,-0.0347,-1.3891,0.0314,-0.0512,-0.9982,0.4983,-0.2327,-1.4675,1.0288,-1.2001,-0.4505,0.1892,1.3206,-0.8780,1.4448,0.0310,0.0078,0.8840,0.0659,0.0078,0.3218,-0.0194,0.5312,-0.2016,-0.3955,0.5000,-0.2000,-1.2717,1.0461,-1.2456,-0.4126,0.2000,1.4856,-0.9295,1.3641,119.2316,-2.3096,3.7818,-5.2993,3.8355,-0.1259,7.1848,-2.8616,13.5945,5.9874,0.9167,0.16
2.8278,0.1000,0.0000,0.0000,0.0000,0.0000,0.0000,-0.0725,0.0596,-1.5296,0.0336,-0.0493,-0.9982,0.4987,-0.2330,-1.4451,1.0245,-1.2004,-0.4445,0.1884,1.3350,-0.8818,1.4360,-0.0000,0.0388,0.8995,-0.1784,0.0310,0.3373,-0.0969,0.6475,-0.1745,-0.4808,0.5000,-0.2000,-1.2411,1.0014,-1.2472,-0.4102,0.2000,1.5059,-0.9262,1.3541,119.2594,-2.4567,3.7971,-5.2704,3.9560,-0.1024,7.1895,-2.8833,13.5937,5.9911,0.9444,0.16
2.8477,0.1000,0.0000,0.0000,0.0000,0.0000,0.0000,-0.1080,0.1461,-1.6276,0.0374,-0.0469,-0.9982,0.4989,-0.2332,-1.4201,1.0145,-1.2010,-0.4394,0.1875,1.3518,-0.8846,1.4262,0.0775,-0.0659,1.0818,-0.4692,-0.0039,0.1977,-0.0233,0.7406,-0.1241,-0.5234,0.5000,-0.2000,-1.2106,0.9519,-1.2483,-0.4099,0.2000,1.5263,-0.9223,1.3440,119.4433,-2.6736,3.8582,-5.2859,4.1330,-0.0987,7.1550,-2.8851,13.6220,6.0328,0.9722,0.15
2.8678,0.1000,0.0000,0.0000,0.0000,0.0000,0.0000,-0.1577,0.2088,-1.7177,0.0426,-0.0433,-0.9982,0.4990,-0.2334,-1.3931,0.9985,-1.2021,-0.4345,0.1864,1.3705,-0.8858,1.4154,0.0388,-0.0116,1.2757,-0.8220,-0.0504,0.1745,-0.0931,0.7949,-0.0737,-0.5777,0.5000,-0.2000,-1.1800,0.9000,-1.2770,-0.4124,0.2000,1.5467,-0.9180,1.3340,119.7968,-2.9514,3.9475,-5.3296,4.3601,-0.1245,7.1130,-2.8832,13.6794,6.0907,0.0000,0.15
2.8888,0.1000,0.0000,0.0000,0.0000,0.0000,0.0000,-0.2317,0.3012,-1.7623,0.0494,-0.0373,-0.9981,0.4991,-0.2337,-1.3639,0.9761,-1.2037,-0.4301,0.1858,1.3911,-0.8855,1.4043,-0.0039,0.0543,1.3648,-0.9926,-0.0659,0.2288,-0.0155,0.9344,0.0155,-0.5041,0.5000,-0.2000,-1.2004,0.9052,-1.2699,-0.4180,0.2000,1.5670,-0.9133,1.3239,120.3071,-3.2962,4.0737,-5.4024,4.6384,-0.1802,7.0463,-2.8648,13.7564,6.1666,0.0278,0.17
2.9087,0.1000,0.0000,0.0000,0.0000,0.0000,0.0000,-0.2004,0.3790,-1.6912,0.0574,-0.0320,-0.9978,0.4994,-0.2343,-1.3297,0.9453,-1.2111,-0.4268,0.1855,1.4158,-0.8843,1.3912,-0.0000,-0.0349,1.4579,-1.2679,-0.3296,0.1667,-0.0582,1.0973,0.0737,-0.5932,0.5000,-0.2000,-1.2207,0.9103,-1.2627,-0.4275,0.2000,1.5874,-0.9083,1.3139,120.9370,-3.6827,4.2565,-5.5498,4.9572,-0.2746,6.9418,-2.8150,13.8791,6.2880,0.0556,0.16
2.9288,0.1000,0.0000,0.0000,0.0000,0.0000,0.0000,-0.1228,0.4829,-1.4764,0.0670,-0.0276,-0.9974,0.5005,-0.2349,-1.3062,0.9235,-1.2153,-0.4244,0.1851,1.4389,-0.8822,1.3787,0.1318,-0.0388,1.0624,-0.9616,-0.1784,0.1512,-0.0465,1.1361,0.2133,-0.5622,0.5000,-0.2000,-1.2411,0.9152,-1.2556,-0.4394,0.2000,1.6078,-0.9031,1.3038,121.6742,-4.0978,4.4378,-5.6912,5.2904,-0.3936,6.8347,-2.7633,14.0060,6.4005,0.0833,0.16
2.9487,0.1000,0.0000,0.0000,0.0000,0.0000,0.0000,-0.0753,0.5527,-1.2603,0.0782,-0.0232,-0.9967,0.5019,-0.2349,-1.2900,0.9068,-1.2165,-0.4240,0.1845,1.4638,-0.8799,1.3653,0.0582,0.0582,0.7483,-0.7445,-0.0931,0.0155,-0.0543,1.2059,0.1628,-0.6940,0.5000,-0.2000,-1.2615,0.9198,-1.2485,-0.4504,0.2000,1.6078,-0.9209,1.3562,122.4341,-4.4852,4.6044,-5.8215,5.6042,-0.5038,6.7330,-2.7152,14.1410,6.5019,0.1111,0.16
2.9687,0.1000,0.0000,0.0000,0.0000,0.0000,0.0000,-0.0763,0.5480,-1.0713,0.0894,-0.0174,-0.9958,0.5027,-0.2342,-1.2806,0.8943,-1.2161,-0.4261,0.1834,1.4897,-0.8779,1.3516,0.0737,0.1241,0.4149,-0.5196,0.0155,-0.0349,-0.1512,1.2020,0.0504,-0.6669,0.5000,-0.2000,-1.2819,0.9239,-1.2414,-0.4597,0.2000,1.5772,-0.9722,1.3689,123.1983,-4.8396,4.7599,-5.9406,5.8865,-0.5971,6.6298,-2.6627,14.2678,6.5994,0.1389,0.15
2.9887,0.1000,0.0000,0.0000,0.0000,0.0000,0.0000,-0.1051,0.4409,-0.8667,0.0984,-0.0114,-0.9951,0.5030,-0.2328,-1.2771,0.8848,-1.2141,-0.4301,0.1820,1.5124,-0.8785,1.3502,0.0698,0.1241,0.2171,-0.3955,0.0853,-0.1435,-0.1086,1.0430,0.0388,-0.1008,0.5000,-0.2000,-1.3022,0.9276,-1.2342,-0.4669,0.2000,1.5467,-1.0200,1.3813,123.9286,-5.1352,4.9050,-6.0706,6.1047,-0.6691,6.5241,-2.5983,14.3783,6.7158,0.1667,0.15
3.0087,0.1000,0.0000,0.0000,0.0000,0.0000,0.0000,-0.1565,0.2131,-0.5542,0.1038,-0.0038,-0.9946,0.5031,-0.2315,-1.2763,0.8789,-1.2103,-0.4356,0.1805,1.5266,-0.8866,1.3508,0.0349,0.0388,0.1241,-0.2598,0.2055,-0.2171,-0.1008,0.7832,-0.3800,0.0310,0.5000,-0.2000,-1.3226,0.9306,-1.2271,-0.4748,0.2000,1.5161,-1.0621,1.3931,124.5891,-5.4311,5.0459,-6.2042,6.3367,-0.7485,6.3962,-2.5302,14.4958,6.8331,0.1944,0.15
3.0287,0.1000,0.0000,0.0000,0.0000,0.0000,0.0000,-0.1461,-0.1724,-0.0772,0.1013,0.0030,-0.9949,0.5036,-0.2302,-1.2764,0.8757,-1.2062,-0.4404,0.1788,1.5373,-0.9008,1.3544,0.0194,0.1318,-0.0427,-0.1396,0.1784,-0.2171,-0.0659,0.4769,-0.6359,0.1939,0.5000,-0.2000,-1.3430,0.9331,-1.2200,-0.4828,0.2000,1.4856,-1.0966,1.4039,125.0911,-5.6404,5.1746,-6.3634,6.4906,-0.8285,6.2838,-2.4581,14.5899,6.9616,0.2222,0.15
3.0487,0.1000,0.0000,0.0000,0.0000,0.0000,0.0000,-0.1573,-0.3990,0.4536,0.0931,0.0081,-0.9956,0.5048,-0.2287,-1.2775,0.8757,-1.2026,-0.4459,0.1772,1.5424,-0.9201,1.3609,0.1551,0.0853,0.0388,0.0775,0.1008,-0.2637,-0.0931,0.1822,-0.8763,0.2443,0.5000,-0.2000,-1.3633,0.9348,-1.2128,-0.4895,0.2000,1.4550,-1.1217,1.4136,125.4405,-5.8691,5.3104,-6.5275,6.6459,-0.8949,6.1501,-2.3755,14.6542,7.0918,0.2500,0.15
3.0687,0.1000,0.0000,0.0000,0.0000,0.0000,0.0000,-0.1792,-0.4435,0.9596,0.0836,0.0130,-0.9964,0.5061,-0.2276,-1.2787,0.8781,-1.1993,-0.4519,0.1762,1.5415,-0.9424,1.3694,0.0543,0.0853,0.0659,0.0775,0.1706,-0.2133,-0.0775,-0.0659,-0.9965,0.3490,0.5000,-0.2000,-1.3837,0.9358,-1.2057,-0.4955,0.2000,1.4244,-1.1364,1.4221,125.6821,-6.1096,5.4445,-6.6827,6.7876,-0.9548,6.0367,-2.2960,14.6892,7.2114,0.2778,0.15
3.0887,0.1000,0.0000,0.0000,0.0000,0.0000,0.0000,-0.1521,-0.4523,1.3621,0.0746,0.0164,-0.9971,0.5066,-0.2272,-1.2817,0.8816,-1.1957,-0.4588,0.1750,1.5350,-0.9645,1.3803,-0.0155,0.0194,-0.0969,0.1318,0.1628,-0.3490,-0.0504,-0.2792,-0.9189,0.4885,0.5000,-0.2000,-1.4041,0.9360,-1.1986,-0.4991,0.2000,1.3939,-1.1398,1.4293,125.8486,-6.2961,5.5623,-6.8218,6.8858,-0.9906,5.9448,-2.2248,14.7102,7.3103,0.3056,0.20
3.1087,0.1000,0.0000,0.0000,0.0000,0.0000,0.0000,-0.1664,-0.4242,1.5904,0.0663,0.0184,-0.9976,0.5067,-0.2270,-1.2878,0.8853,-1.1919,-0.4682,0.1743,1.5241,-0.9843,1.3920,0.0271,0.0659,-0.3296,0.2133,0.2210,-0.5506,-0.0155,-0.5312,-0.9306,0.5041,0.5000,-0.2000,-1.4244,0.9355,-1.1914,-0.5000,0.2000,1.3633,-1.1318,1.4352,126.0009,-6.4247,5.6457,-6.9139,6.9522,-1.0002,5.8744,-2.1732,14.7269,7.3773,0.3333,0.20
3.1287,0.1000,0.0000,0.0000,0.0000,0.0000,0.0000,-0.1513,-0.3456,1.8025,0.0594,0.0209,-0.9980,0.5079,-0.2269,-1.2977,0.8886,-1.1879,-0.4783,0.1740,1.5083,-1.0001,1.4036,0.0931,0.0504,-0.6087,0.2016,0.1628,-0.4459,-0.0775,-0.8879,-0.6630,0.4963,0.5000,-0.2000,-1.4448,0.9342,-1.1842,-0.5000,0.2000,1.3328,-1.1129,1.4398,126.1275,-6.5019,5.7237,-7.0048,6.9770,-1.0049,5.8274,-2.1230,14.7256,7.4378,0.3611,0.16
3.1487,0.1000,0.0000,0.0000,0.0000,0.0000,0.0000,-0.1278,-0.2376,1.9912,0.0555,0.0214,-0.9982,0.5094,-0.2270,-1.3102,0.8912,-1.1837,-0.4875,0.1738,1.4885,-1.0116,1.4163,0.0659,0.0078,-0.6514,0.0969,0.1900,-0.4304,-0.0310,-1.0197,-0.5079,0.5196,0.5000,-0.2000,-1.4652,0.9322,-1.1742,-0.5000,0.2000,1.3022,-1.0839,1.4432,126.1835,-6.5289,5.7780,-7.0792,6.9746,-1.0162,5.7951,-2.0851,14.7183,7.4837,0.3889,0.16
3.1687,0.1000,0.0000,0.0000,0.0000,0.0000,0.0000,-0.1082,-0.1204,2.1316,0.0538,0.0215,-0.9983,0.5103,-0.2270,-1.3264,0.8926,-1.1789,-0.4941,0.1737,1.4644,-1.0167,1.4281,0.0504,0.0582,-0.8879,0.0194,0.2482,-0.3218,-0.0194,-1.1283,-0.2249,0.4420,0.5000,-0.2000,-1.4856,0.9295,-1.1641,-0.5000,0.2000,1.2717,-1.0461,1.4456,126.1646,-6.5015,5.8067,-7.1283,6.9404,-1.0334,5.7865,-2.0620,14.6994,7.5043,0.4167,0.16
3.1887,0.1000,0.0000,0.0000,0.0000,0.0000,0.0000,-0.0795,-0.0353,2.2377,0.0541,0.0207,-0.9983,0.5107,-0.2271,-1.3440,0.8924,-1.1733,-0.4993,0.1735,1.4398,-1.0161,1.4390,0.0388,-0.0000,-1.0004,0.0465,0.3490,-0.1551,-0.0388,-1.2485,0.0775,0.4730,0.5000,-0.2000,-1.5059,0.9262,-1.1541,-0.5000,0.2000,1.2411,-1.0014,1.4472,126.0691,-6.4362,5.8197,-7.1628,6.8847,-1.0568,5.7855,-2.0438,14.6665,7.5101,0.4444,0.15
3.2087,0.1000,0.0000,0.0000,0.0000,0.0000,0.0000,-0.0137,0.0084,2.3030,0.0551,0.0195,-0.9983,0.5106,-0.2271,-1.3648,0.8909,-1.1672,-0.5023,0.1734,1.4120,-1.0097,1.4483,-0.0078,0.0039,-1.0934,-0.1047,0.2482,-0.1784,-0.0078,-1.3106,0.3412,0.3373,0.5000,-0.2000,-1.5263,0.9223,-1.1440,-0.5000,0.2000,1.2106,-0.9519,1.4483,125.8539,-6.2870,5.7981,-7.1751,6.7789,-1.0756,5.8064,-2.0416,14.6329,7.4952,0.4722,0.15
3.2287,0.1000,0.0000,0.0000,0.0000,0.0000,0.0000,0.1408,0.0990,2.2601,0.0571,0.0167,-0.9982,0.5102,-0.2271,-1.3870,0.8880,-1.1621,-0.5040,0.1733,1.3820,-0.9964,1.4558,-0.0000,0.0388,-1.1593,-0.1590,0.1435,-0.0078,-0.0349,-1.3920,0.6436,0.3528,0.5000,-0.2000,-1.5467,0.9180,-1.1340,-0.5000,0.2000,1.1800,-0.9000,1.4770,125.5641,-6.0821,5.7575,-7.1677,6.6438,-1.0954,5.8509,-2.0492,14.5862,7.4562,0.5000,0.15
3.2497,0.1000,0.0000,0.0000,0.0000,0.0000,0.0000,0.3018,0.1891,2.0727,0.0587,0.0105,-0.9982,0.5090,-0.2272,-1.4104,0.8845,-1.1600,-0.5047,0.1726,1.3493,-0.9766,1.4620,-0.0892,-0.0194,-1.2020,-0.1590,-0.0155,-0.0310,-0.0892,-1.5897,0.9500,0.2753,0.5000,-0.2000,-1.5670,0.9133,-1.1239,-0.5000,0.2000,1.2004,-0.9052,1.4699,125.2387,-5.8306,5.6910,-7.1278,6.4909,-1.1046,5.9135,-2.0719,14.5419,7.3868,0.5278,0.15
3.2697,0.1000,0.0000,0.0000,0.0000,0.0000,0.0000,0.3641,0.3028,1.6349,0.0613,0.0033,-0.9981,0.5053,-0.2274,-1.4361,0.8830,-1.1606,-0.5047,0.1712,1.3143,-0.9503,1.4727,-0.2365,0.0078,-1.1671,-0.0155,-0.1008,0.0543,-0.1667,-1.5936,1.1322,0.4924,0.5000,-0.2000,-1.5874,0.9083,-1.1139,-0.5000,0.2000,1.2207,-0.9103,1.4627,124.9248,-5.5124,5.5774,-7.0168,6.3138,-1.1013,6.0111,-2.1253,14.4989,7.2605,0.5556,0.15
3.2897,0.1000,0.0000,0.0000,0.0000,0.0000,0.0000,0.2843,0.4561,1.2420,0.0671,-0.0030,-0.9977,0.5011,-0.2278,-1.4596,0.8827,-1.1615,-0.5046,0.1699,1.2908,-0.9295,1.4811,-0.1163,-0.0155,-1.0159,0.0078,-0.0078,0.0388,-0.0310,-1.0895,0.9189,0.4498,0.5000,-0.2000,-1.6078,0.9031,-1.1038,-0.5000,0.2000,1.2411,-0.9152,1.4556,124.5614,-5.1749,5.4388,-6.8746,6.1141,-1.0778,6.1025,-2.1829,14.4478,7.1264,0.5833,0.15
3.3097,0.1000,0.0000,0.0000,0.0000,0.0000,0.0000,0.2638,0.6689,0.8666,0.0768,-0.0099,-0.9970,0.4998,-0.2288,-1.4838,0.8825,-1.1617,-0.5056,0.1696,1.2746,-0.9113,1.4883,-0.0427,-0.0543,-1.0779,0.0039,0.0388,-0.0349,-0.0737,-0.7289,0.8336,0.3412,0.5000,-0.2000,-1.6078,0.9209,-1.1562,-0.5000,0.2000,1.2615,-0.9198,1.4485,124.1645,-4.8217,5.2926,-6.7330,5.8933,-1.0369,6.2068,-2.2397,14.3948,6.9839,0.6111,0.16
3.3297,0.1000,0.0000,0.0000,0.0000,0.0000,0.0000,0.2378,0.8398,0.5404,0.0915,-0.0175,-0.9956,0.4989,-0.2301,-1.5066,0.8828,-1.1604,-0.5064,0.1703,1.2668,-0.8965,1.4942,-0.0388,-0.0504,-1.0236,0.0388,0.1086,0.0310,0.0310,-0.3645,0.7716,0.2714,0.5000,-0.2000,-1.5772,0.9722,-1.1689,-0.4992,0.2000,1.2819,-0.9239,1.4414,123.7096,-4.4730,5.1363,-6.5889,5.6595,-0.9922,6.3080,-2.2920,14.3285,6.8443,0.6389,0.16
3.3497,0.1000,0.0000,0.0000,0.0000,0.0000,0.0000,0.1723,0.8128,0.3255,0.1086,-0.0248,-0.9938,0.4986,-0.2320,-1.5258,0.8855,-1.1653,-0.5070,0.1719,1.2655,-0.8833,1.4986,-0.0504,-0.0388,-1.0081,0.1202,-0.1435,-0.0194,0.0310,-0.0427,0.6165,0.2520,0.5000,-0.2000,-1.5467,1.0200,-1.1813,-0.4947,0.2000,1.3022,-0.9276,1.4342,123.1573,-4.1128,4.9686,-6.4466,5.3934,-0.9466,6.4007,-2.3364,14.2400,6.7132,0.6667,0.15
3.3697,0.1000,0.0000,0.0000,0.0000,0.0000,0.0000,0.1563,0.4059,0.0029,0.1183,-0.0312,-0.9925,0.4986,-0.2335,-1.5393,0.8967,-1.1700,-0.5075,0.1744,1.2676,-0.8721,1.5018,0.0155,-0.0698,-0.7716,0.4343,-0.1047,-0.0271,0.0853,-0.0078,0.5118,0.1086,0.5000,-0.2000,-1.5161,1.0621,-1.1931,-0.4888,0.2000,1.3226,-0.9306,1.4271,122.6198,-3.7336,4.7723,-6.2905,5.0948,-0.8880,6.5101,-2.4075,14.1745,6.5818,0.6944,0.17
3.3897,0.1000,0.0000,0.0000,0.0000,0.0000,0.0000,0.1165,0.0347,-0.3887,0.1191,-0.0363,-0.9922,0.4981,-0.2351,-1.5493,0.9127,-1.1738,-0.5073,0.1766,1.2707,-0.8632,1.5028,0.0078,0.0194,-0.4149,0.6979,-0.1435,-0.0078,0.1280,0.0582,0.4420,-0.0271,0.5000,-0.2000,-1.4856,1.0966,-1.2039,-0.4793,0.2000,1.3430,-0.9331,1.4200,122.0954,-3.3521,4.5599,-6.1173,4.7813,-0.7935,6.6413,-2.4925,14.1037,6.4467,0.7222,0.17
3.4097,0.1000,0.0000,0.0000,0.0000,0.0000,0.0000,0.1651,-0.0740,-0.7582,0.1169,-0.0398,-0.9923,0.4981,-0.2364,-1.5512,0.9313,-1.1778,-0.5058,0.1793,1.2723,-0.8589,1.5024,-0.0000,-0.0039,-0.0853,0.9732,-0.2171,0.0775,0.1047,-0.0620,0.1202,-0.0310,0.5000,-0.2000,-1.4550,1.1217,-1.2136,-0.4683,0.2000,1.3633,-0.9348,1.4128,121.6319,-3.0428,4.3843,-5.9559,4.5396,-0.6830,6.7569,-2.5601,14.0194,6.3244,0.7500,0.21
3.4297,0.1000,0.0000,0.0000,0.0000,0.0000,0.0000,0.2538,0.0098,-0.9166,0.1174,-0.0463,-0.9920,0.4987,-0.2369,-1.5479,0.9535,-1.1807,-0.5025,0.1813,1.2745,-0.8587,1.5007,0.1551,0.0233,0.1784,0.8530,0.0155,0.1900,0.0233,0.0465,-0.0039,-0.0814,0.5000,-0.2000,-1.4244,1.1364,-1.2221,-0.4606,0.2000,1.3837,-0.9358,1.4057,121.1981,-2.8042,4.2495,-5.8398,4.3447,-0.6057,6.8695,-2.6198,13.9404,6.2400,0.7778,0.19
3.4497,0.1000,0.0000,0.0000,0.0000,0.0000,0.0000,0.1981,-0.0215,-1.0296,0.1184,-0.0501,-0.9917,0.5007,-0.2372,-1.5409,0.9726,-1.1818,-0.4968,0.1826,1.2785,-0.8600,1.4970,0.0737,-0.0349,0.2869,0.9771,-0.0310,0.3024,0.0194,0.2326,-0.0969,-0.2443,0.5000,-0.2000,-1.3939,1.1398,-1.2293,-0.4542,0.2000,1.4041,-0.9360,1.3986,120.7702,-2.6573,4.1276,-5.7134,4.2210,-0.5424,6.9458,-2.6713,13.8616,6.1544,0.8056,0.17
3.4697,0.1000,0.0000,0.0000,0.0000,0.0000,0.0000,0.1743,-0.0807,-1.1796,0.1175,-0.0523,-0.9917,0.5026,-0.2371,-1.5312,0.9908,-1.1824,-0.4924,0.1826,1.2851,-0.8632,1.4911,0.1202,0.0814,0.3761,0.7677,0.0155,0.2249,-0.0814,0.2637,-0.1628,-0.3606,0.5000,-0.2000,-1.3633,1.1318,-1.2352,-0.4470,0.2000,1.4244,-0.9355,1.3914,120.4043,-2.5274,4.0149,-5.5964,4.1035,-0.4701,7.0331,-2.7296,13.7953,6.0936,0.8333,0.17
3.4897,0.1000,0.0000,0.0000,0.0000,0.0000,0.0000,0.1743,-0.0355,-1.3446,0.1175,-0.0537,-0.9916,0.5040,-0.2371,-1.5180,1.0036,-1.1835,-0.4882,0.1824,1.2935,-0.8672,1.4840,0.1086,0.0271,0.6785,0.5390,-0.0388,0.2133,-0.0039,0.3877,-0.1280,-0.3451,0.5000,-0.2000,-1.3328,1.1129,-1.2398,-0.4397,0.2000,1.4448,-0.9342,1.3842,120.0963,-2.4689,3.9429,-5.5061,4.0455,-0.3970,7.0851,-2.7698,13.7333,6.0573,0.8611,0.16
3.5097,0.1000,0.0000,0.0000,0.0000,0.0000,0.0000,0.1516,0.0647,-1.5538,0.1195,-0.0536,-0.9914,0.5054,-0.2371,-1.5007,1.0118,-1.1846,-0.4841,0.1817,1.3047,-0.8713,1.4760,0.0620,-0.0000,0.7367,0.3761,-0.0465,0.2133,-0.1008,0.4847,-0.1939,-0.3839,0.5000,-0.2000,-1.3022,1.0839,-1.2432,-0.4335,0.2000,1.4652,-0.9322,1.3742,119.9341,-2.4937,3.8981,-5.4203,4.0651,-0.3350,7.1251,-2.8075,13.6915,6.0203,0.8889,0.17
3.5297,0.1000,0.0000,0.0000,0.0000,0.0000,0.0000,0.1376,0.1599,-1.7800,0.1230,-0.0523,-0.9910,0.5065,-0.2372,-1.4799,1.0148,-1.1866,-0.4796,0.1810,1.3186,-0.8750,1.4677,0.1124,0.0853,1.0081,0.1357,-0.1628,0.2094,-0.0310,0.7057,-0.1551,-0.4188,0.5000,-0.2000,-1.2717,1.0461,-1.2456,-0.4281,0.2000,1.4856,-0.9295,1.3641,119.9053,-2.5533,3.8787,-5.3603,4.1141,-0.2814,7.1612,-2.8428,13.6663,6.0079,0.9167,0.18
3.5517,0.1000,0.0000,0.0000,0.0000,0.0000,0.0000,0.1123,0.2537,-2.0017,0.1285,-0.0498,-0.9905,0.5070,-0.2373,-1.4569,1.0137,-1.1889,-0.4742,0.1797,1.3349,-0.8776,1.4587,0.0931,0.0039,1.1089,0.0233,-0.1202,0.2714,-0.1086,0.8220,-0.0465,-0.4692,0.5000,-0.2000,-1.2411,1.0014,-1.2472,-0.4246,0.2000,1.5059,-0.9262,1.3541,120.0574,-2.7094,3.8995,-5.3248,4.2379,-0.2459,7.1659,-2.8657,13.6704,6.0099,0.9444,0.18
3.5717,0.1000,0.0000,0.0000,0.0000,0.0000,0.0000,0.0915,0.3682,-2.1875,0.1364,-0.0452,-0.9896,0.5073,-0.2375,-1.4282,1.0066,-1.1913,-0.4688,0.1781,1.3555,-0.8783,1.4480,0.0853,-0.0349,1.3183,-0.2869,-0.1473,0.3024,-0.0504,0.8802,0.0775,-0.5041,0.5000,-0.2000,-1.2106,0.9519,-1.2483,-0.4233,0.2000,1.5263,-0.9223,1.3440,120.3810,-2.9416,3.9665,-5.3346,4.4184,-0.2334,7.1446,-2.8708,13.7034,6.0517,0.9722,0.17
3.5917,0.1000,0.0000,0.0000,0.0000,0.0000,0.0000,0.0585,0.4858,-2.3396,0.1464,-0.0403,-0.9884,0.5076,-0.2375,-1.3975,0.9931,-1.1945,-0.4641,0.1773,1.3773,-0.8776,1.4386,0.0931,0.0039,1.4928,-0.5583,-0.1784,0.2598,-0.0853,1.1283,0.0853,-0.3722,0.5000,-0.2000,-1.1800,0.9000,-1.2770,-0.4253,0.2000,1.5467,-0.9180,1.3340,120.8683,-3.2280,4.0621,-5.3740,4.6470,-0.2531,7.1113,-2.8702,13.7680,6.1078,0.0000,0.16
3.6117,0.1000,0.0000,0.0000,0.0000,0.0000,0.0000,0.0108,0.6019,-2.4485,0.1583,-0.0333,-0.9868,0.5080,-0.2375,-1.3645,0.9740,-1.1982,-0.4597,0.1772,1.4014,-0.8755,1.4296,0.0775,0.0155,1.6014,-0.8840,-0.1628,0.2443,-0.0775,1.1438,0.1861,-0.4304,0.5000,-0.2000,-1.2004,0.9052,-1.2699,-0.4296,0.2000,1.5670,-0.9133,1.3239,121.5350,-3.6040,4.1996,-5.4514,4.9355,-0.2961,7.0414,-2.8480,13.8681,6.1991,0.0278,0.15
3.6307,0.1000,0.0000,0.0000,0.0000,0.0000,0.0000,0.0562,0.7008,-2.4519,0.1727,-0.0271,-0.9846,0.5085,-0.2374,-1.3296,0.9493,-1.2073,-0.4554,0.1775,1.4271,-0.8713,1.4198,0.0155,0.0116,1.7409,-1.0353,-0.4420,0.2520,0.0543,1.1244,0.2249,-0.4885,0.5000,-0.2000,-1.2207,0.9103,-1.2627,-0.4371,0.2000,1.5874,-0.9083,1.3139,122.3321,-4.0175,4.3742,-5.5758,5.2567,-0.3707,6.9444,-2.7975,13.9987,6.3176,0.0556,0.15
3.6507,0.1000,0.0000,0.0000,0.0000,0.0000,0.0000,0.1043,0.7709,-2.3836,0.1877,-0.0206,-0.9820,0.5096,-0.2370,-1.3023,0.9301,-1.2133,-0.4523,0.1778,1.4544,-0.8653,1.4101,0.0969,0.0388,1.1865,-0.9228,-0.1318,0.1357,-0.0039,1.2330,0.3179,-0.5428,0.5000,-0.2000,-1.2411,0.9152,-1.2556,-0.4464,0.2000,1.6078,-0.9031,1.3038,123.2779,-4.4493,4.5429,-5.6921,5.5742,-0.4637,6.8594,-2.7607,14.1550,6.4261,0.0833,0.15
3.6707,0.1000,0.0000,0.0000,0.0000,0.0000,0.0000,0.1178,0.9540,-2.2971,0.2053,-0.0136,-0.9786,0.5104,-0.2359,-1.2816,0.9164,-1.2160,-0.4516,0.1782,1.4823,-0.8590,1.3988,0.0427,0.1280,0.9732,-0.5894,-0.0039,0.1086,-0.0039,1.2524,0.2830,-0.6087,0.5000,-0.2000,-1.2615,0.9198,-1.2485,-0.4547,0.2000,1.6078,-0.9209,1.3562,124.2744,-4.8942,4.7148,-5.7981,5.9136,-0.5473,6.7599,-2.7116,14.3084,6.5225,0.1111,0.15
3.6907,0.1000,0.0000,0.0000,0.0000,0.0000,0.0000,0.1010,1.0014,-2.1547,0.2240,-0.0036,-0.9746,0.5111,-0.2342,-1.2665,0.9075,-1.2164,-0.4526,0.1787,1.5117,-0.8530,1.3865,0.0465,0.1628,0.7600,-0.3257,0.0465,-0.0349,0.0194,1.5005,0.3335,-0.5855,0.5000,-0.2000,-1.2819,0.9239,-1.2414,-0.4625,0.2000,1.5772,-0.9722,1.3689,125.2360,-5.2797,4.8773,-5.9128,6.2019,-0.6250,6.6643,-2.6606,14.4583,6.6192,0.1389,0.15
3.7117,0.1000,0.0000,0.0000,0.0000,0.0000,0.0000,0.0965,0.8707,-1.9234,0.2399,0.0055,-0.9708,0.5114,-0.2314,-1.2549,0.9021,-1.2159,-0.4539,0.1792,1.5410,-0.8505,1.3865,0.0427,0.1706,0.5739,-0.1357,0.0233,-0.0465,-0.0078,1.3261,0.1784,0.0000,0.5000,-0.2000,-1.3022,0.9276,-1.2342,-0.4702,0.2000,1.5467,-1.0200,1.3813,126.1309,-5.6039,5.0374,-6.0573,6.4446,-0.7019,6.5528,-2.5851,14.5885,6.7498,0.1667,0.15
3.7307,0.1000,0.0000,0.0000,0.0000,0.0000,0.0000,-0.0266,0.6003,-1.5542,0.2499,0.0149,-0.9682,0.5115,-0.2280,-1.2473,0.9000,-1.2145,-0.4563,0.1795,1.5634,-0.8538,1.3889,0.0620,0.2559,0.4808,-0.0659,0.1280,-0.1086,-0.0116,1.0081,-0.0969,0.0892,0.5000,-0.2000,-1.3226,0.9306,-1.2271,-0.4794,0.2000,1.5161,-1.0621,1.3931,126.9177,-5.9240,5.1853,-6.2111,6.6831,-0.7945,6.4195,-2.5096,14.7227,6.8941,0.1944,0.19
3.7507,0.1000,0.0000,0.0000,0.0000,0.0000,0.0000,-0.1286,0.3659,-1.0606,0.2538,0.0256,-0.9669,0.5124,-0.2242,-1.2410,0.9006,-1.2118,-0.4590,0.1799,1.5774,-0.8631,1.3930,0.0659,0.2326,0.3839,0.0310,0.1202,-0.1396,0.0310,0.6940,-0.4575,0.1473,0.5000,-0.2000,-1.3430,0.9331,-1.2200,-0.4901,0.2000,1.4856,-1.0966,1.4039,127.5481,-6.2365,5.3441,-6.3836,6.9256,-0.9007,6.2663,-2.4205,14.8465,7.0408,0.2222,0.19
3.7707,0.1000,0.0000,0.0000,0.0000,0.0000,0.0000,-0.1713,0.2008,-0.4324,0.2543,0.0339,-0.9665,0.5140,-0.2203,-1.2344,0.9041,-1.2094,-0.4633,0.1807,1.5847,-0.8783,1.3997,0.1512,0.2249,0.3490,0.2482,0.1590,-0.1939,-0.0271,0.2171,-0.6863,0.3063,0.5000,-0.2000,-1.3633,0.9348,-1.2128,-0.5000,0.2000,1.4550,-1.1217,1.4136,128.0252,-6.5510,5.5177,-6.5772,7.1612,-1.0174,6.1048,-2.3199,14.9392,7.1926,0.2500,0.18
3.7907,0.1000,0.0000,0.0000,0.0000,0.0000,0.0000,-0.2565,0.1014,0.1779,0.2524,0.0401,-0.9668,0.5154,-0.2166,-1.2291,0.9100,-1.2068,-0.4687,0.1816,1.5854,-0.8974,1.4094,0.0698,0.2094,0.2986,0.3722,0.0155,-0.2482,0.0078,-0.0233,-0.8104,0.5002,0.5000,-0.2000,-1.3837,0.9358,-1.2057,-0.5000,0.2000,1.4244,-1.1364,1.4221,128.3347,-6.8415,5.6779,-6.7540,7.3601,-1.1234,5.9576,-2.2237,14.9960,7.3252,0.2778,0.15
3.8107,0.1000,0.0000,0.0000,0.0000,0.0000,0.0000,-0.3764,0.2642,0.6400,0.2562,0.0446,-0.9656,0.5169,-0.2144,-1.2269,0.9170,-1.2048,-0.4774,0.1825,1.5819,-0.9176,1.4209,0.0737,0.1202,0.1047,0.3994,0.0659,-0.3839,-0.0155,-0.2326,-0.8879,0.4847,0.5000,-0.2000,-1.4041,0.9360,-1.1986,-0.5000,0.2000,1.3939,-1.1398,1.4293,128.5958,-7.1629,5.8328,-6.9030,7.5648,-1.2051,5.8224,-2.1313,15.0293,7.4380,0.3056,0.15
3.8307,0.1000,0.0000,0.0000,0.0000,0.0000,0.0000,-0.4350,0.0856,1.1197,0.2617,0.0484,-0.9639,0.5184,-0.2131,-1.2276,0.9248,-1.2022,-0.4847,0.1828,1.5721,-0.9363,1.4328,0.1628,0.0155,-0.0775,0.3761,0.2016,-0.3335,-0.0271,-0.5816,-0.8414,0.4885,0.5000,-0.2000,-1.4244,0.9355,-1.1914,-0.5000,0.2000,1.3633,-1.1318,1.4352,128.7907,-7.3834,5.9586,-7.0474,7.6954,-1.2956,5.7191,-2.0549,15.0564,7.5472,0.3333,0.15
3.8506,0.1000,0.0000,0.0000,0.0000,0.0000,0.0000,-0.4025,-0.0512,1.5277,0.2661,0.0486,-0.9627,0.5187,-0.2133,-1.2305,0.9324,-1.1990,-0.4918,0.1828,1.5556,-0.9526,1.4441,0.0814,-0.0465,-0.2249,0.4110,0.1435,-0.3296,-0.0310,-0.8685,-0.8569,0.5390,0.5000,-0.2000,-1.4448,0.9342,-1.1842,-0.5000,0.2000,1.3328,-1.1129,1.4398,128.8829,-7.5310,6.0630,-7.1795,7.7809,-1.3720,5.6371,-1.9849,15.0622,7.6350,0.3611,0.15
3.8707,0.1000,0.0000,0.0000,0.0000,0.0000,0.0000,-0.4243,-0.0758,1.8481,0.2694,0.0453,-0.9620,0.5190,-0.2141,-1.2360,0.9397,-1.1964,-0.4983,0.1821,1.5336,-0.9669,1.4537,0.0737,-0.0427,-0.3335,0.3955,0.1280,-0.3606,-0.0775,-1.1477,-0.6708,0.4381,0.5000,-0.2000,-1.4652,0.9322,-1.1742,-0.5000,0.2000,1.3022,-1.0839,1.4432,128.8984,-7.6402,6.1451,-7.2848,7.8363,-1.4311,5.5741,-1.9279,15.0496,7.7019,0.3889,0.15
3.8917,0.1000,0.0000,0.0000,0.0000,0.0000,0.0000,-0.4210,0.0791,2.2061,0.2775,0.0410,-0.9599,0.5195,-0.2159,-1.2453,0.9461,-1.1935,-0.5034,0.1806,1.5063,-0.9780,1.4607,0.0116,-0.1280,-0.5002,0.3179,0.2171,-0.1861,-0.1667,-1.2834,-0.5739,0.2792,0.5000,-0.2000,-1.4856,0.9295,-1.1641,-0.5000,0.2000,1.2717,-1.0461,1.4456,128.8242,-7.7402,6.2215,-7.3812,7.8999,-1.5029,5.5271,-1.8725,15.0150,7.7485,0.4167,0.16
3.9117,0.1000,0.0000,0.0000,0.0000,0.0000,0.0000,-0.3200,0.0921,2.5646,0.2872,0.0328,-0.9573,0.5201,-0.2181,-1.2602,0.9506,-1.1882,-0.5068,0.1780,1.4742,-0.9857,1.4659,0.0388,-0.1124,-0.7561,0.2055,0.2559,-0.1241,-0.2094,-1.4152,-0.3684,0.2055,0.5000,-0.2000,-1.5059,0.9262,-1.1541,-0.5000,0.2000,1.2411,-1.0014,1.4472,128.6095,-7.7160,6.2638,-7.4632,7.8884,-1.5845,5.5130,-1.8356,14.9690,7.7757,0.4444,0.16
3.9316,0.1000,0.0000,0.0000,0.0000,0.0000,0.0000,-0.2903,0.0378,2.8192,0.2962,0.0219,-0.9549,0.5201,-0.2208,-1.2789,0.9520,-1.1822,-0.5092,0.1740,1.4428,-0.9870,1.4684,0.0504,-0.1047,-1.0314,0.0271,0.3373,-0.0931,-0.2482,-1.5199,-0.0698,0.1163,0.5000,-0.2000,-1.5263,0.9223,-1.1440,-0.5000,0.2000,1.2106,-0.9519,1.4483,128.2627,-7.6312,6.2704,-7.5086,7.8213,-1.6532,5.5074,-1.8113,14.9010,7.7827,0.4722,0.16
3.9516,0.1000,0.0000,0.0000,0.0000,0.0000,0.0000,-0.2629,0.0427,2.9866,0.3040,0.0104,-0.9526,0.5201,-0.2229,-1.3016,0.9512,-1.1746,-0.5112,0.1695,1.4086,-0.9833,1.4694,0.0271,-0.0427,-1.1167,0.0078,0.3955,0.0388,-0.2288,-1.7758,0.1551,0.0892,0.5000,-0.2000,-1.5467,0.9180,-1.1340,-0.5000,0.2000,1.1800,-0.9000,1.4770,127.8143,-7.4939,6.2444,-7.5151,7.7329,-1.7138,5.5225,-1.8029,14.8164,7.7550,0.5000,0.16
3.9716,0.1000,0.0000,0.0000,0.0000,0.0000,0.0000,-0.2137,0.0965,3.1011,0.3128,-0.0047,-0.9498,0.5203,-0.2248,-1.3258,0.9472,-1.1652,-0.5117,0.1662,1.3720,-0.9729,1.4695,0.0582,-0.0465,-1.2524,-0.2637,0.4653,0.0427,-0.1086,-1.8030,0.5002,-0.0388,0.5000,-0.2000,-1.5670,0.9133,-1.1239,-0.5000,0.2000,1.2004,-0.9052,1.4699,127.2720,-7.3008,6.1967,-7.5032,7.6084,-1.7720,5.5603,-1.8073,14.7281,7.7085,0.5278,0.16
3.9916,0.1000,0.0000,0.0000,0.0000,0.0000,0.0000,-0.2831,0.0711,3.1544,0.3209,-0.0200,-0.9469,0.5205,-0.2253,-1.3525,0.9409,-1.1553,-0.5113,0.1651,1.3339,-0.9564,1.4730,0.0543,0.0388,-1.2563,-0.3528,0.4381,0.0388,0.0039,-1.8534,0.6669,0.1667,0.5000,-0.2000,-1.5874,0.9083,-1.1139,-0.5000,0.2000,1.2207,-0.9103,1.4627,126.6377,-7.0545,6.1064,-7.4382,7.4575,-1.8268,5.6105,-1.8275,14.6172,7.6249,0.5556,0.15
4.0116,0.1000,0.0000,0.0000,0.0000,0.0000,0.0000,-0.4158,-0.0827,3.0856,0.3240,-0.0356,-0.9454,0.5204,-0.2249,-1.3798,0.9330,-1.1444,-0.5103,0.1660,1.3067,-0.9455,1.4749,0.0155,0.1318,-1.5083,-0.4808,0.5583,-0.0271,0.0310,-1.4152,0.6010,0.0814,0.5000,-0.2000,-1.6078,0.9031,-1.1038,-0.5000,0.2000,1.2411,-0.9152,1.4556,125.9164,-6.7050,5.9586,-7.3138,7.2331,-1.8528,5.6960,-1.8863,14.5263,7.4970,0.5833,0.15
4.0316,0.1000,0.0000,0.0000,0.0000,0.0000,0.0000,-0.6602,-0.0502,2.8973,0.3256,-0.0434,-0.9445,0.5206,-0.2242,-1.4097,0.9228,-1.1322,-0.5104,0.1670,1.2845,-0.9395,1.4747,0.0737,0.0620,-1.5199,-0.5041,0.6281,0.0271,0.0388,-1.0973,0.1706,-0.0271,0.5000,-0.2000,-1.6078,0.9209,-1.1562,-0.5000,0.2000,1.2615,-0.9198,1.4485,125.1688,-6.3914,5.7973,-7.1455,7.0345,-1.8300,5.7609,-1.9412,14.4187,7.3506,0.6111,0.15
4.0516,0.1000,0.0000,0.0000,0.0000,0.0000,0.0000,-0.6839,-0.0177,2.7567,0.3286,-0.0479,-0.9433,0.5206,-0.2233,-1.4417,0.9094,-1.1192,-0.5090,0.1687,1.2683,-0.9371,1.4736,0.0465,0.1086,-1.5083,-0.6630,0.6126,0.0620,0.1667,-0.7716,0.1357,-0.0155,0.5000,-0.2000,-1.5772,0.9722,-1.1689,-0.5000,0.2000,1.2819,-0.9239,1.4414,124.3370,-5.9743,5.6221,-6.9958,6.7537,-1.7912,5.8640,-2.0035,14.3161,7.2028,0.6389,0.15
4.0716,0.1000,0.0000,0.0000,0.0000,0.0000,0.0000,-0.5818,-0.2768,2.6105,0.3259,-0.0544,-0.9438,0.5206,-0.2218,-1.4694,0.8989,-1.1169,-0.5066,0.1717,1.2589,-0.9365,1.4718,-0.0000,0.0814,-1.5316,-0.4614,0.1512,0.1318,0.1163,-0.4653,0.0504,-0.0543,0.5000,-0.2000,-1.5467,1.0200,-1.1813,-0.5000,0.2000,1.3022,-0.9276,1.4342,123.3916,-5.4592,5.4198,-6.8499,6.3953,-1.7338,5.9781,-2.0695,14.2048,7.0449,0.6667,0.19
4.0917,0.1000,0.0000,0.0000,0.0000,0.0000,0.0000,-0.6081,-0.6893,2.2859,0.3161,-0.0552,-0.9471,0.5201,-0.2190,-1.4932,0.8950,-1.1168,-0.5044,0.1748,1.2530,-0.9368,1.4695,-0.0814,0.2288,-1.1981,-0.2637,0.0931,0.1318,0.1280,-0.3800,-0.0310,-0.1667,0.5000,-0.2000,-1.5161,1.0621,-1.1931,-0.5000,0.2000,1.3226,-0.9306,1.4271,122.4201,-4.9625,5.1804,-6.6507,6.0208,-1.6349,6.0822,-2.1534,14.0946,6.8829,0.6944,0.17
4.1117,0.1000,0.0000,0.0000,0.0000,0.0000,0.0000,-0.5205,-1.1544,1.6666,0.2955,-0.0524,-0.9539,0.5179,-0.2157,-1.5134,0.8951,-1.1176,-0.5031,0.1783,1.2485,-0.9396,1.4655,-0.1861,0.1473,-1.0314,-0.0271,-0.0310,0.0814,0.1318,-0.3412,-0.1939,-0.1706,0.5000,-0.2000,-1.4856,1.0966,-1.2039,-0.5000,0.2000,1.3430,-0.9331,1.4200,121.5380,-4.4134,4.9178,-6.4104,5.6095,-1.4699,6.2174,-2.2630,14.0212,6.6903,0.7222,0.17
4.1316,0.1000,0.0000,0.0000,0.0000,0.0000,0.0000,-0.2567,-1.4667,0.8112,0.2679,-0.0496,-0.9622,0.5138,-0.2130,-1.5285,0.8999,-1.1233,-0.5025,0.1813,1.2441,-0.9451,1.4596,-0.2133,0.0969,-0.6747,0.2326,-0.4110,0.0582,0.1706,-0.2559,-0.3257,-0.3645,0.5000,-0.2000,-1.4550,1.1217,-1.2136,-0.5000,0.2000,1.3633,-0.9348,1.4128,120.8156,-3.8212,4.6503,-6.1675,5.1700,-1.2428,6.4017,-2.3870,13.9609,6.4898,0.7500,0.16
4.1527,0.1000,0.0000,0.0000,0.0000,0.0000,0.0000,-0.2029,-1.6796,-0.1482,0.2359,-0.0448,-0.9707,0.5086,-0.2114,-1.5352,0.9117,-1.1352,-0.5014,0.1835,1.2422,-0.9527,1.4520,-0.2443,0.0737,-0.2792,0.7638,-0.5739,0.1241,0.0388,-0.0465,-0.2869,-0.3877,0.5000,-0.2000,-1.4244,1.1364,-1.2221,-0.4981,0.2000,1.3837,-0.9358,1.4057,120.3264,-3.3074,4.3887,-5.9017,4.7657,-0.9808,6.5952,-2.5162,13.8839,6.2848,0.7778,0.19
4.1726,0.1000,0.0000,0.0000,0.0000,0.0000,0.0000,-0.2024,-1.8167,-1.0738,0.2005,-0.0342,-0.9791,0.5037,-0.2102,-1.5350,0.9307,-1.1478,-0.4997,0.1850,1.2440,-0.9612,1.4426,-0.1822,0.0775,0.0427,0.9383,-0.5467,0.1008,0.0194,0.1590,-0.3490,-0.5234,0.5000,-0.2000,-1.3939,1.1398,-1.2293,-0.4700,0.2000,1.4041,-0.9360,1.3986,120.0666,-2.8485,4.1424,-5.6441,4.3852,-0.6996,6.8040,-2.6519,13.8170,6.1164,0.8056,0.18
4.1926,0.1000,0.0000,0.0000,0.0000,0.0000,0.0000,-0.1187,-1.7880,-1.7928,0.1651,-0.0234,-0.9860,0.5014,-0.2099,-1.5290,0.9509,-1.1603,-0.4989,0.1858,1.2502,-0.9668,1.4344,-0.0582,0.0271,0.3412,0.9887,-0.5739,0.0155,0.0116,0.3218,-0.1241,-0.3606,0.5000,-0.2000,-1.3633,1.1318,-1.2352,-0.4424,0.2000,1.4244,-0.9355,1.3914,119.9558,-2.4685,3.9497,-5.4507,4.0472,-0.4244,6.9916,-2.7607,13.7530,6.0028,0.8333,0.17
4.2126,0.1000,0.0000,0.0000,0.0000,0.0000,0.0000,-0.0358,-1.5572,-2.3108,0.1327,-0.0149,-0.9911,0.5020,-0.2100,-1.5174,0.9691,-1.1709,-0.4945,0.1859,1.2595,-0.9688,1.4282,0.0737,-0.0116,0.6475,0.9151,-0.4032,0.1977,0.0000,0.5041,0.0194,-0.2559,0.5000,-0.2000,-1.3328,1.1129,-1.2398,-0.4205,0.2000,1.4448,-0.9342,1.3842,119.9798,-2.2303,3.8143,-5.3042,3.8322,-0.2053,7.1454,-2.8541,13.7085,5.9258,0.8611,0.17
4.2326,0.1000,0.0000,0.0000,0.0000,0.0000,0.0000,0.0770,-1.2630,-2.7023,0.1053,-0.0084,-0.9944,0.5032,-0.2110,-1.4996,0.9845,-1.1787,-0.4876,0.1860,1.2724,-0.9672,1.4232,0.1008,-0.0233,0.8220,0.7212,-0.3024,0.3528,-0.0039,0.7057,0.1745,-0.1435,0.5000,-0.2000,-1.3022,1.0839,-1.2432,-0.4036,0.2000,1.4652,-0.9322,1.3742,120.1043,-2.1005,3.7310,-5.2042,3.7142,-0.0360,7.2708,-2.9290,13.6859,5.8815,0.8889,0.16
4.2526,0.1000,0.0000,0.0000,0.0000,0.0000,0.0000,0.1776,-1.0257,-2.9198,0.0827,-0.0069,-0.9965,0.5031,-0.2135,-1.4785,0.9943,-1.1847,-0.4757,0.1857,1.2890,-0.9618,1.4201,0.0116,-0.1745,1.0197,0.4575,-0.2133,0.5894,-0.0698,0.8104,0.3877,-0.1435,0.5000,-0.2000,-1.2717,1.0461,-1.2456,-0.3925,0.2000,1.4856,-0.9295,1.3641,120.2949,-2.0872,3.7012,-5.1606,3.6953,0.0753,7.3484,-2.9779,13.6917,5.8787,0.9167,0.17
4.2726,0.1000,0.0000,0.0000,0.0000,0.0000,0.0000,0.2401,-0.8941,-3.1037,0.0634,-0.0094,-0.9979,0.5031,-0.2164,-1.4550,0.9975,-1.1902,-0.4628,0.1857,1.3100,-0.9533,1.4180,0.0116,-0.1551,1.1051,0.1900,-0.2714,0.6087,0.0155,1.0314,0.5118,-0.0853,0.5000,-0.2000,-1.2411,1.0014,-1.2472,-0.3843,0.2000,1.5059,-0.9262,1.3541,120.5558,-2.1238,3.6869,-5.1400,3.7112,0.1565,7.4089,-3.0208,13.7177,5.8979,0.9444,0.16
4.2927,0.1000,0.0000,0.0000,0.0000,0.0000,0.0000,0.2073,-0.8123,-3.2232,0.0467,-0.0124,-0.9988,0.5031,-0.2190,-1.4287,0.9954,-1.1952,-0.4502,0.1858,1.3346,-0.9411,1.4160,0.0388,-0.0931,1.2097,-0.0775,-0.2171,0.5622,0.0194,1.0702,0.7173,-0.0853,0.5000,-0.2000,-1.2106,0.9519,-1.2483,-0.3790,0.2000,1.5263,-0.9223,1.3440,120.9217,-2.2560,3.7069,-5.1492,3.7940,0.2097,7.4289,-3.0486,13.7643,5.9451,0.9722,0.16
4.3126,0.1000,0.0000,0.0000,0.0000,0.0000,0.0000,0.1017,-0.7642,-3.1982,0.0309,-0.0159,-0.9994,0.5030,-0.2216,-1.3993,0.9868,-1.2003,-0.4383,0.1859,1.3602,-0.9271,1.4119,0.0814,-0.1047,1.3299,-0.3490,-0.1939,0.6553,0.0000,1.1477,0.6940,-0.2482,0.5000,-0.2000,-1.1800,0.9000,-1.2770,-0.3795,0.2000,1.5467,-0.9180,1.3340,121.3734,-2.4830,3.7724,-5.1983,3.9706,0.2045,7.4081,-3.0592,13.8416,6.0148,0.0000,0.16
4.3326,0.1000,0.0000,0.0000,0.0000,0.0000,0.0000,-0.2220,-0.7238,-2.9932,0.0141,-0.0138,-0.9998,0.5027,-0.2247,-1.3664,0.9712,-1.2052,-0.4272,0.1861,1.3877,-0.9099,1.4012,-0.0078,-0.1473,1.5044,-0.6398,-0.2443,0.5196,-0.0310,1.2175,0.8957,-0.8142,0.5000,-0.2000,-1.2004,0.9052,-1.2699,-0.3849,0.2000,1.5670,-0.9133,1.3239,121.8475,-2.8477,3.8892,-5.2829,4.2468,0.1511,7.3181,-3.0432,13.9421,6.1084,0.0278,0.16
4.3526,0.1000,0.0000,0.0000,0.0000,0.0000,0.0000,-0.2040,-0.7500,-2.1476,-0.0062,-0.0103,-0.9999,0.5023,-0.2285,-1.3352,0.9505,-1.2156,-0.4123,0.1866,1.4126,-0.8976,1.3799,-0.0000,-0.2094,1.5897,-0.9616,-0.4071,0.8608,0.0271,1.2175,0.5041,-1.2291,0.5000,-0.2000,-1.2207,0.9103,-1.2627,-0.4024,0.2000,1.5874,-0.9083,1.3139,122.0982,-3.2012,4.0766,-5.4905,4.5466,-0.0239,7.1808,-2.9664,14.0450,6.2678,0.0556,0.15
4.3727,0.1000,0.0000,0.0000,0.0000,0.0000,0.0000,-0.0919,-0.6890,-1.5561,-0.0252,-0.0127,-0.9996,0.5009,-0.2319,-1.3116,0.9350,-1.2237,-0.4007,0.1869,1.4392,-0.8903,1.3554,-0.0737,-0.1396,1.0702,-0.7057,-0.3063,0.3024,0.1047,1.2175,0.3528,-1.2601,0.5000,-0.2000,-1.2411,0.9152,-1.2556,-0.4160,0.2000,1.6078,-0.9031,1.3038,122.2910,-3.5470,4.2406,-5.6505,4.8191,-0.1595,7.0374,-2.8945,14.1361,6.3852,0.0833,0.15
4.3926,0.1000,0.0000,0.0000,0.0000,0.0000,0.0000,-0.1956,-0.5301,-0.9676,-0.0419,-0.0117,-0.9991,0.5009,-0.2335,-1.2972,0.9240,-1.2279,-0.3985,0.1867,1.4648,-0.8859,1.3306,-0.0155,-0.0000,0.6010,-0.5390,-0.2016,0.1357,0.0078,1.2834,0.1784,-1.1710,0.5000,-0.2000,-1.2615,0.9198,-1.2485,-0.4281,0.2000,1.6078,-0.9209,1.3562,122.4374,-3.8921,4.3946,-5.7704,5.0888,-0.2809,6.8979,-2.8252,14.1851,6.4740,0.1111,0.15
4.4126,0.1000,0.0000,0.0000,0.0000,0.0000,0.0000,-0.1455,-0.3538,-0.5202,-0.0536,-0.0102,-0.9985,0.5008,-0.2342,-1.2892,0.9153,-1.2291,-0.4001,0.1865,1.4890,-0.8841,1.3087,0.0271,-0.0039,0.3024,-0.4420,0.0349,-0.0543,-0.0155,1.0895,0.0543,-1.0624,0.5000,-0.2000,-1.2819,0.9239,-1.2414,-0.4374,0.2000,1.5772,-0.9722,1.3689,122.6204,-4.2071,4.5518,-5.8966,5.3358,-0.3742,6.7691,-2.7541,14.2367,6.5662,0.1389,0.19
4.4336,0.1000,0.0000,0.0000,0.0000,0.0000,0.0000,-0.1793,-0.2868,-0.0531,-0.0624,-0.0071,-0.9980,0.5008,-0.2354,-1.2876,0.9073,-1.2287,-0.4039,0.1864,1.5086,-0.8843,1.2981,-0.0116,-0.0465,-0.0504,-0.3335,0.0853,-0.1241,-0.0194,0.7561,0.1396,-0.4226,0.5000,-0.2000,-1.3022,0.9276,-1.2342,-0.4449,0.2000,1.5467,-1.0200,1.3813,122.7983,-4.4985,4.7043,-6.0245,5.5405,-0.4485,6.6343,-2.6624,14.2538,6.6673,0.1667,0.18
4.4526,0.1000,0.0000,0.0000,0.0000,0.0000,0.0000,-0.1632,-0.3978,0.3996,-0.0723,-0.0043,-0.9974,0.5008,-0.2362,-1.2908,0.9001,-1.2268,-0.4088,0.1864,1.5206,-0.8917,1.2933,-0.0194,-0.0349,-0.2133,-0.3490,0.0892,-0.2133,-0.0698,0.5079,-0.3916,-0.2482,0.5000,-0.2000,-1.3226,0.9306,-1.2271,-0.4521,0.2000,1.5161,-1.0621,1.3931,122.9658,-4.7258,4.8267,-6.1450,5.7179,-0.5212,6.5143,-2.5921,14.2985,6.7620,0.1944,0.17
4.4726,0.1000,0.0000,0.0000,0.0000,0.0000,0.0000,-0.1090,-0.6167,0.7970,-0.0870,0.0003,-0.9962,0.5008,-0.2363,-1.2972,0.8949,-1.2253,-0.4144,0.1864,1.5255,-0.9062,1.2938,-0.0388,0.0388,-0.2947,-0.1745,0.0078,-0.2598,0.0000,0.2171,-0.8491,0.0465,0.5000,-0.2000,-1.3430,0.9331,-1.2200,-0.4565,0.2000,1.4856,-1.0966,1.4039,123.0877,-4.8852,4.9279,-6.2561,5.8336,-0.5645,6.4072,-2.5238,14.3274,6.8488,0.2222,0.15
4.4926,0.1000,0.0000,0.0000,0.0000,0.0000,0.0000,-0.0615,-0.7963,1.0832,-0.1060,0.0050,-0.9944,0.5003,-0.2361,-1.3048,0.8931,-1.2250,-0.4210,0.1861,1.5259,-0.9274,1.2981,-0.0039,0.0620,-0.3567,-0.0349,0.0194,-0.1939,-0.0310,0.0000,-1.0120,0.2171,0.5000,-0.2000,-1.3633,0.9348,-1.2128,-0.4574,0.2000,1.4550,-1.1217,1.4136,123.2059,-5.0079,5.0174,-6.3587,5.9007,-0.5741,6.3205,-2.4680,14.3534,6.9296,0.2500,0.15
4.5126,0.1000,0.0000,0.0000,0.0000,0.0000,0.0000,-0.0332,-0.8875,1.1882,-0.1277,0.0104,-0.9918,0.4981,-0.2358,-1.3127,0.8928,-1.2255,-0.4266,0.1857,1.5217,-0.9521,1.3052,-0.1318,0.0931,-0.2714,0.0233,-0.1590,-0.2404,-0.0039,-0.1435,-1.1787,0.3257,0.5000,-0.2000,-1.3837,0.9358,-1.2057,-0.4533,0.2000,1.4244,-1.1364,1.4221,123.3186,-5.0793,5.0839,-6.4333,5.9277,-0.5334,6.2534,-2.4255,14.3790,6.9873,0.2778,0.15
4.5336,0.1000,0.0000,0.0000,0.0000,0.0000,0.0000,0.0245,-0.8562,1.2249,-0.1492,0.0160,-0.9887,0.4944,-0.2352,-1.3207,0.8940,-1.2263,-0.4305,0.1852,1.5128,-0.9782,1.3144,-0.1396,0.0155,-0.3218,0.0969,-0.0271,-0.1357,-0.0194,-0.4498,-1.1826,0.5002,0.5000,-0.2000,-1.4041,0.9360,-1.1986,-0.4470,0.2000,1.3939,-1.1398,1.4293,123.4878,-5.1414,5.1526,-6.5019,5.9382,-0.4703,6.2018,-2.3833,14.3954,7.0400,0.3056,0.15
4.5536,0.1000,0.0000,0.0000,0.0000,0.0000,0.0000,0.1105,-0.6784,1.2916,-0.1668,0.0196,-0.9858,0.4914,-0.2345,-1.3276,0.8970,-1.2282,-0.4317,0.1842,1.5001,-1.0041,1.3263,-0.1047,0.1124,-0.3335,0.2288,-0.0659,-0.1086,-0.0659,-0.7057,-1.1671,0.5428,0.5000,-0.2000,-1.4244,0.9355,-1.1914,-0.4402,0.2000,1.3633,-1.1318,1.4352,123.6677,-5.1703,5.2136,-6.5713,5.9297,-0.4016,6.1715,-2.3442,14.4025,7.0835,0.3333,0.14
4.5746,0.1000,0.0000,0.0000,0.0000,0.0000,0.0000,0.1607,-0.4841,1.3584,-0.1797,0.0226,-0.9835,0.4888,-0.2334,-1.3345,0.9016,-1.2315,-0.4310,0.1825,1.4840,-1.0244,1.3384,-0.1706,0.0698,-0.3257,0.2637,-0.1822,0.1086,-0.1512,-0.7832,-0.8298,0.5583,0.5000,-0.2000,-1.4448,0.9342,-1.1842,-0.4348,0.2000,1.3328,-1.1129,1.4398,123.8159,-5.1886,5.2750,-6.6434,5.9027,-0.3482,6.1496,-2.3049,14.3950,7.1246,0.3611,0.14
4.5946,0.1000,0.0000,0.0000,0.0000,0.0000,0.0000,0.2017,-0.3233,1.4160,-0.1892,0.0261,-0.9816,0.4867,-0.2322,-1.3430,0.9067,-1.2347,-0.4286,0.1811,1.4642,-1.0397,1.3515,-0.1008,0.1241,-0.3761,0.2133,-0.1435,0.1900,-0.0465,-0.9422,-0.5894,0.5351,0.5000,-0.2000,-1.4652,0.9322,-1.1742,-0.4302,0.2000,1.3022,-1.0839,1.4432,123.9251,-5.1675,5.3124,-6.6941,5.8477,-0.3020,6.1364,-2.2762,14.3840,7.1577,0.3889,0.14
4.6136,0.1000,0.0000,0.0000,0.0000,0.0000,0.0000,0.2731,-0.1342,1.4318,-0.1951,0.0276,-0.9804,0.4854,-0.2315,-1.3527,0.9108,-1.2370,-0.4262,0.1801,1.4429,-1.0479,1.3636,-0.1086,0.0427,-0.4730,0.2210,-0.1628,0.0465,-0.0504,-1.0430,-0.2753,0.5661,0.5000,-0.2000,-1.4856,0.9295,-1.1641,-0.4256,0.2000,1.2717,-1.0461,1.4456,123.9885,-5.1162,5.3389,-6.7355,5.7740,-0.2556,6.1294,-2.2508,14.3697,7.1745,0.4167,0.14
4.6336,0.1000,0.0000,0.0000,0.0000,0.0000,0.0000,0.3068,0.1034,1.3671,-0.1959,0.0270,-0.9803,0.4848,-0.2309,-1.3651,0.9140,-1.2384,-0.4242,0.1789,1.4183,-1.0483,1.3755,0.0931,0.0543,-0.5351,0.1977,0.0039,0.0504,-0.0775,-1.1322,0.0155,0.6281,0.5000,-0.2000,-1.5059,0.9262,-1.1541,-0.4228,0.2000,1.2411,-1.0014,1.4472,124.0486,-5.0357,5.3455,-6.7497,5.6984,-0.2284,6.1409,-2.2426,14.3554,7.1722,0.4444,0.14
4.6536,0.1000,0.0000,0.0000,0.0000,0.0000,0.0000,0.3250,0.3462,1.2424,-0.1914,0.0258,-0.9812,0.4848,-0.2306,-1.3779,0.9161,-1.2384,-0.4230,0.1776,1.3935,-1.0411,1.3881,0.0155,0.0931,-0.6785,0.0775,0.0349,0.0582,-0.0582,-1.1206,0.3994,0.6359,0.5000,-0.2000,-1.5263,0.9223,-1.1440,-0.4213,0.2000,1.2106,-0.9519,1.4483,124.0628,-4.9197,5.3344,-6.7466,5.6057,-0.2130,6.1713,-2.2416,14.3370,7.1503,0.4722,0.14
4.6736,0.1000,0.0000,0.0000,0.0000,0.0000,0.0000,0.3736,0.5558,1.1264,-0.1824,0.0232,-0.9830,0.4850,-0.2302,-1.3932,0.9171,-1.2377,-0.4217,0.1768,1.3675,-1.0256,1.3987,0.0349,-0.0039,-0.7212,0.0892,0.0388,0.0892,0.0271,-1.1283,0.8298,0.5390,0.5000,-0.2000,-1.5467,0.9180,-1.1340,-0.4219,0.2000,1.1800,-0.9000,1.4770,124.0206,-4.7805,5.3117,-6.7350,5.5103,-0.2190,6.2076,-2.2444,14.3130,7.1164,0.5000,0.15
4.6936,0.1000,0.0000,0.0000,0.0000,0.0000,0.0000,0.4150,0.7090,1.0307,-0.1703,0.0192,-0.9852,0.4851,-0.2296,-1.4086,0.9172,-1.2356,-0.4201,0.1759,1.3405,-1.0026,1.4089,0.0194,0.0349,-0.7251,0.0582,0.1861,0.0969,-0.0504,-1.2601,1.1128,0.5079,0.5000,-0.2000,-1.5670,0.9133,-1.1239,-0.4255,0.2000,1.2004,-0.9052,1.4699,123.9229,-4.6211,5.2697,-6.7108,5.4160,-0.2550,6.2577,-2.2573,14.2865,7.0714,0.5278,0.14
4.7136,0.1000,0.0000,0.0000,0.0000,0.0000,0.0000,0.4026,0.8788,0.9453,-0.1548,0.0157,-0.9878,0.4854,-0.2288,-1.4253,0.9168,-1.2326,-0.4192,0.1748,1.3123,-0.9735,1.4229,0.0233,0.0155,-0.7251,-0.0155,0.2210,0.0233,0.0000,-1.3338,1.4230,0.7057,0.5000,-0.2000,-1.5874,0.9083,-1.1139,-0.4305,0.2000,1.2207,-0.9103,1.4627,123.7413,-4.4525,5.2156,-6.6722,5.3133,-0.3048,6.3060,-2.2706,14.2404,7.0194,0.5556,0.15
4.7336,0.1000,0.0000,0.0000,0.0000,0.0000,0.0000,0.3230,1.0413,0.8557,-0.1355,0.0128,-0.9907,0.4859,-0.2281,-1.4427,0.9158,-1.2287,-0.4197,0.1740,1.2923,-0.9496,1.4334,-0.0194,0.0814,-0.9267,-0.0039,0.2249,-0.0310,-0.0155,-0.9228,1.0818,0.4730,0.5000,-0.2000,-1.6078,0.9031,-1.1038,-0.4364,0.2000,1.2411,-0.9152,1.4556,123.4535,-4.2589,5.1222,-6.5866,5.2203,-0.3638,6.3646,-2.3039,14.2055,6.9267,0.5833,0.15
4.7536,0.1000,0.0000,0.0000,0.0000,0.0000,0.0000,0.2897,1.1799,0.7627,-0.1135,0.0098,-0.9935,0.4864,-0.2279,-1.4604,0.9144,-1.2231,-0.4212,0.1738,1.2800,-0.9301,1.4413,0.0349,0.0775,-0.8957,-0.0465,0.3024,-0.0853,-0.0504,-0.5506,0.8220,0.3335,0.5000,-0.2000,-1.6078,0.9209,-1.1562,-0.4410,0.2000,1.2615,-0.9198,1.4485,123.0599,-4.0451,5.0221,-6.5027,5.1014,-0.4101,6.4195,-2.3329,14.1617,6.8376,0.6111,0.19
4.7736,0.1000,0.0000,0.0000,0.0000,0.0000,0.0000,0.2679,1.3073,0.6306,-0.0870,0.0046,-0.9962,0.4869,-0.2280,-1.4798,0.9129,-1.2155,-0.4248,0.1744,1.2750,-0.9146,1.4471,0.0465,0.0194,-0.8530,-0.0271,0.4110,-0.2133,-0.0078,-0.2171,0.7638,0.2133,0.5000,-0.2000,-1.5772,0.9722,-1.1689,-0.4435,0.2000,1.2819,-0.9239,1.4414,122.5906,-3.8286,4.9081,-6.4062,4.9612,-0.4351,6.4709,-2.3621,14.1120,6.7403,0.6389,0.18
4.7946,0.1000,0.0000,0.0000,0.0000,0.0000,0.0000,0.1342,1.1982,0.5207,-0.0598,0.0015,-0.9982,0.4876,-0.2282,-1.4978,0.9133,-1.2151,-0.4297,0.1755,1.2751,-0.9020,1.4515,0.0271,-0.0194,-1.0004,-0.0039,0.0853,-0.1977,0.0853,0.0039,0.6553,0.2714,0.5000,-0.2000,-1.5467,1.0200,-1.1813,-0.4441,0.2000,1.3022,-0.9276,1.4342,122.0187,-3.5720,4.7691,-6.2790,4.7659,-0.4410,6.5161,-2.3867,14.0314,6.6350,0.6667,0.16
4.8136,0.1000,0.0000,0.0000,0.0000,0.0000,0.0000,0.1584,0.8522,0.3186,-0.0397,-0.0046,-0.9992,0.4884,-0.2287,-1.5108,0.9203,-1.2149,-0.4347,0.1781,1.2773,-0.8909,1.4555,0.0969,-0.0543,-0.8065,0.3451,-0.0194,-0.2520,0.1628,0.0349,0.5545,0.1473,0.5000,-0.2000,-1.5161,1.0621,-1.1931,-0.4428,0.2000,1.3226,-0.9306,1.4271,121.4448,-3.2624,4.6032,-6.1469,4.5337,-0.4283,6.5902,-2.4367,13.9761,6.5193,0.6944,0.15
4.8336,0.1000,0.0000,0.0000,0.0000,0.0000,0.0000,0.1302,0.4893,-0.0412,-0.0273,-0.0108,-0.9996,0.4885,-0.2296,-1.5190,0.9348,-1.2156,-0.4391,0.1800,1.2801,-0.8832,1.4586,-0.0155,-0.1047,-0.5312,0.6863,0.0388,-0.2443,0.0427,-0.0233,0.3296,0.2249,0.5000,-0.2000,-1.4856,1.0966,-1.2039,-0.4380,0.2000,1.3430,-0.9331,1.4200,120.9311,-2.9671,4.4246,-5.9859,4.3044,-0.3801,6.6806,-2.5015,13.9150,6.3909,0.7222,0.15
4.8536,0.1000,0.0000,0.0000,0.0000,0.0000,0.0000,0.0915,0.3046,-0.4463,-0.0201,-0.0168,-0.9997,0.4881,-0.2312,-1.5239,0.9535,-1.2156,-0.4422,0.1820,1.2821,-0.8784,1.4603,0.0388,-0.0814,-0.2598,0.8336,0.0233,-0.0853,0.0427,-0.0388,0.2365,0.1124,0.5000,-0.2000,-1.4550,1.1217,-1.2136,-0.4304,0.2000,1.3633,-0.9348,1.4128,120.5024,-2.6882,4.2514,-5.8211,4.0851,-0.3043,6.7963,-2.5774,13.8517,6.2674,0.7500,0.15
4.8736,0.1000,0.0000,0.0000,0.0000,0.0000,0.0000,0.1155,0.2953,-0.7877,-0.0130,-0.0220,-0.9997,0.4882,-0.2330,-1.5235,0.9738,-1.2154,-0.4435,0.1838,1.2828,-0.8774,1.4606,-0.0233,-0.0698,0.0039,0.8957,0.0349,0.0388,0.0620,-0.0349,0.0155,0.0543,0.5000,-0.2000,-1.4244,1.1364,-1.2221,-0.4223,0.2000,1.3837,-0.9358,1.4057,120.1349,-2.4629,4.1055,-5.6715,3.9178,-0.2229,6.9074,-2.6433,13.7798,6.1573,0.7778,0.14
4.8946,0.1000,0.0000,0.0000,0.0000,0.0000,0.0000,0.1864,0.2980,-0.9304,-0.0042,-0.0294,-0.9996,0.4891,-0.2343,-1.5181,0.9934,-1.2141,-0.4421,0.1854,1.2846,-0.8776,1.4603,0.1008,-0.0271,0.2792,0.6669,0.1318,0.1163,0.0116,0.0310,-0.0039,-0.0310,0.5000,-0.2000,-1.3939,1.1398,-1.2293,-0.4168,0.2000,1.4041,-0.9360,1.3986,119.7885,-2.2931,3.9961,-5.5726,3.7828,-0.1682,7.0034,-2.6964,13.7146,6.0941,0.8056,0.15
4.9146,0.1000,0.0000,0.0000,0.0000,0.0000,0.0000,0.1021,0.2253,-0.9411,0.0037,-0.0329,-0.9995,0.4917,-0.2352,-1.5085,1.0096,-1.2124,-0.4391,0.1859,1.2891,-0.8785,1.4584,0.1745,-0.1047,0.3800,0.7134,0.1086,0.1202,-0.0388,0.1008,-0.0737,-0.1435,0.5000,-0.2000,-1.3633,1.1318,-1.2352,-0.4136,0.2000,1.4244,-0.9355,1.3914,119.4511,-2.2394,3.9119,-5.4787,3.7337,-0.1362,7.0434,-2.7313,13.6482,6.0438,0.8333,0.15
4.9346,0.1000,0.0000,0.0000,0.0000,0.0000,0.0000,0.1049,0.1699,-1.0895,0.0104,-0.0361,-0.9993,0.4939,-0.2355,-1.4972,1.0211,-1.2107,-0.4363,0.1858,1.2961,-0.8809,1.4546,0.0698,0.0388,0.5079,0.5390,0.0620,0.0465,-0.1124,0.2520,-0.1590,-0.1628,0.5000,-0.2000,-1.3328,1.1129,-1.2398,-0.4101,0.2000,1.4448,-0.9342,1.3842,119.1816,-2.1803,3.8285,-5.3878,3.6929,-0.1005,7.1177,-2.7838,13.6027,5.9937,0.8611,0.16
4.9546,0.1000,0.0000,0.0000,0.0000,0.0000,0.0000,0.0632,0.1669,-1.2209,0.0171,-0.0373,-0.9992,0.4959,-0.2356,-1.4819,1.0268,-1.2095,-0.4346,0.1856,1.3052,-0.8841,1.4497,0.1551,0.0078,0.7910,0.2559,0.1124,0.0427,-0.0698,0.4537,-0.1822,-0.2133,0.5000,-0.2000,-1.3022,1.0839,-1.2432,-0.4073,0.2000,1.4652,-0.9322,1.3742,118.9945,-2.2075,3.7890,-5.3269,3.7177,-0.0727,7.1471,-2.8181,13.5659,5.9800,0.8889,0.18
4.9746,0.1000,0.0000,0.0000,0.0000,0.0000,0.0000,0.0279,0.1762,-1.3886,0.0239,-0.0372,-0.9990,0.4977,-0.2357,-1.4636,1.0278,-1.2091,-0.4326,0.1852,1.3162,-0.8874,1.4435,0.0969,0.0349,0.8918,0.0388,0.0582,0.1396,-0.0116,0.4381,-0.1357,-0.3916,0.5000,-0.2000,-1.2717,1.0461,-1.2456,-0.4053,0.2000,1.4856,-0.9295,1.3641,118.9570,-2.3069,3.7764,-5.2800,3.8046,-0.0532,7.1663,-2.8458,13.5499,5.9751,0.9167,0.16
4.9946,0.1000,0.0000,0.0000,0.0000,0.0000,0.0000,-0.0141,0.2026,-1.5497,0.0315,-0.0351,-0.9989,0.4984,-0.2359,-1.4415,1.0242,-1.2091,-0.4303,0.1847,1.3301,-0.8899,1.4367,0.0039,-0.0194,0.9887,-0.1396,0.0931,0.0620,-0.0543,0.6398,-0.0543,-0.3102,0.5000,-0.2000,-1.2411,1.0014,-1.2472,-0.4046,0.2000,1.5059,-0.9262,1.3541,119.0682,-2.4663,3.7994,-5.2591,3.9373,-0.0460,7.1681,-2.8669,13.5576,5.9836,0.9444,0.14
5.0156,0.1000,0.0000,0.0000,0.0000,0.0000,0.0000,-0.0472,0.2363,-1.6885,0.0393,-0.0330,-0.9987,0.4988,-0.2362,-1.4176,1.0157,-1.2095,-0.4279,0.1840,1.3450,-0.8908,1.4291,0.0310,-0.0310,1.1671,-0.3141,-0.0000,0.1124,-0.0659,0.8104,0.0582,-0.4032,0.5000,-0.2000,-1.2106,0.9519,-1.2483,-0.4061,0.2000,1.5263,-0.9223,1.3440,119.3313,-2.6781,3.8548,-5.2696,4.1218,-0.0613,7.1536,-2.8807,13.5929,6.0142,0.9722,0.14
5.0346,0.1000,0.0000,0.0000,0.0000,0.0000,0.0000,-0.1005,0.2756,-1.8058,0.0473,-0.0301,-0.9984,0.4991,-0.2364,-1.3899,1.0011,-1.2102,-0.4261,0.1832,1.3631,-0.8904,1.4203,0.0427,-0.0233,1.1942,-0.6630,-0.0271,0.0582,-0.0737,0.8918,0.1047,-0.4304,0.5000,-0.2000,-1.1800,0.9000,-1.2770,-0.4095,0.2000,1.5467,-0.9180,1.3340,119.7591,-2.9601,3.9495,-5.3149,4.3537,-0.0953,7.1114,-2.8781,13.6563,6.0766,0.0000,0.14
5.0546,0.1000,0.0000,0.0000,0.0000,0.0000,0.0000,-0.1476,0.3351,-1.8511,0.0564,-0.0250,-0.9981,0.4993,-0.2367,-1.3589,0.9792,-1.2116,-0.4243,0.1829,1.3841,-0.8887,1.4114,0.0853,-0.0427,1.3881,-0.8724,-0.0620,0.0582,0.0194,0.9616,0.2016,-0.4459,0.5000,-0.2000,-1.2004,0.9052,-1.2699,-0.4162,0.2000,1.5670,-0.9133,1.3239,120.3455,-3.3211,4.0889,-5.4071,4.6498,-0.1623,7.0363,-2.8563,13.7521,6.1698,0.0278,0.14
5.0746,0.1000,0.0000,0.0000,0.0000,0.0000,0.0000,-0.1039,0.3909,-1.8018,0.0664,-0.0220,-0.9976,0.4996,-0.2369,-1.3274,0.9529,-1.2185,-0.4229,0.1827,1.4066,-0.8854,1.4012,0.0737,-0.0233,1.4385,-1.1283,-0.3800,0.1086,-0.0388,1.0740,0.1784,-0.4808,0.5000,-0.2000,-1.2207,0.9103,-1.2627,-0.4265,0.2000,1.5874,-0.9083,1.3139,121.0352,-3.6938,4.2606,-5.5446,4.9652,-0.2653,6.9496,-2.8154,13.8767,6.2843,0.0556,0.13
5.0946,0.1000,0.0000,0.0000,0.0000,0.0000,0.0000,-0.0669,0.4356,-1.6649,0.0769,-0.0183,-0.9969,0.5004,-0.2369,-1.3046,0.9335,-1.2227,-0.4225,0.1825,1.4292,-0.8811,1.3895,0.1047,0.0194,1.0973,-0.8957,-0.1280,0.0155,-0.0582,1.1051,0.2365,-0.5041,0.5000,-0.2000,-1.2411,0.9152,-1.2556,-0.4380,0.2000,1.6078,-0.9031,1.3038,121.8310,-4.1002,4.4288,-5.6690,5.2925,-0.3803,6.8556,-2.7769,14.0100,6.3886,0.0833,0.15
5.1146,0.1000,0.0000,0.0000,0.0000,0.0000,0.0000,-0.0489,0.4476,-1.4939,0.0879,-0.0153,-0.9960,0.5017,-0.2366,-1.2869,0.9177,-1.2239,-0.4236,0.1823,1.4559,-0.8763,1.3771,0.0737,0.0853,0.7522,-0.6165,-0.0000,-0.0310,-0.0388,1.1361,0.2365,-0.6475,0.5000,-0.2000,-1.2615,0.9198,-1.2485,-0.4488,0.2000,1.6078,-0.9209,1.3562,122.6650,-4.4871,4.5929,-5.7946,5.6035,-0.4877,6.7593,-2.7332,14.1511,6.4909,0.1111,0.15
5.1346,0.1000,0.0000,0.0000,0.0000,0.0000,0.0000,-0.0426,0.4055,-1.2926,0.0973,-0.0099,-0.9952,0.5023,-0.2361,-1.2773,0.9060,-1.2235,-0.4266,0.1818,1.4820,-0.8724,1.3627,0.0582,0.0582,0.4188,-0.5041,0.0310,-0.1124,-0.0698,1.2059,0.1512,-0.7134,0.5000,-0.2000,-1.2819,0.9239,-1.2414,-0.4581,0.2000,1.5772,-0.9722,1.3689,123.4620,-4.8276,4.7498,-5.9227,5.8745,-0.5814,6.6580,-2.6823,14.2912,6.5951,0.1389,0.14
5.1546,0.1000,0.0000,0.0000,0.0000,0.0000,0.0000,-0.0731,0.3373,-0.9954,0.1049,-0.0040,-0.9945,0.5026,-0.2352,-1.2718,0.8978,-1.2221,-0.4304,0.1815,1.5054,-0.8723,1.3597,-0.0233,0.0504,0.2520,-0.4343,0.0427,-0.1008,-0.0737,1.0857,0.0078,-0.1667,0.5000,-0.2000,-1.3022,0.9276,-1.2342,-0.4668,0.2000,1.5467,-1.0200,1.3813,124.1745,-5.1394,4.9072,-6.0665,6.1109,-0.6684,6.5402,-2.6074,14.4009,6.7189,0.1667,0.14
5.1746,0.1000,0.0000,0.0000,0.0000,0.0000,0.0000,-0.1392,0.1177,-0.5739,0.1094,0.0021,-0.9940,0.5030,-0.2340,-1.2697,0.8921,-1.2192,-0.4348,0.1809,1.5214,-0.8793,1.3592,0.0116,0.0620,0.1318,-0.1745,0.2210,-0.1512,-0.0892,0.7638,-0.3257,-0.0698,0.5000,-0.2000,-1.3226,0.9306,-1.2271,-0.4767,0.2000,1.5161,-1.0621,1.3931,124.8056,-5.4512,5.0547,-6.2115,6.3532,-0.7670,6.4062,-2.5338,14.5108,6.8431,0.1944,0.14
5.1946,0.1000,0.0000,0.0000,0.0000,0.0000,0.0000,-0.1508,-0.2979,-0.0474,0.1052,0.0079,-0.9944,0.5033,-0.2327,-1.2698,0.8890,-1.2156,-0.4395,0.1802,1.5331,-0.8925,1.3608,0.0775,0.0659,0.0271,-0.1202,0.2288,-0.1822,-0.0737,0.6281,-0.5777,0.0465,0.5000,-0.2000,-1.3430,0.9331,-1.2200,-0.4862,0.2000,1.4856,-1.0966,1.4039,125.2581,-5.6629,5.1853,-6.3775,6.5075,-0.8623,6.2880,-2.4640,14.6093,6.9759,0.2222,0.13
5.2146,0.1000,0.0000,0.0000,0.0000,0.0000,0.0000,-0.1583,-0.5836,0.5151,0.0939,0.0124,-0.9955,0.5040,-0.2319,-1.2712,0.8891,-1.2122,-0.4453,0.1790,1.5391,-0.9116,1.3652,0.1008,0.0969,-0.0543,0.0349,0.1784,-0.2753,-0.0310,0.2830,-0.8763,0.1861,0.5000,-0.2000,-1.3633,0.9348,-1.2128,-0.4930,0.2000,1.4550,-1.1217,1.4136,125.5346,-5.8666,5.3126,-6.5384,6.6411,-0.9300,6.1583,-2.3806,14.6612,7.1042,0.2500,0.13
5.2346,0.1000,0.0000,0.0000,0.0000,0.0000,0.0000,-0.1829,-0.6600,1.0594,0.0801,0.0163,-0.9967,0.5053,-0.2312,-1.2728,0.8913,-1.2088,-0.4516,0.1780,1.5383,-0.9344,1.3720,0.1241,0.0698,-0.1008,0.1473,0.1163,-0.2986,-0.0310,-0.0271,-1.1089,0.2986,0.5000,-0.2000,-1.3837,0.9358,-1.2057,-0.4982,0.2000,1.4244,-1.1364,1.4221,125.7038,-6.0863,5.4424,-6.6901,6.7707,-0.9818,6.0392,-2.2972,14.6813,7.2196,0.2778,0.13
5.2556,0.1000,0.0000,0.0000,0.0000,0.0000,0.0000,-0.1800,-0.6520,1.5036,0.0672,0.0193,-0.9976,0.5059,-0.2309,-1.2766,0.8943,-1.2048,-0.4589,0.1774,1.5319,-0.9576,1.3813,0.0271,0.0427,-0.1163,0.2016,0.2404,-0.3412,-0.0892,-0.3606,-1.1206,0.3955,0.5000,-0.2000,-1.4041,0.9360,-1.1986,-0.5000,0.2000,1.3939,-1.1398,1.4293,125.8202,-6.2833,5.5590,-6.8282,6.8780,-1.0215,5.9451,-2.2265,14.6941,7.3191,0.3056,0.13
5.2756,0.1000,0.0000,0.0000,0.0000,0.0000,0.0000,-0.1881,-0.5872,1.7265,0.0558,0.0222,-0.9982,0.5064,-0.2307,-1.2842,0.8973,-1.1998,-0.4695,0.1772,1.5203,-0.9793,1.3922,0.0310,-0.0000,-0.3296,0.0582,0.3024,-0.5467,-0.0388,-0.5428,-0.9849,0.4149,0.5000,-0.2000,-1.4244,0.9355,-1.1914,-0.5000,0.2000,1.3633,-1.1318,1.4352,125.9222,-6.4094,5.6450,-6.9266,6.9318,-1.0246,5.8755,-2.1758,14.7118,7.3922,0.3333,0.14
5.2956,0.1000,0.0000,0.0000,0.0000,0.0000,0.0000,-0.1684,-0.4779,1.9380,0.0468,0.0246,-0.9986,0.5079,-0.2304,-1.2947,0.8990,-1.1945,-0.4799,0.1770,1.5046,-0.9968,1.4027,0.0737,0.0310,-0.5273,0.1008,0.2869,-0.4188,-0.0620,-0.8453,-0.6940,0.5390,0.5000,-0.2000,-1.4448,0.9342,-1.1842,-0.5000,0.2000,1.3328,-1.1129,1.4398,126.0009,-6.4796,5.7180,-7.0137,6.9495,-1.0238,5.8317,-2.1272,14.7024,7.4476,0.3611,0.13
5.3156,0.1000,0.0000,0.0000,0.0000,0.0000,0.0000,-0.1487,-0.3661,2.1155,0.0408,0.0259,-0.9988,0.5093,-0.2303,-1.3086,0.9001,-1.1889,-0.4886,0.1768,1.4851,-1.0091,1.4146,0.1124,0.0039,-0.7018,0.0233,0.2830,-0.3218,-0.0349,-0.9655,-0.6126,0.6398,0.5000,-0.2000,-1.4652,0.9322,-1.1742,-0.5000,0.2000,1.3022,-1.0839,1.4432,126.0239,-6.4897,5.7660,-7.0775,6.9357,-1.0275,5.8030,-2.0914,14.6874,7.4857,0.3889,0.14
5.3356,0.1000,0.0000,0.0000,0.0000,0.0000,0.0000,-0.1366,-0.2618,2.2510,0.0367,0.0273,-0.9990,0.5100,-0.2302,-1.3248,0.8999,-1.1830,-0.4951,0.1765,1.4625,-1.0157,1.4259,0.0039,0.0388,-0.8220,-0.0465,0.3373,-0.2675,-0.0039,-1.0818,-0.2675,0.5545,0.5000,-0.2000,-1.4856,0.9295,-1.1641,-0.5000,0.2000,1.2717,-1.0461,1.4456,125.9673,-6.4560,5.7905,-7.1260,6.8902,-1.0321,5.7920,-2.0674,14.6650,7.5058,0.4167,0.14
5.3556,0.1000,0.0000,0.0000,0.0000,0.0000,0.0000,-0.0933,-0.1732,2.3477,0.0346,0.0281,-0.9990,0.5103,-0.2298,-1.3441,0.8983,-1.1762,-0.4995,0.1759,1.4371,-1.0159,1.4362,0.0814,0.0388,-0.9887,-0.1163,0.2869,-0.1861,-0.0698,-1.2718,-0.0194,0.3761,0.5000,-0.2000,-1.5059,0.9262,-1.1541,-0.5000,0.2000,1.2411,-1.0014,1.4472,125.8396,-6.3727,5.7947,-7.1557,6.8220,-1.0385,5.7922,-2.0531,14.6380,7.5094,0.4444,0.14
5.3756,0.1000,0.0000,0.0000,0.0000,0.0000,0.0000,-0.0067,-0.1181,2.3909,0.0340,0.0286,-0.9990,0.5101,-0.2293,-1.3649,0.8947,-1.1693,-0.5020,0.1751,1.4095,-1.0104,1.4453,-0.0039,0.1086,-0.9500,-0.1977,0.3063,-0.0931,-0.0931,-1.3377,0.2830,0.4265,0.5000,-0.2000,-1.5263,0.9223,-1.1440,-0.5000,0.2000,1.2106,-0.9519,1.4483,125.6103,-6.2195,5.7708,-7.1674,6.7104,-1.0529,5.8170,-2.0520,14.6009,7.4918,0.4722,0.14
5.3966,0.1000,0.0000,0.0000,0.0000,0.0000,0.0000,0.2118,-0.0450,2.3181,0.0342,0.0255,-0.9991,0.5096,-0.2289,-1.3874,0.8897,-1.1654,-0.5036,0.1743,1.3797,-0.9979,1.4523,-0.0427,0.0427,-1.0779,-0.2133,0.0775,-0.1008,-0.0853,-1.4850,0.6320,0.2482,0.5000,-0.2000,-1.5467,0.9180,-1.1340,-0.5000,0.2000,1.1800,-0.9000,1.4770,125.3096,-5.9982,5.7292,-7.1640,6.5640,-1.0591,5.8607,-2.0594,14.5646,7.4516,0.5000,0.14
5.4156,0.1000,0.0000,0.0000,0.0000,0.0000,0.0000,0.3496,-0.0038,1.9316,0.0317,0.0203,-0.9993,0.5074,-0.2289,-1.4096,0.8860,-1.1651,-0.5039,0.1729,1.3493,-0.9776,1.4583,-0.2326,-0.0155,-1.1904,-0.1163,-0.0698,-0.0000,-0.0775,-1.4656,0.9228,0.2637,0.5000,-0.2000,-1.5670,0.9133,-1.1239,-0.5000,0.2000,1.2004,-0.9052,1.4699,125.0193,-5.7068,5.6416,-7.0893,6.3846,-1.0467,5.9382,-2.0997,14.5368,7.3558,0.5278,0.14
5.4355,0.1000,0.0000,0.0000,0.0000,0.0000,0.0000,0.3593,0.1294,1.5049,0.0310,0.0140,-0.9994,0.5014,-0.2289,-1.4343,0.8850,-1.1673,-0.5034,0.1711,1.3148,-0.9541,1.4677,-0.2443,0.0310,-1.0430,0.0194,-0.2094,0.0737,-0.1241,-1.5316,1.1128,0.4963,0.5000,-0.2000,-1.5874,0.9083,-1.1139,-0.5000,0.2000,1.2207,-0.9103,1.4627,124.7185,-5.3737,5.5258,-6.9737,6.1850,-1.0175,6.0322,-2.1480,14.4810,7.2350,0.5556,0.14
5.4555,0.1000,0.0000,0.0000,0.0000,0.0000,0.0000,0.3247,0.3174,1.1553,0.0346,0.0077,-0.9994,0.4987,-0.2292,-1.4564,0.8849,-1.1692,-0.5035,0.1694,1.2930,-0.9336,1.4758,-0.0698,-0.0000,-1.0042,-0.0078,-0.1318,0.0310,0.0039,-1.0004,1.1206,0.3606,0.5000,-0.2000,-1.6078,0.9031,-1.1038,-0.4985,0.2000,1.2411,-0.9152,1.4556,124.3666,-5.0243,5.3923,-6.8492,5.9611,-0.9851,6.1312,-2.2043,14.4329,7.1114,0.5833,0.14
5.4755,0.1000,0.0000,0.0000,0.0000,0.0000,0.0000,0.2634,0.5203,0.7672,0.0418,0.0017,-0.9991,0.4979,-0.2299,-1.4800,0.8849,-1.1698,-0.5044,0.1691,1.2770,-0.9148,1.4828,0.0659,-0.0465,-0.9189,0.0427,-0.0000,-0.0116,-0.0582,-0.5467,0.9306,0.2094,0.5000,-0.2000,-1.6078,0.9209,-1.1562,-0.4945,0.2000,1.2615,-0.9198,1.4485,123.9881,-4.6818,5.2400,-6.7004,5.7510,-0.9448,6.2331,-2.2685,14.3878,6.9679,0.6111,0.14
5.4955,0.1000,0.0000,0.0000,0.0000,0.0000,0.0000,0.2401,0.6972,0.4854,0.0545,-0.0047,-0.9985,0.4975,-0.2313,-1.5009,0.8850,-1.1686,-0.5046,0.1698,1.2701,-0.8995,1.4882,0.0504,-0.0775,-1.0740,0.0388,0.1667,0.0233,0.0620,-0.3102,0.6979,0.2404,0.5000,-0.2000,-1.5772,0.9722,-1.1689,-0.4902,0.2000,1.2819,-0.9239,1.4414,123.5581,-4.3507,5.0913,-6.5600,5.5254,-0.9019,6.3272,-2.3135,14.3194,6.8370,0.6389,0.14
5.5155,0.1000,0.0000,0.0000,0.0000,0.0000,0.0000,0.2060,0.6398,0.2543,0.0679,-0.0126,-0.9976,0.4976,-0.2328,-1.5214,0.8879,-1.1729,-0.5043,0.1710,1.2686,-0.8861,1.4916,0.0737,-0.0116,-1.0663,0.1977,-0.1008,0.0775,0.0698,-0.0388,0.7057,0.1590,0.5000,-0.2000,-1.5467,1.0200,-1.1813,-0.4855,0.2000,1.3022,-0.9276,1.4342,123.0344,-3.9657,4.9157,-6.4176,5.2403,-0.8551,6.4387,-2.3684,14.2428,6.7013,0.6667,0.14
5.5365,0.1000,0.0000,0.0000,0.0000,0.0000,0.0000,0.1532,0.2892,-0.0182,0.0755,-0.0192,-0.9970,0.4976,-0.2340,-1.5350,0.8996,-1.1770,-0.5037,0.1732,1.2712,-0.8752,1.4939,-0.0233,-0.0000,-0.6979,0.5351,-0.1047,0.0233,0.0427,0.1900,0.5932,0.0349,0.5000,-0.2000,-1.5161,1.0621,-1.1931,-0.4792,0.2000,1.3226,-0.9306,1.4271,122.4584,-3.5877,4.7154,-6.2586,4.9415,-0.7918,6.5477,-2.4383,14.1685,6.5654,0.6944,0.14
5.5555,0.1000,0.0000,0.0000,0.0000,0.0000,0.0000,0.0982,-0.1204,-0.4043,0.0737,-0.0252,-0.9970,0.4970,-0.2358,-1.5438,0.9149,-1.1806,-0.5025,0.1756,1.2748,-0.8659,1.4943,-0.0388,-0.0543,-0.4614,0.7638,-0.1241,0.0388,0.1008,0.0659,0.3296,-0.0427,0.5000,-0.2000,-1.4856,1.0966,-1.2039,-0.4693,0.2000,1.3430,-0.9331,1.4200,121.9287,-3.2231,4.5080,-6.0806,4.6383,-0.6925,6.6634,-2.5151,14.0950,6.4346,0.7222,0.16
5.5775,0.1000,0.0000,0.0000,0.0000,0.0000,0.0000,0.0477,-0.2519,-0.8352,0.0681,-0.0283,-0.9973,0.4966,-0.2368,-1.5459,0.9365,-1.1850,-0.5000,0.1782,1.2768,-0.8616,1.4935,-0.0310,-0.0388,-0.1086,1.0236,-0.1163,0.2171,0.0775,-0.0504,0.0465,-0.1047,0.5000,-0.2000,-1.4550,1.1217,-1.2136,-0.4573,0.2000,1.3633,-0.9348,1.4128,121.4931,-2.9133,4.3175,-5.8960,4.3904,-0.5734,6.7926,-2.5967,14.0132,6.3005,0.7500,0.15
5.5966,0.1000,0.0000,0.0000,0.0000,0.0000,0.0000,0.1171,-0.2330,-1.1650,0.0629,-0.0312,-0.9975,0.4959,-0.2372,-1.5420,0.9593,-1.1895,-0.4951,0.1808,1.2789,-0.8613,1.4907,-0.0116,-0.0000,0.2094,1.0934,-0.1396,0.2482,0.0853,0.0775,-0.0194,-0.1047,0.5000,-0.2000,-1.4244,1.1364,-1.2221,-0.4454,0.2000,1.3837,-0.9358,1.4057,121.0952,-2.6262,4.1583,-5.7482,4.1594,-0.4540,6.9284,-2.6702,13.9332,6.1911,0.7778,0.14
5.6165,0.1000,0.0000,0.0000,0.0000,0.0000,0.0000,0.2125,-0.1630,-1.2193,0.0602,-0.0385,-0.9974,0.4961,-0.2376,-1.5332,0.9822,-1.1922,-0.4885,0.1824,1.2827,-0.8621,1.4865,-0.0155,-0.0543,0.3839,0.9112,-0.0465,0.3606,0.0078,0.1939,0.0116,-0.2598,0.5000,-0.2000,-1.3939,1.1398,-1.2293,-0.4375,0.2000,1.4041,-0.9360,1.3986,120.6736,-2.4379,4.0483,-5.6528,3.9954,-0.3754,7.0192,-2.7164,13.8570,6.1278,0.8056,0.14
5.6365,0.1000,0.0000,0.0000,0.0000,0.0000,0.0000,0.1015,-0.1585,-1.1980,0.0583,-0.0412,-0.9974,0.4985,-0.2377,-1.5225,1.0006,-1.1933,-0.4800,0.1827,1.2884,-0.8637,1.4808,0.0931,-0.0000,0.5157,0.8026,-0.0582,0.3877,-0.0582,0.3141,-0.0427,-0.3451,0.5000,-0.2000,-1.3633,1.1318,-1.2352,-0.4319,0.2000,1.4244,-0.9355,1.3914,120.2464,-2.3519,3.9502,-5.5460,3.9063,-0.3191,7.0712,-2.7575,13.7743,6.0763,0.8333,0.14
5.6565,0.1000,0.0000,0.0000,0.0000,0.0000,0.0000,0.0845,-0.1736,-1.3312,0.0555,-0.0429,-0.9975,0.4996,-0.2377,-1.5090,1.0142,-1.1939,-0.4721,0.1826,1.2977,-0.8671,1.4732,0.1008,0.0271,0.6514,0.6281,0.0116,0.3490,-0.0698,0.4537,-0.1473,-0.3645,0.5000,-0.2000,-1.3328,1.1129,-1.2398,-0.4257,0.2000,1.4448,-0.9342,1.3842,119.9080,-2.2884,3.8634,-5.4455,3.8449,-0.2569,7.1374,-2.8086,13.7172,6.0292,0.8611,0.14
5.6765,0.1000,0.0000,0.0000,0.0000,0.0000,0.0000,0.0500,-0.1156,-1.4320,0.0536,-0.0428,-0.9976,0.5010,-0.2377,-1.4926,1.0220,-1.1948,-0.4659,0.1821,1.3086,-0.8711,1.4653,0.1163,0.0039,0.7600,0.2792,-0.0000,0.2714,-0.1086,0.4032,-0.1551,-0.3257,0.5000,-0.2000,-1.3022,1.0839,-1.2432,-0.4194,0.2000,1.4652,-0.9322,1.3742,119.6637,-2.3020,3.8205,-5.3755,3.8407,-0.1940,7.1647,-2.8359,13.6659,6.0152,0.8889,0.15
5.6965,0.1000,0.0000,0.0000,0.0000,0.0000,0.0000,0.0115,-0.0126,-1.5621,0.0544,-0.0421,-0.9976,0.5023,-0.2377,-1.4725,1.0235,-1.1957,-0.4595,0.1814,1.3219,-0.8751,1.4564,0.0931,0.0582,0.8957,0.0969,0.0155,0.3102,-0.0582,0.7289,-0.2288,-0.4188,0.5000,-0.2000,-1.2717,1.0461,-1.2456,-0.4157,0.2000,1.4856,-0.9295,1.3641,119.5491,-2.3770,3.7984,-5.3172,3.9037,-0.1574,7.1916,-2.8701,13.6410,5.9966,0.9167,0.14
5.7165,0.1000,0.0000,0.0000,0.0000,0.0000,0.0000,-0.0188,0.0504,-1.6855,0.0564,-0.0394,-0.9976,0.5028,-0.2377,-1.4490,1.0203,-1.1966,-0.4530,0.1806,1.3376,-0.8783,1.4461,0.0892,-0.0000,1.1283,-0.1008,0.0388,0.3063,-0.0969,0.7949,-0.1396,-0.5196,0.5000,-0.2000,-1.2411,1.0014,-1.2472,-0.4135,0.2000,1.5059,-0.9262,1.3541,119.5869,-2.5334,3.8226,-5.2976,4.0309,-0.1354,7.1830,-2.8860,13.6417,6.0108,0.9444,0.15
5.7375,0.1000,0.0000,0.0000,0.0000,0.0000,0.0000,-0.0373,0.1258,-1.7887,0.0593,-0.0369,-0.9976,0.5031,-0.2378,-1.4234,1.0117,-1.1979,-0.4471,0.1792,1.3556,-0.8801,1.4356,0.1124,-0.0620,1.1593,-0.3684,-0.0465,0.2288,-0.0698,0.8104,-0.0465,-0.5506,0.5000,-0.2000,-1.2106,0.9519,-1.2483,-0.4129,0.2000,1.5263,-0.9223,1.3440,119.7912,-2.7477,3.8819,-5.3107,4.1999,-0.1292,7.1545,-2.8881,13.6704,6.0502,0.9722,0.14
5.7565,0.1000,0.0000,0.0000,0.0000,0.0000,0.0000,-0.1076,0.2150,-1.8802,0.0639,-0.0332,-0.9974,0.5033,-0.2379,-1.3963,0.9975,-1.1996,-0.4423,0.1777,1.3743,-0.8806,1.4244,0.0931,0.0349,1.3959,-0.6436,0.0078,0.1551,-0.0737,0.9267,-0.0310,-0.5467,0.5000,-0.2000,-1.1800,0.9000,-1.2770,-0.4152,0.2000,1.5467,-0.9180,1.3340,120.1585,-3.0233,3.9655,-5.3442,4.4220,-0.1518,7.1179,-2.8912,13.7236,6.1018,0.0000,0.14
5.7765,0.1000,0.0000,0.0000,0.0000,0.0000,0.0000,-0.1675,0.3197,-1.9117,0.0707,-0.0266,-0.9971,0.5034,-0.2381,-1.3653,0.9760,-1.2016,-0.4388,0.1769,1.3963,-0.8800,1.4132,0.0659,-0.0039,1.3959,-0.9538,-0.0465,0.1861,0.0000,0.9849,0.0698,-0.5390,0.5000,-0.2000,-1.2004,0.9052,-1.2699,-0.4205,0.2000,1.5670,-0.9133,1.3239,120.6818,-3.3787,4.1038,-5.4285,4.7036,-0.2045,7.0397,-2.8638,13.8066,6.1904,0.0278,0.14
5.7966,0.1000,0.0000,0.0000,0.0000,0.0000,0.0000,-0.1155,0.4323,-1.8523,0.0796,-0.0226,-0.9966,0.5036,-0.2383,-1.3313,0.9472,-1.2092,-0.4360,0.1766,1.4208,-0.8783,1.4011,0.0775,-0.0116,1.4463,-1.2059,-0.3451,0.1318,-0.0853,1.0857,0.1667,-0.5312,0.5000,-0.2000,-1.2207,0.9103,-1.2627,-0.4294,0.2000,1.5874,-0.9083,1.3139,121.3345,-3.7609,4.2839,-5.5718,5.0162,-0.2942,6.9429,-2.8147,13.9268,6.3089,0.0556,0.14
5.8165,0.1000,0.0000,0.0000,0.0000,0.0000,0.0000,-0.0593,0.5254,-1.6816,0.0901,-0.0190,-0.9958,0.5047,-0.2385,-1.3064,0.9258,-1.2139,-0.4341,0.1761,1.4455,-0.8752,1.3881,0.1396,-0.0078,1.2214,-0.9616,-0.2055,0.1086,-0.0814,1.1826,0.1396,-0.6514,0.5000,-0.2000,-1.2411,0.9152,-1.2556,-0.4411,0.2000,1.6078,-0.9031,1.3038,122.0929,-4.1805,4.4605,-5.7048,5.3586,-0.4113,6.8361,-2.7680,14.0631,6.4163,0.0833,0.14
5.8365,0.1000,0.0000,0.0000,0.0000,0.0000,0.0000,-0.0393,0.5879,-1.4876,0.1017,-0.0147,-0.9947,0.5059,-0.2381,-1.2898,0.9104,-1.2157,-0.4340,0.1749,1.4704,-0.8716,1.3748,0.1008,0.0271,0.8453,-0.7561,0.0310,0.0465,-0.0969,1.1787,0.1318,-0.7212,0.5000,-0.2000,-1.2615,0.9198,-1.2485,-0.4522,0.2000,1.6078,-0.9209,1.3562,122.9017,-4.5867,4.6301,-5.8292,5.6787,-0.5222,6.7341,-2.7208,14.1997,6.5196,0.1111,0.14
5.8565,0.1000,0.0000,0.0000,0.0000,0.0000,0.0000,-0.0324,0.5908,-1.3065,0.1123,-0.0089,-0.9936,0.5063,-0.2371,-1.2788,0.8974,-1.2155,-0.4360,0.1738,1.4985,-0.8688,1.3609,-0.0078,0.0504,0.3994,-0.5622,0.0620,-0.1163,-0.0543,1.3338,0.1124,-0.6630,0.5000,-0.2000,-1.2819,0.9239,-1.2414,-0.4607,0.2000,1.5772,-0.9722,1.3689,123.6808,-4.9293,4.7850,-5.9504,5.9424,-0.6073,6.6349,-2.6677,14.3318,6.6171,0.1389,0.14
5.8765,0.1000,0.0000,0.0000,0.0000,0.0000,0.0000,-0.0578,0.5877,-1.0765,0.1242,-0.0023,-0.9923,0.5066,-0.2357,-1.2727,0.8886,-1.2141,-0.4399,0.1727,1.5218,-0.8693,1.3587,0.0271,0.0775,0.3335,-0.3645,0.0310,-0.1977,-0.0543,1.0818,0.0388,-0.0582,0.5000,-0.2000,-1.3022,0.9276,-1.2342,-0.4679,0.2000,1.5467,-1.0200,1.3813,124.4245,-5.2580,4.9450,-6.0861,6.1901,-0.6788,6.5114,-2.5878,14.4373,6.7387,0.1667,0.13
5.8965,0.1000,0.0000,0.0000,0.0000,0.0000,0.0000,-0.1232,0.3126,-0.7210,0.1313,0.0049,-0.9913,0.5071,-0.2342,-1.2698,0.8836,-1.2109,-0.4446,0.1710,1.5380,-0.8758,1.3595,0.0388,0.0737,0.1745,-0.1939,0.1163,-0.0892,-0.1047,0.8259,-0.1590,-0.0116,0.5000,-0.2000,-1.3226,0.9306,-1.2271,-0.4773,0.2000,1.5161,-1.0621,1.3931,125.1063,-5.5632,5.0902,-6.2287,6.4215,-0.7729,6.3871,-2.5194,14.5590,6.8625,0.1944,0.15
5.9165,0.1000,0.0000,0.0000,0.0000,0.0000,0.0000,-0.1299,-0.0478,-0.1995,0.1302,0.0112,-0.9914,0.5077,-0.2326,-1.2693,0.8811,-1.2069,-0.4480,0.1697,1.5505,-0.8889,1.3633,0.0698,0.0543,0.0775,-0.0737,0.1202,-0.1318,-0.0737,0.6359,-0.6165,0.1163,0.5000,-0.2000,-1.3430,0.9331,-1.2200,-0.4868,0.2000,1.4856,-1.0966,1.4039,125.6079,-5.7955,5.2256,-6.3932,6.6004,-0.8677,6.2595,-2.4440,14.6629,6.9949,0.2222,0.15
5.9375,0.1000,0.0000,0.0000,0.0000,0.0000,0.0000,-0.1659,-0.2423,0.3495,0.1247,0.0161,-0.9921,0.5085,-0.2316,-1.2688,0.8821,-1.2037,-0.4524,0.1689,1.5564,-0.9081,1.3698,0.1667,0.0620,0.0698,0.0931,0.1822,-0.1551,-0.0543,0.2714,-0.8530,0.3141,0.5000,-0.2000,-1.3633,0.9348,-1.2128,-0.4945,0.2000,1.4550,-1.1217,1.4136,125.9675,-6.0521,5.3700,-6.5588,6.7728,-0.9449,6.1188,-2.3541,14.7222,7.1306,0.2500,0.14
5.9575,0.1000,0.0000,0.0000,0.0000,0.0000,0.0000,-0.1997,-0.2784,0.8816,0.1179,0.0209,-0.9928,0.5100,-0.2308,-1.2690,0.8853,-1.2004,-0.4585,0.1685,1.5555,-0.9306,1.3796,0.0931,-0.0233,0.0039,0.1706,0.1163,-0.3296,0.0116,-0.0582,-0.9887,0.3877,0.5000,-0.2000,-1.3837,0.9358,-1.2057,-0.5000,0.2000,1.4244,-1.1364,1.4221,126.2166,-6.3128,5.5127,-6.7183,6.9316,-1.0036,5.9897,-2.2646,14.7574,7.2526,0.2778,0.14
5.9775,0.1000,0.0000,0.0000,0.0000,0.0000,0.0000,-0.1886,-0.2486,1.2745,0.1127,0.0235,-0.9934,0.5109,-0.2303,-1.2716,0.8892,-1.1970,-0.4667,0.1683,1.5498,-0.9520,1.3907,0.1706,0.0698,-0.1745,0.2559,0.1667,-0.4692,-0.0078,-0.3024,-0.9383,0.6049,0.5000,-0.2000,-1.4041,0.9360,-1.1986,-0.5000,0.2000,1.3939,-1.1398,1.4293,126.4204,-6.5058,5.6303,-6.8528,7.0401,-1.0462,5.9005,-2.1947,14.7799,7.3497,0.3056,0.13
6.0026,0.1000,0.0000,0.0000,0.0000,0.0000,0.0000,-0.2041,-0.2181,1.5583,0.1083,0.0248,-0.9938,0.5111,-0.2303,-1.2780,0.8934,-1.1933,-0.4757,0.1684,1.5378,-0.9707,1.4024,0.0388,-0.0078,-0.3761,0.1163,0.1667,-0.4381,-0.0155,-0.5545,-0.7483,0.5234,0.5000,-0.2000,-1.4244,0.9355,-1.1914,-0.5000,0.2000,1.3633,-1.1318,1.4352,126.5814,-6.6673,5.7320,-6.9673,7.1190,-1.0743,5.8245,-2.1327,14.7969,7.4335,0.3333,0.15
6.0196,0.1000,0.0000,0.0000,0.0000,0.0000,0.0000,-0.2170,-0.1320,1.7510,0.1059,0.0263,-0.9940,0.5123,-0.2304,-1.2883,0.8973,-1.1883,-0.4859,0.1685,1.5206,-0.9879,1.4184,0.1512,0.0116,-0.5041,0.1047,0.1861,-0.4808,0.0194,-0.7716,-0.6708,0.5234,0.5000,-0.2000,-1.4448,0.9342,-1.1842,-0.5000,0.2000,1.3328,-1.1129,1.4398,126.7188,-6.7634,5.8038,-7.0494,7.1659,-1.0886,5.7688,-2.0874,14.8086,7.4922,0.3611,0.32
6.0375,0.1000,0.0000,0.0000,0.0000,0.0000,0.0000,-0.2036,0.0062,1.9512,0.1063,0.0270,-0.9940,0.5141,-0.2307,-1.3015,0.9000,-1.1844,-0.4961,0.1684,1.5020,-0.9980,1.4288,0.1280,-0.0116,-0.6049,0.1473,0.2094,-0.2869,-0.0504,-1.0275,-0.4847,0.4885,0.5000,-0.2000,-1.4652,0.9322,-1.1742,-0.5000,0.2000,1.3022,-1.0839,1.4432,126.8040,-6.8240,5.8686,-7.1260,7.1939,-1.1152,5.7320,-2.0433,14.7994,7.5355,0.3889,0.21
6.0575,0.1000,0.0000,0.0000,0.0000,0.0000,0.0000,-0.1933,0.1299,2.1304,0.1093,0.0252,-0.9937,0.5151,-0.2311,-1.3165,0.9012,-1.1797,-0.5004,0.1683,1.4787,-1.0024,1.4397,0.0388,0.0271,-0.8181,0.0116,0.3063,-0.2404,-0.0388,-1.1787,-0.2404,0.6010,0.5000,-0.2000,-1.4856,0.9295,-1.1641,-0.5000,0.2000,1.2717,-1.0461,1.4456,126.7983,-6.8176,5.9077,-7.1831,7.1755,-1.1448,5.7163,-2.0106,14.7746,7.5628,0.4167,0.23
6.0775,0.1000,0.0000,0.0000,0.0000,0.0000,0.0000,-0.1996,0.2632,2.2879,0.1153,0.0233,-0.9931,0.5157,-0.2317,-1.3357,0.9010,-1.1734,-0.5047,0.1680,1.4527,-1.0024,1.4501,0.0388,0.0078,-1.0314,-0.0078,0.3645,-0.1551,-0.0698,-1.3106,-0.0155,0.4769,0.5000,-0.2000,-1.5059,0.9262,-1.1541,-0.5000,0.2000,1.2411,-1.0014,1.4472,126.7030,-6.7811,5.9255,-7.2183,7.1457,-1.1794,5.7075,-1.9874,14.7394,7.5698,0.4444,0.22
6.0985,0.1000,0.0000,0.0000,0.0000,0.0000,0.0000,-0.1611,0.3574,2.4293,0.1229,0.0194,-0.9922,0.5162,-0.2322,-1.3559,0.8995,-1.1658,-0.5084,0.1675,1.4254,-0.9959,1.4591,0.0155,-0.0000,-1.0546,-0.0853,0.3373,-0.1628,-0.0931,-1.5393,0.3528,0.4226,0.5000,-0.2000,-1.5263,0.9223,-1.1440,-0.5000,0.2000,1.2106,-0.9519,1.4483,126.4976,-6.6887,5.9253,-7.2489,7.0806,-1.2178,5.7120,-1.9696,14.6930,7.5672,0.4722,0.21
6.1185,0.1000,0.0000,0.0000,0.0000,0.0000,0.0000,-0.1585,0.4588,2.5243,0.1328,0.0155,-0.9910,0.5163,-0.2323,-1.3795,0.8962,-1.1580,-0.5114,0.1669,1.3941,-0.9825,1.4669,-0.0116,0.0039,-1.1593,-0.2094,0.3877,-0.1512,-0.0853,-1.5083,0.5622,0.3722,0.5000,-0.2000,-1.5467,0.9180,-1.1340,-0.5000,0.2000,1.1800,-0.9000,1.4770,126.1817,-6.5536,5.8930,-7.2424,6.9985,-1.2713,5.7338,-1.9694,14.6363,7.5337,0.5000,0.20
6.1385,0.1000,0.0000,0.0000,0.0000,0.0000,0.0000,-0.1224,0.5687,2.5861,0.1443,0.0117,-0.9895,0.5163,-0.2322,-1.4052,0.8912,-1.1491,-0.5137,0.1669,1.3607,-0.9635,1.4727,-0.0349,0.0388,-1.2446,-0.3024,0.4575,-0.0698,-0.0582,-1.5471,1.0391,0.2986,0.5000,-0.2000,-1.5670,0.9133,-1.1239,-0.5000,0.2000,1.2004,-0.9052,1.4699,125.7673,-6.3766,5.8436,-7.2242,6.8906,-1.3328,5.7766,-1.9780,14.5656,7.4822,0.5278,0.17
6.1585,0.1000,0.0000,0.0000,0.0000,0.0000,0.0000,-0.0474,0.6573,2.6039,0.1577,0.0062,-0.9875,0.5162,-0.2320,-1.4319,0.8848,-1.1395,-0.5152,0.1672,1.3246,-0.9401,1.4820,-0.0427,-0.0543,-1.3493,-0.3063,0.4498,-0.0310,0.0000,-1.7952,1.1593,0.4032,0.5000,-0.2000,-1.5874,0.9083,-1.1139,-0.5000,0.2000,1.2207,-0.9103,1.4627,125.2926,-6.1776,5.7788,-7.1838,6.7870,-1.3998,5.8196,-1.9889,14.4848,7.4124,0.5556,0.16
6.1785,0.1000,0.0000,0.0000,0.0000,0.0000,0.0000,-0.0096,0.7705,2.4630,0.1726,-0.0001,-0.9850,0.5156,-0.2316,-1.4592,0.8775,-1.1316,-0.5159,0.1676,1.2971,-0.9216,1.4900,-0.1590,0.0116,-1.3377,-0.3994,0.3218,0.0233,0.0155,-1.3067,0.8414,0.4343,0.5000,-0.2000,-1.6078,0.9031,-1.1038,-0.5000,0.2000,1.2411,-0.9152,1.4556,124.7304,-5.8922,5.6617,-7.0866,6.6416,-1.4507,5.8960,-2.0322,14.4242,7.2937,0.5833,0.15
6.1975,0.1000,0.0000,0.0000,0.0000,0.0000,0.0000,0.0402,0.8625,2.0839,0.1891,-0.0095,-0.9819,0.5136,-0.2316,-1.4861,0.8699,-1.1282,-0.5164,0.1690,1.2757,-0.9076,1.4962,-0.1202,-0.0737,-1.3648,-0.3024,0.0698,-0.0620,0.0737,-1.0508,0.5894,0.2482,0.5000,-0.2000,-1.6078,0.9209,-1.1562,-0.5000,0.2000,1.2615,-0.9198,1.4485,124.1685,-5.5617,5.5232,-6.9496,6.4585,-1.4433,5.9740,-2.0800,14.3649,7.1481,0.6111,0.15
6.2195,0.1000,0.0000,0.0000,0.0000,0.0000,0.0000,-0.0280,0.7186,1.6176,0.2036,-0.0181,-0.9789,0.5103,-0.2319,-1.5145,0.8653,-1.1264,-0.5158,0.1706,1.2615,-0.8990,1.4997,-0.1357,-0.0698,-1.4501,-0.0814,0.0659,0.0427,0.0892,-0.7561,0.4188,0.0969,0.5000,-0.2000,-1.5772,0.9722,-1.1689,-0.5000,0.2000,1.2819,-0.9239,1.4414,123.6084,-5.1515,5.3334,-6.7583,6.2017,-1.4019,6.0824,-2.1546,14.3067,6.9680,0.6389,0.15
6.2395,0.1000,0.0000,0.0000,0.0000,0.0000,0.0000,-0.0345,0.4188,1.2323,0.2136,-0.0264,-0.9766,0.5074,-0.2326,-1.5413,0.8661,-1.1340,-0.5147,0.1728,1.2525,-0.8927,1.5009,-0.0582,-0.0000,-1.1399,0.0892,-0.3412,0.1202,0.1357,-0.4265,0.2482,0.0388,0.5000,-0.2000,-1.5467,1.0200,-1.1813,-0.5000,0.2000,1.3022,-0.9276,1.4342,122.9332,-4.6330,5.1160,-6.5704,5.8441,-1.3260,6.2060,-2.2285,14.2215,6.8010,0.6667,0.15
6.2585,0.1000,0.0000,0.0000,0.0000,0.0000,0.0000,0.0509,0.0175,0.7490,0.2163,-0.0339,-0.9757,0.5060,-0.2335,-1.5589,0.8741,-1.1413,-0.5141,0.1756,1.2471,-0.8900,1.5008,-0.0000,-0.0853,-0.8647,0.3296,-0.2908,0.0388,0.0737,-0.3722,0.1008,-0.0543,0.5000,-0.2000,-1.5161,1.0621,-1.1931,-0.5000,0.2000,1.3226,-0.9306,1.4271,122.3025,-4.1581,4.9005,-6.3927,5.4826,-1.2178,6.3309,-2.3089,14.1436,6.6479,0.6944,0.15
6.2785,0.1000,0.0000,0.0000,0.0000,0.0000,0.0000,0.1149,-0.2817,0.1983,0.2130,-0.0401,-0.9762,0.5046,-0.2346,-1.5681,0.8885,-1.1490,-0.5140,0.1784,1.2413,-0.8902,1.4998,-0.0465,-0.0892,-0.4575,0.7173,-0.3102,0.0931,0.0969,-0.4071,-0.0698,-0.0698,0.5000,-0.2000,-1.4856,1.0966,-1.2039,-0.5000,0.2000,1.3430,-0.9331,1.4200,121.7619,-3.7311,4.6879,-6.2028,5.1572,-1.0903,6.4712,-2.3971,14.0624,6.4883,0.7222,0.15
6.2995,0.1000,0.0000,0.0000,0.0000,0.0000,0.0000,0.0934,-0.4455,-0.3377,0.2073,-0.0430,-0.9773,0.5034,-0.2358,-1.5698,0.9078,-1.1553,-0.5139,0.1801,1.2356,-0.8929,1.4965,-0.0620,0.0271,-0.1396,0.9189,-0.2133,0.0116,0.1008,-0.3102,-0.2094,-0.1784,0.5000,-0.2000,-1.4550,1.1217,-1.2136,-0.4951,0.2000,1.3633,-0.9348,1.4128,121.3232,-3.3670,4.4876,-6.0079,4.8711,-0.9512,6.6187,-2.4905,13.9807,6.3373,0.7500,0.16
6.3195,0.1000,0.0000,0.0000,0.0000,0.0000,0.0000,0.1151,-0.5386,-0.7351,0.2006,-0.0443,-0.9787,0.5033,-0.2360,-1.5672,0.9286,-1.1599,-0.5142,0.1814,1.2334,-0.8988,1.4905,0.0698,-0.0310,0.1280,1.0159,-0.1280,-0.0000,0.0349,-0.0504,-0.2986,-0.2986,0.5000,-0.2000,-1.4244,1.1364,-1.2221,-0.4824,0.2000,1.3837,-0.9358,1.4057,120.9485,-3.0578,4.3196,-5.8451,4.6248,-0.8239,6.7564,-2.5761,13.9097,6.2145,0.7778,0.16
6.3395,0.1000,0.0000,0.0000,0.0000,0.0000,0.0000,0.1375,-0.6155,-1.0386,0.1923,-0.0450,-0.9803,0.5039,-0.2360,-1.5593,0.9493,-1.1639,-0.5134,0.1816,1.2351,-0.9060,1.4833,0.1086,0.0775,0.3645,1.0120,-0.0969,0.0931,-0.0310,0.0659,-0.3179,-0.4032,0.5000,-0.2000,-1.3939,1.1398,-1.2293,-0.4706,0.2000,1.4041,-0.9360,1.3986,120.6147,-2.8119,4.1745,-5.7031,4.4198,-0.7063,6.8797,-2.6508,13.8371,6.1226,0.8056,0.15
6.3585,0.1000,0.0000,0.0000,0.0000,0.0000,0.0000,0.1232,-0.6360,-1.2992,0.1833,-0.0440,-0.9821,0.5052,-0.2362,-1.5469,0.9683,-1.1676,-0.5100,0.1810,1.2402,-0.9126,1.4749,0.1628,0.0233,0.5932,0.8763,-0.1473,0.1628,-0.1124,0.2288,-0.2908,-0.5312,0.5000,-0.2000,-1.3633,1.1318,-1.2352,-0.4596,0.2000,1.4244,-0.9355,1.3914,120.3315,-2.6557,4.0648,-5.5811,4.2825,-0.5960,6.9693,-2.7130,13.7759,6.0570,0.8333,0.15
6.3785,0.1000,0.0000,0.0000,0.0000,0.0000,0.0000,0.1216,-0.5607,-1.5557,0.1750,-0.0417,-0.9837,0.5068,-0.2365,-1.5303,0.9843,-1.1714,-0.5056,0.1799,1.2493,-0.9184,1.4662,0.1628,-0.0310,0.6514,0.6553,-0.1086,0.2094,-0.1008,0.4110,-0.2908,-0.4304,0.5000,-0.2000,-1.3328,1.1129,-1.2398,-0.4494,0.2000,1.4448,-0.9342,1.3842,120.1411,-2.5722,3.9853,-5.4741,4.1981,-0.4943,7.0457,-2.7661,13.7225,6.0098,0.8611,0.15
6.3985,0.1000,0.0000,0.0000,0.0000,0.0000,0.0000,0.1169,-0.4481,-1.7958,0.1681,-0.0381,-0.9850,0.5080,-0.2370,-1.5127,0.9944,-1.1749,-0.4991,0.1773,1.2605,-0.9234,1.4572,0.1202,-0.0465,0.8491,0.4924,-0.1435,0.2520,-0.1667,0.5467,-0.1939,-0.3722,0.5000,-0.2000,-1.3022,1.0839,-1.2432,-0.4402,0.2000,1.4652,-0.9322,1.3742,120.0490,-2.5536,3.9328,-5.3865,4.1735,-0.4022,7.1068,-2.8128,13.6834,5.9772,0.8889,0.16
6.4185,0.1000,0.0000,0.0000,0.0000,0.0000,0.0000,0.1141,-0.3249,-2.0299,0.1636,-0.0339,-0.9859,0.5089,-0.2381,-1.4915,0.9992,-1.1789,-0.4926,0.1746,1.2761,-0.9263,1.4482,0.1163,-0.0775,0.9500,0.2443,-0.1784,0.3722,-0.2210,0.7987,-0.0388,-0.4032,0.5000,-0.2000,-1.2717,1.0461,-1.2456,-0.4329,0.2000,1.4856,-0.9295,1.3641,120.0803,-2.6027,3.9134,-5.3273,4.2010,-0.3294,7.1502,-2.8514,13.6679,5.9662,0.9167,0.19
6.4385,0.1000,0.0000,0.0000,0.0000,0.0000,0.0000,0.1263,-0.2496,-2.2425,0.1599,-0.0294,-0.9867,0.5096,-0.2396,-1.4679,0.9988,-1.1826,-0.4866,0.1715,1.2945,-0.9267,1.4398,0.0039,-0.0310,1.1826,0.0427,-0.1241,0.2326,-0.1822,0.9151,0.0504,-0.3955,0.5000,-0.2000,-1.2411,1.0014,-1.2472,-0.4268,0.2000,1.5059,-0.9262,1.3541,120.2422,-2.7145,3.9184,-5.2933,4.2763,-0.2685,7.1724,-2.8817,13.6757,5.9785,0.9444,0.18
6.4595,0.1000,0.0000,0.0000,0.0000,0.0000,0.0000,0.1422,-0.1493,-2.4451,0.1584,-0.0254,-0.9870,0.5100,-0.2413,-1.4410,0.9930,-1.1866,-0.4805,0.1689,1.3169,-0.9247,1.4324,0.0349,-0.0582,1.2059,-0.2443,-0.1822,0.3490,-0.0892,1.1283,0.1784,-0.2869,0.5000,-0.2000,-1.2106,0.9519,-1.2483,-0.4234,0.2000,1.5263,-0.9223,1.3440,120.5606,-2.8872,3.9643,-5.2987,4.3982,-0.2343,7.1728,-2.8956,13.7101,6.0184,0.9722,0.14
6.4785,0.1000,0.0000,0.0000,0.0000,0.0000,0.0000,0.1431,-0.0739,-2.5885,0.1590,-0.0205,-0.9871,0.5102,-0.2429,-1.4108,0.9814,-1.1907,-0.4744,0.1669,1.3421,-0.9198,1.4253,0.0233,-0.0620,1.4463,-0.4343,-0.1396,0.2598,-0.1318,1.2757,0.3373,-0.3063,0.5000,-0.2000,-1.1800,0.9000,-1.2770,-0.4232,0.2000,1.5467,-0.9180,1.3340,121.0376,-3.1444,4.0470,-5.3447,4.5919,-0.2319,7.1429,-2.8991,13.7850,6.0830,0.0000,0.14
6.4994,0.1000,0.0000,0.0000,0.0000,0.0000,0.0000,0.1448,-0.0177,-2.7021,0.1605,-0.0148,-0.9869,0.5104,-0.2440,-1.3786,0.9637,-1.1955,-0.4690,0.1660,1.3688,-0.9125,1.4183,0.0155,-0.0078,1.5471,-0.8375,-0.2094,0.2559,-0.0504,1.2950,0.5041,-0.3451,0.5000,-0.2000,-1.2004,0.9052,-1.2699,-0.4256,0.2000,1.5670,-0.9133,1.3239,121.6716,-3.4595,4.1644,-5.4291,4.8223,-0.2559,7.0926,-2.8854,13.8895,6.1818,0.0278,0.14
6.5185,0.1000,0.0000,0.0000,0.0000,0.0000,0.0000,0.2394,0.0158,-2.7374,0.1629,-0.0111,-0.9866,0.5104,-0.2444,-1.3443,0.9405,-1.2049,-0.4645,0.1660,1.3970,-0.9036,1.4109,0.0310,0.0116,1.6363,-1.0430,-0.4653,0.1706,-0.0194,1.3571,0.3839,-0.3412,0.5000,-0.2000,-1.2207,0.9103,-1.2627,-0.4314,0.2000,1.5874,-0.9083,1.3139,122.4303,-3.7969,4.3138,-5.5551,5.0903,-0.3142,7.0195,-2.8520,14.0284,6.2983,0.0556,0.15
6.5385,0.1000,0.0000,0.0000,0.0000,0.0000,0.0000,0.3015,0.0812,-2.6802,0.1662,-0.0088,-0.9860,0.5108,-0.2442,-1.3159,0.9232,-1.2126,-0.4614,0.1664,1.4278,-0.8936,1.4034,0.0775,0.0233,1.2834,-0.6824,-0.2908,0.1822,-0.0078,1.3842,0.6126,-0.3684,0.5000,-0.2000,-1.2411,0.9152,-1.2556,-0.4392,0.2000,1.6078,-0.9031,1.3038,123.3227,-4.1823,4.4732,-5.6799,5.3823,-0.3918,6.9372,-2.8158,14.1791,6.4068,0.0833,0.15
6.5594,0.1000,0.0000,0.0000,0.0000,0.0000,0.0000,0.3067,0.0713,-2.6063,0.1685,-0.0073,-0.9857,0.5113,-0.2436,-1.2970,0.9118,-1.2167,-0.4591,0.1669,1.4571,-0.8820,1.3936,0.0388,0.0892,0.7677,-0.5234,-0.1473,0.0931,0.0388,1.4618,0.5506,-0.5196,0.5000,-0.2000,-1.2615,0.9198,-1.2485,-0.4464,0.2000,1.6078,-0.9209,1.3562,124.2578,-4.5206,4.6096,-5.7830,5.6413,-0.4639,6.8736,-2.7925,14.3365,6.4992,0.1111,0.15
6.5794,0.1000,0.0000,0.0000,0.0000,0.0000,0.0000,0.2341,0.1248,-2.4271,0.1711,-0.0049,-0.9852,0.5113,-0.2426,-1.2813,0.9043,-1.2184,-0.4579,0.1673,1.4918,-0.8703,1.3810,-0.0039,0.0853,0.7483,-0.2869,-0.0427,0.1241,-0.0543,1.4967,0.5157,-0.6669,0.5000,-0.2000,-1.2819,0.9239,-1.2414,-0.4532,0.2000,1.5772,-0.9722,1.3689,125.1447,-4.8809,4.7624,-5.9039,5.9156,-0.5325,6.7724,-2.7434,14.4867,6.6041,0.1389,0.14
6.5995,0.1000,0.0000,0.0000,0.0000,0.0000,0.0000,0.0930,0.0119,-2.0474,0.1717,-0.0011,-0.9851,0.5116,-0.2406,-1.2706,0.9004,-1.2184,-0.4563,0.1680,1.5205,-0.8636,1.3767,0.0155,0.1357,0.4963,-0.1473,-0.0078,0.1822,0.0116,1.3997,0.3179,-0.3063,0.5000,-0.2000,-1.3022,0.9276,-1.2342,-0.4618,0.2000,1.5467,-1.0200,1.3813,125.9103,-5.1900,4.9090,-6.0401,6.1470,-0.6178,6.6604,-2.6759,14.6032,6.7273,0.1667,0.14
6.6195,0.1000,0.0000,0.0000,0.0000,0.0000,0.0000,-0.0210,-0.3947,-1.3109,0.1631,0.0054,-0.9866,0.5116,-0.2390,-1.2635,0.8993,-1.2179,-0.4540,0.1679,1.5430,-0.8660,1.3723,-0.0116,0.1280,0.3916,-0.0039,-0.0116,0.2443,-0.0349,1.1167,-0.1939,-0.3102,0.5000,-0.2000,-1.3226,0.9306,-1.2271,-0.4746,0.2000,1.5161,-1.0621,1.3931,126.4203,-5.4501,5.0567,-6.2269,6.3584,-0.7460,6.5122,-2.5906,14.7158,6.8807,0.1944,0.14
6.6394,0.1000,0.0000,0.0000,0.0000,0.0000,0.0000,0.0076,-0.7355,-0.6137,0.1478,0.0083,-0.9890,0.5114,-0.2380,-1.2588,0.9010,-1.2171,-0.4521,0.1675,1.5588,-0.8774,1.3710,0.0620,0.0659,0.2598,0.2016,-0.0000,-0.0116,-0.0931,0.7018,-0.6320,-0.0775,0.5000,-0.2000,-1.3430,0.9331,-1.2200,-0.4850,0.2000,1.4856,-1.0966,1.4039,126.7223,-5.6787,5.2050,-6.4191,6.5339,-0.8497,6.3526,-2.4964,14.8012,7.0303,0.2222,0.15
6.6595,0.1000,0.0000,0.0000,0.0000,0.0000,0.0000,-0.0625,-0.9121,0.1270,0.1279,0.0107,-0.9917,0.5124,-0.2369,-1.2558,0.9048,-1.2160,-0.4555,0.1669,1.5656,-0.8951,1.3718,0.0853,0.0620,0.1822,0.2133,0.0504,-0.1512,-0.0931,0.2986,-0.7328,0.0000,0.5000,-0.2000,-1.3633,0.9348,-1.2128,-0.4937,0.2000,1.4550,-1.1217,1.4136,126.8359,-5.9278,5.3541,-6.5982,6.6896,-0.9373,6.1936,-2.3989,14.8388,7.1698,0.2500,0.14
6.6794,0.1000,0.0000,0.0000,0.0000,0.0000,0.0000,-0.0691,-0.9597,0.9046,0.1062,0.0116,-0.9943,0.5138,-0.2364,-1.2549,0.9101,-1.2143,-0.4596,0.1664,1.5660,-0.9174,1.3744,0.0659,0.0698,-0.0155,0.2443,0.1202,-0.1512,0.0233,0.0078,-1.0740,0.0775,0.5000,-0.2000,-1.3837,0.9358,-1.2057,-0.5000,0.2000,1.4244,-1.1364,1.4221,126.7915,-6.1450,5.4908,-6.7650,6.8173,-1.0207,6.0649,-2.3066,14.8352,7.2888,0.2778,0.15
6.6994,0.1000,0.0000,0.0000,0.0000,0.0000,0.0000,-0.0974,-0.9264,1.5715,0.0849,0.0108,-0.9963,0.5141,-0.2365,-1.2564,0.9144,-1.2118,-0.4647,0.1661,1.5601,-0.9412,1.3791,0.0931,-0.0039,-0.0659,0.1473,0.1512,-0.2133,-0.0582,-0.3257,-1.1128,0.2094,0.5000,-0.2000,-1.4041,0.9360,-1.1986,-0.5000,0.2000,1.3939,-1.1398,1.4293,126.6592,-6.3522,5.6214,-6.9263,6.9155,-1.0787,5.9496,-2.2167,14.8060,7.4052,0.3056,0.15
6.7194,0.1000,0.0000,0.0000,0.0000,0.0000,0.0000,-0.1272,-0.8418,2.1456,0.0655,0.0098,-0.9978,0.5139,-0.2365,-1.2621,0.9178,-1.2084,-0.4714,0.1659,1.5489,-0.9644,1.3854,-0.0039,0.0039,-0.3257,0.1628,0.2288,-0.3567,-0.0155,-0.5816,-0.9577,0.2792,0.5000,-0.2000,-1.4244,0.9355,-1.1914,-0.5000,0.2000,1.3633,-1.1318,1.4352,126.4552,-6.5048,5.7189,-7.0536,6.9718,-1.1150,5.8623,-2.1414,14.7608,7.4884,0.3333,0.15
6.7395,0.1000,0.0000,0.0000,0.0000,0.0000,0.0000,-0.1556,-0.6676,2.5341,0.0514,0.0098,-0.9986,0.5140,-0.2365,-1.2738,0.9200,-1.2037,-0.4779,0.1659,1.5302,-0.9837,1.3941,-0.0194,0.0814,-0.7212,0.0388,0.2094,-0.4575,-0.0155,-0.8220,-0.9228,0.3877,0.5000,-0.2000,-1.4448,0.9342,-1.1842,-0.5000,0.2000,1.3328,-1.1129,1.4398,126.2244,-6.5859,5.7837,-7.1337,6.9900,-1.1260,5.8005,-2.0832,14.7077,7.5391,0.3611,0.19
6.7594,0.1000,0.0000,0.0000,0.0000,0.0000,0.0000,-0.1901,-0.5005,2.7990,0.0407,0.0108,-0.9991,0.5144,-0.2365,-1.2890,0.9194,-1.1971,-0.4872,0.1660,1.5086,-0.9978,1.4039,0.0388,0.0039,-0.8414,-0.0931,0.3839,-0.4032,-0.0388,-1.1128,-0.6863,0.5545,0.5000,-0.2000,-1.4652,0.9322,-1.1742,-0.5000,0.2000,1.3022,-1.0839,1.4432,126.0113,-6.6369,5.8377,-7.1998,6.9884,-1.1329,5.7487,-2.0340,14.6551,7.5814,0.3889,0.19
6.7794,0.1000,0.0000,0.0000,0.0000,0.0000,0.0000,-0.1805,-0.3225,2.9114,0.0342,0.0116,-0.9993,0.5144,-0.2364,-1.3088,0.9168,-1.1896,-0.4944,0.1660,1.4815,-1.0063,1.4156,0.0814,0.0582,-0.9189,-0.1435,0.4032,-0.3335,-0.0194,-1.2834,-0.3412,0.5816,0.5000,-0.2000,-1.4856,0.9295,-1.1641,-0.5000,0.2000,1.2717,-1.0461,1.4456,125.7984,-6.6024,5.8558,-7.2335,6.9465,-1.1343,5.7324,-2.0119,14.6173,7.5898,0.4167,0.19
6.7994,0.1000,0.0000,0.0000,0.0000,0.0000,0.0000,-0.2158,-0.2073,2.9830,0.0314,0.0149,-0.9994,0.5143,-0.2361,-1.3328,0.9116,-1.1813,-0.4994,0.1659,1.4503,-1.0085,1.4268,0.0582,0.0504,-1.1942,-0.2482,0.4265,-0.1590,-0.0233,-1.4812,-0.0388,0.4692,0.5000,-0.2000,-1.5059,0.9262,-1.1541,-0.5000,0.2000,1.2411,-1.0014,1.4472,125.5547,-6.5245,5.8501,-7.2382,6.8789,-1.1387,5.7287,-1.9984,14.5692,7.5782,0.4444,0.18
6.8194,0.1000,0.0000,0.0000,0.0000,0.0000,0.0000,-0.1386,-0.1677,2.9784,0.0294,0.0189,-0.9994,0.5140,-0.2356,-1.3580,0.9046,-1.1722,-0.5028,0.1658,1.4190,-1.0054,1.4370,-0.0543,0.0775,-1.2563,-0.3839,0.4847,-0.0698,-0.0310,-1.5277,0.1512,0.3877,0.5000,-0.2000,-1.5263,0.9223,-1.1440,-0.5000,0.2000,1.2106,-0.9519,1.4483,125.2491,-6.3537,5.8124,-7.2283,6.7625,-1.1469,5.7553,-2.0060,14.5349,7.5461,0.4722,0.17
6.8395,0.1000,0.0000,0.0000,0.0000,0.0000,0.0000,0.1590,-0.0742,2.8815,0.0288,0.0190,-0.9994,0.5132,-0.2351,-1.3839,0.8951,-1.1659,-0.5044,0.1657,1.3860,-0.9950,1.4452,-0.0039,0.0271,-1.3610,-0.5118,0.1551,-0.0310,-0.0543,-1.5626,0.5467,0.3684,0.5000,-0.2000,-1.5467,0.9180,-1.1340,-0.5000,0.2000,1.1800,-0.9000,1.4770,124.8752,-6.0918,5.7670,-7.2274,6.5856,-1.1435,5.8057,-2.0146,14.4943,7.5060,0.5000,0.17
6.8594,0.1000,0.0000,0.0000,0.0000,0.0000,0.0000,0.3806,-0.0551,2.3211,0.0246,0.0128,-0.9996,0.5099,-0.2351,-1.4098,0.8868,-1.1663,-0.5049,0.1650,1.3512,-0.9775,1.4515,-0.3955,0.0194,-1.3338,-0.1900,-0.1939,-0.0271,-0.0969,-1.6711,0.8530,0.2869,0.5000,-0.2000,-1.5670,0.9133,-1.1239,-0.5000,0.2000,1.2004,-0.9052,1.4699,124.5564,-5.7544,5.6602,-7.1330,6.3907,-1.1064,5.8958,-2.0669,14.4769,7.3849,0.5278,0.16
6.8814,0.1000,0.0000,0.0000,0.0000,0.0000,0.0000,0.3234,0.0263,1.7734,0.0221,0.0082,-0.9997,0.5016,-0.2350,-1.4359,0.8842,-1.1691,-0.5038,0.1634,1.3167,-0.9544,1.4615,-0.3722,-0.0000,-1.2485,-0.0078,-0.0892,0.0659,-0.0427,-1.5432,1.0042,0.5932,0.5000,-0.2000,-1.5874,0.9083,-1.1139,-0.5000,0.2000,1.2207,-0.9103,1.4627,124.2689,-5.4000,5.5268,-6.9854,6.1703,-1.0573,5.9908,-2.1245,14.4235,7.2469,0.5556,0.16
6.9004,0.1000,0.0000,0.0000,0.0000,0.0000,0.0000,0.3318,0.2015,1.3777,0.0230,0.0022,-0.9997,0.4986,-0.2354,-1.4610,0.8836,-1.1712,-0.5039,0.1620,1.2901,-0.9345,1.4703,-0.0427,-0.0194,-1.0779,0.0078,-0.1900,-0.0388,-0.0543,-1.1438,0.8879,0.4265,0.5000,-0.2000,-1.6078,0.9031,-1.1038,-0.5000,0.2000,1.2411,-0.9152,1.4556,123.9403,-5.0066,5.3824,-6.8514,5.9311,-1.0059,6.1011,-2.1886,14.3830,7.1139,0.5833,0.16
6.9215,0.1000,0.0000,0.0000,0.0000,0.0000,0.0000,0.2709,0.4225,0.9086,0.0278,-0.0036,-0.9996,0.4974,-0.2359,-1.4859,0.8829,-1.1720,-0.5047,0.1619,1.2750,-0.9188,1.4773,-0.1086,-0.0233,-1.1128,0.0078,0.0155,-0.0582,-0.0271,-0.7406,0.8065,0.3722,0.5000,-0.2000,-1.6078,0.9209,-1.1562,-0.4939,0.2000,1.2615,-0.9198,1.4485,123.5892,-4.6383,5.2209,-6.6904,5.6888,-0.9389,6.2131,-2.2549,14.3355,6.9645,0.6111,0.17
6.9414,0.1000,0.0000,0.0000,0.0000,0.0000,0.0000,0.2409,0.6216,0.5608,0.0387,-0.0094,-0.9992,0.4967,-0.2366,-1.5074,0.8825,-1.1708,-0.5051,0.1626,1.2670,-0.9039,1.4827,-0.0000,-0.0310,-0.9461,-0.0000,0.1628,0.0039,0.0543,-0.3839,0.6747,0.1822,0.5000,-0.2000,-1.5772,0.9722,-1.1689,-0.4881,0.2000,1.2819,-0.9239,1.4414,123.1920,-4.2880,5.0626,-6.5447,5.4566,-0.8812,6.3187,-2.3136,14.2834,6.8281,0.6389,0.16
6.9604,0.1000,0.0000,0.0000,0.0000,0.0000,0.0000,0.2200,0.6221,0.3032,0.0526,-0.0169,-0.9985,0.4968,-0.2373,-1.5276,0.8848,-1.1750,-0.5048,0.1645,1.2657,-0.8915,1.4865,0.0116,-0.0194,-0.9383,0.1202,-0.1280,0.0427,0.1435,0.0039,0.6243,0.0892,0.5000,-0.2000,-1.5467,1.0200,-1.1813,-0.4824,0.2000,1.3022,-0.9276,1.4342,122.6852,-3.9037,4.8890,-6.4010,5.1738,-0.8243,6.4287,-2.3664,14.2081,6.6918,0.6667,0.16
6.9804,0.1000,0.0000,0.0000,0.0000,0.0000,0.0000,0.1837,0.2030,-0.0395,0.0588,-0.0245,-0.9980,0.4967,-0.2380,-1.5419,0.8960,-1.1789,-0.5037,0.1668,1.2679,-0.8812,1.4890,-0.0116,-0.0388,-0.7755,0.4537,-0.1202,0.0465,0.1202,0.0388,0.5777,0.1551,0.5000,-0.2000,-1.5161,1.0621,-1.1931,-0.4746,0.2000,1.3226,-0.9306,1.4271,122.1720,-3.5023,4.6840,-6.2351,4.8475,-0.7462,6.5474,-2.4389,14.1383,6.5544,0.6944,0.15
7.0014,0.1000,0.0000,0.0000,0.0000,0.0000,0.0000,0.0971,-0.1740,-0.4409,0.0559,-0.0307,-0.9980,0.4960,-0.2393,-1.5506,0.9109,-1.1819,-0.5017,0.1695,1.2710,-0.8727,1.4899,-0.0233,-0.0465,-0.4769,0.7134,-0.2016,0.0853,0.1512,0.0194,0.4071,-0.0310,0.5000,-0.2000,-1.4856,1.0966,-1.2039,-0.4636,0.2000,1.3430,-0.9331,1.4200,121.6866,-3.1291,4.4710,-6.0529,4.5373,-0.6365,6.6729,-2.5224,14.0699,6.4189,0.7222,0.15
7.0215,0.1000,0.0000,0.0000,0.0000,0.0000,0.0000,0.0243,-0.2817,-0.8958,0.0499,-0.0343,-0.9982,0.4952,-0.2401,-1.5523,0.9320,-1.1860,-0.4988,0.1715,1.2736,-0.8682,1.4891,-0.0465,0.0427,-0.1202,1.0081,-0.1939,0.1512,0.0931,0.0271,0.1047,-0.0582,0.5000,-0.2000,-1.4550,1.1217,-1.2136,-0.4507,0.2000,1.3633,-0.9348,1.4128,121.2771,-2.8082,4.2731,-5.8600,4.2818,-0.5069,6.8114,-2.6096,13.9887,6.2770,0.7500,0.16
7.0404,0.1000,0.0000,0.0000,0.0000,0.0000,0.0000,0.0137,-0.2677,-1.3446,0.0447,-0.0350,-0.9984,0.4942,-0.2404,-1.5481,0.9562,-1.1921,-0.4933,0.1740,1.2767,-0.8677,1.4860,-0.0737,-0.0194,0.1280,1.0973,-0.2055,0.2947,0.1124,0.1396,0.0116,-0.1706,0.5000,-0.2000,-1.4244,1.1364,-1.2221,-0.4373,0.2000,1.3837,-0.9358,1.4057,120.9519,-2.5342,4.1074,-5.6888,4.0601,-0.3728,6.9506,-2.6902,13.9123,6.1540,0.7778,0.22
7.0614,0.1000,0.0000,0.0000,0.0000,0.0000,0.0000,0.1463,-0.2859,-1.5683,0.0389,-0.0395,-0.9985,0.4936,-0.2405,-1.5383,0.9803,-1.1960,-0.4854,0.1761,1.2815,-0.8679,1.4815,0.0388,-0.0271,0.3451,1.0081,-0.1241,0.4498,0.0737,0.1396,0.0582,-0.2443,0.5000,-0.2000,-1.3939,1.1398,-1.2293,-0.4264,0.2000,1.4041,-0.9360,1.3986,120.6622,-2.2981,3.9776,-5.5761,3.8598,-0.2645,7.0777,-2.7550,13.8475,6.0821,0.8056,0.17
7.0815,0.1000,0.0000,0.0000,0.0000,0.0000,0.0000,0.1438,-0.2260,-1.4451,0.0356,-0.0448,-0.9984,0.4946,-0.2407,-1.5260,0.9991,-1.1980,-0.4736,0.1779,1.2874,-0.8684,1.4757,0.1047,-0.0000,0.6204,0.9228,-0.0078,0.4730,0.0155,0.2830,-0.0620,-0.2714,0.5000,-0.2000,-1.3633,1.1318,-1.2352,-0.4208,0.2000,1.4244,-0.9355,1.3914,120.2848,-2.1962,3.8913,-5.4945,3.7645,-0.2075,7.1316,-2.7885,13.7694,6.0447,0.8333,0.16
7.1005,0.1000,0.0000,0.0000,0.0000,0.0000,0.0000,0.0831,-0.2216,-1.4636,0.0326,-0.0480,-0.9983,0.4972,-0.2407,-1.5097,1.0145,-1.1991,-0.4639,0.1783,1.2974,-0.8703,1.4684,0.1357,0.0194,0.6708,0.7057,0.0039,0.4343,-0.0271,0.4381,-0.0737,-0.4188,0.5000,-0.2000,-1.3328,1.1129,-1.2398,-0.4159,0.2000,1.4448,-0.9342,1.3842,119.9526,-2.1641,3.8186,-5.4104,3.7210,-0.1594,7.1786,-2.8292,13.7143,6.0109,0.8611,0.16
7.1214,0.1000,0.0000,0.0000,0.0000,0.0000,0.0000,0.0461,-0.1827,-1.5390,0.0301,-0.0497,-0.9983,0.4986,-0.2407,-1.4925,1.0244,-1.1996,-0.4558,0.1781,1.3085,-0.8733,1.4601,0.0737,0.0620,0.8491,0.4188,0.0504,0.3412,-0.0310,0.4885,-0.2326,-0.4653,0.5000,-0.2000,-1.3022,1.0839,-1.2432,-0.4110,0.2000,1.4652,-0.9322,1.3742,119.6953,-2.1789,3.7668,-5.3351,3.7282,-0.1103,7.2156,-2.8653,13.6680,5.9882,0.8889,0.16
7.1404,0.1000,0.0000,0.0000,0.0000,0.0000,0.0000,-0.0105,-0.0786,-1.5791,0.0292,-0.0503,-0.9983,0.4998,-0.2408,-1.4719,1.0270,-1.2001,-0.4482,0.1776,1.3227,-0.8767,1.4501,0.0194,-0.0194,0.9732,0.1396,0.0039,0.3102,-0.0233,0.6785,-0.1590,-0.4343,0.5000,-0.2000,-1.2717,1.0461,-1.2456,-0.4076,0.2000,1.4856,-0.9295,1.3641,119.5222,-2.2694,3.7615,-5.2949,3.7923,-0.0756,7.2183,-2.8815,13.6351,5.9865,0.9167,0.16
7.1604,0.1000,0.0000,0.0000,0.0000,0.0000,0.0000,-0.0544,-0.0049,-1.6136,0.0301,-0.0482,-0.9984,0.5007,-0.2409,-1.4478,1.0240,-1.2007,-0.4416,0.1768,1.3374,-0.8794,1.4399,0.1008,0.0194,1.1671,-0.1357,0.1202,0.3024,-0.1086,0.7251,-0.1047,-0.4847,0.5000,-0.2000,-1.2411,1.0014,-1.2472,-0.4070,0.2000,1.5059,-0.9262,1.3541,119.5087,-2.4356,3.7874,-5.2826,3.9232,-0.0699,7.2078,-2.8967,13.6310,6.0073,0.9444,0.15
7.1804,0.1000,0.0000,0.0000,0.0000,0.0000,0.0000,-0.0863,0.0777,-1.6680,0.0327,-0.0455,-0.9984,0.5015,-0.2411,-1.4221,1.0148,-1.2018,-0.4361,0.1755,1.3552,-0.8815,1.4291,0.0698,0.0465,1.3571,-0.3839,-0.1008,0.3373,-0.1241,0.7871,-0.1396,-0.5157,0.5000,-0.2000,-1.2106,0.9519,-1.2483,-0.4081,0.2000,1.5263,-0.9223,1.3440,119.6276,-2.6503,3.8472,-5.2992,4.1075,-0.0811,7.1735,-2.8957,13.6503,6.0445,0.9722,0.14
7.2014,0.1000,0.0000,0.0000,0.0000,0.0000,0.0000,-0.1624,0.1627,-1.7140,0.0363,-0.0412,-0.9985,0.5021,-0.2413,-1.3942,0.9994,-1.2031,-0.4317,0.1739,1.3744,-0.8822,1.4173,0.0620,-0.0116,1.3222,-0.7445,-0.0465,0.2559,-0.1357,0.9034,0.0465,-0.5777,0.5000,-0.2000,-1.1800,0.9000,-1.2770,-0.4114,0.2000,1.5467,-0.9180,1.3340,119.9297,-2.9485,3.9463,-5.3470,4.3374,-0.1137,7.1157,-2.8865,13.7044,6.1069,0.0000,0.15
7.2204,0.1000,0.0000,0.0000,0.0000,0.0000,0.0000,-0.2164,0.2575,-1.7033,0.0419,-0.0358,-0.9985,0.5023,-0.2415,-1.3644,0.9781,-1.2044,-0.4277,0.1726,1.3965,-0.8822,1.4048,0.0271,-0.0000,1.4501,-1.0585,0.0039,0.1590,-0.0737,0.9383,0.0233,-0.6165,0.5000,-0.2000,-1.2004,0.9052,-1.2699,-0.4174,0.2000,1.5670,-0.9133,1.3239,120.3896,-3.3042,4.0775,-5.4300,4.6223,-0.1740,7.0381,-2.8641,13.7873,6.1932,0.0278,0.14
7.2414,0.1000,0.0000,0.0000,0.0000,0.0000,0.0000,-0.1864,0.3660,-1.6232,0.0498,-0.0312,-0.9983,0.5025,-0.2418,-1.3341,0.9499,-1.2119,-0.4249,0.1711,1.4172,-0.8813,1.3919,0.0155,0.0039,1.4075,-1.2912,-0.2326,0.2016,-0.1202,1.0353,0.0775,-0.6979,0.5000,-0.2000,-1.2207,0.9103,-1.2627,-0.4272,0.2000,1.5874,-0.9083,1.3139,120.9772,-3.6831,4.2496,-5.5612,4.9376,-0.2720,6.9439,-2.8200,13.8968,6.3008,0.0556,0.14
7.2614,0.1000,0.0000,0.0000,0.0000,0.0000,0.0000,-0.1247,0.4873,-1.4062,0.0593,-0.0266,-0.9979,0.5034,-0.2420,-1.3077,0.9251,-1.2160,-0.4236,0.1699,1.4430,-0.8794,1.3781,0.0698,0.0388,1.0314,-1.0430,-0.1047,0.0814,-0.0427,1.1051,0.1124,-0.6243,0.5000,-0.2000,-1.2411,0.9152,-1.2556,-0.4389,0.2000,1.6078,-0.9031,1.3038,121.6668,-4.0999,4.4357,-5.7052,5.2725,-0.3894,6.8276,-2.7606,14.0155,6.4159,0.0833,0.14
7.2814,0.1000,0.0000,0.0000,0.0000,0.0000,0.0000,-0.0807,0.5571,-1.1649,0.0705,-0.0226,-0.9973,0.5042,-0.2418,-1.2914,0.9079,-1.2171,-0.4237,0.1689,1.4679,-0.8775,1.3646,0.0465,-0.0194,0.7716,-0.7522,-0.0116,-0.0000,0.0194,1.2097,0.0698,-0.6514,0.5000,-0.2000,-1.2615,0.9198,-1.2485,-0.4508,0.2000,1.6078,-0.9209,1.3562,122.3904,-4.5011,4.6117,-5.8415,5.5992,-0.5084,6.7117,-2.7049,14.1464,6.5206,0.1111,0.14
7.3015,0.1000,0.0000,0.0000,0.0000,0.0000,0.0000,-0.0794,0.5319,-0.9748,0.0817,-0.0165,-0.9965,0.5046,-0.2408,-1.2817,0.8947,-1.2164,-0.4261,0.1678,1.4941,-0.8761,1.3510,0.0388,0.1396,0.3567,-0.5816,0.1202,-0.0620,-0.1086,1.1904,0.0349,-0.6514,0.5000,-0.2000,-1.2819,0.9239,-1.2414,-0.4604,0.2000,1.5772,-0.9722,1.3689,123.1326,-4.8509,4.7638,-5.9604,5.8724,-0.6037,6.6144,-2.6555,14.2714,6.6185,0.1389,0.14
7.3214,0.1000,0.0000,0.0000,0.0000,0.0000,0.0000,-0.1179,0.4264,-0.7903,0.0908,-0.0098,-0.9958,0.5052,-0.2392,-1.2780,0.8847,-1.2141,-0.4313,0.1665,1.5168,-0.8769,1.3496,-0.0039,0.1163,0.1047,-0.4885,0.1357,-0.2482,-0.1357,0.9189,-0.0271,-0.0892,0.5000,-0.2000,-1.3022,0.9276,-1.2342,-0.4670,0.2000,1.5467,-1.0200,1.3813,123.8540,-5.1540,4.9106,-6.0877,6.0986,-0.6696,6.5020,-2.5876,14.3805,6.7336,0.1667,0.15
7.3414,0.1000,0.0000,0.0000,0.0000,0.0000,0.0000,-0.1677,0.2068,-0.4721,0.0959,-0.0019,-0.9954,0.5059,-0.2373,-1.2775,0.8780,-1.2098,-0.4374,0.1655,1.5317,-0.8849,1.3504,0.0775,0.0737,0.1357,-0.2637,0.2249,-0.2559,-0.0659,0.7949,-0.3567,0.0039,0.5000,-0.2000,-1.3226,0.9306,-1.2271,-0.4750,0.2000,1.5161,-1.0621,1.3931,124.5040,-5.4388,5.0473,-6.2206,6.3234,-0.7503,6.3800,-2.5248,14.4985,6.8471,0.1944,0.15
7.3624,0.1000,0.0000,0.0000,0.0000,0.0000,0.0000,-0.1619,-0.1195,0.0390,0.0947,0.0046,-0.9955,0.5065,-0.2359,-1.2777,0.8746,-1.2055,-0.4427,0.1648,1.5417,-0.8996,1.3543,-0.0271,0.0582,0.0000,-0.1396,0.1667,-0.1628,-0.0388,0.4847,-0.6940,0.2055,0.5000,-0.2000,-1.3430,0.9331,-1.2200,-0.4837,0.2000,1.4856,-1.0966,1.4039,124.9847,-5.6749,5.1876,-6.3830,6.5007,-0.8374,6.2545,-2.4425,14.5848,6.9762,0.2222,0.14
7.3814,0.1000,0.0000,0.0000,0.0000,0.0000,0.0000,-0.1669,-0.3687,0.5595,0.0872,0.0098,-0.9961,0.5075,-0.2351,-1.2788,0.8743,-1.2019,-0.4481,0.1644,1.5462,-0.9200,1.3613,0.0543,0.0814,-0.0310,0.0078,0.1241,-0.2404,0.0078,0.2637,-0.8918,0.3102,0.5000,-0.2000,-1.3633,0.9348,-1.2128,-0.4905,0.2000,1.4550,-1.1217,1.4136,125.3180,-5.8899,5.3180,-6.5427,6.6423,-0.9055,6.1302,-2.3638,14.6467,7.1030,0.2500,0.14
7.4014,0.1000,0.0000,0.0000,0.0000,0.0000,0.0000,-0.1711,-0.4365,1.0058,0.0780,0.0142,-0.9969,0.5086,-0.2347,-1.2811,0.8763,-1.1982,-0.4540,0.1643,1.5444,-0.9409,1.3701,0.0775,0.0194,0.0194,0.1900,0.1086,-0.3451,0.0194,-0.1318,-0.9151,0.3839,0.5000,-0.2000,-1.3837,0.9358,-1.2057,-0.4950,0.2000,1.4244,-1.1364,1.4221,125.5774,-6.1264,5.4501,-6.6933,6.7832,-0.9498,6.0126,-2.2837,14.6819,7.2184,0.2778,0.14
7.4214,0.1000,0.0000,0.0000,0.0000,0.0000,0.0000,-0.1741,-0.4359,1.3541,0.0692,0.0175,-0.9974,0.5091,-0.2347,-1.2847,0.8794,-1.1946,-0.4616,0.1643,1.5373,-0.9628,1.3811,0.0504,-0.0271,-0.2365,0.2133,0.2016,-0.3451,-0.0659,-0.3761,-0.9500,0.4769,0.5000,-0.2000,-1.4041,0.9360,-1.1986,-0.4986,0.2000,1.3939,-1.1398,1.4293,125.8074,-6.3192,5.5644,-6.8182,6.8942,-0.9855,5.9272,-2.2204,14.7128,7.3094,0.3056,0.13
7.4414,0.1000,0.0000,0.0000,0.0000,0.0000,0.0000,-0.1705,-0.3885,1.5870,0.0621,0.0200,-0.9979,0.5098,-0.2348,-1.2914,0.8830,-1.1909,-0.4717,0.1645,1.5258,-0.9823,1.3929,0.0388,-0.0039,-0.3335,0.1667,0.1357,-0.4575,0.0000,-0.6281,-0.8647,0.4885,0.5000,-0.2000,-1.4244,0.9355,-1.1914,-0.4995,0.2000,1.3633,-1.1318,1.4352,125.9909,-6.4440,5.6544,-6.9211,6.9554,-0.9949,5.8602,-2.1656,14.7328,7.3844,0.3333,0.14
7.4614,0.1000,0.0000,0.0000,0.0000,0.0000,0.0000,-0.1572,-0.3086,1.7932,0.0567,0.0214,-0.9982,0.5110,-0.2348,-1.3024,0.8866,-1.1871,-0.4812,0.1647,1.5092,-0.9981,1.4051,0.0698,0.0349,-0.5351,0.1473,0.1784,-0.4459,-0.0078,-0.8220,-0.6979,0.5816,0.5000,-0.2000,-1.4448,0.9342,-1.1842,-0.5000,0.2000,1.3328,-1.1129,1.4398,126.1233,-6.5067,5.7226,-7.0043,6.9746,-1.0026,5.8194,-2.1219,14.7340,7.4389,0.3611,0.14
7.4814,0.1000,0.0000,0.0000,0.0000,0.0000,0.0000,-0.1382,-0.2146,1.9550,0.0534,0.0221,-0.9983,0.5122,-0.2349,-1.3155,0.8895,-1.1831,-0.4901,0.1650,1.4890,-1.0092,1.4179,0.1280,0.0388,-0.7251,0.1124,0.2365,-0.3218,-0.0388,-0.9965,-0.5351,0.6320,0.5000,-0.2000,-1.4652,0.9322,-1.1742,-0.5000,0.2000,1.3022,-1.0839,1.4432,126.2045,-6.5262,5.7748,-7.0718,6.9684,-1.0143,5.7929,-2.0868,14.7240,7.4802,0.3889,0.14
7.5016,0.1000,0.0000,0.0000,0.0000,0.0000,0.0000,-0.1272,-0.1021,2.0814,0.0524,0.0224,-0.9984,0.5130,-0.2350,-1.3317,0.8910,-1.1784,-0.4970,0.1650,1.4659,-1.0145,1.4298,0.0659,0.0543,-0.8259,0.0349,0.2714,-0.2559,0.0078,-1.1012,-0.2171,0.5777,0.5000,-0.2000,-1.4856,0.9295,-1.1641,-0.5000,0.2000,1.2717,-1.0461,1.4456,126.1975,-6.4988,5.8039,-7.1217,6.9313,-1.0263,5.7817,-2.0622,14.7050,7.5030,0.4167,0.14
7.5214,0.1000,0.0000,0.0000,0.0000,0.0000,0.0000,-0.0949,-0.0130,2.1845,0.0534,0.0223,-0.9983,0.5135,-0.2350,-1.3502,0.8907,-1.1727,-0.5015,0.1651,1.4399,-1.0142,1.4406,0.0388,-0.0000,-0.8569,-0.0310,0.3412,-0.1900,-0.0504,-1.2679,0.0427,0.5041,0.5000,-0.2000,-1.5059,0.9262,-1.1541,-0.5000,0.2000,1.2411,-1.0014,1.4472,126.1094,-6.4365,5.8154,-7.1571,6.8802,-1.0451,5.7790,-2.0454,14.6791,7.5109,0.4444,0.15
7.5414,0.1000,0.0000,0.0000,0.0000,0.0000,0.0000,-0.0324,0.0404,2.2407,0.0551,0.0210,-0.9983,0.5136,-0.2350,-1.3708,0.8892,-1.1665,-0.5045,0.1651,1.4121,-1.0079,1.4498,0.0620,-0.0116,-0.9306,-0.0388,0.2326,-0.0814,-0.0078,-1.3222,0.2792,0.3761,0.5000,-0.2000,-1.5263,0.9223,-1.1440,-0.5000,0.2000,1.2106,-0.9519,1.4483,125.9155,-6.2983,5.7967,-7.1667,6.7879,-1.0681,5.7981,-2.0426,14.6455,7.4919,0.4722,0.14
7.5614,0.1000,0.0000,0.0000,0.0000,0.0000,0.0000,0.0983,0.1273,2.2046,0.0577,0.0182,-0.9982,0.5132,-0.2349,-1.3932,0.8866,-1.1610,-0.5065,0.1651,1.3819,-0.9946,1.4571,-0.0000,0.0310,-1.0236,-0.1086,0.1861,-0.1473,-0.0388,-1.4889,0.6824,0.3102,0.5000,-0.2000,-1.5467,0.9180,-1.1340,-0.5000,0.2000,1.1800,-0.9000,1.4770,125.6375,-6.0998,5.7550,-7.1595,6.6553,-1.0831,5.8412,-2.0502,14.6016,7.4532,0.5000,0.14
7.5814,0.1000,0.0000,0.0000,0.0000,0.0000,0.0000,0.2758,0.2539,2.0290,0.0613,0.0126,-0.9980,0.5118,-0.2349,-1.4164,0.8832,-1.1585,-0.5078,0.1649,1.3494,-0.9753,1.4633,-0.1163,0.0388,-1.1438,-0.1241,0.0853,-0.0659,-0.0427,-1.4501,0.9151,0.2947,0.5000,-0.2000,-1.5670,0.9133,-1.1239,-0.5000,0.2000,1.2004,-0.9052,1.4699,125.3055,-5.8395,5.6859,-7.1167,6.5002,-1.1013,5.9130,-2.0760,14.5562,7.3774,0.5278,0.13
7.6024,0.1000,0.0000,0.0000,0.0000,0.0000,0.0000,0.3327,0.3770,1.6051,0.0656,0.0066,-0.9978,0.5085,-0.2349,-1.4405,0.8812,-1.1581,-0.5081,0.1644,1.3161,-0.9503,1.4733,-0.2714,0.0969,-1.1632,-0.0194,0.0233,0.0155,-0.0388,-1.6711,1.1632,0.4459,0.5000,-0.2000,-1.5874,0.9083,-1.1139,-0.5000,0.2000,1.2207,-0.9103,1.4627,124.9986,-5.5462,5.5821,-7.0132,6.3304,-1.0940,5.9995,-2.1194,14.5047,7.2640,0.5556,0.14
7.6224,0.1000,0.0000,0.0000,0.0000,0.0000,0.0000,0.2510,0.5223,1.1744,0.0733,0.0007,-0.9973,0.5037,-0.2352,-1.4646,0.8804,-1.1587,-0.5081,0.1637,1.2917,-0.9284,1.4821,-0.1745,-0.0194,-1.0779,0.0039,0.0233,0.0310,-0.0310,-0.9887,1.0120,0.3916,0.5000,-0.2000,-1.6078,0.9031,-1.1038,-0.5000,0.2000,1.2411,-0.9152,1.4556,124.6531,-5.2099,5.4435,-6.8682,6.1381,-1.0748,6.0969,-2.1831,14.4654,7.1196,0.5833,0.13
7.6424,0.1000,0.0000,0.0000,0.0000,0.0000,0.0000,0.2466,0.6970,0.7994,0.0838,-0.0061,-0.9965,0.5018,-0.2357,-1.4875,0.8803,-1.1589,-0.5089,0.1639,1.2767,-0.9104,1.4892,-0.0543,0.0116,-1.0508,-0.0000,-0.0000,-0.0465,0.0000,-0.6475,0.7987,0.3218,0.5000,-0.2000,-1.6078,0.9209,-1.1562,-0.5000,0.2000,1.2615,-0.9198,1.4485,124.2512,-4.8412,5.2943,-6.7256,5.9113,-1.0328,6.1998,-2.2378,14.4098,6.9798,0.6111,0.14
7.6624,0.1000,0.0000,0.0000,0.0000,0.0000,0.0000,0.2306,0.8642,0.4914,0.0990,-0.0137,-0.9950,0.5012,-0.2367,-1.5099,0.8807,-1.1576,-0.5096,0.1651,1.2692,-0.8955,1.4952,0.0388,-0.0853,-1.0197,0.0116,0.1551,0.0465,-0.0039,-0.3063,0.7406,0.2792,0.5000,-0.2000,-1.5772,0.9722,-1.1689,-0.4993,0.2000,1.2819,-0.9239,1.4414,123.8157,-4.5086,5.1474,-6.5916,5.6855,-0.9930,6.2955,-2.2870,14.3447,6.8485,0.6389,0.14
7.6824,0.1000,0.0000,0.0000,0.0000,0.0000,0.0000,0.1724,0.8724,0.2928,0.1173,-0.0202,-0.9929,0.5010,-0.2375,-1.5297,0.8842,-1.1626,-0.5101,0.1670,1.2673,-0.8821,1.5001,0.0582,-0.0543,-0.9810,0.2714,-0.2249,-0.0388,0.0969,-0.0543,0.6902,0.2171,0.5000,-0.2000,-1.5467,1.0200,-1.1813,-0.4948,0.2000,1.3022,-0.9276,1.4342,123.2694,-4.1537,4.9808,-6.4502,5.4261,-0.9481,6.3872,-2.3292,14.2517,6.7147,0.6667,0.16
7.7024,0.1000,0.0000,0.0000,0.0000,0.0000,0.0000,0.1869,0.4811,0.0026,0.1283,-0.0276,-0.9914,0.5012,-0.2384,-1.5419,0.8947,-1.1673,-0.5108,0.1698,1.2691,-0.8703,1.5034,-0.0194,-0.0504,-0.6747,0.4343,-0.1512,-0.0194,0.1047,0.0659,0.6514,0.0737,0.5000,-0.2000,-1.5161,1.0621,-1.1931,-0.4903,0.2000,1.3226,-0.9306,1.4271,122.7153,-3.7747,4.7908,-6.3090,5.1294,-0.9027,6.5029,-2.4000,14.1881,6.5895,0.6944,0.15
7.7224,0.1000,0.0000,0.0000,0.0000,0.0000,0.0000,0.1468,0.1061,-0.3562,0.1307,-0.0323,-0.9909,0.5010,-0.2395,-1.5512,0.9098,-1.1710,-0.5106,0.1716,1.2720,-0.8612,1.5050,-0.0349,-0.0039,-0.4459,0.6824,-0.1047,0.0233,0.0892,-0.0465,0.3994,0.0543,0.5000,-0.2000,-1.4856,1.0966,-1.2039,-0.4821,0.2000,1.3430,-0.9331,1.4200,122.1944,-3.4239,4.5894,-6.1402,4.8407,-0.8209,6.6177,-2.4756,14.1118,6.4634,0.7222,0.15
7.7424,0.1000,0.0000,0.0000,0.0000,0.0000,0.0000,0.2306,0.0236,-0.6380,0.1314,-0.0384,-0.9906,0.5014,-0.2402,-1.5534,0.9285,-1.1742,-0.5099,0.1736,1.2742,-0.8574,1.5048,0.0349,0.0427,-0.1047,0.8685,-0.0388,0.0931,0.1202,0.0000,0.0620,-0.0504,0.5000,-0.2000,-1.4550,1.1217,-1.2136,-0.4736,0.2000,1.3633,-0.9348,1.4128,121.7079,-3.1166,4.4180,-5.9951,4.6034,-0.7360,6.7382,-2.5453,14.0348,6.3499,0.7500,0.14
7.7624,0.1000,0.0000,0.0000,0.0000,0.0000,0.0000,0.2233,0.0383,-0.7997,0.1329,-0.0437,-0.9902,0.5028,-0.2408,-1.5505,0.9488,-1.1762,-0.5076,0.1749,1.2761,-0.8574,1.5029,0.1512,-0.0504,0.1163,0.9616,-0.0000,0.2055,0.0465,0.0271,-0.0000,-0.1473,0.5000,-0.2000,-1.4244,1.1364,-1.2221,-0.4663,0.2000,1.3837,-0.9358,1.4057,121.2538,-2.9159,4.2877,-5.8703,4.4364,-0.6629,6.8228,-2.5967,13.9508,6.2609,0.7778,0.14
7.7824,0.1000,0.0000,0.0000,0.0000,0.0000,0.0000,0.2073,-0.0054,-0.9553,0.1339,-0.0473,-0.9899,0.5043,-0.2407,-1.5443,0.9687,-1.1774,-0.5033,0.1754,1.2801,-0.8597,1.4987,0.1628,0.0853,0.2443,0.8647,-0.0388,0.2404,-0.0388,0.0892,-0.0892,-0.2598,0.5000,-0.2000,-1.3939,1.1398,-1.2293,-0.4592,0.2000,1.4041,-0.9360,1.3986,120.8303,-2.7350,4.1564,-5.7433,4.2841,-0.5922,6.9225,-2.6574,13.8743,6.1801,0.8056,0.14
7.8024,0.1000,0.0000,0.0000,0.0000,0.0000,0.0000,0.2068,-0.0365,-1.1215,0.1335,-0.0497,-0.9898,0.5061,-0.2407,-1.5347,0.9855,-1.1787,-0.4990,0.1753,1.2859,-0.8636,1.4929,0.1202,0.0427,0.3490,0.8298,-0.0775,0.1784,-0.0427,0.2482,-0.1396,-0.2443,0.5000,-0.2000,-1.3633,1.1318,-1.2352,-0.4515,0.2000,1.4244,-0.9355,1.3914,120.4496,-2.6065,4.0503,-5.6278,4.1707,-0.5153,6.9969,-2.7077,13.8029,6.1133,0.8333,0.14
7.8224,0.1000,0.0000,0.0000,0.0000,0.0000,0.0000,0.1968,0.0525,-1.3256,0.1346,-0.0511,-0.9896,0.5074,-0.2407,-1.5214,0.9982,-1.1801,-0.4951,0.1745,1.2937,-0.8679,1.4858,0.0427,0.0078,0.6940,0.6049,0.0194,0.1706,-0.0737,0.3490,-0.1900,-0.3567,0.5000,-0.2000,-1.3328,1.1129,-1.2398,-0.4447,0.2000,1.4448,-0.9342,1.3842,120.1695,-2.5647,3.9779,-5.5287,4.1362,-0.4468,7.0546,-2.7546,13.7470,6.0668,0.8611,0.15
7.8424,0.1000,0.0000,0.0000,0.0000,0.0000,0.0000,0.1797,0.1571,-1.5757,0.1381,-0.0507,-0.9891,0.5089,-0.2407,-1.5040,1.0065,-1.1814,-0.4916,0.1734,1.3049,-0.8724,1.4776,0.1357,0.0349,0.7987,0.4071,-0.0039,0.1280,-0.0814,0.5312,-0.2404,-0.4692,0.5000,-0.2000,-1.3022,1.0839,-1.2432,-0.4381,0.2000,1.4652,-0.9322,1.3742,120.0344,-2.5788,3.9301,-5.4404,4.1487,-0.3812,7.1038,-2.7981,13.7080,6.0308,0.8889,0.14
7.8624,0.1000,0.0000,0.0000,0.0000,0.0000,0.0000,0.1785,0.2533,-1.8099,0.1433,-0.0491,-0.9885,0.5100,-0.2408,-1.4825,1.0101,-1.1836,-0.4881,0.1722,1.3200,-0.8762,1.4693,0.0427,0.0931,1.0702,0.2016,-0.0349,0.1667,-0.0582,0.7794,-0.1590,-0.3955,0.5000,-0.2000,-1.2717,1.0461,-1.2456,-0.4329,0.2000,1.4856,-0.9295,1.3641,120.0258,-2.6478,3.9158,-5.3826,4.2004,-0.3290,7.1391,-2.8311,13.6817,6.0171,0.9167,0.14
7.8824,0.1000,0.0000,0.0000,0.0000,0.0000,0.0000,0.1707,0.3638,-2.0509,0.1506,-0.0467,-0.9875,0.5108,-0.2410,-1.4595,1.0096,-1.1861,-0.4837,0.1703,1.3365,-0.8784,1.4606,0.0659,0.0039,1.2175,-0.0000,-0.1357,0.2482,-0.1280,0.7949,-0.0271,-0.4110,0.5000,-0.2000,-1.2411,1.0014,-1.2472,-0.4291,0.2000,1.5059,-0.9262,1.3541,120.1964,-2.8023,3.9428,-5.3528,4.3229,-0.2906,7.1411,-2.8491,13.6850,6.0274,0.9444,0.14
7.9044,0.1000,0.0000,0.0000,0.0000,0.0000,0.0000,0.1386,0.5190,-2.2783,0.1613,-0.0419,-0.9860,0.5112,-0.2413,-1.4318,1.0027,-1.1891,-0.4789,0.1692,1.3555,-0.8786,1.4512,0.0427,0.0271,1.4269,-0.2404,-0.0814,0.2249,-0.0233,0.9655,-0.0078,-0.4808,0.5000,-0.2000,-1.2106,0.9519,-1.2483,-0.4279,0.2000,1.5263,-0.9223,1.3440,120.5553,-3.0413,4.0023,-5.3474,4.5130,-0.2789,7.1278,-2.8622,13.7188,6.0560,0.9722,0.15
7.9234,0.1000,0.0000,0.0000,0.0000,0.0000,0.0000,0.1270,0.5003,-2.4334,0.1758,-0.0360,-0.9838,0.5117,-0.2415,-1.3992,0.9898,-1.1927,-0.4745,0.1687,1.3800,-0.8774,1.4414,0.0465,0.0504,1.4773,-0.5079,-0.1784,0.2055,-0.0388,1.0508,0.0969,-0.4343,0.5000,-0.2000,-1.1800,0.9000,-1.2770,-0.4295,0.2000,1.5467,-0.9180,1.3340,121.0830,-3.3288,4.1009,-5.3940,4.7314,-0.2955,7.0886,-2.8526,13.7863,6.1242,0.0000,0.16
7.9444,0.1000,0.0000,0.0000,0.0000,0.0000,0.0000,0.0873,0.5087,-2.5012,0.1876,-0.0283,-0.9818,0.5119,-0.2415,-1.3652,0.9723,-1.1971,-0.4703,0.1687,1.4041,-0.8751,1.4331,0.0853,0.0543,1.6324,-0.7794,-0.2133,0.2947,-0.0078,1.1089,0.1784,-0.4343,0.5000,-0.2000,-1.2004,0.9052,-1.2699,-0.4347,0.2000,1.5670,-0.9133,1.3239,121.7687,-3.6952,4.2364,-5.4786,5.0086,-0.3475,7.0180,-2.8296,13.8917,6.2238,0.0278,0.14
7.9634,0.1000,0.0000,0.0000,0.0000,0.0000,0.0000,0.1042,0.5843,-2.5192,0.2015,-0.0203,-0.9793,0.5119,-0.2413,-1.3284,0.9497,-1.2066,-0.4670,0.1691,1.4289,-0.8708,1.4237,0.0349,0.0465,1.6711,-0.9810,-0.4071,0.1745,-0.0039,1.1361,0.2288,-0.4304,0.5000,-0.2000,-1.2207,0.9103,-1.2627,-0.4421,0.2000,1.5874,-0.9083,1.3139,122.5913,-4.1205,4.4110,-5.5991,5.3295,-0.4209,6.9189,-2.7817,14.0280,6.3434,0.0556,0.14
7.9834,0.1000,0.0000,0.0000,0.0000,0.0000,0.0000,0.1594,0.6496,-2.4510,0.2154,-0.0133,-0.9764,0.5122,-0.2406,-1.2986,0.9318,-1.2138,-0.4653,0.1697,1.4563,-0.8651,1.4143,0.0582,0.0271,1.4346,-0.8104,-0.2986,0.0853,0.0194,1.1865,0.2869,-0.4924,0.5000,-0.2000,-1.2411,0.9152,-1.2556,-0.4511,0.2000,1.6078,-0.9031,1.3038,123.5389,-4.5625,4.5862,-5.7217,5.6572,-0.5108,6.8216,-2.7365,14.1894,6.4580,0.0833,0.14
8.0033,0.1000,0.0000,0.0000,0.0000,0.0000,0.0000,0.1815,0.8124,-2.3388,0.2322,-0.0059,-0.9726,0.5126,-0.2393,-1.2772,0.9218,-1.2177,-0.4645,0.1705,1.4820,-0.8584,1.4040,0.0078,0.1396,0.9422,-0.4769,-0.1396,-0.0000,0.0000,1.2485,0.3412,-0.6010,0.5000,-0.2000,-1.2615,0.9198,-1.2485,-0.4596,0.2000,1.6078,-0.9209,1.3562,124.5349,-4.9942,4.7540,-5.8258,5.9839,-0.5958,6.7321,-2.6917,14.3408,6.5494,0.1111,0.14
8.0234,0.1000,0.0000,0.0000,0.0000,0.0000,0.0000,0.1556,0.8329,-2.1756,0.2501,0.0037,-0.9682,0.5131,-0.2367,-1.2606,0.9146,-1.2192,-0.4650,0.1715,1.5098,-0.8520,1.3921,0.0271,0.1280,0.8491,-0.2559,-0.0543,-0.0465,0.1047,1.2950,0.3063,-0.6320,0.5000,-0.2000,-1.2819,0.9239,-1.2414,-0.4681,0.2000,1.5772,-0.9722,1.3689,125.5020,-5.3948,4.9231,-5.9455,6.2866,-0.6807,6.6259,-2.6351,14.4897,6.6579,0.1389,0.14
8.0433,0.1000,0.0000,0.0000,0.0000,0.0000,0.0000,0.1632,0.6168,-1.9024,0.2642,0.0124,-0.9644,0.5131,-0.2336,-1.2487,0.9107,-1.2191,-0.4665,0.1731,1.5368,-0.8498,1.3916,0.0582,0.2016,0.5622,-0.1163,-0.0078,-0.0116,0.0388,1.2757,0.1628,-0.0155,0.5000,-0.2000,-1.3022,0.9276,-1.2342,-0.4772,0.2000,1.5467,-1.0200,1.3813,126.3821,-5.6916,5.0759,-6.0928,6.5088,-0.7723,6.5317,-2.5712,14.6213,6.7866,0.1667,0.14
8.0633,0.1000,0.0000,0.0000,0.0000,0.0000,0.0000,0.0546,0.2112,-1.4879,0.2696,0.0211,-0.9627,0.5132,-0.2301,-1.2404,0.9097,-1.2183,-0.4689,0.1746,1.5574,-0.8532,1.3939,0.0775,0.2520,0.4963,-0.0000,0.1202,-0.0775,0.0233,0.9926,-0.1318,0.0078,0.5000,-0.2000,-1.3226,0.9306,-1.2271,-0.4877,0.2000,1.5161,-1.0621,1.3931,127.1238,-5.9822,5.2177,-6.2558,6.7318,-0.8769,6.4001,-2.5012,14.7591,6.9356,0.1944,0.14
8.0834,0.1000,0.0000,0.0000,0.0000,0.0000,0.0000,-0.0544,-0.1640,-0.9354,0.2668,0.0305,-0.9633,0.5136,-0.2260,-1.2321,0.9112,-1.2169,-0.4719,0.1756,1.5711,-0.8629,1.3979,0.0620,0.2094,0.5041,0.1784,0.0775,-0.0543,0.0427,0.5971,-0.4226,0.0620,0.5000,-0.2000,-1.3430,0.9331,-1.2200,-0.4993,0.2000,1.4856,-1.0966,1.4039,127.6902,-6.2761,5.3744,-6.4423,6.9599,-0.9927,6.2413,-2.4119,14.8804,7.0930,0.2222,0.15
8.1034,0.1000,0.0000,0.0000,0.0000,0.0000,0.0000,-0.1103,-0.3793,-0.2779,0.2589,0.0372,-0.9652,0.5140,-0.2220,-1.2237,0.9157,-1.2150,-0.4754,0.1765,1.5781,-0.8793,1.4033,0.0969,0.2598,0.3877,0.3839,0.0931,-0.1551,0.0271,0.2869,-0.8375,0.2094,0.5000,-0.2000,-1.3633,0.9348,-1.2128,-0.5000,0.2000,1.4550,-1.1217,1.4136,128.0739,-6.5569,5.5338,-6.6277,7.1736,-1.1085,6.0859,-2.3193,14.9659,7.2349,0.2500,0.16
8.1234,0.1000,0.0000,0.0000,0.0000,0.0000,0.0000,-0.1757,-0.4194,0.3860,0.2508,0.0408,-0.9672,0.5146,-0.2183,-1.2186,0.9227,-1.2141,-0.4811,0.1776,1.5786,-0.9011,1.4108,0.0543,0.1745,0.1939,0.3839,0.0659,-0.2753,0.0388,-0.0078,-0.9422,0.3684,0.5000,-0.2000,-1.3837,0.9358,-1.2057,-0.5000,0.2000,1.4244,-1.1364,1.4221,128.2901,-6.8354,5.6980,-6.8115,7.3537,-1.2064,5.9382,-2.2187,15.0051,7.3722,0.2778,0.16
8.1433,0.1000,0.0000,0.0000,0.0000,0.0000,0.0000,-0.2451,-0.3909,0.9816,0.2436,0.0432,-0.9689,0.5154,-0.2157,-1.2173,0.9312,-1.2128,-0.4876,0.1781,1.5737,-0.9240,1.4198,0.1008,0.1163,0.0155,0.4304,0.0116,-0.2598,0.0427,-0.3063,-1.0081,0.4032,0.5000,-0.2000,-1.4041,0.9360,-1.1986,-0.5000,0.2000,1.3939,-1.1398,1.4293,128.4059,-7.0882,5.8410,-6.9723,7.5039,-1.2890,5.8174,-2.1296,15.0156,7.4895,0.3056,0.15
8.1633,0.1000,0.0000,0.0000,0.0000,0.0000,0.0000,-0.2633,-0.3494,1.4532,0.2375,0.0434,-0.9704,0.5156,-0.2151,-1.2195,0.9381,-1.2101,-0.4937,0.1779,1.5631,-0.9450,1.4295,-0.0233,0.0698,-0.1435,0.3567,0.0931,-0.2753,-0.0737,-0.5622,-0.9500,0.4730,0.5000,-0.2000,-1.4244,0.9355,-1.1914,-0.5000,0.2000,1.3633,-1.1318,1.4352,128.4549,-7.2869,5.9599,-7.1142,7.6134,-1.3538,5.7262,-2.0556,15.0191,7.5856,0.3333,0.15
8.1833,0.1000,0.0000,0.0000,0.0000,0.0000,0.0000,-0.2926,-0.2444,1.8537,0.2339,0.0420,-0.9714,0.5157,-0.2154,-1.2259,0.9427,-1.2065,-0.4993,0.1775,1.5477,-0.9630,1.4395,0.0814,-0.0543,-0.4149,0.1706,0.1473,-0.2675,-0.0698,-0.7328,-0.7949,0.3994,0.5000,-0.2000,-1.4448,0.9342,-1.1842,-0.5000,0.2000,1.3328,-1.1129,1.4398,128.4512,-7.4426,6.0611,-7.2351,7.6861,-1.4010,5.6453,-1.9870,15.0093,7.6700,0.3611,0.14
8.2034,0.1000,0.0000,0.0000,0.0000,0.0000,0.0000,-0.2939,-0.0830,2.1787,0.2334,0.0385,-0.9716,0.5162,-0.2162,-1.2362,0.9453,-1.2015,-0.5041,0.1765,1.5274,-0.9756,1.4488,-0.0194,-0.1163,-0.6087,0.0388,0.2482,-0.1667,-0.0737,-0.9926,-0.5816,0.3994,0.5000,-0.2000,-1.4652,0.9322,-1.1742,-0.5000,0.2000,1.3022,-1.0839,1.4432,128.3982,-7.5505,6.1398,-7.3335,7.7370,-1.4467,5.5901,-1.9298,14.9872,7.7279,0.3889,0.14
8.2244,0.1000,0.0000,0.0000,0.0000,0.0000,0.0000,-0.2734,0.0415,2.4720,0.2366,0.0326,-0.9711,0.5166,-0.2176,-1.2526,0.9466,-1.1955,-0.5081,0.1741,1.5036,-0.9837,1.4574,0.0465,-0.0892,-0.9151,0.0737,0.2986,-0.1396,-0.1977,-1.1748,-0.3800,0.3994,0.5000,-0.2000,-1.4856,0.9295,-1.1641,-0.5000,0.2000,1.2717,-1.0461,1.4456,128.2652,-7.5651,6.1847,-7.4036,7.7406,-1.4926,5.5613,-1.8897,14.9520,7.7542,0.4167,0.14
8.2444,0.1000,0.0000,0.0000,0.0000,0.0000,0.0000,-0.2645,0.1443,2.7041,0.2425,0.0238,-0.9699,0.5172,-0.2199,-1.2714,0.9462,-1.1887,-0.5127,0.1711,1.4779,-0.9854,1.4655,0.0659,-0.1706,-0.9500,-0.0233,0.3257,-0.2094,-0.2133,-1.3299,-0.0620,0.2714,0.5000,-0.2000,-1.5059,0.9262,-1.1541,-0.5000,0.2000,1.2411,-1.0014,1.4472,128.0370,-7.5402,6.2113,-7.4611,7.7133,-1.5346,5.5345,-1.8537,14.9051,7.7737,0.4444,0.14
8.2633,0.1000,0.0000,0.0000,0.0000,0.0000,0.0000,-0.2828,0.2203,2.8857,0.2499,0.0130,-0.9682,0.5177,-0.2228,-1.2955,0.9435,-1.1806,-0.5160,0.1683,1.4478,-0.9823,1.4720,0.0620,-0.1784,-1.2330,-0.1590,0.4420,-0.1396,-0.1900,-1.5238,0.1977,0.2792,0.5000,-0.2000,-1.5263,0.9223,-1.1440,-0.5000,0.2000,1.2106,-0.9519,1.4483,127.7197,-7.4477,6.2042,-7.4784,7.6452,-1.5838,5.5337,-1.8354,14.8412,7.7631,0.4722,0.14
8.2843,0.1000,0.0000,0.0000,0.0000,0.0000,0.0000,-0.3079,0.3055,3.0581,0.2584,0.0016,-0.9660,0.5182,-0.2259,-1.3237,0.9389,-1.1714,-0.5182,0.1660,1.4140,-0.9732,1.4762,0.0737,-0.1163,-1.4385,-0.2094,0.4381,-0.1124,-0.1318,-1.5471,0.5273,0.1939,0.5000,-0.2000,-1.5467,0.9180,-1.1340,-0.5000,0.2000,1.1800,-0.9000,1.4770,127.2717,-7.2820,6.1639,-7.4685,7.5377,-1.6363,5.5586,-1.8327,14.7580,7.7218,0.5000,0.14
8.3054,0.1000,0.0000,0.0000,0.0000,0.0000,0.0000,-0.3361,0.3419,3.1778,0.2675,-0.0099,-0.9635,0.5185,-0.2288,-1.3544,0.9319,-1.1610,-0.5195,0.1645,1.3772,-0.9565,1.4789,0.0698,-0.0465,-1.4734,-0.3839,0.5234,-0.0271,-0.0659,-1.7060,0.6320,0.0931,0.5000,-0.2000,-1.5670,0.9133,-1.1239,-0.5000,0.2000,1.2004,-0.9052,1.4699,126.7229,-7.0844,6.0980,-7.4321,7.4223,-1.6982,5.5936,-1.8408,14.6636,7.6627,0.5278,0.14
8.3254,0.1000,0.0000,0.0000,0.0000,0.0000,0.0000,-0.3862,0.3445,3.2358,0.2765,-0.0218,-0.9608,0.5187,-0.2305,-1.3846,0.9232,-1.1504,-0.5199,0.1638,1.3416,-0.9360,1.4849,0.0155,-0.0853,-1.5936,-0.4304,0.5273,0.0931,-0.0737,-1.7797,0.9810,0.2443,0.5000,-0.2000,-1.5874,0.9083,-1.1139,-0.5000,0.2000,1.2207,-0.9103,1.4627,126.0996,-6.8485,6.0150,-7.3774,7.2760,-1.7606,5.6423,-1.8572,14.5582,7.5806,0.5556,0.15
8.3454,0.1000,0.0000,0.0000,0.0000,0.0000,0.0000,-0.5408,0.3603,3.2171,0.2835,-0.0317,-0.9585,0.5187,-0.2313,-1.4176,0.9116,-1.1381,-0.5199,0.1640,1.3115,-0.9225,1.4893,0.0543,-0.0427,-1.5975,-0.5971,0.6281,0.0543,0.1047,-1.5238,0.5506,0.1667,0.5000,-0.2000,-1.6078,0.9031,-1.1038,-0.5000,0.2000,1.2411,-0.9152,1.4556,125.3929,-6.5660,5.8796,-7.2569,7.1141,-1.7992,5.6982,-1.9003,14.4640,7.4659,0.5833,0.14
8.3644,0.1000,0.0000,0.0000,0.0000,0.0000,0.0000,-0.6654,0.4454,3.1659,0.2912,-0.0389,-0.9559,0.5187,-0.2314,-1.4505,0.8990,-1.1254,-0.5201,0.1655,1.2881,-0.9133,1.4918,-0.0194,-0.0427,-1.6130,-0.6553,0.6281,0.0543,0.0853,-1.2252,0.4304,0.1202,0.5000,-0.2000,-1.6078,0.9209,-1.1562,-0.5000,0.2000,1.2615,-0.9198,1.4485,124.6059,-6.2543,5.7339,-7.1313,6.9212,-1.8085,5.7698,-1.9440,14.3576,7.3312,0.6111,0.14
8.3853,0.1000,0.0000,0.0000,0.0000,0.0000,0.0000,-0.6952,0.4253,3.1258,0.3004,-0.0427,-0.9528,0.5188,-0.2309,-1.4847,0.8853,-1.1122,-0.5197,0.1678,1.2694,-0.9089,1.4923,0.0155,-0.0039,-1.5897,-0.5816,0.5894,0.0543,0.1318,-0.8259,0.2210,0.0039,0.5000,-0.2000,-1.5772,0.9722,-1.1689,-0.5000,0.2000,1.2819,-0.9239,1.4414,123.7215,-5.8801,5.5618,-6.9927,6.6854,-1.8049,5.8546,-1.9984,14.2498,7.1813,0.6389,0.18
8.4044,0.1000,0.0000,0.0000,0.0000,0.0000,0.0000,-0.5482,0.0354,2.9529,0.3010,-0.0479,-0.9524,0.5182,-0.2296,-1.5171,0.8752,-1.1115,-0.5188,0.1712,1.2564,-0.9081,1.4916,-0.0698,0.0892,-1.5820,-0.5971,0.0116,0.0427,0.1357,-0.6747,0.0271,-0.0737,0.5000,-0.2000,-1.5467,1.0200,-1.1813,-0.5000,0.2000,1.3022,-0.9276,1.4342,122.7067,-5.3341,5.3451,-6.8345,6.3072,-1.7553,5.9674,-2.0667,14.1454,7.0239,0.6667,0.15
8.4244,0.1000,0.0000,0.0000,0.0000,0.0000,0.0000,-0.2208,-0.3709,2.4113,0.2914,-0.0571,-0.9549,0.5163,-0.2277,-1.5433,0.8699,-1.1156,-0.5177,0.1748,1.2463,-0.9102,1.4892,-0.1861,0.1086,-1.2369,-0.2908,-0.3412,0.1318,0.1667,-0.6436,-0.1241,-0.0892,0.5000,-0.2000,-1.5161,1.0621,-1.1931,-0.5000,0.2000,1.3226,-0.9306,1.4271,121.7358,-4.7387,5.1028,-6.6438,5.8850,-1.6378,6.1036,-2.1575,14.0616,6.8423,0.6944,0.15
8.4454,0.1000,0.0000,0.0000,0.0000,0.0000,0.0000,-0.2209,-0.6854,1.4918,0.2754,-0.0650,-0.9591,0.5102,-0.2267,-1.5610,0.8741,-1.1260,-0.5160,0.1781,1.2350,-0.9157,1.4848,-0.3141,0.0737,-0.7871,0.3877,-0.4963,0.1473,0.0931,-0.6010,-0.3141,-0.2830,0.5000,-0.2000,-1.4856,1.0966,-1.2039,-0.5000,0.2000,1.3430,-0.9331,1.4200,120.9778,-4.2131,4.8351,-6.3617,5.5159,-1.4488,6.2494,-2.2755,13.9798,6.6083,0.7222,0.14
8.4643,0.1000,0.0000,0.0000,0.0000,0.0000,0.0000,-0.2614,-0.8346,0.6382,0.2578,-0.0627,-0.9642,0.5042,-0.2256,-1.5709,0.8885,-1.1364,-0.5143,0.1809,1.2272,-0.9250,1.4773,-0.1977,0.0543,-0.4885,0.7910,-0.4420,0.0349,0.1396,-0.3761,-0.4188,-0.4226,0.5000,-0.2000,-1.4550,1.1217,-1.2136,-0.5000,0.2000,1.3633,-0.9348,1.4128,120.4130,-3.7157,4.5840,-6.0863,5.1400,-1.2257,6.4236,-2.3944,13.8890,6.3943,0.7500,0.17
8.4844,0.1000,0.0000,0.0000,0.0000,0.0000,0.0000,-0.0358,-0.8694,-0.1358,0.2396,-0.0608,-0.9690,0.5014,-0.2250,-1.5738,0.9071,-1.1459,-0.5142,0.1830,1.2228,-0.9349,1.4692,-0.0659,0.0582,-0.1047,0.7406,-0.3955,-0.0271,0.0388,-0.2559,-0.3684,-0.3451,0.5000,-0.2000,-1.4244,1.1364,-1.2221,-0.4999,0.2000,1.3837,-0.9358,1.4057,120.0227,-3.2334,4.3741,-5.8830,4.7613,-0.9993,6.6214,-2.5049,13.8161,6.2372,0.7778,0.15
8.5054,0.1000,0.0000,0.0000,0.0000,0.0000,0.0000,0.0161,-0.8120,-0.8937,0.2238,-0.0563,-0.9730,0.4998,-0.2250,-1.5713,0.9240,-1.1539,-0.5136,0.1841,1.2217,-0.9428,1.4619,-0.1047,0.0931,0.1396,0.9034,-0.2714,0.1047,0.0000,-0.0582,-0.2792,-0.3567,0.5000,-0.2000,-1.3939,1.1398,-1.2293,-0.4787,0.2000,1.4041,-0.9360,1.3986,119.8256,-2.8948,4.1867,-5.6767,4.4851,-0.7873,6.7936,-2.6106,13.7486,6.0892,0.8056,0.15
8.5244,0.1000,0.0000,0.0000,0.0000,0.0000,0.0000,0.0187,-0.7345,-1.4892,0.2102,-0.0497,-0.9764,0.4987,-0.2250,-1.5633,0.9419,-1.1600,-0.5130,0.1841,1.2252,-0.9498,1.4539,-0.0969,0.0349,0.4343,0.7755,-0.2055,0.0620,-0.0388,0.2830,-0.2908,-0.3567,0.5000,-0.2000,-1.3633,1.1318,-1.2352,-0.4596,0.2000,1.4244,-0.9355,1.3914,119.7366,-2.6444,4.0385,-5.5012,4.2797,-0.5957,6.9431,-2.7050,13.6928,5.9834,0.8333,0.16
8.5453,0.1000,0.0000,0.0000,0.0000,0.0000,0.0000,0.0957,-0.6217,-1.8543,0.1987,-0.0428,-0.9791,0.4995,-0.2252,-1.5489,0.9584,-1.1653,-0.5091,0.1836,1.2342,-0.9550,1.4456,0.1706,0.0155,0.7251,0.7677,-0.1784,0.1551,-0.0543,0.4614,-0.1745,-0.3373,0.5000,-0.2000,-1.3328,1.1129,-1.2398,-0.4443,0.2000,1.4448,-0.9342,1.3842,119.7266,-2.4902,3.9430,-5.3861,4.1483,-0.4433,7.0537,-2.7720,13.6475,5.9290,0.8611,0.14
8.5653,0.1000,0.0000,0.0000,0.0000,0.0000,0.0000,0.1852,-0.4326,-2.1298,0.1902,-0.0385,-0.9810,0.5017,-0.2262,-1.5312,0.9692,-1.1694,-0.5015,0.1820,1.2460,-0.9576,1.4381,0.1473,-0.1241,0.7755,0.4885,-0.1784,0.3684,-0.1396,0.5894,-0.0233,-0.3063,0.5000,-0.2000,-1.3022,1.0839,-1.2432,-0.4334,0.2000,1.4652,-0.9322,1.3742,119.8017,-2.4525,3.8996,-5.3136,4.1088,-0.3340,7.1295,-2.8192,13.6272,5.9051,0.8889,0.14
8.5844,0.1000,0.0000,0.0000,0.0000,0.0000,0.0000,0.1880,-0.2599,-2.3428,0.1853,-0.0340,-0.9821,0.5033,-0.2285,-1.5096,0.9766,-1.1737,-0.4924,0.1802,1.2617,-0.9578,1.4322,0.1280,-0.1396,0.9887,0.3296,-0.1357,0.5506,-0.0271,0.7406,0.0659,-0.2133,0.5000,-0.2000,-1.2717,1.0461,-1.2456,-0.4258,0.2000,1.4856,-0.9295,1.3641,119.9645,-2.5164,3.8845,-5.2565,4.1493,-0.2578,7.1739,-2.8559,13.6137,5.9046,0.9167,0.14
8.6053,0.1000,0.0000,0.0000,0.0000,0.0000,0.0000,0.1984,-0.1622,-2.5601,0.1833,-0.0296,-0.9826,0.5040,-0.2314,-1.4858,0.9784,-1.1783,-0.4838,0.1773,1.2811,-0.9561,1.4261,0.0388,-0.1357,1.1399,0.1318,-0.2288,0.4575,-0.1435,0.8840,0.1396,-0.3024,0.5000,-0.2000,-1.2411,1.0014,-1.2472,-0.4197,0.2000,1.5059,-0.9262,1.3541,120.2314,-2.6349,3.8941,-5.2267,4.2390,-0.1974,7.2021,-2.8873,13.6354,5.9173,0.9444,0.14
8.6253,0.1000,0.0000,0.0000,0.0000,0.0000,0.0000,0.1911,-0.0936,-2.7188,0.1828,-0.0230,-0.9829,0.5049,-0.2350,-1.4561,0.9750,-1.1834,-0.4756,0.1744,1.3052,-0.9518,1.4198,0.1047,-0.1473,1.2912,-0.1047,-0.1939,0.4420,-0.1745,1.0934,0.3102,-0.3373,0.5000,-0.2000,-1.2106,0.9519,-1.2483,-0.4169,0.2000,1.5263,-0.9223,1.3440,120.6271,-2.8367,3.9476,-5.2426,4.3827,-0.1686,7.1955,-2.9008,13.6840,5.9675,0.9722,0.14
8.6453,0.1000,0.0000,0.0000,0.0000,0.0000,0.0000,0.1975,-0.0047,-2.8278,0.1840,-0.0166,-0.9828,0.5059,-0.2378,-1.4259,0.9658,-1.1883,-0.4680,0.1714,1.3300,-0.9448,1.4137,0.0543,-0.0698,1.4191,-0.4847,-0.1202,0.3528,-0.1435,1.1555,0.3761,-0.2714,0.5000,-0.2000,-1.1800,0.9000,-1.2770,-0.4171,0.2000,1.5467,-0.9180,1.3340,121.1504,-3.1038,4.0331,-5.2926,4.5751,-0.1706,7.1699,-2.9019,13.7582,6.0440,0.0000,0.13
8.6653,0.1000,0.0000,0.0000,0.0000,0.0000,0.0000,0.1949,0.0727,-2.9145,0.1872,-0.0092,-0.9823,0.5067,-0.2402,-1.3923,0.9507,-1.1933,-0.4621,0.1690,1.3567,-0.9355,1.4074,0.1124,-0.0969,1.5083,-0.7057,-0.2055,0.3102,-0.1124,1.3416,0.4498,-0.3063,0.5000,-0.2000,-1.2004,0.9052,-1.2699,-0.4207,0.2000,1.5670,-0.9133,1.3239,121.8114,-3.4415,4.1583,-5.3787,4.8326,-0.2067,7.1100,-2.8864,13.8701,6.1380,0.0278,0.14
8.6853,0.1000,0.0000,0.0000,0.0000,0.0000,0.0000,0.2881,0.1096,-2.9773,0.1910,-0.0048,-0.9816,0.5073,-0.2418,-1.3573,0.9293,-1.2035,-0.4576,0.1681,1.3850,-0.9251,1.4012,0.1163,-0.0543,1.6324,-0.9073,-0.4498,0.2133,-0.0698,1.4075,0.5777,-0.2908,0.5000,-0.2000,-1.2207,0.9103,-1.2627,-0.4265,0.2000,1.5874,-0.9083,1.3139,122.6057,-3.7915,4.3116,-5.5072,5.0973,-0.2650,7.0415,-2.8543,14.0116,6.2588,0.0556,0.14
8.7053,0.1000,0.0000,0.0000,0.0000,0.0000,0.0000,0.3779,0.1835,-2.9374,0.1962,-0.0010,-0.9806,0.5083,-0.2427,-1.3291,0.9142,-1.2111,-0.4545,0.1677,1.4152,-0.9123,1.3947,0.1280,0.0155,1.2757,-0.6281,-0.2792,0.1590,-0.0349,1.4656,0.6669,-0.2986,0.5000,-0.2000,-1.2411,0.9152,-1.2556,-0.4342,0.2000,1.6078,-0.9031,1.3038,123.5205,-4.1746,4.4663,-5.6268,5.3864,-0.3416,6.9660,-2.8213,14.1649,6.3655,0.0833,0.14
8.7253,0.1000,0.0000,0.0000,0.0000,0.0000,0.0000,0.4690,0.1863,-2.8793,0.2018,0.0010,-0.9794,0.5101,-0.2426,-1.3071,0.9042,-1.2154,-0.4536,0.1680,1.4463,-0.8996,1.3881,0.0737,0.0349,1.0081,-0.4071,-0.1706,0.0078,0.0737,1.4152,0.6398,-0.2908,0.5000,-0.2000,-1.2615,0.9198,-1.2485,-0.4412,0.2000,1.6078,-0.9209,1.3562,124.4888,-4.5292,4.6181,-5.7506,5.6556,-0.4119,6.8891,-2.7843,14.3283,6.4758,0.1111,0.15
8.7463,0.1000,0.0000,0.0000,0.0000,0.0000,0.0000,0.4850,0.1542,-2.7917,0.2058,0.0036,-0.9786,0.5109,-0.2414,-1.2917,0.8981,-1.2172,-0.4536,0.1686,1.4790,-0.8865,1.3806,0.0233,0.1512,0.8104,-0.2210,-0.0620,0.0388,0.0504,1.5354,0.6398,-0.3373,0.5000,-0.2000,-1.2819,0.9239,-1.2414,-0.4477,0.2000,1.5772,-0.9722,1.3689,125.4420,-4.8471,4.7543,-5.8674,5.8930,-0.4772,6.8200,-2.7522,14.4891,6.5770,0.1389,0.14
8.7653,0.1000,0.0000,0.0000,0.0000,0.0000,0.0000,0.4569,0.0395,-2.6065,0.2089,0.0035,-0.9779,0.5114,-0.2392,-1.2800,0.8960,-1.2178,-0.4547,0.1697,1.5072,-0.8787,1.3829,0.0078,0.1473,0.5855,-0.0504,0.0349,-0.0233,0.0078,1.4618,0.4730,0.0233,0.5000,-0.2000,-1.3022,0.9276,-1.2342,-0.4542,0.2000,1.5467,-1.0200,1.3813,126.3293,-5.1290,4.8933,-6.0017,6.1098,-0.5423,6.7297,-2.6991,14.6315,6.6948,0.1667,0.14
8.7853,0.1000,0.0000,0.0000,0.0000,0.0000,0.0000,0.1961,-0.3236,-2.2213,0.2037,0.0079,-0.9790,0.5119,-0.2361,-1.2713,0.8963,-1.2174,-0.4555,0.1703,1.5316,-0.8760,1.3855,0.0427,0.2094,0.4498,0.0543,-0.0427,-0.0000,-0.0504,1.2020,0.2249,-0.0582,0.5000,-0.2000,-1.3226,0.9306,-1.2271,-0.4622,0.2000,1.5161,-1.0621,1.3931,127.0680,-5.4010,5.0187,-6.1402,6.3171,-0.6225,6.6059,-2.6366,14.7639,6.8266,0.1944,0.19
8.8053,0.1000,0.0000,0.0000,0.0000,0.0000,0.0000,0.0446,-0.7177,-1.4037,0.1887,0.0147,-0.9819,0.5122,-0.2341,-1.2619,0.8992,-1.2166,-0.4547,0.1703,1.5515,-0.8793,1.3857,0.0620,0.0698,0.4769,0.2675,0.0233,0.1590,-0.0233,0.9849,-0.3024,-0.1745,0.5000,-0.2000,-1.3430,0.9331,-1.2200,-0.4759,0.2000,1.4856,-1.0966,1.4039,127.5247,-5.6749,5.1758,-6.3415,6.5358,-0.7590,6.4363,-2.5438,14.8783,6.9888,0.2222,0.17
8.8253,0.1000,0.0000,0.0000,0.0000,0.0000,0.0000,0.0946,-1.0108,-0.4589,0.1679,0.0159,-0.9857,0.5126,-0.2328,-1.2540,0.9051,-1.2156,-0.4524,0.1702,1.5629,-0.8939,1.3860,0.0116,0.0271,0.3373,0.2986,0.0310,0.1241,-0.0465,0.5079,-0.7910,-0.0039,0.5000,-0.2000,-1.3633,0.9348,-1.2128,-0.4893,0.2000,1.4550,-1.1217,1.4136,127.6842,-5.9126,5.3446,-6.5666,6.7092,-0.8928,6.2643,-2.4329,14.9415,7.1564,0.2500,0.16
8.8453,0.1000,0.0000,0.0000,0.0000,0.0000,0.0000,0.0095,-1.0810,0.3602,0.1442,0.0150,-0.9894,0.5137,-0.2321,-1.2506,0.9135,-1.2153,-0.4554,0.1700,1.5658,-0.9142,1.3883,0.0582,0.0853,0.1939,0.4226,0.0427,-0.2055,-0.0582,0.0349,-0.9112,0.0775,0.5000,-0.2000,-1.3837,0.9358,-1.2057,-0.4982,0.2000,1.4244,-1.1364,1.4221,127.6514,-6.1609,5.4915,-6.7438,6.8563,-0.9823,6.1044,-2.3317,14.9465,7.2880,0.2778,0.15
8.8663,0.1000,0.0000,0.0000,0.0000,0.0000,0.0000,-0.0365,-1.0216,1.1737,0.1213,0.0142,-0.9925,0.5147,-0.2318,-1.2505,0.9220,-1.2148,-0.4607,0.1699,1.5622,-0.9360,1.3917,0.0388,0.0271,0.0233,0.3761,0.0969,-0.2133,-0.0582,-0.1977,-1.0314,0.1900,0.5000,-0.2000,-1.4041,0.9360,-1.1986,-0.5000,0.2000,1.3939,-1.1398,1.4293,127.4692,-6.3744,5.6279,-6.9124,6.9627,-1.0665,5.9841,-2.2373,14.9105,7.4028,0.3056,0.14
8.8853,0.1000,0.0000,0.0000,0.0000,0.0000,0.0000,-0.0249,-0.9771,1.8565,0.0997,0.0102,-0.9950,0.5146,-0.2320,-1.2532,0.9287,-1.2127,-0.4673,0.1698,1.5536,-0.9585,1.3960,-0.0349,-0.0039,-0.1280,0.4226,0.1551,-0.2559,0.0194,-0.4304,-1.0314,0.1667,0.5000,-0.2000,-1.4244,0.9355,-1.1914,-0.5000,0.2000,1.3633,-1.1318,1.4352,127.1835,-6.5269,5.7357,-7.0587,7.0250,-1.1300,5.8888,-2.1561,14.8590,7.4962,0.3333,0.15
8.9063,0.1000,0.0000,0.0000,0.0000,0.0000,0.0000,-0.0795,-0.8513,2.2966,0.0811,0.0070,-0.9967,0.5145,-0.2323,-1.2614,0.9334,-1.2089,-0.4741,0.1697,1.5373,-0.9753,1.4023,-0.0504,-0.0310,-0.4885,0.2055,0.2133,-0.4537,0.0039,-0.8763,-0.8026,0.4226,0.5000,-0.2000,-1.4448,0.9342,-1.1842,-0.5000,0.2000,1.3328,-1.1129,1.4398,126.8861,-6.6353,5.8168,-7.1587,7.0448,-1.1493,5.8090,-2.0848,14.7905,7.5672,0.3611,0.14
8.9253,0.1000,0.0000,0.0000,0.0000,0.0000,0.0000,-0.1398,-0.6487,2.6616,0.0666,0.0049,-0.9978,0.5150,-0.2325,-1.2743,0.9353,-1.2041,-0.4840,0.1696,1.5168,-0.9901,1.4111,0.0388,0.0310,-0.6708,0.0931,0.2830,-0.4149,-0.0194,-1.1167,-0.6165,0.3761,0.5000,-0.2000,-1.4652,0.9322,-1.1742,-0.5000,0.2000,1.3022,-1.0839,1.4432,126.5880,-6.6866,5.8674,-7.2292,7.0436,-1.1667,5.7595,-2.0372,14.7306,7.6085,0.3889,0.16
8.9453,0.1000,0.0000,0.0000,0.0000,0.0000,0.0000,-0.1452,-0.4123,2.8616,0.0573,0.0028,-0.9984,0.5150,-0.2329,-1.2933,0.9348,-1.1972,-0.4911,0.1696,1.4891,-0.9973,1.4206,0.0388,-0.0000,-0.8840,-0.0814,0.3528,-0.3024,-0.0775,-1.3454,-0.2637,0.4885,0.5000,-0.2000,-1.4856,0.9295,-1.1641,-0.5000,0.2000,1.2717,-1.0461,1.4456,126.2935,-6.6769,5.8983,-7.2740,7.0117,-1.1780,5.7355,-2.0037,14.6707,7.6244,0.4167,0.15
8.9663,0.1000,0.0000,0.0000,0.0000,0.0000,0.0000,-0.1977,-0.2656,3.0323,0.0522,0.0032,-0.9986,0.5150,-0.2331,-1.3156,0.9313,-1.1889,-0.4972,0.1695,1.4600,-0.9987,1.4310,0.0775,-0.0039,-1.2175,-0.2675,0.4459,-0.2171,-0.0349,-1.3765,-0.0814,0.5157,0.5000,-0.2000,-1.5059,0.9262,-1.1541,-0.5000,0.2000,1.2411,-1.0014,1.4472,125.9547,-6.5982,5.8933,-7.2835,6.9397,-1.1944,5.7279,-1.9861,14.6068,7.6160,0.4444,0.16
8.9863,0.1000,0.0000,0.0000,0.0000,0.0000,0.0000,-0.1917,-0.1947,3.1067,0.0489,0.0035,-0.9988,0.5149,-0.2330,-1.3424,0.9243,-1.1783,-0.5018,0.1691,1.4271,-0.9941,1.4413,0.0465,0.0814,-1.1826,-0.4149,0.4963,-0.1861,-0.0194,-1.6401,0.1551,0.4614,0.5000,-0.2000,-1.5263,0.9223,-1.1440,-0.5000,0.2000,1.2106,-0.9519,1.4483,125.5641,-6.4524,5.8582,-7.2757,6.8352,-1.2082,5.7397,-1.9848,14.5488,7.5913,0.4722,0.15
9.0063,0.1000,0.0000,0.0000,0.0000,0.0000,0.0000,-0.1767,-0.1338,3.1311,0.0470,0.0065,-0.9989,0.5145,-0.2327,-1.3696,0.9148,-1.1679,-0.5042,0.1689,1.3938,-0.9836,1.4490,-0.0349,0.0543,-1.2912,-0.4575,0.5079,-0.1280,-0.0271,-1.6324,0.4575,0.3141,0.5000,-0.2000,-1.5467,0.9180,-1.1340,-0.5000,0.2000,1.1800,-0.9000,1.4770,125.1078,-6.2717,5.8033,-7.2473,6.7102,-1.2253,5.7663,-1.9937,14.4872,7.5407,0.5000,0.14
9.0263,0.1000,0.0000,0.0000,0.0000,0.0000,0.0000,0.0922,-0.0342,3.0411,0.0467,0.0084,-0.9989,0.5140,-0.2322,-1.3975,0.9028,-1.1597,-0.5061,0.1688,1.3588,-0.9669,1.4549,-0.0233,0.1047,-1.3067,-0.6165,0.1861,-0.0814,-0.0737,-1.7177,0.8918,0.2404,0.5000,-0.2000,-1.5670,0.9133,-1.1239,-0.5000,0.2000,1.2004,-0.9052,1.4699,124.5970,-5.9870,5.7344,-7.2258,6.5274,-1.2378,5.8302,-2.0133,14.4348,7.4795,0.5278,0.14
9.0463,0.1000,0.0000,0.0000,0.0000,0.0000,0.0000,0.4242,0.0007,2.5434,0.0436,0.0003,-0.9991,0.5116,-0.2322,-1.4254,0.8902,-1.1599,-0.5069,0.1679,1.3225,-0.9447,1.4653,-0.2637,0.0271,-1.2563,-0.3335,-0.1939,-0.0000,-0.1124,-1.7371,1.0391,0.5506,0.5000,-0.2000,-1.5874,0.9083,-1.1139,-0.5000,0.2000,1.2207,-0.9103,1.4627,124.1392,-5.6004,5.6190,-7.1364,6.3072,-1.2267,5.9307,-2.0653,14.4006,7.3541,0.5556,0.15
9.0663,0.1000,0.0000,0.0000,0.0000,0.0000,0.0000,0.2011,0.0866,1.8442,0.0422,-0.0036,-0.9991,0.5029,-0.2321,-1.4530,0.8850,-1.1628,-0.5062,0.1656,1.2963,-0.9272,1.4736,-0.4226,0.0465,-1.2059,-0.1047,-0.1900,-0.0427,-0.1512,-1.2446,0.7212,0.3257,0.5000,-0.2000,-1.6078,0.9031,-1.1038,-0.5000,0.2000,1.2411,-0.9152,1.4556,123.7399,-5.2407,5.4388,-6.9237,6.0989,-1.1585,6.0240,-2.1469,14.3617,7.1709,0.5833,0.14
9.0863,0.1000,0.0000,0.0000,0.0000,0.0000,0.0000,0.2138,0.2902,1.4118,0.0447,-0.0070,-0.9990,0.5000,-0.2324,-1.4798,0.8825,-1.1648,-0.5074,0.1648,1.2786,-0.9143,1.4787,0.0233,0.0233,-1.2097,-0.1086,-0.0775,-0.0775,-0.0388,-0.8065,0.6243,0.1861,0.5000,-0.2000,-1.6078,0.9209,-1.1562,-0.5000,0.2000,1.2615,-0.9198,1.4485,123.3251,-4.8088,5.2740,-6.7637,5.8172,-1.0809,6.1432,-2.2141,14.3133,7.0218,0.6111,0.19
9.1063,0.1000,0.0000,0.0000,0.0000,0.0000,0.0000,0.2114,0.4237,0.9597,0.0506,-0.0126,-0.9986,0.4993,-0.2330,-1.5056,0.8803,-1.1646,-0.5088,0.1652,1.2693,-0.9040,1.4823,-0.1202,-0.0155,-1.2524,-0.0814,0.0698,-0.0465,0.0194,-0.3839,0.4692,0.1667,0.5000,-0.2000,-1.5772,0.9722,-1.1689,-0.4995,0.2000,1.2819,-0.9239,1.4414,122.8751,-4.3960,5.0923,-6.5915,5.5326,-0.9953,6.2624,-2.2822,14.2575,6.8626,0.6389,0.17
9.1263,0.1000,0.0000,0.0000,0.0000,0.0000,0.0000,0.1424,0.3953,0.6280,0.0600,-0.0178,-0.9980,0.4980,-0.2338,-1.5267,0.8821,-1.1715,-0.5089,0.1661,1.2663,-0.8947,1.4852,0.0465,-0.0194,-1.1244,0.1628,-0.3335,0.0271,0.1163,-0.1241,0.5118,0.1396,0.5000,-0.2000,-1.5467,1.0200,-1.1813,-0.4903,0.2000,1.3022,-0.9276,1.4342,122.3438,-3.9791,4.9077,-6.4276,5.2160,-0.9032,6.3665,-2.3349,14.1677,6.7197,0.6667,0.16
9.1473,0.1000,0.0000,0.0000,0.0000,0.0000,0.0000,0.1717,-0.0109,0.1992,0.0616,-0.0248,-0.9978,0.4979,-0.2349,-1.5426,0.8907,-1.1760,-0.5097,0.1678,1.2670,-0.8861,1.4868,0.0388,-0.0737,-0.8569,0.3528,-0.1822,-0.0814,0.1008,-0.0698,0.4226,0.1163,0.5000,-0.2000,-1.5161,1.0621,-1.1931,-0.4803,0.2000,1.3226,-0.9306,1.4271,121.8437,-3.5372,4.6923,-6.2565,4.8639,-0.8028,6.5000,-2.4196,14.1165,6.5769,0.6944,0.16
9.1663,0.1000,0.0000,0.0000,0.0000,0.0000,0.0000,0.1039,-0.3659,-0.3057,0.0548,-0.0305,-0.9980,0.4972,-0.2363,-1.5526,0.9046,-1.1801,-0.5085,0.1700,1.2683,-0.8797,1.4874,-0.0078,-0.0504,-0.4537,0.7600,-0.2210,0.0814,0.0155,-0.0543,0.3567,-0.0620,0.5000,-0.2000,-1.4856,1.0966,-1.2039,-0.4676,0.2000,1.3430,-0.9331,1.4200,121.3966,-3.1383,4.4695,-6.0627,4.5417,-0.6761,6.6440,-2.5150,14.0549,6.4237,0.7222,0.15
9.1863,0.1000,0.0000,0.0000,0.0000,0.0000,0.0000,0.0505,-0.4383,-0.8478,0.0454,-0.0351,-0.9984,0.4962,-0.2374,-1.5556,0.9263,-1.1851,-0.5061,0.1714,1.2694,-0.8769,1.4866,-0.0775,-0.0465,-0.0931,1.0120,-0.1784,0.1861,0.1008,0.0116,0.0969,-0.1357,0.5000,-0.2000,-1.4550,1.1217,-1.2136,-0.4529,0.2000,1.3633,-0.9348,1.4128,121.0310,-2.7918,4.2658,-5.8613,4.2671,-0.5285,6.7961,-2.6096,13.9806,6.2752,0.7500,0.14
9.2063,0.1000,0.0000,0.0000,0.0000,0.0000,0.0000,-0.0222,-0.3746,-1.3428,0.0382,-0.0372,-0.9986,0.4949,-0.2381,-1.5521,0.9509,-1.1909,-0.5001,0.1734,1.2714,-0.8768,1.4840,-0.1086,0.0620,0.1977,1.2330,-0.2016,0.4188,0.0388,0.0543,0.0078,-0.1977,0.5000,-0.2000,-1.4244,1.1364,-1.2221,-0.4379,0.2000,1.3837,-0.9358,1.4057,120.7559,-2.5075,4.0888,-5.6706,4.0428,-0.3793,6.9495,-2.6976,13.8956,6.1381,0.7778,0.14
9.2263,0.1000,0.0000,0.0000,0.0000,0.0000,0.0000,-0.0036,-0.3932,-1.7657,0.0319,-0.0368,-0.9988,0.4932,-0.2381,-1.5428,0.9754,-1.1965,-0.4909,0.1757,1.2768,-0.8772,1.4791,-0.0775,0.0388,0.4614,1.0895,-0.1551,0.4304,0.1086,0.2094,0.0310,-0.3179,0.5000,-0.2000,-1.3939,1.1398,-1.2293,-0.4233,0.2000,1.4041,-0.9360,1.3986,120.5464,-2.2571,3.9373,-5.5185,3.8271,-0.2332,7.0936,-2.7796,13.8310,6.0448,0.8056,0.14
9.2463,0.1000,0.0000,0.0000,0.0000,0.0000,0.0000,0.1556,-0.4587,-1.8457,0.0251,-0.0417,-0.9988,0.4926,-0.2381,-1.5295,0.9967,-1.2010,-0.4789,0.1781,1.2841,-0.8775,1.4732,0.0310,0.0116,0.5700,1.0353,-0.1551,0.6553,0.0543,0.2520,0.0465,-0.2482,0.5000,-0.2000,-1.3633,1.1318,-1.2352,-0.4135,0.2000,1.4244,-0.9355,1.3914,120.3131,-2.0637,3.8315,-5.4328,3.6554,-0.1353,7.1992,-2.8297,13.7701,5.9988,0.8333,0.14
9.2663,0.1000,0.0000,0.0000,0.0000,0.0000,0.0000,0.0713,-0.4207,-1.6728,0.0188,-0.0447,-0.9988,0.4948,-0.2386,-1.5122,1.0132,-1.2026,-0.4658,0.1789,1.2927,-0.8776,1.4663,0.2482,0.0155,0.7289,0.7522,-0.0465,0.5622,0.0582,0.4381,-0.0000,-0.3839,0.5000,-0.2000,-1.3328,1.1129,-1.2398,-0.4084,0.2000,1.4448,-0.9342,1.3842,120.0095,-2.0347,3.7710,-5.3697,3.6027,-0.0842,7.2227,-2.8565,13.7103,5.9924,0.8611,0.14
9.2863,0.1000,0.0000,0.0000,0.0000,0.0000,0.0000,0.0253,-0.3605,-1.7453,0.0140,-0.0466,-0.9988,0.4967,-0.2387,-1.4935,1.0241,-1.2038,-0.4545,0.1789,1.3038,-0.8794,1.4570,0.1357,-0.0465,0.8957,0.4924,-0.0310,0.4692,-0.0155,0.5622,-0.1163,-0.5312,0.5000,-0.2000,-1.3022,1.0839,-1.2432,-0.4038,0.2000,1.4652,-0.9322,1.3742,119.7833,-2.0663,3.7228,-5.2976,3.6261,-0.0385,7.2587,-2.8969,13.6785,5.9655,0.8889,0.14
9.3073,0.1000,0.0000,0.0000,0.0000,0.0000,0.0000,-0.0449,-0.3037,-1.7041,0.0092,-0.0467,-0.9989,0.4976,-0.2391,-1.4709,1.0292,-1.2047,-0.4453,0.1785,1.3182,-0.8820,1.4459,0.1318,-0.0039,0.9887,0.3141,-0.0310,0.4420,-0.0620,0.6785,-0.1280,-0.5583,0.5000,-0.2000,-1.2717,1.0461,-1.2456,-0.4011,0.2000,1.4856,-0.9295,1.3641,119.6098,-2.1539,3.7125,-5.2573,3.6914,-0.0109,7.2660,-2.9146,13.6443,5.9642,0.9167,0.14
9.3273,0.1000,0.0000,0.0000,0.0000,0.0000,0.0000,-0.0919,-0.2256,-1.6415,0.0059,-0.0448,-0.9990,0.4983,-0.2398,-1.4454,1.0276,-1.2059,-0.4362,0.1777,1.3346,-0.8846,1.4339,0.0233,-0.0931,1.0004,-0.1163,-0.0271,0.4381,-0.0775,0.6630,-0.0078,-0.5428,0.5000,-0.2000,-1.2411,1.0014,-1.2472,-0.4004,0.2000,1.5059,-0.9262,1.3541,119.5325,-2.3250,3.7518,-5.2606,3.8122,-0.0039,7.2354,-2.9110,13.6337,5.9997,0.9444,0.15
9.3473,0.1000,0.0000,0.0000,0.0000,0.0000,0.0000,-0.1488,-0.1276,-1.5810,0.0047,-0.0423,-0.9991,0.4984,-0.2405,-1.4195,1.0189,-1.2074,-0.4284,0.1769,1.3520,-0.8862,1.4214,-0.0000,0.0078,1.2097,-0.3722,-0.0504,0.4071,-0.0388,0.7910,-0.0233,-0.6553,0.5000,-0.2000,-1.2106,0.9519,-1.2483,-0.4026,0.2000,1.5263,-0.9223,1.3440,119.5717,-2.5482,3.8077,-5.2801,3.9937,-0.0256,7.1980,-2.9114,13.6488,6.0394,0.9722,0.14
9.3673,0.1000,0.0000,0.0000,0.0000,0.0000,0.0000,-0.2253,-0.0559,-1.5170,0.0039,-0.0379,-0.9993,0.4986,-0.2411,-1.3923,1.0039,-1.2084,-0.4221,0.1757,1.3705,-0.8868,1.4078,0.0543,-0.0271,1.2059,-0.6708,-0.0116,0.3179,-0.1435,0.8453,-0.0039,-0.6436,0.5000,-0.2000,-1.1800,0.9000,-1.2770,-0.4069,0.2000,1.5467,-0.9180,1.3340,119.7627,-2.8401,3.9057,-5.3319,4.2277,-0.0691,7.1309,-2.8965,13.6914,6.1019,0.0000,0.14
9.3883,0.1000,0.0000,0.0000,0.0000,0.0000,0.0000,-0.2810,0.0290,-1.3929,0.0047,-0.0325,-0.9995,0.4985,-0.2419,-1.3639,0.9811,-1.2098,-0.4161,0.1741,1.3904,-0.8869,1.3929,0.0155,-0.0465,1.3144,-1.0197,-0.0388,0.3257,-0.0233,1.0197,0.0504,-0.7677,0.5000,-0.2000,-1.2004,0.9052,-1.2699,-0.4146,0.2000,1.5670,-0.9133,1.3239,120.0695,-3.1846,4.0396,-5.4262,4.5054,-0.1465,7.0429,-2.8678,13.7630,6.1904,0.0278,0.13
9.4083,0.1000,0.0000,0.0000,0.0000,0.0000,0.0000,-0.2615,0.1305,-1.2191,0.0071,-0.0279,-0.9996,0.4986,-0.2427,-1.3355,0.9532,-1.2161,-0.4120,0.1726,1.4104,-0.8866,1.3781,0.0388,-0.0892,1.3765,-1.2950,-0.2443,0.2326,-0.1047,1.0081,0.0853,-0.6475,0.5000,-0.2000,-1.2207,0.9103,-1.2627,-0.4249,0.2000,1.5874,-0.9083,1.3139,120.4900,-3.5576,4.2129,-5.5655,4.8128,-0.2487,6.9311,-2.8147,13.8526,6.3055,0.0556,0.14
9.4273,0.1000,0.0000,0.0000,0.0000,0.0000,0.0000,-0.1973,0.2668,-0.9707,0.0122,-0.0234,-0.9997,0.4989,-0.2433,-1.3134,0.9293,-1.2199,-0.4104,0.1707,1.4320,-0.8861,1.3635,0.0388,-0.0000,1.0042,-1.1051,-0.0775,0.0582,-0.1163,1.0353,-0.0194,-0.7289,0.5000,-0.2000,-1.2411,0.9152,-1.2556,-0.4368,0.2000,1.6078,-0.9031,1.3038,121.0284,-3.9586,4.3841,-5.6966,5.1443,-0.3679,6.8179,-2.7629,13.9588,6.4054,0.0833,0.14
9.4483,0.1000,0.0000,0.0000,0.0000,0.0000,0.0000,-0.1636,0.3688,-0.7231,0.0198,-0.0189,-0.9996,0.4993,-0.2433,-1.2990,0.9100,-1.2203,-0.4109,0.1689,1.4553,-0.8855,1.3495,-0.0194,0.0388,0.6475,-0.8918,0.0271,-0.0504,-0.1086,1.1283,0.0620,-0.6165,0.5000,-0.2000,-1.2615,0.9198,-1.2485,-0.4477,0.2000,1.6078,-0.9209,1.3562,121.6155,-4.3354,4.5531,-5.8276,5.4454,-0.4775,6.7082,-2.7065,14.0627,6.5035,0.1111,0.14
9.4683,0.1000,0.0000,0.0000,0.0000,0.0000,0.0000,-0.1613,0.3710,-0.5213,0.0276,-0.0130,-0.9995,0.4998,-0.2427,-1.2912,0.8945,-1.2194,-0.4137,0.1670,1.4794,-0.8854,1.3348,0.0582,0.0775,0.3218,-0.6669,0.0582,-0.0853,-0.0853,1.0546,0.0388,-0.6979,0.5000,-0.2000,-1.2819,0.9239,-1.2414,-0.4567,0.2000,1.5772,-0.9722,1.3689,122.2450,-4.6808,4.7076,-5.9469,5.7209,-0.5674,6.5972,-2.6509,14.1717,6.6002,0.1389,0.14
9.4883,0.1000,0.0000,0.0000,0.0000,0.0000,0.0000,-0.2108,0.2479,-0.3068,0.0342,-0.0053,-0.9994,0.5002,-0.2414,-1.2892,0.8827,-1.2168,-0.4187,0.1652,1.5004,-0.8873,1.3327,0.0931,0.1202,0.0078,-0.5273,0.1473,-0.2598,-0.1086,0.8879,-0.0427,-0.0620,0.5000,-0.2000,-1.3022,0.9276,-1.2342,-0.4635,0.2000,1.5467,-1.0200,1.3813,122.8686,-4.9645,4.8444,-6.0644,5.9323,-0.6351,6.4913,-2.5879,14.2621,6.7044,0.1667,0.14
9.5073,0.1000,0.0000,0.0000,0.0000,0.0000,0.0000,-0.2288,-0.0678,-0.0138,0.0349,0.0030,-0.9994,0.5008,-0.2399,-1.2904,0.8736,-1.2127,-0.4244,0.1637,1.5139,-0.8976,1.3335,0.0892,0.0969,0.0155,-0.4730,0.2288,-0.1900,-0.1473,0.6553,-0.5545,-0.0155,0.5000,-0.2000,-1.3226,0.9306,-1.2271,-0.4710,0.2000,1.5161,-1.0621,1.3931,123.4430,-5.2125,4.9686,-6.1923,6.1330,-0.7097,6.3794,-2.5322,14.3745,6.8155,0.1944,0.14
9.5273,0.1000,0.0000,0.0000,0.0000,0.0000,0.0000,-0.2136,-0.4547,0.3800,0.0282,0.0113,-0.9995,0.5018,-0.2386,-1.2927,0.8673,-1.2084,-0.4301,0.1627,1.5226,-0.9142,1.3371,0.0659,0.0775,-0.0892,-0.2520,0.2133,-0.2094,-0.0388,0.4653,-0.7561,0.1280,0.5000,-0.2000,-1.3430,0.9331,-1.2200,-0.4768,0.2000,1.4856,-1.0966,1.4039,123.8870,-5.4083,5.0868,-6.3341,6.2719,-0.7679,6.2680,-2.4659,14.4603,6.9296,0.2222,0.15
9.5472,0.1000,0.0000,0.0000,0.0000,0.0000,0.0000,-0.1739,-0.7043,0.7625,0.0147,0.0172,-0.9997,0.5025,-0.2374,-1.2971,0.8651,-1.2048,-0.4367,0.1622,1.5248,-0.9357,1.3433,0.0620,0.1667,-0.1628,-0.0116,0.2055,-0.3296,-0.1124,-0.0155,-1.0353,0.2210,0.5000,-0.2000,-1.3633,0.9348,-1.2128,-0.4798,0.2000,1.4550,-1.1217,1.4136,124.2429,-5.5791,5.1945,-6.4659,6.3875,-0.7984,6.1672,-2.4029,14.5232,7.0340,0.2500,0.14
9.5672,0.1000,0.0000,0.0000,0.0000,0.0000,0.0000,-0.1449,-0.7297,1.1011,-0.0000,0.0226,-0.9997,0.5026,-0.2369,-1.3010,0.8663,-1.2017,-0.4436,0.1620,1.5217,-0.9598,1.3510,-0.0000,0.0039,-0.1318,0.1357,0.1318,-0.2637,-0.0814,-0.2133,-1.1128,0.3761,0.5000,-0.2000,-1.3837,0.9358,-1.2057,-0.4813,0.2000,1.4244,-1.1364,1.4221,124.5225,-5.7628,5.3154,-6.5983,6.4950,-0.8133,6.0722,-2.3342,14.5583,7.1309,0.2778,0.13
9.5872,0.1000,0.0000,0.0000,0.0000,0.0000,0.0000,-0.1162,-0.7205,1.3691,-0.0133,0.0280,-0.9995,0.5025,-0.2367,-1.3061,0.8688,-1.1990,-0.4504,0.1620,1.5142,-0.9829,1.3605,-0.0465,0.0078,-0.2443,0.1939,0.1047,-0.3335,0.0000,-0.2908,-1.0624,0.4226,0.5000,-0.2000,-1.4041,0.9360,-1.1986,-0.4814,0.2000,1.3939,-1.1398,1.4293,124.7375,-5.8887,5.4092,-6.7071,6.5553,-0.8137,6.0058,-2.2818,14.5858,7.2075,0.3056,0.14
9.6072,0.1000,0.0000,0.0000,0.0000,0.0000,0.0000,-0.0490,-0.7195,1.4727,-0.0263,0.0316,-0.9992,0.5025,-0.2365,-1.3134,0.8718,-1.1970,-0.4577,0.1620,1.5026,-1.0038,1.3713,-0.0155,0.0737,-0.3839,0.2482,0.0388,-0.3684,0.0388,-0.5157,-0.9732,0.4847,0.5000,-0.2000,-1.4244,0.9355,-1.1914,-0.4788,0.2000,1.3633,-1.1318,1.4352,124.9336,-5.9406,5.4773,-6.7892,6.5653,-0.7880,5.9632,-2.2426,14.6082,7.2647,0.3333,0.14
9.6272,0.1000,0.0000,0.0000,0.0000,0.0000,0.0000,0.0373,-0.6734,1.5363,-0.0389,0.0337,-0.9987,0.5024,-0.2365,-1.3234,0.8749,-1.1958,-0.4642,0.1622,1.4863,-1.0205,1.3828,-0.0543,0.0388,-0.4149,0.1861,0.0233,-0.2365,0.0504,-0.7910,-0.7096,0.5041,0.5000,-0.2000,-1.4448,0.9342,-1.1842,-0.4757,0.2000,1.3328,-1.1129,1.4398,125.1030,-5.9532,5.5362,-6.8673,6.5416,-0.7571,5.9378,-2.2078,14.6204,7.3165,0.3611,0.14
9.6482,0.1000,0.0000,0.0000,0.0000,0.0000,0.0000,0.1222,-0.6036,1.4869,-0.0509,0.0331,-0.9982,0.5019,-0.2365,-1.3349,0.8783,-1.1959,-0.4692,0.1622,1.4680,-1.0318,1.3940,0.0155,-0.0000,-0.6049,0.1861,-0.0814,-0.2094,-0.0388,-0.9151,-0.4498,0.5196,0.5000,-0.2000,-1.4652,0.9322,-1.1742,-0.4714,0.2000,1.3022,-1.0839,1.4432,125.2528,-5.8963,5.5670,-6.9151,6.4768,-0.7141,5.9364,-2.1914,14.6340,7.3399,0.3889,0.14
9.6682,0.1000,0.0000,0.0000,0.0000,0.0000,0.0000,0.1784,-0.5122,1.3254,-0.0619,0.0320,-0.9976,0.5005,-0.2365,-1.3494,0.8837,-1.1974,-0.4716,0.1622,1.4446,-1.0375,1.4048,-0.1318,0.0620,-0.4963,0.2559,-0.0969,-0.0620,-0.0659,-1.0391,-0.2714,0.4730,0.5000,-0.2000,-1.4856,0.9295,-1.1641,-0.4668,0.2000,1.2717,-1.0461,1.4456,125.3618,-5.7783,5.5616,-6.9217,6.3883,-0.6681,5.9624,-2.1952,14.6406,7.3277,0.4167,0.14
9.6893,0.1000,0.0000,0.0000,0.0000,0.0000,0.0000,0.2527,-0.3863,1.1762,-0.0707,0.0288,-0.9971,0.4979,-0.2366,-1.3634,0.8890,-1.1994,-0.4717,0.1622,1.4222,-1.0368,1.4147,-0.0775,0.0271,-0.6902,0.2404,-0.1086,0.0388,0.0155,-1.0779,0.1357,0.4188,0.5000,-0.2000,-1.5059,0.9262,-1.1541,-0.4614,0.2000,1.2411,-1.0014,1.4472,125.4103,-5.6117,5.5482,-6.9237,6.2491,-0.6139,5.9987,-2.1956,14.6269,7.3106,0.4444,0.14
9.7082,0.1000,0.0000,0.0000,0.0000,0.0000,0.0000,0.3155,-0.2532,0.9921,-0.0779,0.0238,-0.9967,0.4958,-0.2367,-1.3767,0.8938,-1.2013,-0.4710,0.1621,1.3994,-1.0276,1.4235,-0.1086,-0.0000,-0.6940,0.2637,-0.1628,0.0349,-0.0310,-1.1438,0.5390,0.3994,0.5000,-0.2000,-1.5263,0.9223,-1.1440,-0.4564,0.2000,1.2106,-0.9519,1.4483,125.4054,-5.4173,5.5152,-6.9102,6.0980,-0.5636,6.0459,-2.2054,14.6088,7.2764,0.4722,0.13
9.7282,0.1000,0.0000,0.0000,0.0000,0.0000,0.0000,0.3435,-0.0931,0.8635,-0.0818,0.0175,-0.9965,0.4937,-0.2367,-1.3930,0.8995,-1.2033,-0.4689,0.1620,1.3728,-1.0116,1.4304,-0.0465,0.0465,-0.7289,0.3451,-0.0931,0.2094,-0.0271,-1.2175,0.7832,0.3141,0.5000,-0.2000,-1.5467,0.9180,-1.1340,-0.4543,0.2000,1.1800,-0.9000,1.4770,125.3273,-5.2011,5.4609,-6.8713,5.9497,-0.5428,6.1096,-2.2248,14.5731,7.2213,0.5000,0.15
9.7483,0.1000,0.0000,0.0000,0.0000,0.0000,0.0000,0.4069,0.0564,0.7648,-0.0836,0.0104,-0.9964,0.4926,-0.2368,-1.4076,0.9036,-1.2042,-0.4658,0.1621,1.3476,-0.9881,1.4361,-0.0698,0.0853,-0.7600,0.2443,-0.0349,0.1163,0.0388,-1.3106,1.1283,0.2171,0.5000,-0.2000,-1.5670,0.9133,-1.1239,-0.4533,0.2000,1.2004,-0.9052,1.4699,125.1486,-4.9598,5.3975,-6.8361,5.7790,-0.5332,6.1797,-2.2441,14.5308,7.1675,0.5278,0.14
9.7682,0.1000,0.0000,0.0000,0.0000,0.0000,0.0000,0.3760,0.2909,0.7103,-0.0814,0.0049,-0.9967,0.4917,-0.2368,-1.4242,0.9072,-1.2043,-0.4626,0.1622,1.3195,-0.9584,1.4449,-0.0620,0.0194,-0.6902,0.2288,0.0543,0.2210,-0.0427,-1.4036,1.4385,0.3528,0.5000,-0.2000,-1.5874,0.9083,-1.1139,-0.4555,0.2000,1.2207,-0.9103,1.4627,124.8912,-4.7597,5.3312,-6.7862,5.6458,-0.5550,6.2431,-2.2636,14.4633,7.1025,0.5556,0.15
9.7892,0.1000,0.0000,0.0000,0.0000,0.0000,0.0000,0.2731,0.4967,0.7191,-0.0747,0.0010,-0.9972,0.4912,-0.2367,-1.4414,0.9093,-1.2037,-0.4594,0.1626,1.2994,-0.9342,1.4495,0.0388,-0.0194,-0.8608,0.1086,0.0698,0.1202,-0.0271,-0.8918,1.0702,0.2404,0.5000,-0.2000,-1.6078,0.9031,-1.1038,-0.4590,0.2000,1.2411,-0.9152,1.4556,124.4860,-4.5252,5.2299,-6.6977,5.5059,-0.5903,6.3086,-2.2970,14.4008,7.0106,0.5833,0.14
9.8083,0.1000,0.0000,0.0000,0.0000,0.0000,0.0000,0.2871,0.6517,0.6911,-0.0647,-0.0038,-0.9979,0.4911,-0.2369,-1.4594,0.9098,-1.2017,-0.4586,0.1635,1.2879,-0.9137,1.4517,-0.0155,-0.0504,-0.9344,0.1280,0.1551,0.0194,0.1047,-0.5583,0.9306,0.0892,0.5000,-0.2000,-1.6078,0.9209,-1.1562,-0.4612,0.2000,1.2615,-0.9198,1.4485,123.9568,-4.2600,5.1154,-6.6086,5.3297,-0.6118,6.3770,-2.3264,14.3325,6.9125,0.6111,0.14
9.8282,0.1000,0.0000,0.0000,0.0000,0.0000,0.0000,0.2581,0.7603,0.6673,-0.0509,-0.0097,-0.9987,0.4913,-0.2370,-1.4797,0.9098,-1.1964,-0.4592,0.1650,1.2825,-0.8996,1.4527,0.0349,-0.0543,-0.8181,0.0233,0.3528,-0.0853,0.1241,-0.2598,0.7057,0.0310,0.5000,-0.2000,-1.5772,0.9722,-1.1689,-0.4617,0.2000,1.2819,-0.9239,1.4414,123.3240,-3.9932,4.9816,-6.5035,5.1379,-0.6175,6.4355,-2.3584,14.2561,6.8154,0.6389,0.14
9.8482,0.1000,0.0000,0.0000,0.0000,0.0000,0.0000,0.1399,0.6859,0.6139,-0.0365,-0.0130,-0.9992,0.4917,-0.2371,-1.4968,0.9117,-1.1977,-0.4612,0.1670,1.2822,-0.8877,1.4532,0.1241,-0.0310,-0.9422,0.1435,0.0078,-0.0659,0.0349,-0.0543,0.5622,0.0271,0.5000,-0.2000,-1.5467,1.0200,-1.1813,-0.4602,0.2000,1.3022,-0.9276,1.4342,122.6064,-3.7017,4.8287,-6.3709,4.9088,-0.6024,6.4914,-2.3882,14.1545,6.7007,0.6667,0.14
9.8682,0.1000,0.0000,0.0000,0.0000,0.0000,0.0000,0.1376,0.4084,0.4377,-0.0268,-0.0183,-0.9995,0.4918,-0.2373,-1.5108,0.9200,-1.1989,-0.4637,0.1689,1.2834,-0.8800,1.4533,0.0698,-0.0427,-0.6979,0.4110,-0.0814,-0.1086,0.0659,-0.0582,0.3567,-0.0039,0.5000,-0.2000,-1.5161,1.0621,-1.1931,-0.4563,0.2000,1.3226,-0.9306,1.4271,121.8783,-3.3671,4.6497,-6.2219,4.6482,-0.5629,6.5684,-2.4380,14.0700,6.5754,0.6944,0.14
9.8892,0.1000,0.0000,0.0000,0.0000,0.0000,0.0000,0.1206,0.0799,0.1114,-0.0245,-0.0238,-0.9994,0.4917,-0.2377,-1.5193,0.9351,-1.2012,-0.4655,0.1707,1.2860,-0.8743,1.4533,0.0233,-0.0543,-0.5157,0.6902,-0.0892,-0.0310,0.0620,-0.0194,0.2210,-0.0620,0.5000,-0.2000,-1.4856,1.0966,-1.2039,-0.4491,0.2000,1.3430,-0.9331,1.4200,121.2122,-3.0253,4.4557,-6.0511,4.3690,-0.4907,6.6698,-2.5065,13.9915,6.4389,0.7222,0.15
9.9082,0.1000,0.0000,0.0000,0.0000,0.0000,0.0000,0.0227,-0.0626,-0.3487,-0.0257,-0.0282,-0.9993,0.4912,-0.2384,-1.5246,0.9532,-1.2035,-0.4668,0.1716,1.2868,-0.8723,1.4525,-0.0078,-0.0039,-0.3335,0.8104,-0.1163,-0.0427,0.0582,-0.0814,0.0465,-0.0155,0.5000,-0.2000,-1.4550,1.1217,-1.2136,-0.4374,0.2000,1.3633,-0.9348,1.4128,120.6636,-2.7172,4.2633,-5.8544,4.1121,-0.3739,6.7838,-2.5836,13.9022,6.2992,0.7500,0.14
9.9282,0.1000,0.0000,0.0000,0.0000,0.0000,0.0000,-0.0277,-0.0550,-0.8452,-0.0269,-0.0310,-0.9992,0.4908,-0.2393,-1.5246,0.9750,-1.2070,-0.4664,0.1726,1.2873,-0.8727,1.4507,0.0078,-0.0427,0.0039,1.0042,-0.1473,0.0543,0.0543,-0.0427,-0.0543,-0.0931,0.5000,-0.2000,-1.4244,1.1364,-1.2221,-0.4246,0.2000,1.3837,-0.9358,1.4057,120.2569,-2.4510,4.0923,-5.6661,3.9061,-0.2461,6.9122,-2.6660,13.8209,6.1602,0.7778,0.15
9.9482,0.1000,0.0000,0.0000,0.0000,0.0000,0.0000,-0.0128,-0.0221,-1.2686,-0.0267,-0.0323,-0.9991,0.4903,-0.2399,-1.5195,0.9956,-1.2103,-0.4623,0.1736,1.2901,-0.8740,1.4478,-0.0116,-0.0310,0.2986,1.0430,-0.1318,0.2249,-0.0078,0.0969,-0.0427,-0.1822,0.5000,-0.2000,-1.3939,1.1398,-1.2293,-0.4130,0.2000,1.4041,-0.9360,1.3986,119.9570,-2.2257,3.9478,-5.5093,3.7327,-0.1299,7.0450,-2.7437,13.7492,6.0472,0.8056,0.15
9.9693,0.1000,0.0000,0.0000,0.0000,0.0000,0.0000,0.0708,0.0631,-1.3994,-0.0247,-0.0359,-0.9991,0.4906,-0.2403,-1.5092,1.0121,-1.2124,-0.4540,0.1739,1.2955,-0.8754,1.4442,0.0659,-0.0000,0.5894,0.7677,-0.0775,0.4071,-0.0388,0.2559,-0.1318,-0.2210,0.5000,-0.2000,-1.3633,1.1318,-1.2352,-0.4055,0.2000,1.4244,-0.9355,1.3914,119.6614,-2.0787,3.8535,-5.4163,3.6160,-0.0546,7.1361,-2.7920,13.6805,5.9966,0.8333,0.14
9.9882,0.1000,0.0000,0.0000,0.0000,0.0000,0.0000,0.0017,0.1156,-1.2353,-0.0204,-0.0369,-0.9991,0.4930,-0.2404,-1.4951,1.0244,-1.2123,-0.4435,0.1735,1.3035,-0.8782,1.4397,0.2133,0.1163,0.5932,0.5700,0.0504,0.4653,0.0000,0.3877,-0.1745,-0.2365,0.5000,-0.2000,-1.3328,1.1129,-1.2398,-0.4026,0.2000,1.4448,-0.9342,1.3842,119.3310,-2.0696,3.7975,-5.3523,3.5837,-0.0256,7.1601,-2.8113,13.6064,5.9836,0.8611,0.14
10.0092,0.1000,0.0000,0.0000,0.0000,0.0000,0.0000,0.0061,0.0505,-1.2672,-0.0176,-0.0387,-0.9991,0.4948,-0.2404,-1.4795,1.0310,-1.2117,-0.4353,0.1729,1.3147,-0.8818,1.4342,0.1202,-0.0039,0.7173,0.2908,0.0427,0.3412,-0.1202,0.5506,-0.1318,-0.3684,0.5000,-0.2000,-1.3022,1.0839,-1.2432,-0.4002,0.2000,1.4652,-0.9322,1.3742,119.0736,-2.0954,3.7548,-5.3046,3.5959,-0.0019,7.1890,-2.8448,13.5835,5.9706,0.8889,0.14
10.0292,0.1000,0.0000,0.0000,0.0000,0.0000,0.0000,-0.0525,0.1030,-1.3145,-0.0140,-0.0380,-0.9992,0.4957,-0.2405,-1.4594,1.0316,-1.2114,-0.4291,0.1719,1.3289,-0.8861,1.4277,0.1435,-0.0543,0.8763,0.0582,0.0659,0.3373,-0.1086,0.5312,-0.1241,-0.4149,0.5000,-0.2000,-1.2717,1.0461,-1.2456,-0.3983,0.2000,1.4856,-0.9295,1.3641,118.9325,-2.2176,3.7523,-5.2723,3.6894,0.0169,7.1788,-2.8568,13.5594,5.9813,0.9167,0.14
10.0492,0.1000,0.0000,0.0000,0.0000,0.0000,0.0000,-0.0943,0.1726,-1.3777,-0.0101,-0.0370,-0.9993,0.4967,-0.2405,-1.4390,1.0270,-1.2111,-0.4236,0.1702,1.3421,-0.8893,1.4197,0.0698,0.0078,0.9732,-0.2094,-0.0078,0.2133,-0.1086,0.6243,-0.1512,-0.4188,0.5000,-0.2000,-1.2411,1.0014,-1.2472,-0.3978,0.2000,1.5059,-0.9262,1.3541,118.9200,-2.3693,3.7688,-5.2540,3.8176,0.0218,7.1759,-2.8724,13.5567,5.9924,0.9444,0.13
10.0692,0.1000,0.0000,0.0000,0.0000,0.0000,0.0000,-0.1255,0.2520,-1.4147,-0.0035,-0.0338,-0.9994,0.4977,-0.2407,-1.4140,1.0157,-1.2112,-0.4191,0.1694,1.3587,-0.8911,1.4114,0.0737,0.0039,1.0857,-0.4808,0.0233,0.2482,-0.0155,0.6514,-0.0039,-0.4226,0.5000,-0.2000,-1.2106,0.9519,-1.2483,-0.3999,0.2000,1.5263,-0.9223,1.3440,119.0681,-2.6066,3.8366,-5.2806,4.0077,0.0011,7.1364,-2.8671,13.5767,6.0405,0.9722,0.13
10.0892,0.1000,0.0000,0.0000,0.0000,0.0000,0.0000,-0.1736,0.3129,-1.4658,0.0034,-0.0307,-0.9995,0.4985,-0.2409,-1.3885,0.9991,-1.2113,-0.4152,0.1687,1.3761,-0.8919,1.4019,0.0698,-0.0039,1.1555,-0.8104,-0.0116,0.1435,-0.0582,0.8802,-0.0427,-0.4420,0.5000,-0.2000,-1.1800,0.9000,-1.2770,-0.4045,0.2000,1.5467,-0.9180,1.3340,119.3757,-2.8871,3.9270,-5.3279,4.2441,-0.0450,7.0903,-2.8655,13.6363,6.0957,0.0000,0.15
10.1092,0.1000,0.0000,0.0000,0.0000,0.0000,0.0000,-0.2498,0.4057,-1.4839,0.0120,-0.0252,-0.9996,0.4987,-0.2414,-1.3609,0.9762,-1.2117,-0.4124,0.1682,1.3952,-0.8914,1.3911,0.0310,0.0582,1.2834,-1.0353,0.0659,0.1435,-0.0310,0.9500,-0.0078,-0.5312,0.5000,-0.2000,-1.2004,0.9052,-1.2699,-0.4117,0.2000,1.5670,-0.9133,1.3239,119.8511,-3.2507,4.0568,-5.4050,4.5454,-0.1169,7.0157,-2.8469,13.7162,6.1738,0.0278,0.15
10.1292,0.1000,0.0000,0.0000,0.0000,0.0000,0.0000,-0.2053,0.5089,-1.3859,0.0226,-0.0213,-0.9995,0.4990,-0.2422,-1.3315,0.9475,-1.2175,-0.4105,0.1678,1.4160,-0.8899,1.3806,0.0388,-0.0078,1.3648,-1.3299,-0.3024,0.1551,0.0000,1.0236,0.0737,-0.5041,0.5000,-0.2000,-1.2207,0.9103,-1.2627,-0.4222,0.2000,1.5874,-0.9083,1.3139,120.4272,-3.6294,4.2385,-5.5525,4.8652,-0.2218,6.9126,-2.7936,13.8235,6.2936,0.0556,0.15
10.1492,0.1000,0.0000,0.0000,0.0000,0.0000,0.0000,-0.1380,0.6097,-1.2070,0.0348,-0.0190,-0.9992,0.4997,-0.2429,-1.3095,0.9250,-1.2205,-0.4095,0.1672,1.4378,-0.8872,1.3692,0.0853,-0.0194,0.9461,-0.9267,-0.0349,0.0659,-0.0698,1.0430,0.1667,-0.4963,0.5000,-0.2000,-1.2411,0.9152,-1.2556,-0.4348,0.2000,1.6078,-0.9031,1.3038,121.1478,-4.0571,4.4174,-5.6838,5.2178,-0.3484,6.8051,-2.7456,13.9464,6.3932,0.0833,0.15
10.1692,0.1000,0.0000,0.0000,0.0000,0.0000,0.0000,-0.1096,0.6857,-1.0276,0.0488,-0.0152,-0.9987,0.5010,-0.2430,-1.2953,0.9073,-1.2209,-0.4109,0.1664,1.4613,-0.8842,1.3573,0.1047,0.0620,0.6785,-0.8259,-0.0000,-0.0388,-0.0853,1.2020,0.1667,-0.5428,0.5000,-0.2000,-1.2615,0.9198,-1.2485,-0.4463,0.2000,1.6078,-0.9209,1.3562,121.8997,-4.4366,4.5842,-5.8127,5.5280,-0.4631,6.7086,-2.7006,14.0770,6.4938,0.1111,0.15
10.1902,0.1000,0.0000,0.0000,0.0000,0.0000,0.0000,-0.0899,0.6777,-0.8530,0.0628,-0.0101,-0.9980,0.5023,-0.2425,-1.2868,0.8938,-1.2198,-0.4147,0.1658,1.4860,-0.8819,1.3451,0.0504,0.0465,0.3528,-0.6049,0.1124,-0.2637,-0.0737,1.1593,0.1008,-0.5894,0.5000,-0.2000,-1.2819,0.9239,-1.2414,-0.4556,0.2000,1.5772,-0.9722,1.3689,122.6603,-4.7992,4.7436,-5.9370,5.8177,-0.5560,6.5974,-2.6443,14.2056,6.5945,0.1389,0.14
10.2092,0.1000,0.0000,0.0000,0.0000,0.0000,0.0000,-0.1063,0.5792,-0.6986,0.0760,-0.0054,-0.9971,0.5030,-0.2411,-1.2835,0.8843,-1.2173,-0.4211,0.1654,1.5091,-0.8824,1.3444,0.0271,0.1008,0.1706,-0.4188,0.1435,-0.2792,-0.0931,0.9965,-0.0310,-0.0775,0.5000,-0.2000,-1.3022,0.9276,-1.2342,-0.4633,0.2000,1.5467,-1.0200,1.3813,123.4176,-5.1031,4.8867,-6.0578,6.0539,-0.6326,6.4954,-2.5829,14.3185,6.7005,0.1667,0.14
10.2292,0.1000,0.0000,0.0000,0.0000,0.0000,0.0000,-0.1885,0.2733,-0.4589,0.0835,0.0021,-0.9965,0.5038,-0.2394,-1.2833,0.8769,-1.2129,-0.4280,0.1647,1.5232,-0.8896,1.3457,0.0659,0.1202,-0.0233,-0.3412,0.2598,-0.3335,-0.1124,0.7367,-0.2869,-0.0078,0.5000,-0.2000,-1.3226,0.9306,-1.2271,-0.4707,0.2000,1.5161,-1.0621,1.3931,124.1316,-5.3807,5.0173,-6.1816,6.2676,-0.7073,6.3840,-2.5259,14.4401,6.8145,0.1944,0.14
10.2502,0.1000,0.0000,0.0000,0.0000,0.0000,0.0000,-0.1627,-0.1326,-0.0451,0.0817,0.0087,-0.9966,0.5044,-0.2379,-1.2850,0.8720,-1.2081,-0.4341,0.1641,1.5332,-0.9043,1.3507,0.1047,0.0427,-0.0194,-0.1551,0.2171,-0.2094,-0.0194,0.5079,-0.7483,0.2559,0.5000,-0.2000,-1.3430,0.9331,-1.2200,-0.4786,0.2000,1.4856,-1.0966,1.4039,124.6923,-5.5845,5.1458,-6.3351,6.4308,-0.7864,6.2706,-2.4573,14.5451,6.9393,0.2222,0.14
10.2692,0.1000,0.0000,0.0000,0.0000,0.0000,0.0000,-0.1547,-0.3408,0.4931,0.0752,0.0136,-0.9971,0.5057,-0.2366,-1.2860,0.8719,-1.2043,-0.4408,0.1633,1.5371,-0.9244,1.3583,0.1551,0.0659,-0.0310,0.0504,0.2288,-0.2986,0.0116,0.1435,-0.8957,0.3800,0.5000,-0.2000,-1.3633,0.9348,-1.2128,-0.4853,0.2000,1.4550,-1.1217,1.4136,125.0898,-5.8129,5.2854,-6.5037,6.5830,-0.8533,6.1435,-2.3724,14.6063,7.0728,0.2500,0.14
10.2902,0.1000,0.0000,0.0000,0.0000,0.0000,0.0000,-0.1736,-0.3789,0.9168,0.0673,0.0177,-0.9976,0.5072,-0.2358,-1.2876,0.8736,-1.2003,-0.4479,0.1630,1.5354,-0.9450,1.3676,0.0582,0.0620,-0.0931,0.1396,0.1318,-0.2986,-0.0582,-0.0349,-1.0159,0.5157,0.5000,-0.2000,-1.3837,0.9358,-1.2057,-0.4905,0.2000,1.4244,-1.1364,1.4221,125.3939,-6.0420,5.4156,-6.6480,6.7260,-0.9055,6.0370,-2.2993,14.6505,7.1802,0.2778,0.14
10.3092,0.1000,0.0000,0.0000,0.0000,0.0000,0.0000,-0.1736,-0.3505,1.2652,0.0606,0.0211,-0.9979,0.5074,-0.2357,-1.2913,0.8767,-1.1967,-0.4555,0.1629,1.5291,-0.9679,1.3795,0.0388,0.0310,-0.1977,0.1590,0.1939,-0.3916,-0.0233,-0.3102,-0.9461,0.5855,0.5000,-0.2000,-1.4041,0.9360,-1.1986,-0.4935,0.2000,1.3939,-1.1398,1.4293,125.6424,-6.2383,5.5337,-6.7802,6.8331,-0.9347,5.9470,-2.2305,14.6797,7.2797,0.3056,0.14
10.3312,0.1000,0.0000,0.0000,0.0000,0.0000,0.0000,-0.1703,-0.3284,1.5010,0.0548,0.0245,-0.9982,0.5078,-0.2357,-1.2982,0.8805,-1.1923,-0.4643,0.1629,1.5178,-0.9864,1.3918,0.0504,0.0504,-0.4537,0.1939,0.2947,-0.4808,-0.0310,-0.4692,-0.8957,0.5661,0.5000,-0.2000,-1.4244,0.9355,-1.1914,-0.4952,0.2000,1.3633,-1.1318,1.4352,125.8569,-6.3684,5.6200,-6.8781,6.9018,-0.9525,5.8848,-2.1826,14.7080,7.3482,0.3333,0.15
10.3502,0.1000,0.0000,0.0000,0.0000,0.0000,0.0000,-0.1513,-0.2764,1.6700,0.0507,0.0268,-0.9984,0.5091,-0.2356,-1.3087,0.8839,-1.1880,-0.4748,0.1630,1.5015,-1.0033,1.4050,0.1241,0.0388,-0.4924,0.1667,0.1512,-0.4381,-0.0969,-0.8104,-0.8142,0.5855,0.5000,-0.2000,-1.4448,0.9342,-1.1842,-0.4955,0.2000,1.3328,-1.1129,1.4398,126.0293,-6.4436,5.6943,-6.9652,6.9347,-0.9554,5.8335,-2.1349,14.7189,7.4098,0.3611,0.14
10.3702,0.1000,0.0000,0.0000,0.0000,0.0000,0.0000,-0.1319,-0.1998,1.8469,0.0477,0.0283,-0.9985,0.5105,-0.2356,-1.3202,0.8861,-1.1832,-0.4840,0.1632,1.4847,-1.0136,1.4173,0.1396,0.0620,-0.5700,0.0931,0.2520,-0.3218,-0.0427,-0.9422,-0.4885,0.6010,0.5000,-0.2000,-1.4652,0.9322,-1.1742,-0.4968,0.2000,1.3022,-1.0839,1.4432,126.1326,-6.4721,5.7502,-7.0446,6.9255,-0.9684,5.8053,-2.0981,14.7174,7.4599,0.3889,0.14
10.3902,0.1000,0.0000,0.0000,0.0000,0.0000,0.0000,-0.0805,-0.0836,1.9885,0.0475,0.0282,-0.9985,0.5113,-0.2357,-1.3354,0.8875,-1.1784,-0.4914,0.1633,1.4624,-1.0182,1.4291,0.0194,0.0388,-0.8259,0.1202,0.2404,-0.3877,-0.0388,-1.0624,-0.1163,0.5467,0.5000,-0.2000,-1.4856,0.9295,-1.1641,-0.4980,0.2000,1.2717,-1.0461,1.4456,126.1403,-6.4499,5.7844,-7.1027,6.8923,-0.9803,5.7932,-2.0703,14.7013,7.4818,0.4167,0.13
10.4102,0.1000,0.0000,0.0000,0.0000,0.0000,0.0000,-0.0469,-0.0209,2.0761,0.0488,0.0269,-0.9984,0.5115,-0.2356,-1.3526,0.8875,-1.1730,-0.4967,0.1633,1.4375,-1.0174,1.4400,0.0155,0.0427,-0.9073,0.0504,0.3063,-0.1667,-0.0116,-1.1981,0.0078,0.5545,0.5000,-0.2000,-1.5059,0.9262,-1.1541,-0.5000,0.2000,1.2411,-1.0014,1.4472,126.0693,-6.3769,5.7934,-7.1321,6.8376,-1.0061,5.7940,-2.0551,14.6757,7.4878,0.4444,0.13
10.4312,0.1000,0.0000,0.0000,0.0000,0.0000,0.0000,0.0216,0.0283,2.0930,0.0504,0.0256,-0.9984,0.5113,-0.2356,-1.3733,0.8868,-1.1675,-0.5002,0.1633,1.4091,-1.0106,1.4491,-0.0349,-0.0078,-0.9344,0.0116,0.2753,-0.1396,-0.0504,-1.3338,0.3102,0.3839,0.5000,-0.2000,-1.5263,0.9223,-1.1440,-0.5000,0.2000,1.2106,-0.9519,1.4483,125.9086,-6.2445,5.7767,-7.1433,6.7494,-1.0264,5.8143,-2.0545,14.6499,7.4704,0.4722,0.13
10.4502,0.1000,0.0000,0.0000,0.0000,0.0000,0.0000,0.1673,0.1194,2.0186,0.0531,0.0227,-0.9983,0.5106,-0.2356,-1.3939,0.8849,-1.1637,-0.5028,0.1633,1.3812,-0.9965,1.4564,-0.0194,0.0427,-0.9965,-0.0582,0.0969,-0.0737,0.0194,-1.4152,0.6940,0.3451,0.5000,-0.2000,-1.5467,0.9180,-1.1340,-0.5000,0.2000,1.1800,-0.9000,1.4770,125.6595,-6.0337,5.7362,-7.1356,6.6076,-1.0388,5.8600,-2.0622,14.6098,7.4325,0.5000,0.14
10.4702,0.1000,0.0000,0.0000,0.0000,0.0000,0.0000,0.2862,0.2255,1.7895,0.0552,0.0169,-0.9983,0.5090,-0.2357,-1.4172,0.8829,-1.1619,-0.5039,0.1631,1.3484,-0.9774,1.4625,-0.1047,0.0465,-1.1206,-0.0543,-0.0000,-0.1241,-0.0233,-1.4385,0.9112,0.2482,0.5000,-0.2000,-1.5670,0.9133,-1.1239,-0.5000,0.2000,1.2004,-0.9052,1.4699,125.3699,-5.7721,5.6590,-7.0779,6.4515,-1.0422,5.9313,-2.0937,14.5706,7.3506,0.5278,0.14
10.4902,0.1000,0.0000,0.0000,0.0000,0.0000,0.0000,0.3561,0.4000,1.3973,0.0599,0.0096,-0.9982,0.5054,-0.2357,-1.4398,0.8826,-1.1617,-0.5042,0.1628,1.3159,-0.9516,1.4725,-0.2210,0.0388,-1.1361,0.0582,0.0039,-0.0194,0.0000,-1.5703,1.1632,0.4537,0.5000,-0.2000,-1.5874,0.9083,-1.1139,-0.5000,0.2000,1.2207,-0.9103,1.4627,125.0931,-5.4839,5.5626,-6.9820,6.2851,-1.0359,6.0199,-2.1337,14.5177,7.2398,0.5556,0.13
10.5112,0.1000,0.0000,0.0000,0.0000,0.0000,0.0000,0.2794,0.5771,1.0355,0.0688,0.0034,-0.9976,0.5019,-0.2359,-1.4620,0.8825,-1.1621,-0.5042,0.1624,1.2931,-0.9300,1.4812,-0.0388,0.0155,-1.0042,-0.0000,-0.0349,0.0775,-0.0427,-0.9926,1.0585,0.4575,0.5000,-0.2000,-1.6078,0.9031,-1.1038,-0.5000,0.2000,1.2411,-0.9152,1.4556,124.7635,-5.1621,5.4359,-6.8553,6.0969,-1.0243,6.1146,-2.1894,14.4706,7.1129,0.5833,0.15
10.5312,0.1000,0.0000,0.0000,0.0000,0.0000,0.0000,0.2605,0.7440,0.6789,0.0806,-0.0036,-0.9967,0.5008,-0.2364,-1.4831,0.8825,-1.1620,-0.5056,0.1629,1.2792,-0.9097,1.4890,0.0116,-0.0194,-1.0120,0.0969,0.0504,-0.0543,0.0543,-0.6359,0.9151,0.4149,0.5000,-0.2000,-1.6078,0.9209,-1.1562,-0.4995,0.2000,1.2615,-0.9198,1.4485,124.3890,-4.8259,5.2943,-6.7192,5.8900,-0.9951,6.2103,-2.2420,14.4179,6.9769,0.6111,0.16
10.5502,0.1000,0.0000,0.0000,0.0000,0.0000,0.0000,0.2414,0.8943,0.4116,0.0967,-0.0119,-0.9952,0.5003,-0.2372,-1.5054,0.8829,-1.1602,-0.5064,0.1642,1.2726,-0.8935,1.4950,-0.0116,-0.0349,-0.9926,0.1047,0.1551,-0.0078,0.0233,-0.3063,0.8763,0.2171,0.5000,-0.2000,-1.5772,0.9722,-1.1689,-0.4966,0.2000,1.2819,-0.9239,1.4414,123.9484,-4.4957,5.1446,-6.5888,5.6716,-0.9662,6.3112,-2.2936,14.3594,6.8439,0.6389,0.16
10.5712,0.1000,0.0000,0.0000,0.0000,0.0000,0.0000,0.1788,0.8426,0.2099,0.1141,-0.0199,-0.9933,0.5002,-0.2381,-1.5257,0.8865,-1.1649,-0.5070,0.1663,1.2713,-0.8803,1.4996,0.0388,-0.0892,-0.9422,0.2675,-0.1086,-0.0388,0.1241,-0.0271,0.6359,0.2249,0.5000,-0.2000,-1.5467,1.0200,-1.1813,-0.4929,0.2000,1.3022,-0.9276,1.4342,123.4017,-4.1412,4.9771,-6.4461,5.4145,-0.9288,6.3990,-2.3376,14.2710,6.7156,0.6667,0.15
10.5912,0.1000,0.0000,0.0000,0.0000,0.0000,0.0000,0.1849,0.4738,-0.0215,0.1253,-0.0271,-0.9917,0.5004,-0.2391,-1.5378,0.8975,-1.1693,-0.5074,0.1692,1.2735,-0.8673,1.5028,0.0582,-0.0310,-0.7522,0.4459,-0.1124,-0.0039,0.1008,0.0698,0.6049,0.1008,0.5000,-0.2000,-1.5161,1.0621,-1.1931,-0.4888,0.2000,1.3226,-0.9306,1.4271,122.8331,-3.7668,4.7905,-6.3100,5.1165,-0.8878,6.5111,-2.4026,14.1988,6.5953,0.6944,0.14
10.6102,0.1000,0.0000,0.0000,0.0000,0.0000,0.0000,0.1534,0.0787,-0.3506,0.1275,-0.0318,-0.9913,0.5003,-0.2403,-1.5464,0.9129,-1.1728,-0.5072,0.1711,1.2765,-0.8582,1.5040,0.0155,-0.0310,-0.4963,0.7445,-0.0892,0.0349,0.0659,0.0116,0.3451,0.0233,0.5000,-0.2000,-1.4856,1.0966,-1.2039,-0.4813,0.2000,1.3430,-0.9331,1.4200,122.2908,-3.4223,4.5912,-6.1454,4.8353,-0.8132,6.6219,-2.4775,14.1248,6.4687,0.7222,0.14
10.6302,0.1000,0.0000,0.0000,0.0000,0.0000,0.0000,0.2238,-0.0059,-0.6060,0.1277,-0.0384,-0.9911,0.5007,-0.2409,-1.5492,0.9327,-1.1760,-0.5065,0.1726,1.2784,-0.8543,1.5036,0.0775,0.0078,-0.1008,0.8840,-0.0620,0.0853,0.0659,-0.0698,0.2016,-0.0543,0.5000,-0.2000,-1.4550,1.1217,-1.2136,-0.4727,0.2000,1.3633,-0.9348,1.4128,121.7753,-3.1216,4.4242,-6.0073,4.5931,-0.7269,6.7355,-2.5421,14.0425,6.3634,0.7500,0.14
10.6502,0.1000,0.0000,0.0000,0.0000,0.0000,0.0000,0.2036,-0.0002,-0.7460,0.1285,-0.0437,-0.9907,0.5023,-0.2413,-1.5462,0.9529,-1.1778,-0.5044,0.1739,1.2799,-0.8544,1.5015,0.0543,0.0504,0.0349,1.0275,-0.0310,0.0853,0.0775,-0.0078,-0.0233,-0.1124,0.5000,-0.2000,-1.4244,1.1364,-1.2221,-0.4652,0.2000,1.3837,-0.9358,1.4057,121.2753,-2.9108,4.2815,-5.8688,4.4197,-0.6519,6.8239,-2.5950,13.9489,6.2640,0.7778,0.14
10.6702,0.1000,0.0000,0.0000,0.0000,0.0000,0.0000,0.1817,-0.0590,-0.8814,0.1284,-0.0471,-0.9906,0.5038,-0.2413,-1.5398,0.9722,-1.1792,-0.5004,0.1743,1.2834,-0.8569,1.4972,0.0737,0.0388,0.1900,0.8879,0.0388,0.2055,-0.0271,0.1241,-0.1396,-0.2947,0.5000,-0.2000,-1.3939,1.1398,-1.2293,-0.4591,0.2000,1.4041,-0.9360,1.3986,120.8215,-2.7416,4.1567,-5.7465,4.2773,-0.5909,6.9153,-2.6547,13.8758,6.1851,0.8056,0.13
10.6912,0.1000,0.0000,0.0000,0.0000,0.0000,0.0000,0.1715,-0.0811,-1.0459,0.1271,-0.0490,-0.9907,0.5054,-0.2413,-1.5307,0.9888,-1.1802,-0.4964,0.1741,1.2889,-0.8613,1.4914,0.0465,-0.0155,0.3257,0.7134,0.1163,0.1861,-0.0388,0.2249,-0.2094,-0.3451,0.5000,-0.2000,-1.3633,1.1318,-1.2352,-0.4521,0.2000,1.4244,-0.9355,1.3914,120.4279,-2.6265,4.0531,-5.6331,4.1723,-0.5206,6.9882,-2.7070,13.8083,6.1246,0.8333,0.15
10.7112,0.1000,0.0000,0.0000,0.0000,0.0000,0.0000,0.1608,0.0042,-1.2382,0.1277,-0.0496,-0.9906,0.5069,-0.2412,-1.5170,1.0018,-1.1811,-0.4929,0.1735,1.2973,-0.8664,1.4840,0.1163,0.0892,0.6359,0.5661,-0.0543,0.0853,-0.0853,0.3800,-0.1861,-0.3916,0.5000,-0.2000,-1.3328,1.1129,-1.2398,-0.4441,0.2000,1.4448,-0.9342,1.3842,120.1075,-2.5603,3.9745,-5.5334,4.1172,-0.4414,7.0482,-2.7521,13.7438,6.0772,0.8611,0.14
10.7312,0.1000,0.0000,0.0000,0.0000,0.0000,0.0000,0.1570,0.0865,-1.4807,0.1300,-0.0488,-0.9903,0.5082,-0.2413,-1.5002,1.0098,-1.1823,-0.4901,0.1726,1.3080,-0.8712,1.4759,0.0698,-0.0349,0.7561,0.3955,-0.0620,0.1241,-0.0659,0.4730,-0.1357,-0.4032,0.5000,-0.2000,-1.3022,1.0839,-1.2432,-0.4374,0.2000,1.4652,-0.9322,1.3742,119.9425,-2.5810,3.9333,-5.4511,4.1288,-0.3744,7.0851,-2.7871,13.7014,6.0439,0.8889,0.15
10.7512,0.1000,0.0000,0.0000,0.0000,0.0000,0.0000,0.1468,0.1852,-1.7286,0.1340,-0.0471,-0.9899,0.5094,-0.2414,-1.4799,1.0126,-1.1844,-0.4865,0.1710,1.3221,-0.8751,1.4677,0.0620,0.0155,0.9810,0.1512,-0.0620,0.1822,-0.0969,0.7289,-0.1280,-0.3800,0.5000,-0.2000,-1.2717,1.0461,-1.2456,-0.4325,0.2000,1.4856,-0.9295,1.3641,119.9330,-2.6464,3.9140,-5.3879,4.1817,-0.3247,7.1260,-2.8265,13.6798,6.0262,0.9167,0.14
10.7712,0.1000,0.0000,0.0000,0.0000,0.0000,0.0000,0.1322,0.2902,-1.9635,0.1402,-0.0435,-0.9892,0.5103,-0.2415,-1.4562,1.0116,-1.1869,-0.4823,0.1696,1.3388,-0.8775,1.4591,0.0931,-0.0310,1.1361,-0.0000,-0.0659,0.2016,-0.0737,0.7832,-0.0078,-0.4304,0.5000,-0.2000,-1.2411,1.0014,-1.2472,-0.4286,0.2000,1.5059,-0.9262,1.3541,120.1017,-2.8023,3.9378,-5.3560,4.3032,-0.2857,7.1287,-2.8466,13.6832,6.0364,0.9444,0.14
10.7922,0.1000,0.0000,0.0000,0.0000,0.0000,0.0000,0.1141,0.4219,-2.1828,0.1487,-0.0395,-0.9881,0.5107,-0.2417,-1.4304,1.0053,-1.1895,-0.4774,0.1686,1.3573,-0.8779,1.4496,0.0310,0.0465,1.3765,-0.2520,-0.1047,0.2482,-0.0465,0.9267,-0.0194,-0.4381,0.5000,-0.2000,-1.2106,0.9519,-1.2483,-0.4272,0.2000,1.5263,-0.9223,1.3440,120.4355,-3.0129,3.9887,-5.3485,4.4760,-0.2716,7.1269,-2.8635,13.7128,6.0604,0.9722,0.15
10.8122,0.1000,0.0000,0.0000,0.0000,0.0000,0.0000,0.0801,0.5279,-2.3412,0.1601,-0.0339,-0.9865,0.5110,-0.2420,-1.3995,0.9919,-1.1929,-0.4725,0.1681,1.3790,-0.8771,1.4400,0.0310,0.0116,1.4501,-0.6204,-0.1318,0.2792,-0.1202,1.0081,0.0737,-0.4265,0.5000,-0.2000,-1.1800,0.9000,-1.2770,-0.4287,0.2000,1.5467,-0.9180,1.3340,120.9456,-3.3127,4.0935,-5.3927,4.7103,-0.2874,7.0836,-2.8545,13.7785,6.1254,0.0000,0.14
10.8322,0.1000,0.0000,0.0000,0.0000,0.0000,0.0000,0.0549,0.5963,-2.4351,0.1723,-0.0267,-0.9847,0.5112,-0.2421,-1.3663,0.9732,-1.1970,-0.4682,0.1682,1.4055,-0.8746,1.4312,0.0465,0.0194,1.6285,-0.8104,-0.1745,0.2714,0.0427,1.1089,0.2443,-0.4575,0.5000,-0.2000,-1.2004,0.9052,-1.2699,-0.4329,0.2000,1.5670,-0.9133,1.3239,121.6189,-3.6759,4.2265,-5.4746,4.9826,-0.3291,7.0157,-2.8318,13.8814,6.2199,0.0278,0.17
10.8512,0.1000,0.0000,0.0000,0.0000,0.0000,0.0000,0.0915,0.6938,-2.4471,0.1868,-0.0203,-0.9822,0.5112,-0.2420,-1.3312,0.9493,-1.2066,-0.4644,0.1686,1.4287,-0.8698,1.4221,-0.0116,0.0388,1.5975,-1.0236,-0.4149,0.1861,0.0465,1.1632,0.3567,-0.4265,0.5000,-0.2000,-1.2207,0.9103,-1.2627,-0.4401,0.2000,1.5874,-0.9083,1.3139,122.4246,-4.0832,4.3987,-5.5953,5.2923,-0.4013,6.9248,-2.7849,14.0111,6.3349,0.0556,0.15
10.8712,0.1000,0.0000,0.0000,0.0000,0.0000,0.0000,0.1398,0.7617,-2.4014,0.2020,-0.0138,-0.9793,0.5116,-0.2414,-1.3035,0.9310,-1.2133,-0.4618,0.1693,1.4558,-0.8636,1.4128,0.0504,0.0892,1.2136,-0.7987,-0.2133,0.1939,0.0194,1.3183,0.3373,-0.5196,0.5000,-0.2000,-1.2411,0.9152,-1.2556,-0.4494,0.2000,1.6078,-0.9031,1.3038,123.3699,-4.5108,4.5627,-5.7031,5.6150,-0.4945,6.8405,-2.7490,14.1665,6.4357,0.0833,0.15
10.8912,0.1000,0.0000,0.0000,0.0000,0.0000,0.0000,0.1562,0.9067,-2.3060,0.2197,-0.0063,-0.9756,0.5121,-0.2401,-1.2812,0.9180,-1.2167,-0.4609,0.1699,1.4847,-0.8569,1.4021,-0.0039,0.1163,0.9926,-0.4924,-0.0853,0.0853,0.0233,1.2291,0.3373,-0.5506,0.5000,-0.2000,-1.2615,0.9198,-1.2485,-0.4576,0.2000,1.6078,-0.9209,1.3562,124.3707,-4.9585,4.7402,-5.8176,5.9532,-0.5757,6.7330,-2.6930,14.3199,6.5418,0.1111,0.16
10.9112,0.1000,0.0000,0.0000,0.0000,0.0000,0.0000,0.1363,0.8899,-2.1466,0.2376,0.0038,-0.9714,0.5127,-0.2378,-1.2657,0.9102,-1.2180,-0.4615,0.1706,1.5132,-0.8504,1.3899,0.1086,0.2133,0.7794,-0.2986,-0.0659,-0.0349,0.0310,1.3687,0.3218,-0.5545,0.5000,-0.2000,-1.2819,0.9239,-1.2414,-0.4656,0.2000,1.5772,-0.9722,1.3689,125.3410,-5.3332,4.8984,-5.9343,6.2336,-0.6564,6.6408,-2.6441,14.4709,6.6453,0.1389,0.15
10.9312,0.1000,0.0000,0.0000,0.0000,0.0000,0.0000,0.1412,0.6821,-1.8761,0.2520,0.0123,-0.9676,0.5130,-0.2346,-1.2543,0.9061,-1.2179,-0.4632,0.1714,1.5404,-0.8483,1.3896,0.0775,0.2249,0.5855,-0.1590,-0.0310,-0.0271,0.0000,1.2640,0.0892,-0.0310,0.5000,-0.2000,-1.3022,0.9276,-1.2342,-0.4745,0.2000,1.5467,-1.0200,1.3813,126.2172,-5.6407,5.0535,-6.0830,6.4674,-0.7450,6.5343,-2.5746,14.6051,6.7774,0.1667,0.15
10.9522,0.1000,0.0000,0.0000,0.0000,0.0000,0.0000,0.0215,0.3306,-1.4704,0.2592,0.0215,-0.9656,0.5130,-0.2313,-1.2460,0.9053,-1.2171,-0.4655,0.1720,1.5606,-0.8517,1.3917,0.0504,0.1745,0.4498,0.0388,0.0155,-0.0892,0.0271,0.9073,-0.0543,0.0310,0.5000,-0.2000,-1.3226,0.9306,-1.2271,-0.4845,0.2000,1.5161,-1.0621,1.3931,126.9684,-5.9583,5.2065,-6.2466,6.7067,-0.8455,6.3903,-2.4944,14.7387,6.9261,0.1944,0.14
10.9711,0.1000,0.0000,0.0000,0.0000,0.0000,0.0000,-0.0737,-0.0107,-0.9013,0.2592,0.0306,-0.9653,0.5134,-0.2276,-1.2391,0.9074,-1.2157,-0.4686,0.1728,1.5733,-0.8624,1.3954,0.0853,0.2055,0.4265,0.1900,0.0698,-0.1241,0.0349,0.6359,-0.4963,0.1628,0.5000,-0.2000,-1.3430,0.9331,-1.2200,-0.4966,0.2000,1.4856,-1.0966,1.4039,127.5401,-6.2442,5.3580,-6.4245,6.9329,-0.9660,6.2424,-2.4110,14.8571,7.0746,0.2222,0.14
