t,vx_cmd,vy_cmd,wz_cmd,lin_vx,lin_vy,lin_vz,gyro_x,gyro_y,gyro_z,projg_x,projg_y,projg_z,jpos_hip_yaw_l,jpos_hip_roll_l,jpos_hip_pitch_l,jpos_knee_pitch_l,jpos_ankle_pitch_l,jpos_hip_yaw_r,jpos_hip_roll_r,jpos_hip_pitch_r,jpos_knee_pitch_r,jpos_ankle_pitch_r,jvel_hip_yaw_l,jvel_hip_roll_l,jvel_hip_pitch_l,jvel_knee_pitch_l,jvel_ankle_pitch_l,jvel_hip_yaw_r,jvel_hip_roll_r,jvel_hip_pitch_r,jvel_knee_pitch_r,jvel_ankle_pitch_r,jtgt_hip_yaw_l,jtgt_hip_roll_l,jtgt_hip_pitch_l,jtgt_knee_pitch_l,jtgt_ankle_pitch_l,jtgt_hip_yaw_r,jtgt_hip_roll_r,jtgt_hip_pitch_r,jtgt_knee_pitch_r,jtgt_ankle_pitch_r,act_0,act_1,act_2,act_3,act_4,act_5,act_6,act_7,act_8,act_9,gait_phase,infer_ms
0.0000,0.0000,0.0000,0.0000,0.0000,0.0000,0.0000,0.0013,-0.0029,0.0042,-0.2021,0.0039,-0.9794,0.3964,-0.1013,-1.4835,0.9826,-1.3567,-0.3976,0.1030,1.4793,-0.9877,1.2444,-0.0543,0.0698,-0.0233,0.0116,0.0388,0.0155,0.0271,0.0116,-0.0465,-0.0194,0.5000,-0.2000,-1.3279,1.1020,-1.2860,-0.3474,0.2000,1.6397,-1.0624,1.1994,11.5083,-1.5171,-0.2756,0.9675,0.8392,0.5255,1.3397,-0.2739,-0.4913,-0.2449,0.0278,0.67
0.0240,0.0000,0.0000,0.0000,0.0000,0.0000,0.0000,-0.0550,-0.0178,-0.0588,-0.2024,0.0062,-0.9793,0.4070,-0.1137,-1.4682,0.9913,-1.3549,-0.3916,0.1134,1.4956,-0.9958,1.2333,0.7445,-0.9693,0.9383,0.4653,0.1280,0.4032,0.9073,1.0818,-0.7871,-1.0702,0.5000,-0.1084,-1.3427,1.0405,-1.2627,-0.3628,0.2000,1.5874,-0.9083,1.2943,34.1431,-0.0845,-0.2197,0.3020,1.0841,0.3723,2.8629,-1.4362,1.7960,0.8044,0.0556,0.22
0.0480,0.0000,0.0000,0.0000,0.0000,0.0000,0.0000,-0.0274,-0.4545,-0.8138,-0.2095,0.0048,-0.9778,0.4234,-0.1227,-1.4511,0.9932,-1.3453,-0.3845,0.1331,1.5087,-1.0005,1.2249,0.6630,0.2637,0.7057,-0.1318,0.5583,0.2986,0.7561,-0.0582,0.5196,0.1822,0.5000,-0.2000,-1.2411,0.9152,-1.2839,-0.3000,0.2000,1.6078,-0.9031,1.3038,53.4547,-1.3165,1.2694,-1.2150,0.7170,1.3701,3.4753,-1.1579,4.5801,2.6777,0.0833,0.22
0.0720,0.0000,0.0000,0.0000,0.0000,0.0000,0.0000,-0.1697,-0.3297,-1.2051,-0.2215,-0.0016,-0.9752,0.4368,-0.1316,-1.4199,0.9758,-1.3383,-0.3703,0.1472,1.5074,-0.9895,1.2253,0.4924,-0.7794,1.6634,-1.3067,0.2559,0.6747,0.4381,0.0620,0.4653,-0.0427,0.5000,-0.2000,-1.2615,0.9198,-1.2485,-0.3000,0.2000,1.6078,-0.9209,1.3562,69.6101,-1.6436,1.8183,-2.0343,1.4547,1.5482,4.3815,-1.6687,6.9811,3.4817,0.1111,0.22
0.0960,0.0000,0.0000,0.0000,0.0000,0.0000,0.0000,-0.4302,0.0884,-1.7515,-0.2201,-0.0013,-0.9755,0.4499,-0.1493,-1.3885,0.9485,-1.3317,-0.3503,0.1594,1.5110,-0.9802,1.2276,0.5351,-0.6436,1.1632,-0.9538,0.3567,0.6863,0.3839,0.3296,0.4537,0.2055,0.5000,-0.2000,-1.2819,0.9239,-1.2414,-0.3000,0.2000,1.5772,-0.9722,1.3689,82.3446,-2.0676,2.4390,-2.7815,2.3058,1.4862,5.0102,-1.9131,8.6313,4.1208,0.1389,0.20
0.1200,0.0000,0.0000,0.0000,0.0000,0.0000,0.0000,-0.3590,0.0847,-1.5882,-0.2183,-0.0005,-0.9759,0.4597,-0.1626,-1.3654,0.9322,-1.3229,-0.3360,0.1691,1.5146,-0.9758,1.2333,0.3218,-0.4149,0.8491,-0.4769,0.4537,0.5661,0.2947,0.0465,-0.0969,0.3102,0.5000,-0.2000,-1.3022,0.9276,-1.2342,-0.3000,0.2000,1.5467,-1.0200,1.3813,92.2489,-2.4832,3.0114,-3.5442,3.0586,1.2454,5.4248,-2.0531,9.9972,4.7144,0.1667,0.20
0.1440,0.0000,0.0000,0.0000,0.0000,0.0000,0.0000,-0.3874,0.0163,-1.4668,-0.2175,0.0002,-0.9761,0.4682,-0.1739,-1.3473,0.9237,-1.3103,-0.3258,0.1762,1.5176,-0.9792,1.2446,0.3024,-0.4149,0.6204,-0.2016,0.5894,0.3528,0.2443,0.0310,-0.3179,0.5467,0.5000,-0.2000,-1.3226,0.9306,-1.2271,-0.3013,0.2000,1.5161,-1.0621,1.3931,99.9846,-2.9671,3.4860,-4.1715,3.7018,0.9866,5.6767,-2.1593,11.0944,5.2085,0.1944,0.19
0.1680,0.0000,0.0000,0.0000,0.0000,0.0000,0.0000,-0.3181,-0.1929,-1.1807,-0.2212,0.0017,-0.9752,0.4751,-0.1829,-1.3355,0.9214,-1.2992,-0.3185,0.1821,1.5185,-0.9887,1.2572,0.2326,-0.2559,0.3994,0.0620,0.4188,0.2443,0.1784,-0.0116,-0.4614,0.5234,0.5000,-0.2000,-1.3430,0.9331,-1.2200,-0.3251,0.2000,1.4856,-1.0966,1.4039,105.9325,-3.3324,3.8531,-4.6957,4.1784,0.7491,5.8758,-2.2423,11.9592,5.6070,0.2222,0.18
0.1930,0.0000,0.0000,0.0000,0.0000,0.0000,0.0000,-0.1820,-0.3412,-0.7279,-0.2299,0.0009,-0.9732,0.4811,-0.1896,-1.3270,0.9234,-1.2897,-0.3166,0.1873,1.5150,-1.0032,1.2693,0.2830,-0.2171,0.3218,0.2830,0.3761,-0.0349,0.1939,-0.1512,-0.6669,0.5390,0.5000,-0.2000,-1.3633,0.9348,-1.2128,-0.3444,0.2000,1.4550,-1.1217,1.4136,110.4384,-3.6598,4.1669,-5.1421,4.5485,0.5557,5.9842,-2.2821,12.5999,5.9459,0.2500,0.17
0.2180,0.0000,0.0000,0.0000,0.0000,0.0000,0.0000,-0.0815,-0.3392,-0.1160,-0.2381,0.0001,-0.9712,0.4862,-0.1943,-1.3214,0.9284,-1.2814,-0.3186,0.1907,1.5074,-1.0197,1.2833,0.2404,-0.1241,0.1435,0.2520,0.3024,-0.2055,0.0698,-0.3102,-0.6785,0.5622,0.5000,-0.2000,-1.3837,0.9358,-1.2057,-0.3611,0.2000,1.4244,-1.1364,1.4221,113.7959,-3.9825,4.4425,-5.5290,4.8385,0.3892,6.0445,-2.2857,13.0469,6.2398,0.2778,0.17
0.2430,0.0000,0.0000,0.0000,0.0000,0.0000,0.0000,0.0011,-0.3535,0.5201,-0.2470,0.0024,-0.9690,0.4892,-0.1977,-1.3198,0.9334,-1.2754,-0.3241,0.1929,1.4969,-1.0359,1.2989,0.0814,-0.0620,-0.0039,0.1939,0.1977,-0.3063,0.0233,-0.6010,-0.7173,0.6087,0.5000,-0.2000,-1.4041,0.9360,-1.1986,-0.3751,0.2000,1.3939,-1.1398,1.4293,116.2538,-4.2654,4.6687,-5.8489,5.0608,0.2485,6.0688,-2.2700,13.3592,6.4868,0.3056,0.17
0.2680,0.0000,0.0000,0.0000,0.0000,0.0000,0.0000,0.0930,-0.3794,0.9027,-0.2574,0.0061,-0.9663,0.4894,-0.1995,-1.3223,0.9376,-1.2721,-0.3320,0.1941,1.4825,-1.0522,1.3140,0.0504,-0.0543,-0.1667,0.2249,0.0931,-0.3141,-0.0116,-0.6863,-0.5467,0.5622,0.5000,-0.2000,-1.4244,0.9355,-1.1914,-0.3848,0.2000,1.3633,-1.1318,1.4352,118.0814,-4.4499,4.8341,-6.0865,5.2002,0.1517,6.0941,-2.2685,13.6026,6.6668,0.3333,0.17
0.2920,0.0000,0.0000,0.0000,0.0000,0.0000,0.0000,0.1912,-0.3134,1.1215,-0.2669,0.0095,-0.9637,0.4890,-0.2007,-1.3282,0.9409,-1.2707,-0.3401,0.1941,1.4634,-1.0640,1.3291,-0.0000,0.0427,-0.2908,0.0853,0.0310,-0.2443,-0.0931,-0.8685,-0.3839,0.5273,0.5000,-0.2000,-1.4448,0.9342,-1.1842,-0.3909,0.2000,1.3328,-1.1129,1.4398,119.4506,-4.5536,4.9567,-6.2662,5.2761,0.0910,6.1239,-2.2678,13.7784,6.8019,0.3611,0.18
0.3180,0.0000,0.0000,0.0000,0.0000,0.0000,0.0000,0.2878,-0.1709,1.3586,-0.2722,0.0127,-0.9622,0.4891,-0.2013,-1.3368,0.9429,-1.2705,-0.3485,0.1935,1.4421,-1.0702,1.3426,0.0969,-0.0194,-0.4963,0.1512,-0.0078,-0.3102,-0.1008,-0.9887,-0.0116,0.5079,0.5000,-0.2000,-1.4652,0.9322,-1.1742,-0.3954,0.2000,1.3022,-1.0839,1.4432,120.4523,-4.6231,5.0606,-6.4162,5.3112,0.0456,6.1395,-2.2518,13.8858,6.9070,0.3889,0.16
0.3420,0.0000,0.0000,0.0000,0.0000,0.0000,0.0000,0.3760,-0.0215,1.5525,-0.2742,0.0165,-0.9615,0.4891,-0.2013,-1.3498,0.9435,-1.2703,-0.3548,0.1928,1.4147,-1.0704,1.3554,0.0116,0.0233,-0.5700,0.0078,-0.0465,-0.2055,-0.0310,-1.0081,0.1280,0.4808,0.5000,-0.2000,-1.4856,0.9295,-1.1641,-0.4013,0.2000,1.2717,-1.0461,1.4456,121.1307,-4.6224,5.1240,-6.5211,5.3148,-0.0125,6.1680,-2.2473,13.9579,6.9747,0.4167,0.27
0.3660,0.0000,0.0000,0.0000,0.0000,0.0000,0.0000,0.4791,0.1318,1.6927,-0.2728,0.0191,-0.9619,0.4891,-0.2012,-1.3640,0.9429,-1.2699,-0.3598,0.1915,1.3887,-1.0647,1.3666,0.0155,0.0698,-0.7134,-0.0427,0.0155,-0.1900,-0.1047,-1.2020,0.3955,0.5390,0.5000,-0.2000,-1.5059,0.9262,-1.1541,-0.4063,0.2000,1.2411,-1.0014,1.4472,121.5737,-4.5899,5.1694,-6.6020,5.2878,-0.0628,6.1911,-2.2371,13.9920,7.0221,0.4444,0.19
0.3920,0.0000,0.0000,0.0000,0.0000,0.0000,0.0000,0.5577,0.2942,1.7950,-0.2678,0.0201,-0.9633,0.4893,-0.2010,-1.3811,0.9408,-1.2688,-0.3644,0.1901,1.3561,-1.0503,1.3772,0.0931,0.0271,-0.8104,-0.0465,0.0465,-0.1551,-0.0659,-1.2718,0.8414,0.4885,0.5000,-0.2000,-1.5263,0.9223,-1.1440,-0.4129,0.2000,1.2106,-0.9519,1.4483,121.8287,-4.5237,5.1917,-6.6548,5.2479,-0.1293,6.2228,-2.2364,14.0056,7.0414,0.4722,0.20
0.4170,0.0000,0.0000,0.0000,0.0000,0.0000,0.0000,0.5750,0.4931,1.8369,-0.2566,0.0199,-0.9663,0.4896,-0.2007,-1.4025,0.9367,-1.2653,-0.3723,0.1893,1.3258,-1.0293,1.3885,0.0310,0.0310,-0.8181,-0.2171,0.1512,-0.3218,-0.0310,-1.3765,1.0934,0.4110,0.5000,-0.2000,-1.5467,0.9180,-1.1340,-0.4200,0.2000,1.1800,-0.9000,1.4770,121.9151,-4.4314,5.1822,-6.6718,5.2005,-0.2004,6.2544,-2.2421,14.0053,7.0363,0.5000,0.19
0.4409,0.0000,0.0000,0.0000,0.0000,0.0000,0.0000,0.5693,0.6405,1.7473,-0.2419,0.0192,-0.9701,0.4901,-0.2005,-1.4250,0.9318,-1.2600,-0.3804,0.1888,1.2903,-0.9999,1.4025,0.0155,-0.0039,-0.7677,-0.1745,0.2559,-0.3684,-0.0582,-1.4269,1.3454,0.6863,0.5000,-0.2000,-1.5670,0.9133,-1.1239,-0.4287,0.2000,1.2004,-0.9052,1.4699,121.9102,-4.3030,5.1492,-6.6520,5.1504,-0.2873,6.2999,-2.2617,13.9917,6.9938,0.5278,0.17
0.4640,0.0000,0.0000,0.0000,0.0000,0.0000,0.0000,0.5444,0.8168,1.5822,-0.2241,0.0173,-0.9744,0.4907,-0.2003,-1.4454,0.9268,-1.2543,-0.3898,0.1887,1.2649,-0.9732,1.4165,0.0039,-0.0194,-1.0236,-0.1590,0.2792,-0.3528,-0.0465,-0.9151,0.9151,0.4343,0.5000,-0.2000,-1.5874,0.9083,-1.1139,-0.4377,0.2000,1.2207,-0.9103,1.4627,121.8161,-4.1298,5.0803,-6.5892,5.0993,-0.3772,6.3604,-2.3007,13.9976,6.9128,0.5556,0.18
0.4869,0.0000,0.0000,0.0000,0.0000,0.0000,0.0000,0.4848,1.0002,1.3740,-0.2024,0.0142,-0.9792,0.4909,-0.2003,-1.4675,0.9203,-1.2457,-0.3998,0.1890,1.2512,-0.9541,1.4255,-0.0194,0.0698,-1.0740,-0.2792,0.4885,-0.4459,0.0116,-0.4769,0.7638,0.3179,0.5000,-0.2000,-1.6078,0.9031,-1.1038,-0.4429,0.2000,1.2411,-0.9152,1.4556,121.6151,-3.9234,4.9904,-6.5116,4.9907,-0.4289,6.4210,-2.3365,13.9875,6.8300,0.5833,0.17
0.5099,0.0000,0.0000,0.0000,0.0000,0.0000,0.0000,0.3960,1.1129,1.1439,-0.1772,0.0107,-0.9841,0.4912,-0.2004,-1.4901,0.9138,-1.2348,-0.4104,0.1897,1.2447,-0.9379,1.4327,0.0931,0.0620,-0.9887,-0.2637,0.5894,-0.4149,-0.0078,-0.1435,0.6824,0.2443,0.5000,-0.2000,-1.6078,0.9209,-1.1562,-0.4457,0.2000,1.2615,-0.9198,1.4485,121.3438,-3.7113,4.8850,-6.4174,4.8644,-0.4572,6.4743,-2.3729,13.9671,6.7373,0.6111,0.17
0.5350,0.0000,0.0000,0.0000,0.0000,0.0000,0.0000,0.3605,1.2082,0.8847,-0.1496,0.0056,-0.9887,0.4917,-0.2009,-1.5111,0.9099,-1.2270,-0.4203,0.1905,1.2443,-0.9241,1.4383,0.0388,-0.0039,-0.8763,-0.1241,0.0931,-0.3684,0.0233,-0.0271,0.6320,0.1396,0.5000,-0.2000,-1.5772,0.9722,-1.1689,-0.4454,0.2000,1.2819,-0.9239,1.4414,120.9777,-3.4665,4.7689,-6.3108,4.7118,-0.4540,6.5271,-2.4000,13.9270,6.6299,0.6389,0.17
0.5589,0.0000,0.0000,0.0000,0.0000,0.0000,0.0000,0.1941,1.0758,0.6845,-0.1205,0.0029,-0.9927,0.4922,-0.2019,-1.5308,0.9136,-1.2241,-0.4297,0.1925,1.2480,-0.9115,1.4426,-0.0078,-0.0582,-0.6204,0.3994,-0.0116,-0.2792,0.0310,0.1047,0.4188,0.0853,0.5000,-0.2000,-1.5467,1.0200,-1.1813,-0.4456,0.2000,1.3022,-0.9276,1.4342,120.5435,-3.2250,4.6203,-6.1630,4.5541,-0.4557,6.5742,-2.4356,13.8664,6.4994,0.6667,0.17
0.5839,0.0000,0.0000,0.0000,0.0000,0.0000,0.0000,0.1367,0.7733,0.4010,-0.1000,-0.0007,-0.9950,0.4923,-0.2039,-1.5403,0.9237,-1.2234,-0.4364,0.1948,1.2521,-0.9034,1.4448,-0.0039,-0.0892,-0.3645,0.6320,0.0969,-0.2675,0.0465,0.1473,0.3490,0.0155,0.5000,-0.2000,-1.5161,1.0621,-1.1931,-0.4437,0.2000,1.3226,-0.9306,1.4271,120.1190,-2.9471,4.4661,-6.0254,4.3451,-0.4367,6.6513,-2.4893,13.8255,6.3834,0.6944,0.16
0.6069,0.0000,0.0000,0.0000,0.0000,0.0000,0.0000,0.1219,0.3231,-0.0338,-0.0893,-0.0059,-0.9960,0.4920,-0.2070,-1.5461,0.9413,-1.2221,-0.4417,0.1980,1.2535,-0.8991,1.4457,-0.0737,-0.1124,-0.0892,0.8685,0.0233,-0.1008,0.0620,0.0465,0.1047,-0.0388,0.5000,-0.2000,-1.4856,1.0966,-1.2039,-0.4379,0.2000,1.3430,-0.9331,1.4200,119.7390,-2.6371,4.2884,-5.8630,4.1095,-0.3791,6.7589,-2.5646,13.7877,6.2544,0.7222,0.16
0.6299,0.0000,0.0000,0.0000,0.0000,0.0000,0.0000,0.0753,0.0968,-0.5127,-0.0860,-0.0121,-0.9962,0.4912,-0.2098,-1.5458,0.9632,-1.2217,-0.4432,0.1999,1.2546,-0.8984,1.4452,-0.0000,-0.0969,0.1163,1.0430,0.0078,0.0698,0.0931,0.0000,0.0388,-0.0775,0.5000,-0.2000,-1.4550,1.1217,-1.2136,-0.4282,0.2000,1.3633,-0.9348,1.4128,119.4443,-2.3566,4.1202,-5.6941,3.8817,-0.2819,6.8818,-2.6451,13.7366,6.1301,0.7500,0.16
0.6530,0.0000,0.0000,0.0000,0.0000,0.0000,0.0000,-0.0005,0.1153,-0.9814,-0.0827,-0.0183,-0.9964,0.4897,-0.2123,-1.5397,0.9876,-1.2221,-0.4410,0.2024,1.2573,-0.8985,1.4439,-0.0349,-0.0698,0.2869,1.1904,-0.0039,0.2365,0.1086,0.0775,0.0039,-0.1435,0.5000,-0.2000,-1.4244,1.1364,-1.2221,-0.4171,0.2000,1.3837,-0.9358,1.4057,119.2379,-2.1378,3.9717,-5.5246,3.7103,-0.1706,7.0090,-2.7237,13.6763,6.0053,0.7778,0.17
0.6779,0.0000,0.0000,0.0000,0.0000,0.0000,0.0000,-0.1343,0.1435,-1.3595,-0.0788,-0.0222,-0.9966,0.4874,-0.2136,-1.5281,1.0119,-1.2235,-0.4334,0.2049,1.2635,-0.8987,1.4413,-0.1202,-0.0271,0.4847,0.9422,-0.0698,0.3916,0.0659,0.3839,0.0931,-0.2133,0.5000,-0.2000,-1.3939,1.1398,-1.2293,-0.4064,0.2000,1.4041,-0.9360,1.3986,119.0593,-1.9635,3.8437,-5.3744,3.5617,-0.0635,7.1317,-2.7982,13.6133,5.9086,0.8056,0.17
0.7019,0.0000,0.0000,0.0000,0.0000,0.0000,0.0000,-0.2382,0.1387,-1.7130,-0.0733,-0.0230,-0.9970,0.4850,-0.2139,-1.5114,1.0319,-1.2261,-0.4250,0.2071,1.2743,-0.8987,1.4370,-0.1047,-0.0310,0.7251,0.7522,-0.1008,0.3994,0.0000,0.5234,0.0388,-0.2016,0.5000,-0.2000,-1.3633,1.1318,-1.2352,-0.3960,0.2000,1.4244,-0.9355,1.3914,118.9458,-1.8550,3.7402,-5.2451,3.4678,0.0402,7.2253,-2.8599,13.5562,5.8388,0.8333,0.17
0.7249,0.0000,0.0000,0.0000,0.0000,0.0000,0.0000,-0.1260,0.0604,-2.0008,-0.0704,-0.0239,-0.9972,0.4855,-0.2143,-1.4900,1.0442,-1.2272,-0.4156,0.2077,1.2869,-0.8987,1.4316,0.1667,-0.0155,1.0546,0.3994,0.0582,0.3684,-0.0582,0.5545,0.0233,-0.3063,0.5000,-0.2000,-1.3328,1.1129,-1.2398,-0.3880,0.2000,1.4448,-0.9342,1.3842,118.9461,-1.7761,3.6698,-5.1800,3.4032,0.1198,7.3199,-2.9207,13.5442,5.8185,0.8611,0.17
0.7489,0.0000,0.0000,0.0000,0.0000,0.0000,0.0000,0.0023,0.1395,-1.9063,-0.0645,-0.0307,-0.9974,0.4887,-0.2146,-1.4645,1.0491,-1.2256,-0.4066,0.2066,1.3027,-0.8999,1.4237,0.1939,-0.0000,0.9616,0.1124,0.0427,0.4149,-0.1551,0.7949,-0.0969,-0.4265,0.5000,-0.2000,-1.3022,1.0839,-1.2432,-0.3865,0.2000,1.4652,-0.9322,1.3742,118.9002,-1.8147,3.6661,-5.1812,3.4415,0.1355,7.3434,-2.9315,13.5353,5.8365,0.8889,0.17
0.7720,0.0000,0.0000,0.0000,0.0000,0.0000,0.0000,-0.0746,0.2163,-1.7257,-0.0563,-0.0324,-0.9979,0.4904,-0.2148,-1.4380,1.0467,-1.2244,-0.3998,0.2057,1.3228,-0.9021,1.4146,0.0543,0.0388,1.1051,-0.2133,0.0931,0.2753,-0.0504,0.8918,-0.1280,-0.4575,0.5000,-0.2000,-1.2717,1.0461,-1.2456,-0.3886,0.2000,1.4856,-0.9295,1.3641,118.8364,-1.9937,3.6985,-5.1960,3.5736,0.1138,7.3030,-2.9204,13.5230,5.8842,0.9167,0.19
0.7959,0.0000,0.0000,0.0000,0.0000,0.0000,0.0000,-0.0835,0.1763,-1.6780,-0.0500,-0.0362,-0.9981,0.4910,-0.2149,-1.4116,1.0372,-1.2234,-0.3940,0.2048,1.3416,-0.9027,1.4045,0.0543,-0.0543,1.3106,-0.5932,0.0969,0.2133,-0.0388,0.8065,-0.0465,-0.4769,0.5000,-0.2000,-1.2411,1.0014,-1.2472,-0.3927,0.2000,1.5059,-0.9262,1.3541,118.8959,-2.2102,3.7530,-5.2334,3.7459,0.0727,7.2692,-2.9201,13.5511,5.9420,0.9444,0.17
0.8210,0.0000,0.0000,0.0000,0.0000,0.0000,0.0000,-0.2070,0.2050,-1.5303,-0.0425,-0.0354,-0.9985,0.4911,-0.2150,-1.3788,1.0168,-1.2226,-0.3906,0.2035,1.3645,-0.9033,1.3913,0.0582,-0.0116,1.2330,-0.8957,0.0543,0.1628,-0.0620,0.9189,-0.0233,-0.6049,0.5000,-0.2000,-1.2106,0.9519,-1.2483,-0.4002,0.2000,1.5263,-0.9223,1.3440,119.0598,-2.5299,3.8539,-5.2992,4.0012,-0.0015,7.1906,-2.8960,13.5914,6.0186,0.9722,0.19
0.8459,0.0000,0.0000,0.0000,0.0000,0.0000,0.0000,-0.2318,0.2048,-1.3991,-0.0356,-0.0343,-0.9988,0.4916,-0.2152,-1.3478,0.9914,-1.2220,-0.3891,0.2011,1.3865,-0.9034,1.3784,-0.0000,0.0078,1.3687,-1.2912,0.0931,0.0659,-0.0853,0.8608,0.0504,-0.5777,0.5000,-0.2000,-1.1800,0.9000,-1.2770,-0.4101,0.2000,1.5467,-0.9180,1.3340,119.3656,-2.8829,3.9853,-5.4030,4.2853,-0.1013,7.1097,-2.8704,13.6657,6.1200,0.0000,0.17
0.8699,0.0000,0.0000,0.0000,0.0000,0.0000,0.0000,-0.2763,0.2709,-1.2404,-0.0283,-0.0317,-0.9991,0.4919,-0.2156,-1.3164,0.9602,-1.2248,-0.3898,0.1988,1.4090,-0.9031,1.3656,0.0078,-0.0465,1.3144,-1.4191,-0.1822,-0.0233,-0.1551,0.9926,0.0620,-0.6243,0.5000,-0.2000,-1.2004,0.9052,-1.2699,-0.4225,0.2000,1.5670,-0.9133,1.3239,119.7909,-3.2841,4.1514,-5.5328,4.6247,-0.2248,6.9979,-2.8259,13.7611,6.2278,0.0278,0.17
0.8940,0.0000,0.0000,0.0000,0.0000,0.0000,0.0000,-0.2930,0.2905,-1.0714,-0.0206,-0.0250,-0.9995,0.4925,-0.2158,-1.2905,0.9303,-1.2271,-0.3925,0.1971,1.4344,-0.9022,1.3517,0.0155,0.0775,0.9344,-1.0353,-0.0000,-0.1473,-0.0582,0.9616,0.0853,-0.5894,0.5000,-0.2000,-1.2207,0.9103,-1.2627,-0.4353,0.2000,1.5874,-0.9083,1.3139,120.3850,-3.7051,4.3121,-5.6469,4.9673,-0.3529,6.8941,-2.7854,13.8655,6.3238,0.0556,0.17
0.9179,0.0000,0.0000,0.0000,0.0000,0.0000,0.0000,-0.2371,0.3519,-0.8370,-0.0116,-0.0186,-0.9998,0.4936,-0.2158,-1.2738,0.9057,-1.2267,-0.3978,0.1955,1.4587,-0.9010,1.3384,0.0659,0.0465,0.4730,-0.7096,-0.0233,-0.2714,-0.1473,1.0275,0.0737,-0.5700,0.5000,-0.2000,-1.2411,0.9152,-1.2556,-0.4477,0.2000,1.6078,-0.9031,1.3038,121.0488,-4.0881,4.4822,-5.7802,5.2910,-0.4775,6.7920,-2.7385,13.9862,6.4216,0.0833,0.17
0.9419,0.0000,0.0000,0.0000,0.0000,0.0000,0.0000,-0.1797,0.3965,-0.5988,-0.0015,-0.0131,-0.9999,0.4943,-0.2155,-1.2664,0.8901,-1.2254,-0.4045,0.1934,1.4813,-0.9003,1.3258,0.0582,-0.0465,0.1745,-0.5622,0.1241,-0.3335,-0.0388,1.0391,0.0388,-0.4692,0.5000,-0.2000,-1.2615,0.9198,-1.2485,-0.4591,0.2000,1.6078,-0.9209,1.3562,121.7214,-4.4448,4.6447,-5.9114,5.5813,-0.5913,6.6873,-2.6871,14.1010,6.5271,0.1111,0.17
0.9659,0.0000,0.0000,0.0000,0.0000,0.0000,0.0000,-0.1405,0.3945,-0.4128,0.0087,-0.0072,-0.9999,0.4946,-0.2151,-1.2647,0.8775,-1.2218,-0.4137,0.1915,1.5035,-0.9016,1.3200,0.0853,0.0039,-0.0310,-0.3722,0.1318,-0.2986,-0.1163,0.7794,-0.0504,-0.0388,0.5000,-0.2000,-1.2819,0.9239,-1.2414,-0.4679,0.2000,1.5772,-0.9722,1.3689,122.4114,-4.7639,4.7954,-6.0369,5.8388,-0.6789,6.5855,-2.6297,14.2052,6.6330,0.1389,0.17
0.9932,0.0000,0.0000,0.0000,0.0000,0.0000,0.0000,-0.1709,0.2906,-0.2260,0.0159,-0.0003,-0.9999,0.4947,-0.2145,-1.2677,0.8683,-1.2175,-0.4213,0.1895,1.5192,-0.9083,1.3217,-0.0233,0.1551,-0.1822,-0.3218,0.1784,-0.3606,-0.1241,0.4847,-0.4730,0.0892,0.5000,-0.2000,-1.3022,0.9276,-1.2342,-0.4746,0.2000,1.5467,-1.0200,1.3813,123.0830,-5.0449,4.9181,-6.1433,6.0690,-0.7463,6.4869,-2.5810,14.3160,6.7302,0.1667,0.27
1.0179,0.0000,0.0000,0.0000,0.0000,0.0000,0.0000,-0.1575,-0.0050,0.0739,0.0173,0.0063,-0.9998,0.4950,-0.2137,-1.2737,0.8627,-1.2132,-0.4322,0.1888,1.5285,-0.9232,1.3264,-0.0000,0.0349,-0.3567,-0.1706,0.2171,-0.3257,-0.0271,0.1939,-0.6863,0.1241,0.5000,-0.2000,-1.3226,0.9306,-1.2271,-0.4808,0.2000,1.5161,-1.0621,1.3931,123.6786,-5.2768,5.0433,-6.2749,6.2481,-0.8085,6.3807,-2.5219,14.4211,6.8425,0.1944,0.24
1.0429,0.0000,0.0000,0.0000,0.0000,0.0000,0.0000,-0.1381,-0.3733,0.3994,0.0095,0.0115,-0.9999,0.4954,-0.2133,-1.2814,0.8620,-1.2094,-0.4404,0.1884,1.5298,-0.9445,1.3331,0.0775,0.0775,-0.3063,0.0737,0.2288,-0.3528,0.0078,-0.0969,-0.9616,0.2326,0.5000,-0.2000,-1.3430,0.9331,-1.2200,-0.4851,0.2000,1.4856,-1.0966,1.4039,124.1617,-5.4396,5.1422,-6.3961,6.3722,-0.8514,6.2907,-2.4740,14.5089,6.9442,0.2222,0.20
1.0679,0.0000,0.0000,0.0000,0.0000,0.0000,0.0000,-0.1158,-0.5471,0.7563,-0.0041,0.0158,-0.9999,0.4954,-0.2133,-1.2872,0.8647,-1.2064,-0.4490,0.1884,1.5247,-0.9688,1.3419,-0.0388,0.0543,-0.2869,0.1280,0.1551,-0.2830,0.0000,-0.3024,-0.8957,0.3800,0.5000,-0.2000,-1.3633,0.9348,-1.2128,-0.4875,0.2000,1.4550,-1.1217,1.4136,124.5156,-5.6034,5.2561,-6.5332,6.4670,-0.8745,6.2056,-2.4130,14.5578,7.0506,0.2500,0.20
1.0929,0.0000,0.0000,0.0000,0.0000,0.0000,0.0000,-0.0906,-0.5864,1.0774,-0.0186,0.0197,-0.9996,0.4956,-0.2133,-1.2947,0.8690,-1.2041,-0.4573,0.1884,1.5155,-0.9935,1.3530,0.0271,0.0233,-0.3528,0.2288,0.1473,-0.3373,-0.0388,-0.4032,-0.9034,0.3955,0.5000,-0.2000,-1.3837,0.9358,-1.2057,-0.4885,0.2000,1.4244,-1.1364,1.4221,124.7916,-5.7492,5.3558,-6.6520,6.5476,-0.8847,6.1332,-2.3622,14.5944,7.1391,0.2778,0.20
1.1169,0.0000,0.0000,0.0000,0.0000,0.0000,0.0000,-0.0663,-0.6384,1.2776,-0.0334,0.0244,-0.9991,0.4960,-0.2133,-1.3045,0.8734,-1.2025,-0.4670,0.1884,1.5027,-1.0147,1.3651,0.0659,0.0271,-0.4808,0.2016,0.0194,-0.3528,0.0233,-0.6320,-0.8104,0.4459,0.5000,-0.2000,-1.4041,0.9360,-1.1986,-0.4873,0.2000,1.3939,-1.1398,1.4293,125.0080,-5.8345,5.4352,-6.7469,6.5794,-0.8726,6.0771,-2.3173,14.6177,7.2128,0.3056,0.19
1.1419,0.0000,0.0000,0.0000,0.0000,0.0000,0.0000,-0.0022,-0.6725,1.3335,-0.0483,0.0282,-0.9984,0.4968,-0.2134,-1.3157,0.8784,-1.2024,-0.4753,0.1884,1.4852,-1.0328,1.3779,0.0465,0.0039,-0.4614,0.2249,0.0427,-0.2094,-0.0388,-0.7600,-0.6010,0.5312,0.5000,-0.2000,-1.4244,0.9355,-1.1914,-0.4853,0.2000,1.3633,-1.1318,1.4352,125.2101,-5.8629,5.4944,-6.8217,6.5772,-0.8534,6.0496,-2.2912,14.6432,7.2636,0.3333,0.17
1.1659,0.0000,0.0000,0.0000,0.0000,0.0000,0.0000,0.0629,-0.6473,1.3096,-0.0632,0.0304,-0.9975,0.4969,-0.2135,-1.3279,0.8840,-1.2034,-0.4805,0.1881,1.4655,-1.0463,1.3906,0.0775,0.0194,-0.6126,0.2714,0.0349,-0.1473,-0.0931,-0.9500,-0.4226,0.4304,0.5000,-0.2000,-1.4448,0.9342,-1.1842,-0.4816,0.2000,1.3328,-1.1129,1.4398,125.3967,-5.8390,5.5312,-6.8709,6.5416,-0.8157,6.0409,-2.2742,14.6622,7.2931,0.3611,0.16
1.1909,0.0000,0.0000,0.0000,0.0000,0.0000,0.0000,0.1231,-0.5814,1.1992,-0.0773,0.0319,-0.9965,0.4961,-0.2136,-1.3411,0.8907,-1.2054,-0.4831,0.1876,1.4415,-1.0521,1.4014,0.0039,0.0271,-0.5739,0.3179,-0.1163,-0.0155,-0.1086,-0.9189,-0.0543,0.4963,0.5000,-0.2000,-1.4652,0.9322,-1.1742,-0.4771,0.2000,1.3022,-1.0839,1.4432,125.5260,-5.7454,5.5464,-6.8989,6.4603,-0.7706,6.0586,-2.2683,14.6660,7.2967,0.3889,0.17
1.2149,0.0000,0.0000,0.0000,0.0000,0.0000,0.0000,0.1777,-0.4693,1.0847,-0.0890,0.0311,-0.9955,0.4951,-0.2137,-1.3554,0.8974,-1.2089,-0.4835,0.1866,1.4189,-1.0502,1.4117,-0.0969,-0.0155,-0.6243,0.3335,-0.1667,-0.0194,-0.0659,-1.0740,0.2094,0.3839,0.5000,-0.2000,-1.4856,0.9295,-1.1641,-0.4720,0.2000,1.2717,-1.0461,1.4456,125.5988,-5.6253,5.5451,-6.9095,6.3604,-0.7203,6.0787,-2.2612,14.6557,7.2892,0.4167,0.17
1.2399,0.0000,0.0000,0.0000,0.0000,0.0000,0.0000,0.2356,-0.3654,0.9407,-0.0987,0.0287,-0.9947,0.4941,-0.2142,-1.3706,0.9044,-1.2124,-0.4825,0.1859,1.3938,-1.0405,1.4204,0.0620,0.0155,-0.7638,0.2559,-0.0931,0.0427,-0.1551,-0.9810,0.5700,0.3335,0.5000,-0.2000,-1.5059,0.9262,-1.1541,-0.4684,0.2000,1.2411,-1.0014,1.4472,125.6256,-5.4422,5.5203,-6.9033,6.2213,-0.6841,6.1278,-2.2740,14.6470,7.2634,0.4444,0.19
1.2639,0.0000,0.0000,0.0000,0.0000,0.0000,0.0000,0.2647,-0.2655,0.8143,-0.1066,0.0255,-0.9940,0.4937,-0.2147,-1.3866,0.9109,-1.2152,-0.4803,0.1857,1.3660,-1.0235,1.4268,-0.0271,-0.0233,-0.7445,0.2753,0.0039,0.1745,0.0427,-1.0818,0.9228,0.2365,0.5000,-0.2000,-1.5263,0.9223,-1.1440,-0.4660,0.2000,1.2106,-0.9519,1.4483,125.5711,-5.2558,5.4832,-6.8796,6.0830,-0.6604,6.1754,-2.2835,14.6128,7.2249,0.4722,0.19
1.2889,0.0000,0.0000,0.0000,0.0000,0.0000,0.0000,0.3033,-0.0799,0.7251,-0.1106,0.0205,-0.9937,0.4936,-0.2154,-1.4032,0.9156,-1.2161,-0.4780,0.1856,1.3385,-0.9986,1.4317,0.0582,-0.0814,-0.6979,0.2326,-0.0039,0.1900,0.0039,-1.0857,1.2718,0.1822,0.5000,-0.2000,-1.5467,0.9180,-1.1340,-0.4657,0.2000,1.1800,-0.9000,1.4770,125.4386,-5.0537,5.4402,-6.8556,5.9459,-0.6571,6.2323,-2.2979,14.5732,7.1775,0.5000,0.19
1.3129,0.0000,0.0000,0.0000,0.0000,0.0000,0.0000,0.3476,0.1068,0.6884,-0.1103,0.0139,-0.9938,0.4936,-0.2158,-1.4201,0.9185,-1.2159,-0.4750,0.1856,1.3106,-0.9658,1.4386,0.0465,0.0543,-0.7483,0.1124,-0.0504,0.0620,0.0039,-1.2330,1.6518,0.4459,0.5000,-0.2000,-1.5670,0.9133,-1.1239,-0.4671,0.2000,1.2004,-0.9052,1.4699,125.1928,-4.8190,5.3793,-6.8236,5.7816,-0.6706,6.2999,-2.3102,14.5075,7.1231,0.5278,0.17
1.3369,0.0000,0.0000,0.0000,0.0000,0.0000,0.0000,0.3907,0.2994,0.6987,-0.1066,0.0062,-0.9943,0.4937,-0.2158,-1.4377,0.9199,-1.2148,-0.4732,0.1858,1.2870,-0.9356,1.4445,0.0388,0.0349,-0.9034,0.0155,0.0388,0.0504,-0.0543,-0.8142,1.1710,0.0698,0.5000,-0.2000,-1.5874,0.9083,-1.1139,-0.4722,0.2000,1.2207,-0.9103,1.4627,124.8317,-4.5849,5.2920,-6.7620,5.6595,-0.7217,6.3688,-2.3420,14.4643,7.0387,0.5556,0.17
1.3619,0.0000,0.0000,0.0000,0.0000,0.0000,0.0000,0.3071,0.4827,0.7472,-0.0980,0.0003,-0.9952,0.4939,-0.2159,-1.4579,0.9197,-1.2123,-0.4732,0.1862,1.2732,-0.9128,1.4471,0.0931,0.0504,-0.8647,-0.0465,0.1590,-0.0582,0.0349,-0.3877,0.9151,-0.0039,0.5000,-0.2000,-1.6078,0.9031,-1.1038,-0.4759,0.2000,1.2411,-0.9152,1.4556,124.3084,-4.3500,5.1898,-6.6834,5.5046,-0.7588,6.4179,-2.3619,14.3854,6.9549,0.5833,0.19
1.3849,0.0000,0.0000,0.0000,0.0000,0.0000,0.0000,0.3047,0.6372,0.7151,-0.0850,-0.0067,-0.9964,0.4940,-0.2162,-1.4778,0.9190,-1.2063,-0.4756,0.1871,1.2675,-0.8972,1.4484,0.0155,-0.0543,-0.8336,-0.0543,0.2792,-0.0775,0.0465,-0.1628,0.5622,0.0000,0.5000,-0.2000,-1.6078,0.9209,-1.1562,-0.4776,0.2000,1.2615,-0.9198,1.4485,123.7047,-4.1099,5.0780,-6.5919,5.3422,-0.7760,6.4638,-2.3820,14.3094,6.8591,0.6111,0.18
1.4079,0.0000,0.0000,0.0000,0.0000,0.0000,0.0000,0.2606,0.7744,0.6974,-0.0696,-0.0124,-0.9975,0.4943,-0.2163,-1.4967,0.9192,-1.2032,-0.4785,0.1882,1.2671,-0.8855,1.4493,0.0698,0.0116,-0.8647,0.0388,-0.0698,-0.1822,0.0194,0.1047,0.4924,0.0465,0.5000,-0.2000,-1.5772,0.9722,-1.1689,-0.4764,0.2000,1.2819,-0.9239,1.4414,122.9896,-3.8281,4.9462,-6.4855,5.1280,-0.7641,6.5149,-2.3995,14.2084,6.7522,0.6389,0.19
1.4329,0.0000,0.0000,0.0000,0.0000,0.0000,0.0000,0.1273,0.7591,0.6510,-0.0521,-0.0164,-0.9985,0.4944,-0.2166,-1.5138,0.9245,-1.2039,-0.4816,0.1899,1.2703,-0.8774,1.4500,-0.0543,0.0271,-0.6553,0.3179,0.0039,-0.1124,-0.0194,0.2094,0.2869,-0.0620,0.5000,-0.2000,-1.5467,1.0200,-1.1813,-0.4752,0.2000,1.3022,-0.9276,1.4342,122.2367,-3.5772,4.7934,-6.3470,4.9307,-0.7524,6.5593,-2.4267,14.1015,6.6309,0.6667,0.19
1.4589,0.0000,0.0000,0.0000,0.0000,0.0000,0.0000,0.1050,0.4172,0.4304,-0.0410,-0.0189,-0.9990,0.4944,-0.2171,-1.5243,0.9375,-1.2060,-0.4847,0.1909,1.2742,-0.8714,1.4503,0.0078,0.0349,-0.3761,0.6824,-0.2016,-0.0775,-0.0427,0.1202,0.1667,0.0000,0.5000,-0.2000,-1.5161,1.0621,-1.1931,-0.4706,0.2000,1.3226,-0.9306,1.4271,121.5020,-3.2479,4.6182,-6.1948,4.6687,-0.7065,6.6302,-2.4740,14.0131,6.5024,0.6944,0.17
1.4829,0.0000,0.0000,0.0000,0.0000,0.0000,0.0000,0.0524,0.1972,0.0516,-0.0357,-0.0215,-0.9991,0.4941,-0.2179,-1.5294,0.9574,-1.2094,-0.4865,0.1917,1.2761,-0.8694,1.4502,-0.0000,-0.0349,-0.1241,0.8530,-0.1241,-0.0737,0.0659,0.0233,0.0504,0.0116,0.5000,-0.2000,-1.4856,1.0966,-1.2039,-0.4619,0.2000,1.3430,-0.9331,1.4200,120.8695,-2.9489,4.4408,-6.0208,4.4133,-0.6192,6.7132,-2.5336,13.9263,6.3725,0.7222,0.17
1.5079,0.0000,0.0000,0.0000,0.0000,0.0000,0.0000,0.0011,0.0972,-0.4514,-0.0332,-0.0235,-0.9992,0.4936,-0.2189,-1.5295,0.9786,-1.2123,-0.4854,0.1929,1.2785,-0.8700,1.4493,-0.0543,-0.0271,-0.0039,1.0120,-0.0931,0.1357,0.0543,0.0853,-0.0039,-0.1357,0.5000,-0.2000,-1.4550,1.1217,-1.2136,-0.4511,0.2000,1.3633,-0.9348,1.4128,120.3914,-2.6657,4.2631,-5.8338,4.1830,-0.5106,6.8366,-2.6148,13.8560,6.2241,0.7500,0.19
1.5319,0.0000,0.0000,0.0000,0.0000,0.0000,0.0000,-0.0585,0.0755,-0.9613,-0.0311,-0.0243,-0.9992,0.4928,-0.2200,-1.5239,1.0025,-1.2161,-0.4798,0.1936,1.2825,-0.8709,1.4473,0.0427,-0.0078,0.2559,0.8763,-0.0931,0.3179,-0.1202,0.1977,0.0310,-0.1008,0.5000,-0.2000,-1.4244,1.1364,-1.2221,-0.4385,0.2000,1.3837,-0.9358,1.4057,120.0387,-2.4116,4.1066,-5.6620,3.9710,-0.3849,6.9666,-2.6951,13.7817,6.1030,0.7778,0.18
1.5559,0.0000,0.0000,0.0000,0.0000,0.0000,0.0000,-0.0285,0.0900,-1.3590,-0.0289,-0.0248,-0.9993,0.4930,-0.2206,-1.5124,1.0201,-1.2175,-0.4693,0.1937,1.2887,-0.8725,1.4443,0.0659,-0.0000,0.5777,0.6863,-0.1280,0.5390,0.0155,0.2947,-0.0620,-0.1667,0.5000,-0.2000,-1.3939,1.1398,-1.2293,-0.4270,0.2000,1.4041,-0.9360,1.3986,119.7704,-2.2185,3.9807,-5.5256,3.8134,-0.2698,7.0775,-2.7602,13.7164,6.0186,0.8056,0.18
1.5789,0.0000,0.0000,0.0000,0.0000,0.0000,0.0000,0.0776,0.1172,-1.2831,-0.0248,-0.0290,-0.9993,0.4950,-0.2208,-1.4971,1.0326,-1.2163,-0.4581,0.1932,1.2978,-0.8755,1.4404,0.1357,0.0388,0.7328,0.5079,0.1435,0.4420,-0.0078,0.4226,-0.0892,-0.2055,0.5000,-0.2000,-1.3633,1.1318,-1.2352,-0.4214,0.2000,1.4244,-0.9355,1.3914,119.4703,-2.1257,3.9077,-5.4688,3.7194,-0.2141,7.1378,-2.7907,13.6617,5.9957,0.8333,0.16
1.6029,0.0000,0.0000,0.0000,0.0000,0.0000,0.0000,0.0004,0.1379,-1.1762,-0.0192,-0.0305,-0.9994,0.4959,-0.2207,-1.4795,1.0398,-1.2150,-0.4500,0.1924,1.3112,-0.8806,1.4351,0.0465,-0.0000,0.8104,0.1202,0.0271,0.3994,-0.1008,0.6553,-0.2443,-0.2365,0.5000,-0.2000,-1.3328,1.1129,-1.2398,-0.4189,0.2000,1.4448,-0.9342,1.3842,119.1296,-2.1461,3.8645,-5.4192,3.7164,-0.1887,7.1433,-2.8042,13.6087,5.9916,0.8611,0.17
1.6269,0.0000,0.0000,0.0000,0.0000,0.0000,0.0000,-0.0004,0.0956,-1.2852,-0.0149,-0.0320,-0.9994,0.4962,-0.2207,-1.4586,1.0404,-1.2139,-0.4426,0.1908,1.3261,-0.8858,1.4290,-0.0349,0.0310,0.9810,-0.0427,0.0659,0.2249,-0.0775,0.6863,-0.1745,-0.3102,0.5000,-0.2000,-1.3022,1.0839,-1.2432,-0.4159,0.2000,1.4652,-0.9322,1.3742,118.9243,-2.2053,3.8309,-5.3732,3.7528,-0.1594,7.1633,-2.8324,13.5891,5.9842,0.8889,0.17
1.6509,0.0000,0.0000,0.0000,0.0000,0.0000,0.0000,-0.0474,0.1313,-1.3117,-0.0101,-0.0329,-0.9994,0.4967,-0.2209,-1.4360,1.0356,-1.2131,-0.4368,0.1892,1.3411,-0.8893,1.4212,0.0388,0.0271,0.9538,-0.2869,0.0737,0.2482,-0.0698,0.6863,-0.0814,-0.3451,0.5000,-0.2000,-1.2717,1.0461,-1.2456,-0.4152,0.2000,1.4856,-0.9295,1.3641,118.8494,-2.3400,3.8403,-5.3549,3.8519,-0.1516,7.1560,-2.8424,13.5756,6.0020,0.9167,0.17
1.6749,0.0000,0.0000,0.0000,0.0000,0.0000,0.0000,-0.0694,0.1719,-1.3854,-0.0047,-0.0346,-0.9994,0.4973,-0.2212,-1.4086,1.0243,-1.2128,-0.4321,0.1883,1.3598,-0.8912,1.4122,0.0388,-0.0271,1.1283,-0.5467,0.0388,0.1435,-0.0465,0.7406,-0.0349,-0.5041,0.5000,-0.2000,-1.2411,1.0014,-1.2472,-0.4164,0.2000,1.5059,-0.9262,1.3541,118.9389,-2.5404,3.8854,-5.3681,4.0191,-0.1637,7.1318,-2.8494,13.6011,6.0388,0.9444,0.17
1.6979,0.0000,0.0000,0.0000,0.0000,0.0000,0.0000,-0.1130,0.2273,-1.4445,0.0022,-0.0351,-0.9994,0.4976,-0.2219,-1.3805,1.0073,-1.2129,-0.4281,0.1874,1.3791,-0.8915,1.4022,0.0388,-0.0233,1.2059,-0.7755,-0.0039,0.1784,-0.1124,0.7600,0.0388,-0.5196,0.5000,-0.2000,-1.2106,0.9519,-1.2483,-0.4203,0.2000,1.5263,-0.9223,1.3440,119.2049,-2.8087,3.9661,-5.4066,4.2434,-0.2032,7.0925,-2.8466,13.6458,6.0917,0.9722,0.16
1.7219,0.0000,0.0000,0.0000,0.0000,0.0000,0.0000,-0.1591,0.2540,-1.4419,0.0088,-0.0347,-0.9994,0.4977,-0.2232,-1.3533,0.9848,-1.2134,-0.4245,0.1866,1.3977,-0.8909,1.3907,0.0078,-0.0078,1.2330,-1.0857,-0.0000,0.0969,-0.0892,0.9267,0.0504,-0.6049,0.5000,-0.2000,-1.1800,0.9000,-1.2770,-0.4270,0.2000,1.5467,-0.9180,1.3340,119.6074,-3.1139,4.0713,-5.4733,4.4967,-0.2698,7.0421,-2.8406,13.7214,6.1626,0.0000,0.17
1.7449,0.0000,0.0000,0.0000,0.0000,0.0000,0.0000,-0.2052,0.3195,-1.3494,0.0168,-0.0340,-0.9993,0.4978,-0.2249,-1.3216,0.9569,-1.2177,-0.4229,0.1863,1.4207,-0.8893,1.3789,-0.0155,0.0078,1.3803,-1.3377,-0.2365,0.0543,-0.0465,0.8957,0.1551,-0.5545,0.5000,-0.2000,-1.2004,0.9052,-1.2699,-0.4360,0.2000,1.5670,-0.9133,1.3239,120.1200,-3.4862,4.2289,-5.5940,4.7996,-0.3596,6.9448,-2.7967,13.8085,6.2753,0.0278,0.17
1.7709,0.0000,0.0000,0.0000,0.0000,0.0000,0.0000,-0.2225,0.3707,-1.2173,0.0259,-0.0285,-0.9993,0.4981,-0.2262,-1.2950,0.9289,-1.2223,-0.4231,0.1862,1.4460,-0.8865,1.3659,-0.0039,-0.0388,0.9034,-0.9538,-0.1163,-0.0271,-0.0039,0.9616,0.0892,-0.5273,0.5000,-0.2000,-1.2207,0.9103,-1.2627,-0.4475,0.2000,1.5874,-0.9083,1.3139,120.8009,-3.9067,4.3920,-5.7027,5.1444,-0.4746,6.8419,-2.7555,13.9214,6.3658,0.0556,0.16
1.7958,0.0000,0.0000,0.0000,0.0000,0.0000,0.0000,-0.1531,0.4859,-0.9902,0.0386,-0.0234,-0.9990,0.4985,-0.2270,-1.2768,0.9052,-1.2232,-0.4251,0.1857,1.4705,-0.8839,1.3522,0.0233,-0.0155,0.4614,-0.7367,0.0620,-0.0814,-0.0271,0.9500,0.0969,-0.6165,0.5000,-0.2000,-1.2411,0.9152,-1.2556,-0.4599,0.2000,1.6078,-0.9031,1.3038,121.5636,-4.3137,4.5682,-5.8368,5.4787,-0.5986,6.7454,-2.7093,14.0492,6.4702,0.0833,0.16
1.8198,0.0000,0.0000,0.0000,0.0000,0.0000,0.0000,-0.1186,0.5490,-0.7583,0.0523,-0.0189,-0.9985,0.4988,-0.2268,-1.2682,0.8904,-1.2223,-0.4294,0.1852,1.4961,-0.8822,1.3394,-0.0078,0.0233,0.2714,-0.5157,0.0698,-0.1784,-0.0388,1.0508,0.0427,-0.5273,0.5000,-0.2000,-1.2615,0.9198,-1.2485,-0.4706,0.2000,1.6078,-0.9209,1.3562,122.2967,-4.6694,4.7253,-5.9634,5.7701,-0.7063,6.6480,-2.6609,14.1710,6.5690,0.1111,0.18
1.8438,0.0000,0.0000,0.0000,0.0000,0.0000,0.0000,-0.0830,0.5260,-0.5957,0.0656,-0.0139,-0.9977,0.4990,-0.2257,-1.2654,0.8791,-1.2190,-0.4369,0.1845,1.5180,-0.8826,1.3344,0.0582,0.1318,0.0233,-0.3490,0.1977,-0.3257,-0.0465,0.8259,-0.0310,0.0116,0.5000,-0.2000,-1.2819,0.9239,-1.2414,-0.4786,0.2000,1.5772,-0.9722,1.3689,123.0393,-4.9798,4.8694,-6.0823,6.0135,-0.7860,6.5531,-2.6063,14.2774,6.6753,0.1389,0.16
1.8698,0.0000,0.0000,0.0000,0.0000,0.0000,0.0000,-0.1074,0.4333,-0.4393,0.0767,-0.0086,-0.9970,0.4992,-0.2242,-1.2664,0.8706,-1.2144,-0.4457,0.1831,1.5336,-0.8890,1.3368,-0.0000,0.0853,-0.1590,-0.3141,0.2365,-0.2598,-0.0969,0.5428,-0.4149,0.0427,0.5000,-0.2000,-1.3022,0.9276,-1.2342,-0.4860,0.2000,1.5467,-1.0200,1.3813,123.7894,-5.2939,5.0085,-6.1979,6.2695,-0.8600,6.4429,-2.5512,14.4049,6.7812,0.1667,0.16
1.8939,0.0000,0.0000,0.0000,0.0000,0.0000,0.0000,-0.1569,0.1634,-0.2092,0.0815,-0.0010,-0.9967,0.4998,-0.2233,-1.2697,0.8655,-1.2093,-0.4524,0.1821,1.5432,-0.9043,1.3420,0.0659,0.0310,-0.1163,-0.0543,0.1939,-0.2947,-0.0582,0.3296,-0.8065,0.2482,0.5000,-0.2000,-1.3226,0.9306,-1.2271,-0.4919,0.2000,1.5161,-1.0621,1.3931,124.4720,-5.5490,5.1318,-6.3143,6.4789,-0.9190,6.3335,-2.4958,14.5224,6.8841,0.1944,0.16
1.9168,0.0000,0.0000,0.0000,0.0000,0.0000,0.0000,-0.1166,-0.1392,0.2155,0.0791,0.0031,-0.9969,0.5016,-0.2223,-1.2736,0.8655,-1.2050,-0.4585,0.1817,1.5460,-0.9228,1.3498,0.0737,0.0853,-0.1977,0.0853,0.2986,-0.2792,-0.0349,-0.0659,-0.8647,0.3412,0.5000,-0.2000,-1.3430,0.9331,-1.2200,-0.4982,0.2000,1.4856,-1.0966,1.4039,125.0221,-5.7525,5.2576,-6.4673,6.6262,-0.9822,6.2373,-2.4323,14.6128,7.0078,0.2222,0.16
1.9398,0.0000,0.0000,0.0000,0.0000,0.0000,0.0000,-0.1515,-0.3360,0.6441,0.0714,0.0069,-0.9974,0.5024,-0.2215,-1.2780,0.8683,-1.2016,-0.4654,0.1816,1.5424,-0.9454,1.3605,-0.0194,0.0388,-0.3373,0.2210,0.1551,-0.2947,-0.0310,-0.2830,-1.0508,0.4924,0.5000,-0.2000,-1.3633,0.9348,-1.2128,-0.5000,0.2000,1.4550,-1.1217,1.4136,125.4192,-5.9555,5.3787,-6.6053,6.7627,-1.0296,6.1321,-2.3630,14.6680,7.1172,0.2500,0.16
1.9638,0.0000,0.0000,0.0000,0.0000,0.0000,0.0000,-0.1505,-0.3982,1.0244,0.0626,0.0097,-0.9980,0.5027,-0.2210,-1.2839,0.8726,-1.1981,-0.4731,0.1817,1.5339,-0.9680,1.3730,0.0310,0.0388,-0.2637,0.1861,0.1473,-0.2986,-0.0853,-0.3684,-0.9267,0.5467,0.5000,-0.2000,-1.3837,0.9358,-1.2057,-0.5000,0.2000,1.4244,-1.1364,1.4221,125.7163,-6.1339,5.4935,-6.7456,6.8636,-1.0672,6.0495,-2.3042,14.7118,7.2238,0.2778,0.16
1.9888,0.0000,0.0000,0.0000,0.0000,0.0000,0.0000,-0.1517,-0.4286,1.2803,0.0526,0.0135,-0.9985,0.5040,-0.2207,-1.2938,0.8777,-1.1942,-0.4833,0.1819,1.5187,-0.9918,1.3883,0.0698,0.0310,-0.5196,0.1822,0.1202,-0.3994,0.0271,-0.6281,-0.8298,0.6126,0.5000,-0.2000,-1.4041,0.9360,-1.1986,-0.5000,0.2000,1.3939,-1.1398,1.4293,125.9522,-6.2635,5.5838,-6.8490,6.9284,-1.0756,5.9811,-2.2534,14.7363,7.3057,0.3056,0.19
2.0139,0.0000,0.0000,0.0000,0.0000,0.0000,0.0000,-0.1463,-0.4031,1.4739,0.0437,0.0167,-0.9989,0.5061,-0.2207,-1.3066,0.8828,-1.1898,-0.4936,0.1819,1.5005,-1.0094,1.4027,0.1124,-0.0271,-0.5622,0.2210,0.2598,-0.3024,-0.0116,-0.9034,-0.5855,0.5932,0.5000,-0.2000,-1.4244,0.9355,-1.1914,-0.5000,0.2000,1.3633,-1.1318,1.4352,126.1647,-6.3665,5.6622,-6.9401,6.9788,-1.0848,5.9320,-2.2135,14.7563,7.3714,0.3333,0.28
2.0379,0.0000,0.0000,0.0000,0.0000,0.0000,0.0000,-0.1328,-0.3358,1.6075,0.0363,0.0198,-0.9991,0.5074,-0.2207,-1.3205,0.8859,-1.1854,-0.5001,0.1819,1.4784,-1.0225,1.4174,0.0349,-0.0116,-0.5971,0.1008,0.1784,-0.1086,-0.0310,-0.9810,-0.3257,0.5196,0.5000,-0.2000,-1.4448,0.9342,-1.1842,-0.5000,0.2000,1.3328,-1.1129,1.4398,126.3081,-6.4086,5.7197,-7.0146,6.9900,-1.0903,5.9053,-2.1833,14.7701,7.4187,0.3611,0.21
2.0619,0.0000,0.0000,0.0000,0.0000,0.0000,0.0000,-0.1080,-0.2370,1.7261,0.0322,0.0221,-0.9992,0.5077,-0.2207,-1.3384,0.8873,-1.1808,-0.5033,0.1817,1.4541,-1.0287,1.4306,-0.0194,-0.0000,-0.7716,0.0543,0.1939,-0.0659,-0.0388,-1.1051,-0.0698,0.4924,0.5000,-0.2000,-1.4652,0.9322,-1.1742,-0.5000,0.2000,1.3022,-1.0839,1.4432,126.3658,-6.3999,5.7548,-7.0672,6.9692,-1.0916,5.8907,-2.1567,14.7620,7.4446,0.3889,0.19
2.0859,0.0000,0.0000,0.0000,0.0000,0.0000,0.0000,-0.0710,-0.1914,1.8316,0.0299,0.0240,-0.9993,0.5077,-0.2207,-1.3570,0.8874,-1.1764,-0.5051,0.1815,1.4284,-1.0289,1.4424,0.0039,-0.0078,-0.9228,0.0349,0.1667,-0.0039,-0.0388,-1.1555,0.1667,0.4149,0.5000,-0.2000,-1.4856,0.9295,-1.1641,-0.5000,0.2000,1.2717,-1.0461,1.4456,126.3292,-6.3356,5.7701,-7.1049,6.9157,-1.0989,5.8870,-2.1374,14.7424,7.4544,0.4167,0.19
2.1108,0.0000,0.0000,0.0000,0.0000,0.0000,0.0000,0.0081,-0.1706,1.8802,0.0276,0.0248,-0.9993,0.5070,-0.2208,-1.3776,0.8867,-1.1737,-0.5061,0.1811,1.3994,-1.0224,1.4514,0.0155,0.0039,-0.8995,-0.0310,0.0698,0.0039,-0.0582,-1.2485,0.5041,0.3024,0.5000,-0.2000,-1.5059,0.9262,-1.1541,-0.5000,0.2000,1.2411,-1.0014,1.4472,126.1897,-6.2068,5.7620,-7.1285,6.8216,-1.1078,5.9011,-2.1293,14.7146,7.4486,0.4444,0.18
2.1338,0.0000,0.0000,0.0000,0.0000,0.0000,0.0000,0.1404,-0.1128,1.7862,0.0259,0.0226,-0.9994,0.5055,-0.2209,-1.4001,0.8859,-1.1733,-0.5065,0.1800,1.3691,-1.0095,1.4589,-0.0698,0.0155,-0.9383,-0.0388,-0.0155,0.0039,-0.1086,-1.3493,0.6979,0.2365,0.5000,-0.2000,-1.5263,0.9223,-1.1440,-0.5000,0.2000,1.2106,-0.9519,1.4483,125.9820,-6.0130,5.7246,-7.1171,6.6983,-1.1120,5.9395,-2.1371,14.6825,7.4082,0.4722,0.18
2.1578,0.0000,0.0000,0.0000,0.0000,0.0000,0.0000,0.2157,-0.0476,1.5108,0.0238,0.0200,-0.9995,0.5021,-0.2213,-1.4209,0.8864,-1.1745,-0.5063,0.1784,1.3360,-0.9890,1.4648,-0.1202,-0.0000,-0.8995,0.1435,-0.0853,0.0427,-0.1086,-1.3532,0.9655,0.1977,0.5000,-0.2000,-1.5467,0.9180,-1.1340,-0.5000,0.2000,1.1800,-0.9000,1.4770,125.7568,-5.7778,5.6607,-7.0604,6.5593,-1.1080,5.9983,-2.1633,14.6445,7.3290,0.5000,0.17
2.1828,0.0000,0.0000,0.0000,0.0000,0.0000,0.0000,0.3172,0.0912,1.1798,0.0244,0.0140,-0.9996,0.4999,-0.2216,-1.4423,0.8876,-1.1764,-0.5056,0.1769,1.3042,-0.9604,1.4731,-0.0698,0.0892,-0.9422,0.1202,-0.0388,0.0853,-0.0659,-1.3338,1.4191,0.5079,0.5000,-0.2000,-1.5670,0.9133,-1.1239,-0.5000,0.2000,1.2004,-0.9052,1.4699,125.5126,-5.4669,5.5765,-6.9898,6.3617,-1.1017,6.0923,-2.1998,14.5943,7.2379,0.5278,0.17
2.2068,0.0000,0.0000,0.0000,0.0000,0.0000,0.0000,0.4097,0.2865,0.8726,0.0280,0.0035,-0.9996,0.4982,-0.2224,-1.4651,0.8889,-1.1774,-0.5053,0.1756,1.2777,-0.9301,1.4840,-0.0853,-0.0659,-0.8220,0.0504,-0.0271,0.0388,-0.0659,-0.8918,1.0934,0.3528,0.5000,-0.2000,-1.5874,0.9083,-1.1139,-0.5000,0.2000,1.2207,-0.9103,1.4627,125.2088,-5.1500,5.4670,-6.8954,6.1924,-1.1040,6.1825,-2.2483,14.5623,7.1238,0.5556,0.17
2.2299,0.0000,0.0000,0.0000,0.0000,0.0000,0.0000,0.3046,0.5150,0.5329,0.0375,-0.0043,-0.9993,0.4979,-0.2236,-1.4838,0.8890,-1.1772,-0.5059,0.1752,1.2647,-0.9065,1.4921,0.0659,-0.0388,-0.8840,-0.0000,0.0504,0.0039,-0.0310,-0.4692,0.9073,0.2288,0.5000,-0.2000,-1.6078,0.9031,-1.1038,-0.5000,0.2000,1.2411,-0.9152,1.4556,124.8739,-4.8650,5.3461,-6.7726,6.0168,-1.0844,6.2588,-2.2898,14.5095,7.0047,0.5833,0.17
2.2558,0.0000,0.0000,0.0000,0.0000,0.0000,0.0000,0.2665,0.6842,0.2607,0.0506,-0.0118,-0.9986,0.4979,-0.2250,-1.5056,0.8898,-1.1744,-0.5063,0.1764,1.2589,-0.8860,1.4978,0.0155,-0.0620,-0.8763,0.1706,0.1861,0.0349,0.0427,-0.0194,0.7522,0.1435,0.5000,-0.2000,-1.6078,0.9209,-1.1562,-0.5000,0.2000,1.2615,-0.9198,1.4485,124.4689,-4.5430,5.2025,-6.6416,5.8144,-1.0644,6.3564,-2.3404,14.4563,6.8643,0.6111,0.17
2.2798,0.0000,0.0000,0.0000,0.0000,0.0000,0.0000,0.2160,0.7621,0.0832,0.0685,-0.0202,-0.9974,0.4981,-0.2265,-1.5254,0.8937,-1.1739,-0.5065,0.1790,1.2598,-0.8692,1.5016,0.0465,-0.0000,-0.7212,0.2055,-0.0775,0.0039,0.0427,0.0543,0.6049,0.1280,0.5000,-0.2000,-1.5772,0.9722,-1.1689,-0.5000,0.2000,1.2819,-0.9239,1.4414,123.9488,-4.2157,5.0564,-6.5215,5.5774,-1.0242,6.4355,-2.3694,14.3645,6.7500,0.6389,0.17
2.3028,0.0000,0.0000,0.0000,0.0000,0.0000,0.0000,0.1155,0.6803,0.0007,0.0845,-0.0255,-0.9961,0.4982,-0.2282,-1.5381,0.9024,-1.1771,-0.5068,0.1823,1.2634,-0.8566,1.5028,0.0388,-0.0737,-0.4459,0.5506,-0.1784,0.0233,0.0737,0.2365,0.5002,0.0233,0.5000,-0.2000,-1.5467,1.0200,-1.1813,-0.4998,0.2000,1.3022,-0.9276,1.4342,123.3551,-3.9352,4.9079,-6.4003,5.3564,-0.9979,6.5000,-2.4015,14.2650,6.6359,0.6667,0.17
2.3258,0.0000,0.0000,0.0000,0.0000,0.0000,0.0000,0.1038,0.4432,-0.1166,0.0947,-0.0298,-0.9951,0.4982,-0.2296,-1.5437,0.9198,-1.1814,-0.5069,0.1849,1.2685,-0.8473,1.5030,0.0078,-0.0582,-0.2714,0.8530,-0.1202,0.0271,0.0620,0.2598,0.2830,-0.0465,0.5000,-0.2000,-1.5161,1.0621,-1.1931,-0.4969,0.2000,1.3226,-0.9306,1.4271,122.7389,-3.6371,4.7459,-6.2727,5.1161,-0.9690,6.5859,-2.4502,14.1776,6.5211,0.6944,0.17
2.3498,0.0000,0.0000,0.0000,0.0000,0.0000,0.0000,0.1169,0.1379,-0.3515,0.0981,-0.0349,-0.9946,0.4983,-0.2312,-1.5460,0.9383,-1.1839,-0.5064,0.1870,1.2732,-0.8439,1.5020,0.0737,-0.0349,-0.0194,0.9577,-0.0737,0.0427,0.0775,0.1318,-0.0000,-0.0659,0.5000,-0.2000,-1.4856,1.0966,-1.2039,-0.4907,0.2000,1.3430,-0.9331,1.4200,122.1531,-3.3335,4.5765,-6.1349,4.8617,-0.9066,6.6795,-2.5092,14.0981,6.4180,0.7222,0.19
2.3748,0.0000,0.0000,0.0000,0.0000,0.0000,0.0000,0.0985,-0.0097,-0.5532,0.0980,-0.0369,-0.9945,0.4990,-0.2324,-1.5421,0.9613,-1.1851,-0.5046,0.1878,1.2775,-0.8461,1.4989,0.0775,0.0427,0.2753,0.8763,-0.0349,0.1977,0.0543,0.1047,-0.1280,-0.2482,0.5000,-0.2000,-1.4550,1.1217,-1.2136,-0.4827,0.2000,1.3633,-0.9348,1.4128,121.5894,-3.0869,4.4238,-6.0017,4.6422,-0.8268,6.7693,-2.5667,14.0146,6.3262,0.7500,0.18
2.3998,0.0000,0.0000,0.0000,0.0000,0.0000,0.0000,0.1279,0.0368,-0.6117,0.0999,-0.0394,-0.9942,0.5007,-0.2326,-1.5346,0.9820,-1.1852,-0.5011,0.1877,1.2828,-0.8511,1.4933,0.0427,0.0233,0.2986,0.7677,0.0582,0.1628,-0.0116,0.2365,-0.2133,-0.3102,0.5000,-0.2000,-1.4244,1.1364,-1.2221,-0.4756,0.2000,1.3837,-0.9358,1.4057,121.0295,-2.9075,4.3044,-5.8917,4.4745,-0.7559,6.8420,-2.6080,13.9283,6.2469,0.7778,0.17
2.4238,0.0000,0.0000,0.0000,0.0000,0.0000,0.0000,0.0836,-0.0634,-0.7440,0.0999,-0.0403,-0.9942,0.5025,-0.2326,-1.5248,0.9991,-1.1852,-0.4981,0.1871,1.2897,-0.8584,1.4861,0.1628,-0.0543,0.3916,0.5932,0.0698,0.1473,-0.0737,0.2947,-0.2830,-0.3412,0.5000,-0.2000,-1.3939,1.1398,-1.2293,-0.4684,0.2000,1.4041,-0.9360,1.3986,120.5378,-2.7666,4.1914,-5.7760,4.3356,-0.6841,6.9053,-2.6559,13.8548,6.1818,0.8056,0.17
2.4478,0.0000,0.0000,0.0000,0.0000,0.0000,0.0000,0.0834,-0.0710,-0.8731,0.0991,-0.0400,-0.9943,0.5037,-0.2325,-1.5111,1.0111,-1.1852,-0.4957,0.1862,1.2988,-0.8660,1.4778,0.0039,0.0155,0.6165,0.4420,-0.0039,0.1086,-0.0892,0.3877,-0.3102,-0.4653,0.5000,-0.2000,-1.3633,1.1318,-1.2352,-0.4613,0.2000,1.4244,-0.9355,1.3914,120.0964,-2.6707,4.0986,-5.6752,4.2461,-0.6131,6.9643,-2.6983,13.7879,6.1260,0.8333,0.17
2.4718,0.0000,0.0000,0.0000,0.0000,0.0000,0.0000,0.0971,-0.0033,-1.0778,0.1001,-0.0397,-0.9942,0.5048,-0.2325,-1.4938,1.0194,-1.1856,-0.4929,0.1854,1.3107,-0.8724,1.4693,0.0931,0.0078,0.7794,0.2133,-0.0233,0.1435,-0.0853,0.5234,-0.2094,-0.3955,0.5000,-0.2000,-1.3328,1.1129,-1.2398,-0.4545,0.2000,1.4448,-0.9342,1.3842,119.7887,-2.6365,4.0398,-5.5938,4.2036,-0.5454,7.0100,-2.7348,13.7336,6.0924,0.8611,0.17
2.4948,0.0000,0.0000,0.0000,0.0000,0.0000,0.0000,0.0959,0.0414,-1.3321,0.1026,-0.0398,-0.9939,0.5053,-0.2326,-1.4723,1.0224,-1.1870,-0.4896,0.1844,1.3258,-0.8778,1.4608,0.0388,-0.0465,0.8918,0.0155,-0.0039,0.1124,-0.0698,0.7173,-0.1939,-0.3528,0.5000,-0.2000,-1.3022,1.0839,-1.2432,-0.4486,0.2000,1.4652,-0.9322,1.3742,119.6483,-2.6661,4.0035,-5.5232,4.2188,-0.4865,7.0464,-2.7706,13.7047,6.0684,0.8889,0.17
2.5188,0.0000,0.0000,0.0000,0.0000,0.0000,0.0000,0.1065,0.1414,-1.5674,0.1072,-0.0389,-0.9935,0.5059,-0.2328,-1.4456,1.0204,-1.1889,-0.4858,0.1832,1.3441,-0.8802,1.4514,0.0271,-0.0194,1.1012,-0.0969,-0.0310,0.2559,-0.0814,0.7522,0.0388,-0.4575,0.5000,-0.2000,-1.2717,1.0461,-1.2456,-0.4447,0.2000,1.4856,-0.9295,1.3641,119.7012,-2.7820,4.0107,-5.4885,4.3088,-0.4473,7.0646,-2.7943,13.6982,6.0709,0.9167,0.18
2.5428,0.0000,0.0000,0.0000,0.0000,0.0000,0.0000,0.1147,0.2440,-1.7835,0.1146,-0.0377,-0.9927,0.5063,-0.2331,-1.4173,1.0142,-1.1912,-0.4814,0.1820,1.3646,-0.8804,1.4421,0.0620,-0.0465,1.2408,-0.3179,-0.1124,0.1861,-0.0271,0.8142,-0.0310,-0.3916,0.5000,-0.2000,-1.2411,1.0014,-1.2472,-0.4426,0.2000,1.5059,-0.9262,1.3541,119.9317,-2.9595,4.0498,-5.4770,4.4552,-0.4263,7.0603,-2.8069,13.7171,6.0966,0.9444,0.17
2.5688,0.0000,0.0000,0.0000,0.0000,0.0000,0.0000,0.1077,0.3237,-1.9607,0.1245,-0.0359,-0.9916,0.5065,-0.2334,-1.3875,1.0027,-1.1942,-0.4759,0.1816,1.3887,-0.8790,1.4331,0.0388,-0.0078,1.3028,-0.6514,-0.1241,0.2830,-0.0582,0.9771,0.1551,-0.4343,0.5000,-0.2000,-1.2106,0.9519,-1.2483,-0.4431,0.2000,1.5263,-0.9223,1.3440,120.3378,-3.1980,4.1196,-5.5009,4.6341,-0.4306,7.0488,-2.8155,13.7688,6.1463,0.9722,0.17
2.5948,0.0000,0.0000,0.0000,0.0000,0.0000,0.0000,0.0698,0.3968,-2.1020,0.1356,-0.0343,-0.9902,0.5066,-0.2335,-1.3506,0.9821,-1.1989,-0.4709,0.1818,1.4136,-0.8761,1.4230,0.0659,0.0853,1.4385,-0.8840,-0.1047,0.2675,0.0000,1.0197,0.1512,-0.4071,0.5000,-0.2000,-1.1800,0.9000,-1.2770,-0.4466,0.2000,1.5467,-0.9180,1.3340,120.9398,-3.5282,4.2335,-5.5598,4.8928,-0.4658,7.0006,-2.8048,13.8497,6.2255,0.0000,0.17
2.6188,0.0000,0.0000,0.0000,0.0000,0.0000,0.0000,0.0052,0.5178,-2.1492,0.1493,-0.0311,-0.9883,0.5066,-0.2335,-1.3126,0.9570,-1.2066,-0.4669,0.1822,1.4407,-0.8706,1.4125,0.0116,0.0116,1.6091,-1.1826,-0.4653,0.1551,-0.0582,1.1477,0.3063,-0.4769,0.5000,-0.2000,-1.2004,0.9052,-1.2699,-0.4528,0.2000,1.5670,-0.9133,1.3239,121.6729,-3.9325,4.3959,-5.6666,5.2070,-0.5283,6.9108,-2.7657,13.9680,6.3318,0.0278,0.17
2.6428,0.0000,0.0000,0.0000,0.0000,0.0000,0.0000,-0.0048,0.5371,-2.1022,0.1627,-0.0240,-0.9864,0.5066,-0.2332,-1.2815,0.9327,-1.2147,-0.4647,0.1827,1.4677,-0.8637,1.4014,0.0078,0.0814,1.0353,-0.8608,-0.2326,0.1357,-0.0427,1.1593,0.2637,-0.5351,0.5000,-0.2000,-1.2207,0.9103,-1.2627,-0.4627,0.2000,1.5874,-0.9083,1.3139,122.5869,-4.3618,4.5505,-5.7591,5.5368,-0.6269,6.8362,-2.7372,14.1047,6.4223,0.0556,0.17
2.6658,0.0000,0.0000,0.0000,0.0000,0.0000,0.0000,0.0093,0.6420,-1.9979,0.1761,-0.0162,-0.9842,0.5071,-0.2324,-1.2571,0.9161,-1.2191,-0.4646,0.1831,1.4959,-0.8578,1.3887,0.0775,0.0388,0.8026,-0.5467,-0.1163,0.0078,-0.0388,1.1787,0.2171,-0.5506,0.5000,-0.2000,-1.2411,0.9152,-1.2556,-0.4718,0.2000,1.6078,-0.9031,1.3038,123.5652,-4.7869,4.7210,-5.8708,5.8680,-0.7183,6.7441,-2.6967,14.2580,6.5248,0.0833,0.17
2.6898,0.0000,0.0000,0.0000,0.0000,0.0000,0.0000,0.0231,0.8358,-1.8386,0.1931,-0.0088,-0.9811,0.5075,-0.2305,-1.2431,0.9062,-1.2199,-0.4661,0.1837,1.5243,-0.8524,1.3760,0.0078,0.1551,0.4614,-0.2792,-0.0116,-0.0582,-0.0233,1.2369,0.1939,-0.6165,0.5000,-0.2000,-1.2615,0.9198,-1.2485,-0.4799,0.2000,1.6078,-0.9209,1.3562,124.5245,-5.1872,4.8797,-5.9740,6.1747,-0.7990,6.6579,-2.6518,14.4006,6.6153,0.1111,0.17
2.7128,0.0000,0.0000,0.0000,0.0000,0.0000,0.0000,0.0389,0.8879,-1.6011,0.2121,-0.0007,-0.9773,0.5075,-0.2274,-1.2339,0.9003,-1.2191,-0.4690,0.1843,1.5510,-0.8494,1.3707,-0.0116,0.1280,0.2637,-0.1590,0.1086,-0.0659,-0.0310,1.1516,0.0931,0.0775,0.5000,-0.2000,-1.2819,0.9239,-1.2414,-0.4882,0.2000,1.5772,-0.9722,1.3689,125.4173,-5.5394,5.0454,-6.1035,6.4388,-0.8822,6.5564,-2.5838,14.5187,6.7332,0.1389,0.16
2.7378,0.0000,0.0000,0.0000,0.0000,0.0000,0.0000,-0.0141,0.8130,-1.3258,0.2281,0.0071,-0.9736,0.5080,-0.2236,-1.2274,0.8969,-1.2172,-0.4723,0.1849,1.5750,-0.8527,1.3733,0.1047,0.1900,0.1861,-0.0892,0.1628,-0.1435,-0.0271,0.7832,-0.2365,0.1784,0.5000,-0.2000,-1.3022,0.9276,-1.2342,-0.4964,0.2000,1.5467,-1.0200,1.3813,126.2630,-5.8874,5.1988,-6.2426,6.7054,-0.9639,6.4300,-2.5119,14.6548,6.8687,0.1667,0.17
2.7628,0.0000,0.0000,0.0000,0.0000,0.0000,0.0000,-0.1034,0.6304,-0.8768,0.2407,0.0165,-0.9705,0.5088,-0.2194,-1.2236,0.8965,-1.2142,-0.4763,0.1854,1.5879,-0.8637,1.3799,0.0814,0.2210,0.1047,0.0465,0.1551,-0.1435,0.0116,0.2986,-0.5467,0.3335,0.5000,-0.2000,-1.3226,0.9306,-1.2271,-0.5000,0.2000,1.5161,-1.0621,1.3931,126.9864,-6.2289,5.3591,-6.4039,6.9707,-1.0652,6.2847,-2.4240,14.7751,7.0121,0.1944,0.16
2.7868,0.0000,0.0000,0.0000,0.0000,0.0000,0.0000,-0.1588,0.4049,-0.2874,0.2477,0.0236,-0.9686,0.5105,-0.2158,-1.2216,0.9002,-1.2114,-0.4819,0.1858,1.5915,-0.8795,1.3901,0.1435,0.1318,-0.0582,0.2830,0.1667,-0.1822,-0.0388,-0.0155,-0.7445,0.4808,0.5000,-0.2000,-1.3430,0.9331,-1.2200,-0.5000,0.2000,1.4856,-1.0966,1.4039,127.5589,-6.5449,5.5245,-6.5852,7.2158,-1.1888,6.1375,-2.3361,14.8807,7.1553,0.2222,0.17
2.8108,0.0000,0.0000,0.0000,0.0000,0.0000,0.0000,-0.2526,0.3005,0.2771,0.2515,0.0289,-0.9674,0.5122,-0.2140,-1.2216,0.9056,-1.2091,-0.4883,0.1863,1.5892,-0.9001,1.4023,0.0775,0.0737,-0.0620,0.3179,0.1124,-0.2830,-0.0349,-0.2365,-0.8957,0.5079,0.5000,-0.2000,-1.3633,0.9348,-1.2128,-0.5000,0.2000,1.4550,-1.1217,1.4136,127.9782,-6.8624,5.6837,-6.7591,7.4413,-1.2974,5.9911,-2.2462,14.9584,7.2934,0.2500,0.16
2.8348,0.0000,0.0000,0.0000,0.0000,0.0000,0.0000,-0.3864,0.3756,0.6588,0.2568,0.0350,-0.9658,0.5138,-0.2133,-1.2249,0.9117,-1.2060,-0.4948,0.1866,1.5811,-0.9218,1.4169,0.0620,0.0388,-0.2210,0.3335,0.1784,-0.1822,0.0698,-0.3722,-0.9073,0.6049,0.5000,-0.2000,-1.3837,0.9358,-1.2057,-0.5000,0.2000,1.4244,-1.1364,1.4221,128.3477,-7.1775,5.8275,-6.8924,7.6493,-1.3786,5.8687,-2.1673,15.0100,7.4024,0.2778,0.17
2.8578,0.0000,0.0000,0.0000,0.0000,0.0000,0.0000,-0.4352,0.4791,0.9837,0.2654,0.0398,-0.9633,0.5149,-0.2136,-1.2329,0.9181,-1.2028,-0.4999,0.1867,1.5690,-0.9414,1.4310,0.0155,-0.0659,-0.3761,0.3063,0.1280,-0.1861,-0.0078,-0.5390,-0.7949,0.5351,0.5000,-0.2000,-1.4041,0.9360,-1.1986,-0.5000,0.2000,1.3939,-1.1398,1.4293,128.6635,-7.4270,5.9547,-7.0188,7.8129,-1.4374,5.7732,-2.0959,15.0561,7.4921,0.3056,0.17
2.8828,0.0000,0.0000,0.0000,0.0000,0.0000,0.0000,-0.4941,0.5785,1.2790,0.2755,0.0425,-0.9604,0.5159,-0.2145,-1.2448,0.9245,-1.1997,-0.5042,0.1864,1.5502,-0.9596,1.4457,0.0388,-0.0233,-0.6436,0.3490,0.1667,-0.0775,-0.1086,-0.8414,-0.6126,0.6475,0.5000,-0.2000,-1.4244,0.9355,-1.1914,-0.5000,0.2000,1.3633,-1.1318,1.4352,128.9251,-7.6151,6.0592,-7.1220,7.9319,-1.4877,5.7006,-2.0297,15.0699,7.5644,0.3333,0.17
2.9068,0.0000,0.0000,0.0000,0.0000,0.0000,0.0000,-0.5191,0.6222,1.5753,0.2943,0.0437,-0.9547,0.5176,-0.2168,-1.2603,0.9308,-1.1955,-0.5079,0.1853,1.5283,-0.9722,1.4581,0.1900,-0.1202,-0.5816,0.2792,0.1977,-0.0892,-0.0465,-1.1516,-0.4381,0.4575,0.5000,-0.2000,-1.4448,0.9342,-1.1842,-0.5000,0.2000,1.3328,-1.1129,1.4398,129.1058,-7.7797,6.1545,-7.2261,8.0320,-1.5409,5.6199,-1.9608,15.0753,7.6412,0.3611,0.17
2.9318,0.0000,0.0000,0.0000,0.0000,0.0000,0.0000,-0.4820,0.6906,1.8407,0.3136,0.0413,-0.9487,0.5191,-0.2195,-1.2771,0.9353,-1.1912,-0.5123,0.1834,1.5005,-0.9825,1.4688,0.1163,-0.1008,-0.7289,0.1706,0.1861,-0.1396,-0.1667,-1.3028,-0.3528,0.4769,0.5000,-0.2000,-1.4652,0.9322,-1.1742,-0.5000,0.2000,1.3022,-1.0839,1.4432,129.1816,-7.8704,6.2271,-7.3152,8.0983,-1.6031,5.5726,-1.9061,15.0689,7.6862,0.3889,0.17
2.9558,0.0000,0.0000,0.0000,0.0000,0.0000,0.0000,-0.5280,0.3746,2.0001,0.3321,0.0359,-0.9426,0.5207,-0.2228,-1.2955,0.9390,-1.1864,-0.5151,0.1809,1.4671,-0.9911,1.4743,0.0853,-0.1396,-0.7057,0.2133,0.2792,0.0155,-0.0620,-1.5161,-0.3296,0.0853,0.5000,-0.2000,-1.4856,0.9295,-1.1641,-0.5000,0.2000,1.2717,-1.0461,1.4456,129.1505,-7.8842,6.2570,-7.3580,8.1224,-1.6760,5.5357,-1.8775,15.0590,7.7044,0.4167,0.17
2.9788,0.0000,0.0000,0.0000,0.0000,0.0000,0.0000,-0.5151,-0.0960,2.1146,0.3406,0.0291,-0.9398,0.5228,-0.2270,-1.3102,0.9428,-1.1811,-0.5148,0.1772,1.4297,-1.0001,1.4732,0.1396,-0.1667,-0.6243,0.1977,0.2559,0.0775,-0.1086,-1.6130,-0.2249,-0.1318,0.5000,-0.2000,-1.5059,0.9262,-1.1541,-0.5000,0.2000,1.2411,-1.0014,1.4472,128.9920,-7.7810,6.2609,-7.3863,8.0618,-1.7326,5.5303,-1.8674,15.0334,7.7049,0.4444,0.19
3.0027,0.0000,0.0000,0.0000,0.0000,0.0000,0.0000,-0.3486,-0.3294,2.3661,0.3451,0.0189,-0.9384,0.5244,-0.2298,-1.3246,0.9458,-1.1760,-0.5129,0.1728,1.3898,-1.0041,1.4699,0.1086,-0.0620,-0.8142,0.1241,0.2482,0.1086,-0.1667,-1.6711,0.0582,-0.1202,0.5000,-0.2000,-1.5263,0.9223,-1.1440,-0.5000,0.2000,1.2106,-0.9519,1.4483,128.6565,-7.6082,6.2586,-7.4355,7.9448,-1.7901,5.5583,-1.8522,14.9575,7.6997,0.4722,0.18
3.0268,0.0000,0.0000,0.0000,0.0000,0.0000,0.0000,-0.1580,-0.5750,2.5676,0.3431,0.0026,-0.9393,0.5245,-0.2301,-1.3420,0.9474,-1.1688,-0.5101,0.1693,1.3521,-0.9992,1.4673,0.0271,0.0659,-0.7522,0.0388,0.3567,0.0775,-0.0620,-1.9154,0.4730,-0.1900,0.5000,-0.2000,-1.5467,0.9180,-1.1340,-0.5000,0.2000,1.1800,-0.9000,1.4770,128.1602,-7.3686,6.2189,-7.4642,7.7800,-1.8451,5.6055,-1.8574,14.8713,7.6795,0.5000,0.18
3.0498,0.0000,0.0000,0.0000,0.0000,0.0000,0.0000,-0.2690,-0.6416,2.5633,0.3370,-0.0121,-0.9414,0.5243,-0.2287,-1.3615,0.9446,-1.1587,-0.5079,0.1683,1.3112,-0.9866,1.4666,0.0543,0.1086,-0.9267,-0.1784,0.4847,0.1822,0.0233,-1.6867,0.7987,0.0233,0.5000,-0.2000,-1.5670,0.9133,-1.1239,-0.5000,0.2000,1.2004,-0.9052,1.4699,127.5998,-7.1404,6.1424,-7.4085,7.6187,-1.8811,5.6605,-1.8860,14.7666,7.6083,0.5278,0.17
3.0738,0.0000,0.0000,0.0000,0.0000,0.0000,0.0000,-0.3332,-0.4961,2.4377,0.3326,-0.0246,-0.9428,0.5242,-0.2263,-1.3843,0.9371,-1.1470,-0.5027,0.1708,1.2787,-0.9724,1.4670,0.0194,0.1939,-1.0624,-0.2830,0.4226,0.2133,0.0504,-1.1748,0.4459,0.0427,0.5000,-0.2000,-1.5874,0.9083,-1.1139,-0.5000,0.2000,1.2207,-0.9103,1.4627,126.9799,-6.8357,6.0200,-7.2943,7.4543,-1.8906,5.7517,-1.9399,14.6820,7.4749,0.5556,0.18
3.0967,0.0000,0.0000,0.0000,0.0000,0.0000,0.0000,-0.2986,-0.5112,2.4394,0.3261,-0.0384,-0.9445,0.5234,-0.2225,-1.4110,0.9287,-1.1354,-0.5001,0.1729,1.2593,-0.9631,1.4665,-0.0310,0.2559,-1.2640,-0.4614,0.5932,0.1008,0.1124,-0.7638,0.3645,-0.0543,0.5000,-0.2000,-1.6078,0.9031,-1.1038,-0.5000,0.2000,1.2411,-0.9152,1.4556,126.2100,-6.4143,5.8716,-7.1920,7.1783,-1.8849,5.8567,-1.9945,14.5837,7.3533,0.5833,0.17
3.1207,0.0000,0.0000,0.0000,0.0000,0.0000,0.0000,-0.4651,-0.4284,2.2654,0.3194,-0.0439,-0.9466,0.5217,-0.2174,-1.4416,0.9161,-1.1221,-0.4986,0.1748,1.2479,-0.9572,1.4659,-0.0814,0.2249,-1.3454,-0.5545,0.6398,0.0233,-0.0039,-0.3257,0.1861,0.0000,0.5000,-0.2000,-1.6078,0.9209,-1.1562,-0.5000,0.2000,1.2615,-0.9198,1.4485,125.3704,-6.0338,5.6956,-7.0382,6.9078,-1.8281,5.9353,-2.0526,14.4700,7.2103,0.6111,0.17
3.1457,0.0000,0.0000,0.0000,0.0000,0.0000,0.0000,-0.6110,-0.3253,2.0776,0.3135,-0.0429,-0.9486,0.5198,-0.2132,-1.4700,0.9023,-1.1145,-0.4984,0.1772,1.2438,-0.9517,1.4660,0.0078,0.2365,-1.3106,-0.6436,0.0271,0.0039,0.0582,-0.1241,0.2675,-0.0543,0.5000,-0.2000,-1.5772,0.9722,-1.1689,-0.5000,0.2000,1.2819,-0.9239,1.4414,124.4488,-5.6071,5.5120,-6.8814,6.5878,-1.7340,6.0107,-2.1002,14.3451,7.0695,0.6389,0.17
3.1707,0.0000,0.0000,0.0000,0.0000,0.0000,0.0000,-0.6536,-0.4523,1.9306,0.3036,-0.0378,-0.9521,0.5176,-0.2084,-1.5004,0.8906,-1.1142,-0.4985,0.1810,1.2441,-0.9456,1.4661,-0.0310,0.1047,-1.0740,-0.1706,-0.0194,0.0582,0.1628,-0.0039,0.2210,-0.0194,0.5000,-0.2000,-1.5467,1.0200,-1.1813,-0.5000,0.2000,1.3022,-0.9276,1.4342,123.4761,-5.1427,5.2974,-6.7092,6.2462,-1.6548,6.1002,-2.1652,14.2253,6.9076,0.6667,0.17
3.1957,0.0000,0.0000,0.0000,0.0000,0.0000,0.0000,-0.5109,-0.8412,1.5633,0.2842,-0.0324,-0.9582,0.5140,-0.2049,-1.5219,0.8886,-1.1206,-0.4987,0.1856,1.2456,-0.9432,1.4643,-0.1900,0.1667,-0.9306,0.1280,-0.6010,0.0388,0.1047,0.0504,-0.0039,-0.1318,0.5000,-0.2000,-1.5161,1.0621,-1.1931,-0.5000,0.2000,1.3226,-0.9306,1.4271,122.4601,-4.5631,5.0482,-6.5135,5.8196,-1.5249,6.2253,-2.2501,14.1272,6.7314,0.6944,0.17
3.2187,0.0000,0.0000,0.0000,0.0000,0.0000,0.0000,-0.1683,-1.3729,0.7434,0.2499,-0.0300,-0.9678,0.5079,-0.2033,-1.5370,0.8986,-1.1369,-0.4980,0.1874,1.2470,-0.9446,1.4597,-0.2171,0.0737,-0.4304,0.7638,-0.6553,0.0775,0.0349,0.0775,-0.0388,-0.2365,0.5000,-0.2000,-1.4856,1.0966,-1.2039,-0.5000,0.2000,1.3430,-0.9331,1.4200,121.6131,-3.9162,4.7672,-6.2852,5.3269,-1.3241,6.4078,-2.3774,14.0661,6.5282,0.7222,0.16
3.2418,0.0000,0.0000,0.0000,0.0000,0.0000,0.0000,-0.1934,-1.6443,0.0558,0.2106,-0.0225,-0.9773,0.5041,-0.2029,-1.5421,0.9180,-1.1523,-0.4983,0.1890,1.2497,-0.9478,1.4533,-0.1551,0.0814,-0.0737,1.0197,-0.6436,-0.0271,0.0543,0.1590,-0.1435,-0.3412,0.5000,-0.2000,-1.4550,1.1217,-1.2136,-0.5000,0.2000,1.3633,-0.9348,1.4128,120.8959,-3.3974,4.5049,-6.0392,4.8765,-1.0780,6.5560,-2.4818,13.9586,6.3601,0.7500,0.19
3.2667,0.0000,0.0000,0.0000,0.0000,0.0000,0.0000,-0.0686,-1.6463,-0.7195,0.1683,-0.0149,-0.9856,0.5014,-0.2035,-1.5410,0.9412,-1.1673,-0.4998,0.1899,1.2543,-0.9490,1.4479,-0.1086,-0.0349,0.1473,1.0508,-0.5739,0.0194,0.0155,0.2171,0.0155,-0.2133,0.5000,-0.2000,-1.4244,1.1364,-1.2221,-0.4822,0.2000,1.3837,-0.9358,1.4057,120.4239,-2.9239,4.2765,-5.8252,4.4581,-0.8219,6.7470,-2.5982,13.8865,6.2056,0.7778,0.18
3.2908,0.0000,0.0000,0.0000,0.0000,0.0000,0.0000,-0.0201,-1.4395,-1.4563,0.1273,-0.0078,-0.9918,0.5007,-0.2048,-1.5339,0.9669,-1.1807,-0.4984,0.1904,1.2622,-0.9476,1.4443,-0.0233,-0.0892,0.3645,0.9616,-0.5041,0.0737,0.0582,0.4575,0.1512,-0.0698,0.5000,-0.2000,-1.3939,1.1398,-1.2293,-0.4565,0.2000,1.4041,-0.9360,1.3986,120.1500,-2.5410,4.0756,-5.6221,4.1134,-0.5651,6.9337,-2.7114,13.8182,6.0772,0.8056,0.18
3.3147,0.0000,0.0000,0.0000,0.0000,0.0000,0.0000,0.1075,-1.2211,-1.9487,0.0946,-0.0041,-0.9955,0.5008,-0.2062,-1.5204,0.9888,-1.1883,-0.4938,0.1909,1.2757,-0.9433,1.4420,0.0853,-0.0582,0.5816,0.8647,-0.2675,0.3063,0.0116,0.5932,0.2559,-0.0892,0.5000,-0.2000,-1.3633,1.1318,-1.2352,-0.4358,0.2000,1.4244,-0.9355,1.3914,120.0278,-2.2677,3.9244,-5.4789,3.8684,-0.3584,7.0984,-2.8046,13.7713,5.9950,0.8333,0.19
3.3387,0.0000,0.0000,0.0000,0.0000,0.0000,0.0000,0.1835,-1.0252,-2.3147,0.0676,-0.0050,-0.9977,0.5008,-0.2084,-1.5016,1.0057,-1.1927,-0.4853,0.1915,1.2918,-0.9357,1.4413,0.0349,-0.0698,0.8026,0.6553,-0.1086,0.4110,0.0078,0.7134,0.4188,0.0155,0.5000,-0.2000,-1.3328,1.1129,-1.2398,-0.4194,0.2000,1.4448,-0.9342,1.3842,120.0084,-2.1148,3.8206,-5.3760,3.7189,-0.1942,7.2200,-2.8766,13.7406,5.9512,0.8611,0.18
3.3637,0.0000,0.0000,0.0000,0.0000,0.0000,0.0000,0.2329,-0.8179,-2.5677,0.0453,-0.0095,-0.9989,0.5012,-0.2108,-1.4789,1.0165,-1.1965,-0.4736,0.1927,1.3105,-0.9248,1.4411,0.0271,-0.0853,1.0546,0.3412,-0.1357,0.5234,0.0853,0.7755,0.5041,-0.0388,0.5000,-0.2000,-1.3022,1.0839,-1.2432,-0.4074,0.2000,1.4652,-0.9322,1.3742,120.0729,-2.0604,3.7585,-5.3104,3.6635,-0.0742,7.3084,-2.9320,13.7298,5.9395,0.8889,0.19
3.3878,0.0000,0.0000,0.0000,0.0000,0.0000,0.0000,0.2421,-0.5686,-2.6608,0.0284,-0.0171,-0.9994,0.5016,-0.2140,-1.4531,1.0200,-1.2000,-0.4602,0.1938,1.3322,-0.9109,1.4386,0.0388,-0.1280,1.1632,0.0039,-0.1086,0.6708,0.0233,0.9422,0.5467,-0.2326,0.5000,-0.2000,-1.2717,1.0461,-1.2456,-0.4015,0.2000,1.4856,-0.9295,1.3641,120.2077,-2.1216,3.7474,-5.2879,3.7118,-0.0147,7.3567,-2.9685,13.7432,5.9512,0.9167,0.18
3.4117,0.0000,0.0000,0.0000,0.0000,0.0000,0.0000,0.1211,-0.4115,-2.6531,0.0175,-0.0252,-0.9995,0.5015,-0.2174,-1.4250,1.0170,-1.2039,-0.4450,0.1944,1.3563,-0.8970,1.4289,0.0039,-0.0892,1.2524,-0.2559,-0.1473,0.5622,-0.1086,1.0197,0.5739,-0.6087,0.5000,-0.2000,-1.2411,1.0014,-1.2472,-0.3993,0.2000,1.5059,-0.9262,1.3541,120.3975,-2.2891,3.7699,-5.2827,3.8450,0.0069,7.3589,-2.9885,13.7695,5.9771,0.9444,0.18
3.4368,0.0000,0.0000,0.0000,0.0000,0.0000,0.0000,-0.0633,-0.4136,-2.3207,0.0061,-0.0284,-0.9996,0.5012,-0.2207,-1.3934,1.0080,-1.2082,-0.4296,0.1948,1.3804,-0.8884,1.4098,0.0078,-0.1512,1.3067,-0.4265,-0.1667,0.6436,-0.0155,0.9771,0.2288,-0.8608,0.5000,-0.2000,-1.2106,0.9519,-1.2483,-0.4041,0.2000,1.5263,-0.9223,1.3440,120.5576,-2.5527,3.8473,-5.3249,4.0603,-0.0409,7.2914,-2.9682,13.7969,6.0429,0.9722,0.17
3.4607,0.0000,0.0000,0.0000,0.0000,0.0000,0.0000,-0.0451,-0.4885,-1.8008,-0.0084,-0.0336,-0.9994,0.5003,-0.2227,-1.3606,0.9899,-1.2131,-0.4179,0.1949,1.4046,-0.8850,1.3872,-0.0194,-0.0543,1.3299,-0.8685,-0.1551,0.3373,0.0039,0.8453,0.0969,-0.9810,0.5000,-0.2000,-1.1800,0.9000,-1.2770,-0.4132,0.2000,1.5467,-0.9180,1.3340,120.6628,-2.8184,3.9669,-5.4506,4.2613,-0.1318,7.2051,-2.9266,13.8544,6.1622,0.0000,0.17
3.4858,0.0000,0.0000,0.0000,0.0000,0.0000,0.0000,-0.2626,-0.3879,-1.3651,-0.0214,-0.0325,-0.9992,0.4998,-0.2236,-1.3281,0.9653,-1.2204,-0.4106,0.1949,1.4261,-0.8851,1.3657,-0.0271,0.0427,1.3144,-1.3067,-0.3528,0.2288,-0.0078,0.7832,-0.0000,-0.8763,0.5000,-0.2000,-1.2004,0.9052,-1.2699,-0.4243,0.2000,1.5670,-0.9133,1.3239,120.7833,-3.1972,4.1201,-5.5690,4.5518,-0.2429,7.0651,-2.8664,13.8972,6.2816,0.0278,0.17
3.5088,0.0000,0.0000,0.0000,0.0000,0.0000,0.0000,-0.2277,-0.2411,-0.9134,-0.0300,-0.0291,-0.9991,0.4997,-0.2249,-1.3029,0.9406,-1.2271,-0.4082,0.1948,1.4457,-0.8846,1.3446,0.0116,0.0427,0.8065,-0.8995,-0.1939,0.0310,-0.0465,0.8142,0.0233,-0.9228,0.5000,-0.2000,-1.2207,0.9103,-1.2627,-0.4377,0.2000,1.5874,-0.9083,1.3139,121.0213,-3.5845,4.2845,-5.6938,4.8698,-0.3772,6.9459,-2.8133,13.9669,6.3680,0.0556,0.17
3.5337,0.0000,0.0000,0.0000,0.0000,0.0000,0.0000,-0.2069,-0.0317,-0.5019,-0.0330,-0.0263,-0.9991,0.4996,-0.2262,-1.2865,0.9192,-1.2284,-0.4088,0.1946,1.4660,-0.8840,1.3259,-0.0620,0.0039,0.3179,-0.8336,0.0271,-0.0465,-0.0349,0.8181,0.0543,-0.7677,0.5000,-0.2000,-1.2411,0.9152,-1.2556,-0.4508,0.2000,1.6078,-0.9031,1.3038,121.3322,-3.9714,4.4578,-5.8245,5.1792,-0.5082,6.8261,-2.7513,14.0318,6.4661,0.0833,0.17
3.5567,0.0000,0.0000,0.0000,0.0000,0.0000,0.0000,-0.1587,0.1539,-0.1577,-0.0309,-0.0233,-0.9993,0.4996,-0.2263,-1.2811,0.9023,-1.2275,-0.4124,0.1939,1.4854,-0.8843,1.3103,-0.0000,0.0116,-0.0155,-0.6320,0.1008,-0.2016,-0.0271,0.8685,-0.0543,-0.6204,0.5000,-0.2000,-1.2615,0.9198,-1.2485,-0.4619,0.2000,1.6078,-0.9209,1.3562,121.6886,-4.3090,4.6105,-5.9419,5.4598,-0.6194,6.7160,-2.6958,14.1015,6.5513,0.1111,0.17
3.5797,0.0000,0.0000,0.0000,0.0000,0.0000,0.0000,-0.1624,0.2439,0.0470,-0.0259,-0.0183,-0.9995,0.4994,-0.2254,-1.2820,0.8888,-1.2249,-0.4189,0.1928,1.5019,-0.8869,1.3037,0.0116,0.1124,-0.1939,-0.5467,0.2055,-0.3761,-0.0271,0.6669,-0.1939,0.0465,0.5000,-0.2000,-1.2819,0.9239,-1.2414,-0.4694,0.2000,1.5772,-0.9722,1.3689,122.1018,-4.6016,4.7451,-6.0417,5.6932,-0.6944,6.6125,-2.6374,14.1566,6.6379,0.1389,0.17
3.6027,0.0000,0.0000,0.0000,0.0000,0.0000,0.0000,-0.2201,0.1832,0.1953,-0.0210,-0.0118,-0.9997,0.4992,-0.2240,-1.2860,0.8777,-1.2206,-0.4264,0.1910,1.5130,-0.8956,1.3056,0.0388,0.1241,-0.2598,-0.4265,0.2288,-0.3335,-0.1086,0.3296,-0.6010,0.1047,0.5000,-0.2000,-1.3022,0.9276,-1.2342,-0.4756,0.2000,1.5467,-1.0200,1.3813,122.6002,-4.8918,4.8684,-6.1333,5.9381,-0.7560,6.5009,-2.5869,14.2420,6.7217,0.1667,0.16
3.6267,0.0000,0.0000,0.0000,0.0000,0.0000,0.0000,-0.2185,-0.0798,0.3233,-0.0214,-0.0042,-0.9998,0.4991,-0.2224,-1.2917,0.8693,-1.2166,-0.4343,0.1897,1.5195,-0.9137,1.3107,0.0582,0.1318,-0.1667,-0.1861,0.1784,-0.3490,-0.0892,0.1241,-0.8879,0.2443,0.5000,-0.2000,-1.3226,0.9306,-1.2271,-0.4794,0.2000,1.5161,-1.0621,1.3931,123.1084,-5.0969,4.9734,-6.2314,6.1113,-0.7936,6.4076,-2.5435,14.3394,6.8040,0.1944,0.17
3.6517,0.0000,0.0000,0.0000,0.0000,0.0000,0.0000,-0.1838,-0.4256,0.5643,-0.0299,0.0029,-0.9995,0.4990,-0.2203,-1.2971,0.8660,-1.2135,-0.4433,0.1889,1.5208,-0.9397,1.3202,0.0155,0.1280,-0.2908,-0.1086,0.1047,-0.3567,-0.0388,-0.0582,-1.1671,0.3102,0.5000,-0.2000,-1.3430,0.9331,-1.2200,-0.4811,0.2000,1.4856,-1.0966,1.4039,123.5365,-5.2390,5.0698,-6.3440,6.2137,-0.8114,6.3209,-2.4931,14.4209,6.8993,0.2222,0.17
3.6747,0.0000,0.0000,0.0000,0.0000,0.0000,0.0000,-0.1536,-0.6952,0.7177,-0.0465,0.0097,-0.9989,0.4987,-0.2191,-1.3031,0.8659,-1.2111,-0.4498,0.1880,1.5161,-0.9659,1.3308,0.0116,0.0271,-0.2365,0.0737,0.0427,-0.2210,-0.0504,-0.3141,-1.1516,0.4188,0.5000,-0.2000,-1.3633,0.9348,-1.2128,-0.4802,0.2000,1.4550,-1.1217,1.4136,123.9335,-5.3692,5.1626,-6.4499,6.2919,-0.8023,6.2435,-2.4491,14.4895,6.9873,0.2500,0.17
3.6998,0.0000,0.0000,0.0000,0.0000,0.0000,0.0000,-0.1007,-0.7097,0.8393,-0.0629,0.0156,-0.9979,0.4986,-0.2180,-1.3079,0.8686,-1.2109,-0.4559,0.1867,1.5068,-0.9934,1.3428,-0.0233,0.1202,-0.2714,0.1977,-0.0504,-0.2326,-0.0582,-0.4459,-1.0934,0.5041,0.5000,-0.2000,-1.3837,0.9358,-1.2057,-0.4771,0.2000,1.4244,-1.1364,1.4221,124.2933,-5.4717,5.2493,-6.5471,6.3448,-0.7714,6.1923,-2.4093,14.5370,7.0590,0.2778,0.16
3.7247,0.0000,0.0000,0.0000,0.0000,0.0000,0.0000,-0.0413,-0.6812,0.9380,-0.0788,0.0213,-0.9967,0.4984,-0.2171,-1.3136,0.8731,-1.2111,-0.4610,0.1856,1.4949,-1.0177,1.3561,0.0271,0.0543,-0.3063,0.1628,-0.0310,-0.2288,-0.0194,-0.4575,-0.8220,0.5041,0.5000,-0.2000,-1.4041,0.9360,-1.1986,-0.4734,0.2000,1.3939,-1.1398,1.4293,124.6129,-5.5481,5.3320,-6.6453,6.3646,-0.7335,6.1511,-2.3722,14.5773,7.1314,0.3056,0.17
3.7487,0.0000,0.0000,0.0000,0.0000,0.0000,0.0000,0.0165,-0.7306,0.9458,-0.0969,0.0259,-0.9950,0.4979,-0.2167,-1.3211,0.8794,-1.2126,-0.4646,0.1850,1.4802,-1.0375,1.3689,-0.0000,0.0194,-0.3141,0.3567,0.0271,-0.0271,-0.0388,-0.7677,-0.7328,0.5041,0.5000,-0.2000,-1.4244,0.9355,-1.1914,-0.4692,0.2000,1.3633,-1.1318,1.4352,124.9263,-5.5808,5.3886,-6.7108,6.3686,-0.6924,6.1270,-2.3484,14.6135,7.1771,0.3333,0.16
3.7717,0.0000,0.0000,0.0000,0.0000,0.0000,0.0000,0.0774,-0.6746,0.9037,-0.1132,0.0288,-0.9932,0.4974,-0.2167,-1.3294,0.8867,-1.2152,-0.4660,0.1846,1.4634,-1.0504,1.3806,0.0039,0.0504,-0.4188,0.3839,-0.1280,0.0310,0.0039,-0.7638,-0.4188,0.4847,0.5000,-0.2000,-1.4448,0.9342,-1.1842,-0.4637,0.2000,1.3328,-1.1129,1.4398,125.1740,-5.5364,5.4261,-6.7634,6.3100,-0.6366,6.1292,-2.3314,14.6357,7.2055,0.3611,0.17
3.7947,0.0000,0.0000,0.0000,0.0000,0.0000,0.0000,0.1297,-0.5664,0.9138,-0.1266,0.0310,-0.9915,0.4969,-0.2167,-1.3395,0.8943,-1.2179,-0.4659,0.1845,1.4435,-1.0554,1.3912,-0.0116,0.0039,-0.4381,0.3839,-0.1551,0.0582,-0.0039,-0.9616,-0.0000,0.4730,0.5000,-0.2000,-1.4652,0.9322,-1.1742,-0.4586,0.2000,1.3022,-1.0839,1.4432,125.3500,-5.4872,5.4593,-6.8150,6.2390,-0.5860,6.1308,-2.3076,14.6305,7.2342,0.3889,0.17
3.8177,0.0000,0.0000,0.0000,0.0000,0.0000,0.0000,0.2101,-0.4457,0.9079,-0.1372,0.0309,-0.9901,0.4959,-0.2168,-1.3507,0.9019,-1.2201,-0.4648,0.1844,1.4219,-1.0531,1.3996,-0.0814,0.0233,-0.5622,0.3567,-0.0155,0.1086,0.0039,-1.0004,0.2288,0.3606,0.5000,-0.2000,-1.4856,0.9295,-1.1641,-0.4559,0.2000,1.2717,-1.0461,1.4456,125.4550,-5.3939,5.4675,-6.8438,6.1550,-0.5585,6.1546,-2.3015,14.6293,7.2374,0.4167,0.16
3.8417,0.0000,0.0000,0.0000,0.0000,0.0000,0.0000,0.2524,-0.3525,0.8853,-0.1461,0.0288,-0.9889,0.4945,-0.2170,-1.3650,0.9096,-1.2220,-0.4631,0.1843,1.3969,-1.0435,1.4077,-0.0349,0.0271,-0.6863,0.2947,-0.0659,0.1086,-0.0388,-1.1283,0.6243,0.3024,0.5000,-0.2000,-1.5059,0.9262,-1.1541,-0.4531,0.2000,1.2411,-1.0014,1.4472,125.4623,-5.2534,5.4575,-6.8554,6.0356,-0.5314,6.1846,-2.2976,14.6073,7.2284,0.4444,0.17
3.8657,0.0000,0.0000,0.0000,0.0000,0.0000,0.0000,0.2823,-0.2212,0.8569,-0.1529,0.0258,-0.9879,0.4938,-0.2172,-1.3794,0.9160,-1.2228,-0.4612,0.1844,1.3703,-1.0265,1.4144,-0.0116,0.0543,-0.7289,0.2598,0.0892,0.1086,-0.0271,-1.1438,0.9267,0.2675,0.5000,-0.2000,-1.5263,0.9223,-1.1440,-0.4523,0.2000,1.2106,-0.9519,1.4483,125.3884,-5.0914,5.4282,-6.8468,5.9122,-0.5232,6.2266,-2.3048,14.5764,7.1999,0.4722,0.18
3.8897,0.0000,0.0000,0.0000,0.0000,0.0000,0.0000,0.3443,-0.0042,0.8505,-0.1552,0.0214,-0.9877,0.4937,-0.2175,-1.3952,0.9207,-1.2227,-0.4592,0.1845,1.3433,-1.0025,1.4192,-0.0116,-0.0543,-0.7251,0.1861,0.0388,0.0698,-0.0388,-1.2136,1.2640,0.1706,0.5000,-0.2000,-1.5467,0.9180,-1.1340,-0.4530,0.2000,1.1800,-0.9000,1.4770,125.2154,-4.9239,5.3983,-6.8385,5.7941,-0.5303,6.2687,-2.3071,14.5304,7.1647,0.5000,0.17
3.9157,0.0000,0.0000,0.0000,0.0000,0.0000,0.0000,0.3761,0.1852,0.8620,-0.1527,0.0166,-0.9881,0.4937,-0.2175,-1.4137,0.9236,-1.2216,-0.4575,0.1846,1.3132,-0.9682,1.4269,0.0853,-0.0116,-0.7987,0.1241,0.1086,0.1551,0.0116,-1.2950,1.5432,0.5234,0.5000,-0.2000,-1.5670,0.9133,-1.1239,-0.4574,0.2000,1.2004,-0.9052,1.4699,124.9524,-4.7218,5.3457,-6.8069,5.6606,-0.5743,6.3267,-2.3177,14.4613,7.1126,0.5278,0.17
3.9407,0.0000,0.0000,0.0000,0.0000,0.0000,0.0000,0.4112,0.3826,0.8913,-0.1460,0.0091,-0.9892,0.4938,-0.2175,-1.4354,0.9243,-1.2189,-0.4567,0.1849,1.2851,-0.9374,1.4346,0.1086,0.0233,-0.8336,0.0039,0.1124,-0.0000,0.0116,-0.8142,1.0236,0.1551,0.5000,-0.2000,-1.5874,0.9083,-1.1139,-0.4640,0.2000,1.2207,-0.9103,1.4627,124.5422,-4.4805,5.2520,-6.7411,5.5452,-0.6400,6.3944,-2.3525,14.4178,7.0258,0.5556,0.17
3.9657,0.0000,0.0000,0.0000,0.0000,0.0000,0.0000,0.3480,0.5591,0.9491,-0.1348,0.0032,-0.9909,0.4939,-0.2175,-1.4570,0.9234,-1.2146,-0.4579,0.1855,1.2707,-0.9151,1.4390,0.0853,-0.0155,-0.8685,-0.0504,0.2249,-0.1086,-0.0310,-0.4265,0.7483,0.1047,0.5000,-0.2000,-1.6078,0.9031,-1.1038,-0.4685,0.2000,1.2411,-0.9152,1.4556,123.9841,-4.2620,5.1557,-6.6671,5.4029,-0.6845,6.4349,-2.3661,14.3351,6.9436,0.5833,0.16
3.9917,0.0000,0.0000,0.0000,0.0000,0.0000,0.0000,0.3368,0.7220,0.8865,-0.1192,-0.0036,-0.9929,0.4941,-0.2175,-1.4798,0.9216,-1.2078,-0.4620,0.1865,1.2637,-0.8992,1.4423,-0.0194,-0.0000,-0.9383,-0.1086,0.3490,-0.1435,-0.0116,-0.1667,0.5390,0.0892,0.5000,-0.2000,-1.6078,0.9209,-1.1562,-0.4705,0.2000,1.2615,-0.9198,1.4485,123.3565,-4.0095,5.0349,-6.5676,5.2294,-0.7047,6.4882,-2.3914,14.2616,6.8410,0.6111,0.19
4.0157,0.0000,0.0000,0.0000,0.0000,0.0000,0.0000,0.2598,0.8531,0.8378,-0.0989,-0.0098,-0.9951,0.4943,-0.2175,-1.5019,0.9199,-1.2044,-0.4670,0.1875,1.2626,-0.8874,1.4448,0.0155,0.0078,-0.8414,-0.0349,-0.0775,-0.1977,0.0271,-0.0271,0.4071,0.1163,0.5000,-0.2000,-1.5772,0.9722,-1.1689,-0.4693,0.2000,1.2819,-0.9239,1.4414,122.6251,-3.7422,4.9041,-6.4539,5.0292,-0.6928,6.5239,-2.4023,14.1531,6.7358,0.6389,0.18
4.0397,0.0000,0.0000,0.0000,0.0000,0.0000,0.0000,0.1359,0.7977,0.7361,-0.0791,-0.0127,-0.9968,0.4945,-0.2177,-1.5173,0.9237,-1.2048,-0.4716,0.1892,1.2650,-0.8800,1.4466,0.0465,-0.0543,-0.5777,0.3606,-0.0000,-0.1977,0.0582,0.1784,0.3257,-0.0271,0.5000,-0.2000,-1.5467,1.0200,-1.1813,-0.4683,0.2000,1.3022,-0.9276,1.4342,121.9018,-3.4989,4.7565,-6.3179,4.8403,-0.6830,6.5625,-2.4317,14.0594,6.6137,0.6667,0.19
4.0637,0.0000,0.0000,0.0000,0.0000,0.0000,0.0000,0.1099,0.4849,0.5061,-0.0669,-0.0149,-0.9977,0.4944,-0.2183,-1.5283,0.9366,-1.2073,-0.4745,0.1902,1.2685,-0.8746,1.4476,0.0310,-0.0620,-0.3567,0.6592,-0.1318,-0.1124,-0.0039,0.0233,0.2016,0.0465,0.5000,-0.2000,-1.5161,1.0621,-1.1931,-0.4641,0.2000,1.3226,-0.9306,1.4271,121.2028,-3.1833,4.5858,-6.1658,4.5895,-0.6412,6.6332,-2.4778,13.9758,6.4865,0.6944,0.18
4.0887,0.0000,0.0000,0.0000,0.0000,0.0000,0.0000,0.0624,0.2697,0.1067,-0.0591,-0.0176,-0.9981,0.4940,-0.2197,-1.5333,0.9543,-1.2097,-0.4762,0.1909,1.2708,-0.8728,1.4479,0.0039,-0.0698,-0.1280,0.8724,-0.1357,-0.0233,0.0155,0.0543,0.0310,-0.0388,0.5000,-0.2000,-1.4856,1.0966,-1.2039,-0.4563,0.2000,1.3430,-0.9331,1.4200,120.6006,-2.8843,4.4081,-5.9916,4.3477,-0.5627,6.7235,-2.5422,13.8996,6.3491,0.7222,0.17
4.1127,0.0000,0.0000,0.0000,0.0000,0.0000,0.0000,-0.0002,0.1178,-0.4424,-0.0563,-0.0203,-0.9982,0.4934,-0.2213,-1.5329,0.9762,-1.2121,-0.4752,0.1915,1.2732,-0.8734,1.4472,-0.0465,-0.0737,0.0582,0.9732,-0.0698,0.0853,0.0543,0.1280,-0.0116,-0.0465,0.5000,-0.2000,-1.4550,1.1217,-1.2136,-0.4449,0.2000,1.3633,-0.9348,1.4128,120.1488,-2.5941,4.2290,-5.8022,4.1074,-0.4485,6.8465,-2.6248,13.8314,6.2053,0.7500,0.17
4.1367,0.0000,0.0000,0.0000,0.0000,0.0000,0.0000,-0.0607,0.1367,-0.9809,-0.0528,-0.0236,-0.9983,0.4924,-0.2223,-1.5277,0.9990,-1.2156,-0.4701,0.1923,1.2779,-0.8745,1.4460,-0.0194,-0.0233,0.2792,0.9732,-0.1822,0.3024,0.0155,0.2830,0.0659,-0.0620,0.5000,-0.2000,-1.4244,1.1364,-1.2221,-0.4317,0.2000,1.3837,-0.9358,1.4057,119.8174,-2.3352,4.0693,-5.6244,3.8945,-0.3167,6.9799,-2.7046,13.7560,6.0753,0.7778,0.17
4.1597,0.0000,0.0000,0.0000,0.0000,0.0000,0.0000,-0.0975,0.1641,-1.4633,-0.0484,-0.0236,-0.9986,0.4911,-0.2232,-1.5174,1.0172,-1.2183,-0.4601,0.1929,1.2845,-0.8756,1.4437,0.0310,-0.0775,0.6824,0.7522,-0.0543,0.6126,-0.0310,0.2986,-0.0039,-0.0853,0.5000,-0.2000,-1.3939,1.1398,-1.2293,-0.4199,0.2000,1.4041,-0.9360,1.3986,119.6243,-2.1614,3.9436,-5.4764,3.7537,-0.1994,7.0949,-2.7767,13.6939,5.9845,0.8056,0.17
4.1837,0.0000,0.0000,0.0000,0.0000,0.0000,0.0000,0.0534,0.1094,-1.5017,-0.0440,-0.0262,-0.9987,0.4925,-0.2239,-1.5009,1.0307,-1.2179,-0.4486,0.1928,1.2949,-0.8776,1.4401,0.1551,-0.0155,0.7561,0.4304,0.0969,0.4885,0.0000,0.4459,-0.0931,-0.2482,0.5000,-0.2000,-1.3633,1.1318,-1.2352,-0.4128,0.2000,1.4244,-0.9355,1.3914,119.4107,-2.0327,3.8595,-5.4152,3.6336,-0.1282,7.1791,-2.8192,13.6566,5.9607,0.8333,0.16
4.2067,0.0000,0.0000,0.0000,0.0000,0.0000,0.0000,0.0351,0.1810,-1.3634,-0.0371,-0.0300,-0.9989,0.4951,-0.2239,-1.4817,1.0390,-1.2167,-0.4404,0.1916,1.3073,-0.8816,1.4348,0.0775,-0.0039,0.8995,0.2133,0.0349,0.3141,-0.0853,0.5545,-0.1822,-0.2520,0.5000,-0.2000,-1.3328,1.1129,-1.2398,-0.4097,0.2000,1.4448,-0.9342,1.3842,119.1361,-2.0555,3.8248,-5.3775,3.6366,-0.0970,7.1817,-2.8261,13.6053,5.9615,0.8611,0.16
4.2307,0.0000,0.0000,0.0000,0.0000,0.0000,0.0000,0.0161,0.1595,-1.4006,-0.0311,-0.0330,-0.9990,0.4954,-0.2239,-1.4609,1.0407,-1.2153,-0.4338,0.1900,1.3229,-0.8866,1.4287,0.0504,0.0078,0.9849,-0.1202,0.0543,0.2598,-0.0814,0.6553,-0.1861,-0.3373,0.5000,-0.2000,-1.3022,1.0839,-1.2432,-0.4083,0.2000,1.4652,-0.9322,1.3742,118.9577,-2.1241,3.7999,-5.3433,3.6801,-0.0828,7.1984,-2.8501,13.5879,5.9653,0.8889,0.17
4.2537,0.0000,0.0000,0.0000,0.0000,0.0000,0.0000,-0.0420,0.1830,-1.4198,-0.0246,-0.0344,-0.9991,0.4957,-0.2240,-1.4364,1.0363,-1.2142,-0.4275,0.1888,1.3399,-0.8898,1.4209,-0.0000,0.0543,1.0508,-0.3179,0.0582,0.1939,-0.0310,0.7445,-0.0814,-0.3800,0.5000,-0.2000,-1.2717,1.0461,-1.2456,-0.4080,0.2000,1.4856,-0.9295,1.3641,118.8815,-2.2677,3.8092,-5.3282,3.7860,-0.0803,7.1886,-2.8597,13.5767,5.9836,0.9167,0.17
4.2777,0.0000,0.0000,0.0000,0.0000,0.0000,0.0000,-0.0577,0.2245,-1.4576,-0.0173,-0.0356,-0.9992,0.4961,-0.2245,-1.4103,1.0261,-1.2140,-0.4230,0.1877,1.3582,-0.8918,1.4123,0.0620,-0.0427,1.1555,-0.5079,-0.0349,0.1512,-0.0194,0.7561,-0.0659,-0.4032,0.5000,-0.2000,-1.2411,1.0014,-1.2472,-0.4099,0.2000,1.5059,-0.9262,1.3541,118.9587,-2.4717,3.8587,-5.3443,3.9578,-0.0991,7.1570,-2.8593,13.5947,6.0218,0.9444,0.17
4.3017,0.0000,0.0000,0.0000,0.0000,0.0000,0.0000,-0.1064,0.2770,-1.4865,-0.0086,-0.0363,-0.9993,0.4965,-0.2250,-1.3804,1.0084,-1.2142,-0.4190,0.1865,1.3792,-0.8922,1.4020,-0.0000,-0.0233,1.1787,-0.7367,0.0039,0.2288,-0.0620,0.8685,0.0388,-0.4304,0.5000,-0.2000,-1.2106,0.9519,-1.2483,-0.4151,0.2000,1.5263,-0.9223,1.3440,119.2124,-2.7531,3.9448,-5.3888,4.1883,-0.1512,7.1142,-2.8538,13.6389,6.0772,0.9722,0.17
4.3267,0.0000,0.0000,0.0000,0.0000,0.0000,0.0000,-0.1569,0.2946,-1.4705,0.0001,-0.0352,-0.9994,0.4969,-0.2260,-1.3488,0.9853,-1.2146,-0.4162,0.1860,1.4024,-0.8914,1.3900,0.0271,0.0310,1.2912,-1.1206,0.0582,0.0853,-0.0582,0.8414,0.0504,-0.5041,0.5000,-0.2000,-1.1800,0.9000,-1.2770,-0.4223,0.2000,1.5467,-0.9180,1.3340,119.6276,-3.0908,4.0642,-5.4710,4.4605,-0.2227,7.0472,-2.8375,13.7163,6.1684,0.0000,0.19
4.3517,0.0000,0.0000,0.0000,0.0000,0.0000,0.0000,-0.1950,0.3559,-1.3653,0.0102,-0.0326,-0.9994,0.4974,-0.2276,-1.3173,0.9562,-1.2181,-0.4151,0.1858,1.4238,-0.8893,1.3781,0.0698,-0.0388,1.4463,-1.4346,-0.2714,-0.0000,-0.0078,0.8104,0.1551,-0.5196,0.5000,-0.2000,-1.2004,0.9052,-1.2699,-0.4323,0.2000,1.5670,-0.9133,1.3239,120.1551,-3.4856,4.2317,-5.6022,4.7855,-0.3233,6.9404,-2.7911,13.8143,6.2873,0.0278,0.19
4.3767,0.0000,0.0000,0.0000,0.0000,0.0000,0.0000,-0.2022,0.4113,-1.2193,0.0210,-0.0275,-0.9994,0.4980,-0.2288,-1.2897,0.9277,-1.2229,-0.4159,0.1857,1.4476,-0.8862,1.3653,0.0969,-0.0388,0.9655,-0.9034,-0.0814,0.0078,0.0078,0.9344,0.1396,-0.5855,0.5000,-0.2000,-1.2207,0.9103,-1.2627,-0.4458,0.2000,1.5874,-0.9083,1.3139,120.8646,-3.9272,4.4000,-5.7133,5.1543,-0.4576,6.8403,-2.7540,13.9331,6.3730,0.0556,0.18
4.4017,0.0000,0.0000,0.0000,0.0000,0.0000,0.0000,-0.1577,0.5308,-1.0022,0.0345,-0.0229,-0.9991,0.4988,-0.2289,-1.2721,0.9060,-1.2236,-0.4183,0.1853,1.4738,-0.8834,1.3524,0.0116,-0.0000,0.5351,-0.6747,0.0582,-0.1318,-0.0543,1.0275,0.1008,-0.5661,0.5000,-0.2000,-1.2411,0.9152,-1.2556,-0.4583,0.2000,1.6078,-0.9031,1.3038,121.6211,-4.3249,4.5700,-5.8397,5.4835,-0.5826,6.7493,-2.7114,14.0589,6.4691,0.0833,0.17
4.4267,0.0000,0.0000,0.0000,0.0000,0.0000,0.0000,-0.1111,0.5977,-0.7645,0.0497,-0.0185,-0.9986,0.4991,-0.2284,-1.2636,0.8900,-1.2224,-0.4245,0.1847,1.4977,-0.8815,1.3401,-0.0310,0.0698,0.2443,-0.5002,0.0814,-0.3141,-0.0116,1.0391,0.1396,-0.5196,0.5000,-0.2000,-1.2615,0.9198,-1.2485,-0.4690,0.2000,1.6078,-0.9209,1.3562,122.3545,-4.6822,4.7306,-5.9704,5.7718,-0.6897,6.6499,-2.6591,14.1774,6.5730,0.1111,0.17
4.4517,0.0000,0.0000,0.0000,0.0000,0.0000,0.0000,-0.0817,0.5704,-0.6004,0.0647,-0.0132,-0.9978,0.4994,-0.2273,-1.2616,0.8792,-1.2189,-0.4332,0.1837,1.5213,-0.8818,1.3356,0.0039,0.0388,-0.0271,-0.3218,0.1861,-0.3412,0.0000,0.8685,-0.0271,0.0698,0.5000,-0.2000,-1.2819,0.9239,-1.2414,-0.4777,0.2000,1.5772,-0.9722,1.3689,123.0975,-5.0043,4.8799,-6.0898,6.0270,-0.7768,6.5461,-2.5996,14.2848,6.6798,0.1389,0.17
4.4757,0.0000,0.0000,0.0000,0.0000,0.0000,0.0000,-0.0962,0.4790,-0.4449,0.0774,-0.0083,-0.9970,0.4998,-0.2256,-1.2633,0.8703,-1.2140,-0.4422,0.1824,1.5374,-0.8874,1.3383,0.0310,0.1318,-0.0233,-0.2055,0.2443,-0.4381,0.0155,0.4692,-0.3916,0.1086,0.5000,-0.2000,-1.3022,0.9276,-1.2342,-0.4848,0.2000,1.5467,-1.0200,1.3813,123.8528,-5.3136,5.0130,-6.2043,6.2800,-0.8478,6.4375,-2.5463,14.4110,6.7873,0.1667,0.17
4.4987,0.0000,0.0000,0.0000,0.0000,0.0000,0.0000,-0.1469,0.2384,-0.2451,0.0838,-0.0017,-0.9965,0.5007,-0.2243,-1.2654,0.8662,-1.2093,-0.4503,0.1816,1.5450,-0.9005,1.3436,0.1047,0.0698,-0.1318,-0.1124,0.1977,-0.2559,-0.0620,0.2637,-0.7289,0.2326,0.5000,-0.2000,-1.3226,0.9306,-1.2271,-0.4917,0.2000,1.5161,-1.0621,1.3931,124.5714,-5.5859,5.1454,-6.3225,6.5012,-0.9167,6.3320,-2.4921,14.5335,6.8926,0.1944,0.17
4.5236,0.0000,0.0000,0.0000,0.0000,0.0000,0.0000,-0.1268,-0.0698,0.1533,0.0836,0.0027,-0.9965,0.5023,-0.2236,-1.2693,0.8662,-1.2052,-0.4566,0.1814,1.5480,-0.9210,1.3527,0.0504,0.0349,-0.1512,0.0853,0.2055,-0.2404,-0.0427,0.0078,-0.8491,0.3916,0.5000,-0.2000,-1.3430,0.9331,-1.2200,-0.4982,0.2000,1.4856,-1.0966,1.4039,125.1417,-5.7957,5.2727,-6.4718,6.6588,-0.9815,6.2318,-2.4282,14.6291,7.0114,0.2222,0.17
4.5467,0.0000,0.0000,0.0000,0.0000,0.0000,0.0000,-0.1444,-0.2824,0.6440,0.0758,0.0070,-0.9971,0.5032,-0.2231,-1.2734,0.8696,-1.2015,-0.4646,0.1814,1.5439,-0.9440,1.3641,0.0388,0.0582,-0.2288,0.2094,0.1357,-0.3412,0.0000,-0.2714,-0.9500,0.5234,0.5000,-0.2000,-1.3633,0.9348,-1.2128,-0.5000,0.2000,1.4550,-1.1217,1.4136,125.5405,-5.9955,5.3970,-6.6236,6.7890,-1.0348,6.1269,-2.3564,14.6834,7.1320,0.2500,0.17
4.5727,0.0000,0.0000,0.0000,0.0000,0.0000,0.0000,-0.1601,-0.3069,1.0254,0.0689,0.0107,-0.9976,0.5034,-0.2229,-1.2800,0.8745,-1.1978,-0.4732,0.1815,1.5348,-0.9671,1.3778,0.0155,0.0271,-0.2986,0.1939,0.2016,-0.3839,0.0543,-0.4149,-0.8685,0.5467,0.5000,-0.2000,-1.3837,0.9358,-1.2057,-0.5000,0.2000,1.4244,-1.1364,1.4221,125.8473,-6.2017,5.5151,-6.7598,6.9068,-1.0741,6.0358,-2.2932,14.7234,7.2388,0.2778,0.17
4.5986,0.0000,0.0000,0.0000,0.0000,0.0000,0.0000,-0.1529,-0.3284,1.2795,0.0605,0.0140,-0.9981,0.5049,-0.2227,-1.2907,0.8799,-1.1937,-0.4842,0.1818,1.5215,-0.9900,1.3937,0.0892,0.0116,-0.5855,0.2210,0.1900,-0.3839,-0.0310,-0.6630,-0.7832,0.5234,0.5000,-0.2000,-1.4041,0.9360,-1.1986,-0.5000,0.2000,1.3939,-1.1398,1.4293,126.1141,-6.3382,5.6069,-6.8652,6.9839,-1.0921,5.9718,-2.2474,14.7613,7.3177,0.3056,0.17
4.6236,0.0000,0.0000,0.0000,0.0000,0.0000,0.0000,-0.1531,-0.3176,1.4483,0.0530,0.0171,-0.9984,0.5070,-0.2227,-1.3041,0.8848,-1.1892,-0.4950,0.1819,1.5009,-1.0082,1.4093,0.1008,-0.0078,-0.4963,0.1900,0.1706,-0.3063,0.0116,-0.8724,-0.5816,0.5661,0.5000,-0.2000,-1.4244,0.9355,-1.1914,-0.5000,0.2000,1.3633,-1.1318,1.4352,126.3263,-6.4279,5.6816,-6.9529,7.0288,-1.1002,5.9226,-2.2077,14.7825,7.3828,0.3333,0.16
4.6476,0.0000,0.0000,0.0000,0.0000,0.0000,0.0000,-0.1492,-0.2219,1.5821,0.0487,0.0197,-0.9986,0.5087,-0.2228,-1.3182,0.8878,-1.1850,-0.5008,0.1818,1.4816,-1.0200,1.4233,0.0698,-0.0698,-0.6359,0.1784,0.2598,-0.1318,-0.0039,-0.9616,-0.3141,0.5390,0.5000,-0.2000,-1.4448,0.9342,-1.1842,-0.5000,0.2000,1.3328,-1.1129,1.4398,126.4930,-6.4930,5.7448,-7.0257,7.0535,-1.1083,5.8886,-2.1720,14.7920,7.4297,0.3611,0.18
4.6716,0.0000,0.0000,0.0000,0.0000,0.0000,0.0000,-0.1377,-0.1529,1.7110,0.0466,0.0223,-0.9987,0.5099,-0.2228,-1.3364,0.8891,-1.1796,-0.5044,0.1815,1.4569,-1.0261,1.4363,0.0310,0.0388,-0.8336,0.0310,0.2482,-0.0853,-0.0814,-1.0702,-0.1551,0.4963,0.5000,-0.2000,-1.4652,0.9322,-1.1742,-0.5000,0.2000,1.3022,-1.0839,1.4432,126.5666,-6.4767,5.7760,-7.0758,7.0336,-1.1174,5.8791,-2.1499,14.7907,7.4548,0.3889,0.18
4.6946,0.0000,0.0000,0.0000,0.0000,0.0000,0.0000,-0.1203,-0.0814,1.8448,0.0467,0.0243,-0.9986,0.5103,-0.2229,-1.3550,0.8887,-1.1743,-0.5068,0.1814,1.4324,-1.0260,1.4470,0.0233,0.0116,-0.9306,-0.0543,0.2598,-0.1357,-0.0388,-1.3842,0.1280,0.3916,0.5000,-0.2000,-1.4856,0.9295,-1.1641,-0.5000,0.2000,1.2717,-1.0461,1.4456,126.5459,-6.4489,5.8033,-7.1241,6.9980,-1.1216,5.8594,-2.1178,14.7638,7.4793,0.4167,0.17
4.7176,0.0000,0.0000,0.0000,0.0000,0.0000,0.0000,-0.0794,-0.0483,1.9447,0.0477,0.0259,-0.9985,0.5102,-0.2229,-1.3763,0.8877,-1.1686,-0.5083,0.1811,1.4022,-1.0199,1.4556,0.0349,0.0620,-0.9189,-0.0504,0.2365,-0.0000,-0.0737,-1.2950,0.4537,0.3606,0.5000,-0.2000,-1.5059,0.9262,-1.1541,-0.5000,0.2000,1.2411,-1.0014,1.4472,126.4117,-6.3415,5.7969,-7.1458,6.9257,-1.1507,5.8756,-2.1128,14.7357,7.4677,0.4444,0.18
4.7416,0.0000,0.0000,0.0000,0.0000,0.0000,0.0000,0.0091,-0.0157,1.9642,0.0485,0.0259,-0.9985,0.5098,-0.2231,-1.3978,0.8860,-1.1650,-0.5095,0.1807,1.3707,-1.0074,1.4633,-0.0582,-0.0698,-1.0314,-0.0465,0.0814,0.0698,-0.0892,-1.4152,0.7445,0.2714,0.5000,-0.2000,-1.5263,0.9223,-1.1440,-0.5000,0.2000,1.2106,-0.9519,1.4483,126.1841,-6.1974,5.7800,-7.1526,6.8321,-1.1751,5.8943,-2.1057,14.6902,7.4421,0.4722,0.17
4.7656,0.0000,0.0000,0.0000,0.0000,0.0000,0.0000,0.1430,0.0663,1.8456,0.0508,0.0235,-0.9984,0.5080,-0.2233,-1.4219,0.8840,-1.1641,-0.5098,0.1795,1.3412,-0.9880,1.4692,-0.1047,-0.0155,-1.0430,0.0233,-0.0194,0.0504,-0.0698,-1.4695,1.0314,0.2753,0.5000,-0.2000,-1.5467,0.9180,-1.1340,-0.5000,0.2000,1.1800,-0.9000,1.4770,125.8856,-5.9637,5.7231,-7.1220,6.6881,-1.1923,5.9472,-2.1213,14.6449,7.3808,0.5000,0.17
4.7896,0.0000,0.0000,0.0000,0.0000,0.0000,0.0000,0.2504,0.1442,1.5521,0.0528,0.0183,-0.9984,0.5044,-0.2236,-1.4476,0.8839,-1.1648,-0.5096,0.1777,1.3032,-0.9599,1.4771,-0.0775,0.0194,-1.0508,0.0349,-0.0000,0.1473,-0.1667,-1.4695,1.3106,0.5002,0.5000,-0.2000,-1.5670,0.9133,-1.1239,-0.5000,0.2000,1.2004,-0.9052,1.4699,125.5742,-5.6709,5.6371,-7.0486,6.5172,-1.2085,6.0313,-2.1600,14.5935,7.2848,0.5278,0.18
4.8126,0.0000,0.0000,0.0000,0.0000,0.0000,0.0000,0.3569,0.3190,1.2065,0.0577,0.0092,-0.9983,0.5020,-0.2240,-1.4681,0.8840,-1.1656,-0.5091,0.1765,1.2783,-0.9338,1.4865,-0.1086,0.0078,-1.0042,0.1047,0.0233,-0.0194,-0.0271,-0.9073,1.0624,0.3916,0.5000,-0.2000,-1.5874,0.9083,-1.1139,-0.5000,0.2000,1.2207,-0.9103,1.4627,125.2110,-5.3404,5.5218,-6.9464,6.3339,-1.2060,6.1226,-2.2095,14.5549,7.1617,0.5556,0.16
4.8356,0.0000,0.0000,0.0000,0.0000,0.0000,0.0000,0.2982,0.5326,0.8414,0.0666,0.0016,-0.9978,0.5010,-0.2247,-1.4895,0.8840,-1.1658,-0.5097,0.1763,1.2619,-0.9115,1.4948,-0.0000,0.0155,-0.9267,0.0737,0.0078,0.0039,0.0039,-0.6204,0.8530,0.2094,0.5000,-0.2000,-1.6078,0.9031,-1.1038,-0.5000,0.2000,1.2411,-0.9152,1.4556,124.8265,-5.0353,5.3956,-6.8188,6.1521,-1.1808,6.2017,-2.2524,14.4979,7.0361,0.5833,0.16
4.8596,0.0000,0.0000,0.0000,0.0000,0.0000,0.0000,0.2582,0.7617,0.4669,0.0812,-0.0058,-0.9967,0.5007,-0.2259,-1.5111,0.8842,-1.1639,-0.5100,0.1773,1.2539,-0.8932,1.5014,0.0504,-0.0310,-0.9500,0.0620,0.1551,-0.0155,0.0233,-0.1435,0.7987,0.2210,0.5000,-0.2000,-1.6078,0.9209,-1.1562,-0.5000,0.2000,1.2615,-0.9198,1.4485,124.4222,-4.7102,5.2553,-6.6821,5.9426,-1.1441,6.2978,-2.3028,14.4441,6.8957,0.6111,0.17
4.8837,0.0000,0.0000,0.0000,0.0000,0.0000,0.0000,0.2360,0.8898,0.2031,0.1003,-0.0145,-0.9948,0.5007,-0.2277,-1.5319,0.8865,-1.1648,-0.5098,0.1793,1.2530,-0.8770,1.5061,0.0775,-0.0271,-0.8026,0.1163,-0.1784,0.0349,0.0853,0.1008,0.5855,0.1900,0.5000,-0.2000,-1.5772,0.9722,-1.1689,-0.5000,0.2000,1.2819,-0.9239,1.4414,123.9208,-4.3630,5.1051,-6.5505,5.7053,-1.0987,6.3862,-2.3380,14.3599,6.7653,0.6389,0.17
4.9076,0.0000,0.0000,0.0000,0.0000,0.0000,0.0000,0.1351,0.8317,0.0431,0.1196,-0.0190,-0.9926,0.5009,-0.2294,-1.5460,0.8974,-1.1698,-0.5100,0.1822,1.2563,-0.8621,1.5095,0.0659,-0.0969,-0.5079,0.5428,-0.2288,-0.0000,0.1784,0.1551,0.5506,0.0969,0.5000,-0.2000,-1.5467,1.0200,-1.1813,-0.5000,0.2000,1.3022,-0.9276,1.4342,123.3688,-4.0757,4.9523,-6.4180,5.4825,-1.0630,6.4537,-2.3709,14.2574,6.6433,0.6667,0.17
4.9306,0.0000,0.0000,0.0000,0.0000,0.0000,0.0000,0.1588,0.5531,-0.1325,0.1333,-0.0246,-0.9908,0.5011,-0.2308,-1.5545,0.9120,-1.1727,-0.5099,0.1847,1.2608,-0.8520,1.5112,0.0659,-0.0388,-0.3063,0.7755,-0.1086,0.0659,0.1280,0.1008,0.3567,-0.0271,0.5000,-0.2000,-1.5161,1.0621,-1.1931,-0.5000,0.2000,1.3226,-0.9306,1.4271,122.8156,-3.7562,4.7845,-6.2915,5.2334,-1.0346,6.5554,-2.4282,14.1838,6.5265,0.6944,0.16
4.9546,0.0000,0.0000,0.0000,0.0000,0.0000,0.0000,0.1588,0.2263,-0.3378,0.1382,-0.0297,-0.9900,0.5017,-0.2323,-1.5568,0.9294,-1.1745,-0.5100,0.1867,1.2637,-0.8477,1.5109,0.1628,-0.0310,0.0000,1.0430,0.0504,-0.0388,0.0659,0.1047,0.0194,-0.1047,0.5000,-0.2000,-1.4856,1.0966,-1.2039,-0.4984,0.2000,1.3430,-0.9331,1.4200,122.2736,-3.4630,4.6150,-6.1560,4.9980,-0.9842,6.6485,-2.4919,14.1116,6.4188,0.7222,0.16
4.9776,0.0000,0.0000,0.0000,0.0000,0.0000,0.0000,0.1959,0.1780,-0.4569,0.1422,-0.0357,-0.9892,0.5033,-0.2330,-1.5540,0.9498,-1.1752,-0.5099,0.1874,1.2671,-0.8489,1.5081,0.0233,0.0078,0.2326,0.9655,0.0116,0.0271,0.0155,0.1202,-0.0931,-0.2055,0.5000,-0.2000,-1.4550,1.1217,-1.2136,-0.4924,0.2000,1.3633,-0.9348,1.4128,121.7031,-3.2263,4.4791,-6.0437,4.7976,-0.9245,6.7335,-2.5378,14.0250,6.3308,0.7500,0.21
5.0016,0.0000,0.0000,0.0000,0.0000,0.0000,0.0000,0.1480,0.1338,-0.5680,0.1455,-0.0387,-0.9886,0.5043,-0.2329,-1.5479,0.9685,-1.1755,-0.5096,0.1873,1.2732,-0.8537,1.5024,-0.0194,0.0427,0.3102,0.7367,-0.0155,0.0194,-0.0194,0.2947,-0.2404,-0.3684,0.5000,-0.2000,-1.4244,1.1364,-1.2221,-0.4862,0.2000,1.3837,-0.9358,1.4057,121.1370,-3.0421,4.3506,-5.9230,4.6289,-0.8617,6.8060,-2.5855,13.9406,6.2513,0.7778,0.18
5.0266,0.0000,0.0000,0.0000,0.0000,0.0000,0.0000,0.1462,0.0729,-0.7575,0.1481,-0.0398,-0.9882,0.5058,-0.2329,-1.5372,0.9864,-1.1759,-0.5085,0.1868,1.2812,-0.8614,1.4945,0.0039,0.0427,0.5273,0.7057,-0.0039,0.1357,0.0427,0.3335,-0.3451,-0.3955,0.5000,-0.2000,-1.3939,1.1398,-1.2293,-0.4792,0.2000,1.4041,-0.9360,1.3986,120.6504,-2.9013,4.2390,-5.8034,4.5010,-0.7916,6.8729,-2.6327,13.8613,6.1793,0.8056,0.18
5.0516,0.0000,0.0000,0.0000,0.0000,0.0000,0.0000,0.1867,0.0612,-0.9800,0.1500,-0.0409,-0.9878,0.5071,-0.2329,-1.5220,1.0004,-1.1767,-0.5069,0.1860,1.2914,-0.8687,1.4855,0.0388,-0.0233,0.7057,0.5700,-0.0775,0.1086,-0.0969,0.4149,-0.2520,-0.3761,0.5000,-0.2000,-1.3633,1.1318,-1.2352,-0.4715,0.2000,1.4244,-0.9355,1.3914,120.2737,-2.8030,4.1565,-5.7075,4.4087,-0.7149,6.9347,-2.6758,13.8012,6.1244,0.8333,0.18
5.0756,0.0000,0.0000,0.0000,0.0000,0.0000,0.0000,0.1977,0.1609,-1.2462,0.1544,-0.0415,-0.9871,0.5078,-0.2329,-1.5013,1.0109,-1.1784,-0.5044,0.1849,1.3050,-0.8752,1.4760,0.0349,0.0271,0.8685,0.3102,-0.0698,0.1202,-0.1241,0.5932,-0.2288,-0.4110,0.5000,-0.2000,-1.3328,1.1129,-1.2398,-0.4643,0.2000,1.4448,-0.9342,1.3842,120.0358,-2.7801,4.0997,-5.6191,4.3803,-0.6431,6.9860,-2.7152,13.7513,6.0859,0.8611,0.18
5.0986,0.0000,0.0000,0.0000,0.0000,0.0000,0.0000,0.2047,0.2653,-1.5438,0.1618,-0.0403,-0.9860,0.5085,-0.2331,-1.4792,1.0154,-1.1807,-0.5008,0.1834,1.3209,-0.8795,1.4675,0.0620,-0.0194,1.0004,0.0737,-0.0698,0.2055,-0.1241,0.7949,-0.1241,-0.4149,0.5000,-0.2000,-1.3022,1.0839,-1.2432,-0.4583,0.2000,1.4652,-0.9322,1.3742,119.9731,-2.8245,4.0722,-5.5493,4.4069,-0.5835,7.0267,-2.7506,13.7238,6.0642,0.8889,0.17
5.1226,0.0000,0.0000,0.0000,0.0000,0.0000,0.0000,0.2156,0.3859,-1.8075,0.1705,-0.0390,-0.9846,0.5094,-0.2334,-1.4542,1.0154,-1.1833,-0.4968,0.1815,1.3391,-0.8816,1.4590,0.0039,0.0620,1.2485,-0.1202,-0.1512,0.1784,-0.1241,0.8918,-0.0078,-0.3490,0.5000,-0.2000,-1.2717,1.0461,-1.2456,-0.4533,0.2000,1.4856,-0.9295,1.3641,120.0660,-2.9288,4.0734,-5.5033,4.4841,-0.5329,7.0527,-2.7765,13.7110,6.0641,0.9167,0.17
5.1466,0.0000,0.0000,0.0000,0.0000,0.0000,0.0000,0.2278,0.5215,-2.0523,0.1840,-0.0362,-0.9823,0.5104,-0.2339,-1.4228,1.0108,-1.1870,-0.4925,0.1805,1.3616,-0.8811,1.4501,0.0310,0.0582,1.3338,-0.2714,-0.1241,0.2598,-0.1008,1.0391,0.0698,-0.3916,0.5000,-0.2000,-1.2411,1.0014,-1.2472,-0.4512,0.2000,1.5059,-0.9262,1.3541,120.3653,-3.1374,4.1216,-5.4899,4.6439,-0.5124,7.0476,-2.7880,13.7312,6.0880,0.9444,0.18
5.1706,0.0000,0.0000,0.0000,0.0000,0.0000,0.0000,0.2127,0.6322,-2.2651,0.1995,-0.0331,-0.9793,0.5107,-0.2343,-1.3906,1.0014,-1.1915,-0.4899,0.1801,1.3866,-0.8792,1.4420,0.0698,0.0388,1.3997,-0.5351,-0.1667,0.1784,-0.0388,1.0973,0.1163,-0.3412,0.5000,-0.2000,-1.2106,0.9519,-1.2483,-0.4511,0.2000,1.5263,-0.9223,1.3440,120.8575,-3.4082,4.2016,-5.5075,4.8470,-0.5113,7.0227,-2.7876,13.7843,6.1419,0.9722,0.17
5.1936,0.0000,0.0000,0.0000,0.0000,0.0000,0.0000,0.1619,0.7589,-2.4522,0.2175,-0.0286,-0.9756,0.5108,-0.2344,-1.3523,0.9834,-1.1970,-0.4867,0.1805,1.4149,-0.8748,1.4342,0.0388,-0.0194,1.5587,-0.8298,-0.1939,0.1590,0.0233,1.2097,0.2559,-0.2675,0.5000,-0.2000,-1.1800,0.9000,-1.2770,-0.4540,0.2000,1.5467,-0.9180,1.3340,121.5542,-3.7826,4.3301,-5.5675,5.1211,-0.5400,6.9632,-2.7678,13.8769,6.2282,0.0000,0.17
5.2166,0.0000,0.0000,0.0000,0.0000,0.0000,0.0000,0.1095,0.8803,-2.5586,0.2369,-0.0211,-0.9713,0.5110,-0.2341,-1.3163,0.9625,-1.2054,-0.4834,0.1818,1.4413,-0.8680,1.4267,0.0155,0.0892,1.6789,-1.1826,-0.4808,0.1667,0.0039,1.2679,0.3684,-0.3412,0.5000,-0.2000,-1.2004,0.9052,-1.2699,-0.4591,0.2000,1.5670,-0.9133,1.3239,122.4048,-4.1978,4.4756,-5.6476,5.4189,-0.5906,6.8951,-2.7383,14.0020,6.3301,0.0278,0.16
5.2406,0.0000,0.0000,0.0000,0.0000,0.0000,0.0000,0.0853,0.9662,-2.6160,0.2565,-0.0099,-0.9665,0.5112,-0.2335,-1.2817,0.9404,-1.2138,-0.4811,0.1831,1.4717,-0.8593,1.4185,0.0969,0.0698,1.3920,-0.8220,-0.3722,0.1512,0.1124,1.1904,0.3800,-0.3528,0.5000,-0.2000,-1.2207,0.9103,-1.2627,-0.4661,0.2000,1.5874,-0.9083,1.3139,123.4572,-4.6790,4.6405,-5.7332,5.7669,-0.6611,6.8026,-2.6972,14.1534,6.4324,0.0556,0.16
5.2636,0.0000,0.0000,0.0000,0.0000,0.0000,0.0000,0.0734,1.2431,-2.5707,0.2824,0.0042,-0.9593,0.5116,-0.2316,-1.2561,0.9257,-1.2191,-0.4800,0.1855,1.4995,-0.8502,1.4096,-0.0116,0.1008,1.0353,-0.3645,-0.1086,0.0388,0.0698,1.3377,0.3916,-0.4885,0.5000,-0.2000,-1.2411,0.9152,-1.2556,-0.4747,0.2000,1.6078,-0.9031,1.3038,124.6026,-5.1801,4.8143,-5.8176,6.1458,-0.7468,6.7185,-2.6609,14.3162,6.5106,0.0833,0.16
5.2876,0.0000,0.0000,0.0000,0.0000,0.0000,0.0000,0.1059,1.3505,-2.4476,0.3084,0.0186,-0.9511,0.5116,-0.2277,-1.2359,0.9172,-1.2213,-0.4802,0.1874,1.5346,-0.8410,1.3991,0.0737,0.1977,0.7522,-0.1318,-0.0775,-0.0000,-0.0116,1.4463,0.3412,-0.5273,0.5000,-0.2000,-1.2615,0.9198,-1.2485,-0.4829,0.2000,1.6078,-0.9209,1.3562,125.7274,-5.5928,4.9819,-5.9313,6.4575,-0.8293,6.6404,-2.6162,14.4801,6.6128,0.1111,0.16
5.3136,0.0000,0.0000,0.0000,0.0000,0.0000,0.0000,0.0577,1.3169,-2.2643,0.3338,0.0350,-0.9420,0.5118,-0.2219,-1.2218,0.9135,-1.2218,-0.4820,0.1897,1.5667,-0.8355,1.3950,0.0737,0.3218,0.4963,-0.0504,0.0349,-0.0737,0.0543,1.1826,0.1318,0.1008,0.5000,-0.2000,-1.2819,0.9239,-1.2414,-0.4905,0.2000,1.5772,-0.9722,1.3689,126.7809,-5.9742,5.1447,-6.0533,6.7338,-0.9047,6.5363,-2.5472,14.6087,6.7424,0.1389,0.16
5.3376,0.0000,0.0000,0.0000,0.0000,0.0000,0.0000,0.0393,1.1437,-1.9563,0.3601,0.0531,-0.9314,0.5126,-0.2146,-1.2085,0.9140,-1.2215,-0.4846,0.1912,1.5888,-0.8378,1.3985,0.1396,0.3296,0.4032,0.1435,0.0388,-0.1163,0.0620,0.6320,-0.3684,0.2094,0.5000,-0.2000,-1.3022,0.9276,-1.2342,-0.5000,0.2000,1.5467,-1.0200,1.3813,127.7677,-6.3747,5.3202,-6.2062,7.0510,-1.0046,6.3918,-2.4612,14.7573,6.8898,0.1667,0.18
5.3636,0.0000,0.0000,0.0000,0.0000,0.0000,0.0000,-0.1159,0.4814,-1.5417,0.3729,0.0701,-0.9252,0.5140,-0.2074,-1.1955,0.9205,-1.2216,-0.4889,0.1930,1.6005,-0.8512,1.4051,0.0310,0.2326,0.5855,0.4963,-0.0078,-0.2288,0.0078,0.2598,-0.8026,0.2637,0.5000,-0.2000,-1.3226,0.9306,-1.2271,-0.5000,0.2000,1.5161,-1.0621,1.3931,128.6071,-6.7066,5.4696,-6.3677,7.3250,-1.1305,6.2489,-2.3935,14.9162,7.0331,0.1944,0.19
5.3866,0.0000,0.0000,0.0000,0.0000,0.0000,0.0000,-0.2772,-0.1712,-1.0647,0.3711,0.0898,-0.9243,0.5157,-0.2017,-1.1790,0.9352,-1.2226,-0.4927,0.1945,1.6011,-0.8736,1.4119,0.1124,0.2482,0.6087,0.7289,0.0194,-0.1124,0.0271,-0.0427,-1.1167,0.2443,0.5000,-0.2000,-1.3430,0.9331,-1.2200,-0.5000,0.2000,1.4856,-1.0966,1.4039,129.2767,-6.9974,5.6219,-6.5411,7.5635,-1.2583,6.1055,-2.3243,15.0532,7.1850,0.2222,0.18
5.4106,0.0000,0.0000,0.0000,0.0000,0.0000,0.0000,-0.3264,-0.4463,-0.4629,0.3646,0.1033,-0.9254,0.5183,-0.1974,-1.1661,0.9506,-1.2236,-0.4954,0.1950,1.5934,-0.9024,1.4194,0.1667,0.1784,0.4304,0.7561,-0.0000,-0.1512,0.0504,-0.3645,-1.3067,0.2016,0.5000,-0.2000,-1.3633,0.9348,-1.2128,-0.5000,0.2000,1.4550,-1.1217,1.4136,129.7498,-7.2913,5.7987,-6.7397,7.7887,-1.3730,5.9533,-2.2343,15.1540,7.3402,0.2500,0.18
5.4356,0.0000,0.0000,0.0000,0.0000,0.0000,0.0000,-0.3562,-0.6375,0.2051,0.3558,0.1123,-0.9278,0.5200,-0.1951,-1.1600,0.9679,-1.2245,-0.4976,0.1947,1.5818,-0.9331,1.4267,0.0659,0.0427,0.0078,0.7173,-0.0039,-0.0194,-0.0233,-0.6126,-1.3377,0.2520,0.5000,-0.2000,-1.3837,0.9358,-1.2057,-0.5000,0.2000,1.4244,-1.1364,1.4221,130.0310,-7.5537,5.9625,-6.9305,7.9628,-1.4808,5.8274,-2.1467,15.2049,7.4792,0.2778,0.18
5.4596,0.0000,0.0000,0.0000,0.0000,0.0000,0.0000,-0.2872,-0.6901,0.9045,0.3465,0.1150,-0.9310,0.5211,-0.1944,-1.1593,0.9830,-1.2246,-0.4996,0.1935,1.5641,-0.9640,1.4335,0.0427,0.0504,-0.0078,0.5894,0.0853,-0.0737,-0.0620,-0.8181,-1.1361,0.2482,0.5000,-0.2000,-1.4041,0.9360,-1.1986,-0.5000,0.2000,1.3939,-1.1398,1.4293,130.1244,-7.7685,6.1105,-7.1334,8.0810,-1.5751,5.7315,-2.0652,15.2176,7.6179,0.3056,0.17
5.4836,0.0000,0.0000,0.0000,0.0000,0.0000,0.0000,-0.2651,-0.5767,1.4900,0.3392,0.1122,-0.9340,0.5211,-0.1955,-1.1645,0.9929,-1.2234,-0.5014,0.1908,1.5463,-0.9889,1.4394,0.0155,-0.1124,-0.3722,0.3063,0.1667,-0.0582,-0.1667,-0.8298,-0.9461,0.3024,0.5000,-0.2000,-1.4244,0.9355,-1.1914,-0.5000,0.2000,1.3633,-1.1318,1.4352,130.0881,-7.9726,6.2407,-7.3047,8.1801,-1.6473,5.6401,-1.9832,15.2020,7.7315,0.3333,0.16
5.5086,0.0000,0.0000,0.0000,0.0000,0.0000,0.0000,-0.2302,-0.4908,1.9494,0.3381,0.1045,-0.9353,0.5208,-0.1980,-1.1771,0.9960,-1.2195,-0.5030,0.1868,1.5236,-1.0091,1.4455,-0.0388,-0.0620,-0.7561,0.0659,0.2869,0.0233,-0.2171,-1.0275,-0.6436,0.2210,0.5000,-0.2000,-1.4448,0.9342,-1.1842,-0.5000,0.2000,1.3328,-1.1129,1.4398,129.9698,-8.1017,6.3324,-7.4367,8.2368,-1.7093,5.5777,-1.9182,15.1780,7.8108,0.3611,0.17
5.5336,0.0000,0.0000,0.0000,0.0000,0.0000,0.0000,-0.1872,-0.5744,2.2687,0.3345,0.0935,-0.9377,0.5206,-0.2016,-1.1944,0.9955,-1.2138,-0.5041,0.1828,1.4952,-1.0239,1.4495,0.0349,-0.0892,-0.8879,0.0116,0.3141,-0.0310,-0.1745,-1.1710,-0.4420,0.1512,0.5000,-0.2000,-1.4652,0.9322,-1.1742,-0.5000,0.2000,1.3022,-1.0839,1.4432,129.7632,-8.1160,6.3814,-7.5232,8.2324,-1.7548,5.5339,-1.8764,15.1483,7.8546,0.3889,0.17
5.5566,0.0000,0.0000,0.0000,0.0000,0.0000,0.0000,-0.0982,-0.4343,2.5293,0.3345,0.0784,-0.9391,0.5198,-0.2055,-1.2158,0.9932,-1.2065,-0.5036,0.1784,1.4690,-1.0303,1.4521,-0.0427,-0.1435,-1.1787,-0.0969,0.2986,0.0582,-0.1241,-1.2175,-0.0737,0.0620,0.5000,-0.2000,-1.4856,0.9295,-1.1641,-0.5000,0.2000,1.2717,-1.0461,1.4456,129.4586,-8.0803,6.4159,-7.5957,8.1924,-1.7850,5.5118,-1.8334,15.0914,7.8735,0.4167,0.17
5.5796,0.0000,0.0000,0.0000,0.0000,0.0000,0.0000,-0.0312,-0.4487,2.7502,0.3354,0.0608,-0.9401,0.5192,-0.2085,-1.2438,0.9892,-1.1987,-0.5031,0.1766,1.4385,-1.0295,1.4546,0.0310,-0.0271,-1.5316,-0.1124,0.3955,0.0427,-0.0543,-1.4850,0.2055,0.1047,0.5000,-0.2000,-1.5059,0.9262,-1.1541,-0.5000,0.2000,1.2411,-1.0014,1.4472,129.0530,-7.9267,6.4008,-7.6158,8.0807,-1.8189,5.5177,-1.8148,15.0136,7.8613,0.4444,0.16
5.6036,0.0000,0.0000,0.0000,0.0000,0.0000,0.0000,-0.0004,-0.4845,2.9073,0.3335,0.0391,-0.9419,0.5190,-0.2099,-1.2765,0.9836,-1.1899,-0.5027,0.1758,1.4028,-1.0206,1.4564,-0.0194,-0.0349,-1.3648,-0.2714,0.4498,-0.0000,-0.0233,-1.4695,0.6049,0.0582,0.5000,-0.2000,-1.5263,0.9223,-1.1440,-0.5000,0.2000,1.2106,-0.9519,1.4483,128.5139,-7.7028,6.3495,-7.6113,7.9281,-1.8530,5.5481,-1.8182,14.9263,7.8241,0.4722,0.16
5.6276,0.0000,0.0000,0.0000,0.0000,0.0000,0.0000,-0.0798,-0.4268,3.0156,0.3302,0.0187,-0.9437,0.5190,-0.2106,-1.3111,0.9730,-1.1769,-0.5024,0.1745,1.3693,-1.0051,1.4582,0.0388,-0.0388,-1.4734,-0.5041,0.5855,0.0892,0.0000,-1.5820,0.9306,0.0853,0.5000,-0.2000,-1.5467,0.9180,-1.1340,-0.5000,0.2000,1.1800,-0.9000,1.4770,127.8993,-7.4786,6.2802,-7.5733,7.7676,-1.8804,5.5789,-1.8248,14.8170,7.7700,0.5000,0.17
5.6516,0.0000,0.0000,0.0000,0.0000,0.0000,0.0000,-0.1985,-0.3823,3.0294,0.3266,0.0004,-0.9452,0.5189,-0.2106,-1.3464,0.9587,-1.1622,-0.5018,0.1738,1.3334,-0.9816,1.4624,0.0310,-0.0078,-1.4695,-0.6243,0.6553,0.0233,-0.0775,-1.6479,1.0973,0.2482,0.5000,-0.2000,-1.5670,0.9133,-1.1239,-0.5000,0.2000,1.2004,-0.9052,1.4699,127.2407,-7.2121,6.1773,-7.4949,7.6042,-1.9085,5.6323,-1.8538,14.7148,7.6744,0.5278,0.17
5.6766,0.0000,0.0000,0.0000,0.0000,0.0000,0.0000,-0.2206,-0.3474,2.9821,0.3219,-0.0169,-0.9466,0.5189,-0.2102,-1.3821,0.9427,-1.1476,-0.4995,0.1747,1.3024,-0.9606,1.4676,0.0078,0.0155,-1.6479,-0.7483,0.6630,0.1435,0.0271,-1.0895,0.7057,0.1202,0.5000,-0.2000,-1.5874,0.9083,-1.1139,-0.5000,0.2000,1.2207,-0.9103,1.4627,126.4912,-6.8392,6.0308,-7.3764,7.3959,-1.9374,5.7247,-1.9114,14.6318,7.5357,0.5556,0.17
5.7006,0.0000,0.0000,0.0000,0.0000,0.0000,0.0000,-0.4038,-0.4487,2.9184,0.3130,-0.0321,-0.9492,0.5180,-0.2087,-1.4230,0.9246,-1.1324,-0.4991,0.1761,1.2800,-0.9458,1.4711,-0.0620,0.1008,-1.6285,-0.7367,0.6049,0.0233,0.0349,-0.7561,0.5428,0.0620,0.5000,-0.2000,-1.6078,0.9031,-1.1038,-0.5000,0.2000,1.2411,-0.9152,1.4556,125.5984,-6.4035,5.8432,-7.2226,7.1142,-1.9199,5.8101,-1.9724,14.5163,7.3856,0.5833,0.17
5.7246,0.0000,0.0000,0.0000,0.0000,0.0000,0.0000,-0.6970,-0.5146,2.6666,0.3003,-0.0359,-0.9532,0.5172,-0.2078,-1.4599,0.9067,-1.1179,-0.4992,0.1796,1.2676,-0.9348,1.4726,0.0775,0.1086,-1.4850,-0.7367,0.6592,0.0388,0.1822,-0.5351,0.4110,0.0194,0.5000,-0.2000,-1.6078,0.9209,-1.1562,-0.5000,0.2000,1.2615,-0.9198,1.4485,124.6931,-5.9897,5.6404,-7.0283,6.8148,-1.8478,5.8778,-2.0388,14.3976,7.2319,0.6111,0.18
5.7486,0.0000,0.0000,0.0000,0.0000,0.0000,0.0000,-0.7607,-0.4932,2.4871,0.2884,-0.0348,-0.9569,0.5170,-0.2070,-1.4926,0.8915,-1.1109,-0.4990,0.1840,1.2599,-0.9274,1.4738,0.0271,0.0155,-1.4114,-0.6669,0.0039,0.0388,0.2753,-0.2559,0.2753,0.0194,0.5000,-0.2000,-1.5772,0.9722,-1.1689,-0.5000,0.2000,1.2819,-0.9239,1.4414,123.6998,-5.5056,5.4382,-6.8599,6.4695,-1.7491,5.9673,-2.0937,14.2726,7.0696,0.6389,0.18
5.7726,0.0000,0.0000,0.0000,0.0000,0.0000,0.0000,-0.6589,-0.6399,2.3422,0.2731,-0.0300,-0.9615,0.5159,-0.2057,-1.5209,0.8815,-1.1186,-0.4991,0.1889,1.2558,-0.9225,1.4738,-0.0814,0.1202,-1.1477,-0.2171,-0.5622,-0.0039,0.1551,-0.2055,0.1939,-0.0620,0.5000,-0.2000,-1.5467,1.0200,-1.1813,-0.5000,0.2000,1.3022,-0.9276,1.4342,122.6273,-4.9698,5.2152,-6.6978,6.0774,-1.6489,6.0738,-2.1521,14.1391,6.9033,0.6667,0.17
5.7966,0.0000,0.0000,0.0000,0.0000,0.0000,0.0000,-0.0433,-1.1409,1.8340,0.2443,-0.0390,-0.9689,0.5099,-0.2051,-1.5436,0.8852,-1.1366,-0.4993,0.1908,1.2513,-0.9225,1.4726,-0.3024,0.0698,-0.7251,0.4188,-0.6863,-0.0155,0.0039,-0.1822,-0.1008,-0.1628,0.5000,-0.2000,-1.5161,1.0621,-1.1931,-0.5000,0.2000,1.3226,-0.9306,1.4271,121.5950,-4.2608,4.9487,-6.5236,5.5796,-1.5184,6.2555,-2.2608,14.0775,6.7073,0.6944,0.17
5.8216,0.0000,0.0000,0.0000,0.0000,0.0000,0.0000,-0.2924,-1.4257,0.8140,0.2061,-0.0344,-0.9779,0.5041,-0.2050,-1.5562,0.9022,-1.1518,-0.4999,0.1917,1.2493,-0.9286,1.4660,-0.1590,-0.0000,-0.3257,0.9461,-0.6592,-0.0388,0.0039,-0.0233,-0.1939,-0.3024,0.5000,-0.2000,-1.4856,1.0966,-1.2039,-0.5000,0.2000,1.3430,-0.9331,1.4200,120.8139,-3.7461,4.6604,-6.2059,5.1466,-1.2614,6.3840,-2.3835,13.9695,6.4891,0.7222,0.17
5.8456,0.0000,0.0000,0.0000,0.0000,0.0000,0.0000,-0.1519,-1.4872,-0.0539,0.1649,-0.0264,-0.9860,0.5013,-0.2055,-1.5595,0.9230,-1.1675,-0.5004,0.1929,1.2501,-0.9337,1.4603,-0.1124,0.0039,-0.0543,0.9693,-0.6475,0.0039,-0.0233,-0.0155,-0.1706,-0.1745,0.5000,-0.2000,-1.4550,1.1217,-1.2136,-0.4987,0.2000,1.3633,-0.9348,1.4128,120.2713,-3.1740,4.4051,-5.9630,4.6713,-0.9866,6.6024,-2.5107,13.8923,6.3035,0.7500,0.17
5.8705,0.0000,0.0000,0.0000,0.0000,0.0000,0.0000,-0.0321,-1.4434,-0.8089,0.1274,-0.0208,-0.9916,0.4983,-0.2062,-1.5562,0.9472,-1.1826,-0.5001,0.1931,1.2531,-0.9350,1.4559,-0.0388,-0.0427,0.2171,0.9189,-0.5739,-0.0039,-0.0116,0.1551,0.0233,-0.2055,0.5000,-0.2000,-1.4244,1.1364,-1.2221,-0.4723,0.2000,1.3837,-0.9358,1.4057,119.9022,-2.7043,4.1837,-5.7590,4.2557,-0.7233,6.7959,-2.6226,13.8205,6.1606,0.7778,0.18
5.8936,0.0000,0.0000,0.0000,0.0000,0.0000,0.0000,-0.0449,-1.3745,-1.6002,0.0903,-0.0131,-0.9958,0.4970,-0.2070,-1.5455,0.9707,-1.1953,-0.4976,0.1931,1.2598,-0.9350,1.4513,-0.0271,-0.0620,0.6243,0.9926,-0.4110,0.2675,-0.0039,0.3722,-0.0310,-0.2714,0.5000,-0.2000,-1.3939,1.1398,-1.2293,-0.4483,0.2000,1.4041,-0.9360,1.3986,119.7573,-2.3571,3.9821,-5.5471,3.9587,-0.4834,6.9860,-2.7468,13.7677,6.0256,0.8056,0.17
5.9175,0.0000,0.0000,0.0000,0.0000,0.0000,0.0000,0.0517,-1.2494,-2.1809,0.0594,-0.0086,-0.9982,0.4974,-0.2082,-1.5273,0.9922,-1.2022,-0.4910,0.1932,1.2735,-0.9334,1.4468,-0.0116,-0.0116,0.8220,0.8336,-0.3218,0.3528,0.0465,0.6281,0.0620,-0.1512,0.5000,-0.2000,-1.3633,1.1318,-1.2352,-0.4264,0.2000,1.4244,-0.9355,1.3914,119.7338,-2.0774,3.8313,-5.3983,3.7066,-0.2643,7.1596,-2.8438,13.7257,5.9442,0.8333,0.17
5.9415,0.0000,0.0000,0.0000,0.0000,0.0000,0.0000,0.1299,-1.0049,-2.5392,0.0345,-0.0093,-0.9994,0.4988,-0.2094,-1.5042,1.0085,-1.2055,-0.4816,0.1933,1.2883,-0.9291,1.4441,0.0116,-0.0427,1.0818,0.6087,-0.0427,0.4614,-0.0116,0.7716,0.2404,-0.1667,0.5000,-0.2000,-1.3328,1.1129,-1.2398,-0.4104,0.2000,1.4448,-0.9342,1.3842,119.8170,-1.9532,3.7444,-5.3062,3.5871,-0.1045,7.2788,-2.9174,13.7099,5.9054,0.8611,0.17
5.9645,0.0000,0.0000,0.0000,0.0000,0.0000,0.0000,0.1456,-0.8083,-2.7106,0.0143,-0.0140,-0.9998,0.4994,-0.2114,-1.4777,1.0197,-1.2076,-0.4682,0.1935,1.3088,-0.9209,1.4407,0.0543,-0.1086,1.2097,0.3722,-0.0000,0.5932,-0.0233,0.8142,0.5002,-0.2288,0.5000,-0.2000,-1.3022,1.0839,-1.2432,-0.3996,0.2000,1.4652,-0.9322,1.3742,119.9569,-1.9409,3.7028,-5.2577,3.5568,0.0039,7.3541,-2.9651,13.7098,5.9042,0.8889,0.17
5.9916,0.0000,0.0000,0.0000,0.0000,0.0000,0.0000,0.1133,-0.6668,-2.7558,-0.0020,-0.0204,-0.9998,0.4997,-0.2143,-1.4473,1.0235,-1.2093,-0.4532,0.1936,1.3321,-0.9100,1.4335,0.0465,-0.1047,1.1942,0.0698,-0.0543,0.6940,-0.0039,0.8802,0.4071,-0.4188,0.5000,-0.2000,-1.2717,1.0461,-1.2456,-0.3941,0.2000,1.4856,-0.9295,1.3641,120.1371,-2.0230,3.6968,-5.2361,3.6189,0.0591,7.3911,-2.9955,13.7264,5.9228,0.9167,0.28
6.0156,0.0000,0.0000,0.0000,0.0000,0.0000,0.0000,-0.0621,-0.4547,-2.5345,-0.0161,-0.0240,-0.9996,0.4997,-0.2184,-1.4147,1.0206,-1.2120,-0.4346,0.1935,1.3587,-0.8995,1.4163,-0.0000,-0.1124,1.2097,-0.1900,-0.0892,0.8026,-0.0931,1.0120,0.2830,-0.7987,0.5000,-0.2000,-1.2411,1.0014,-1.2472,-0.3945,0.2000,1.5059,-0.9262,1.3541,120.2806,-2.2415,3.7489,-5.2515,3.7949,0.0548,7.3598,-2.9937,13.7472,5.9636,0.9444,0.23
6.0406,0.0000,0.0000,0.0000,0.0000,0.0000,0.0000,-0.0455,-0.4467,-1.8882,-0.0282,-0.0283,-0.9992,0.4984,-0.2219,-1.3875,1.0117,-1.2151,-0.4190,0.1935,1.3817,-0.8945,1.3960,-0.0310,-0.0698,1.1399,-0.5971,-0.1086,0.5545,-0.0504,0.9344,0.2714,-0.9500,0.5000,-0.2000,-1.2106,0.9519,-1.2483,-0.4015,0.2000,1.5263,-0.9223,1.3440,120.2534,-2.4630,3.8422,-5.3558,3.9513,-0.0150,7.2878,-2.9514,13.7736,6.0673,0.9722,0.20
6.0656,0.0000,0.0000,0.0000,0.0000,0.0000,0.0000,-0.1894,-0.5030,-1.4399,-0.0449,-0.0315,-0.9985,0.4972,-0.2241,-1.3556,0.9924,-1.2180,-0.4083,0.1933,1.4060,-0.8936,1.3724,-0.0775,0.0039,1.2485,-0.9810,-0.0892,0.3994,-0.0078,0.7794,-0.0233,-0.8336,0.5000,-0.2000,-1.1800,0.9000,-1.2770,-0.4104,0.2000,1.5467,-0.9180,1.3340,120.2365,-2.7762,3.9536,-5.4485,4.1863,-0.1044,7.1703,-2.9065,13.8051,6.1727,0.0000,0.19
6.0895,0.0000,0.0000,0.0000,0.0000,0.0000,0.0000,-0.2654,-0.3120,-0.9324,-0.0568,-0.0297,-0.9979,0.4970,-0.2256,-1.3264,0.9648,-1.2232,-0.4028,0.1932,1.4247,-0.8935,1.3510,-0.0039,-0.0271,1.1399,-1.4424,-0.2830,0.1667,0.0233,0.7871,0.0659,-0.8802,0.5000,-0.2000,-1.2004,0.9052,-1.2699,-0.4221,0.2000,1.5670,-0.9133,1.3239,120.2576,-3.1473,4.1181,-5.5882,4.4733,-0.2210,7.0337,-2.8419,13.8489,6.2924,0.0278,0.19
6.1136,0.0000,0.0000,0.0000,0.0000,0.0000,0.0000,-0.2577,-0.1373,-0.4915,-0.0629,-0.0256,-0.9977,0.4969,-0.2276,-1.3045,0.9370,-1.2276,-0.4018,0.1931,1.4420,-0.8929,1.3323,0.0388,-0.0388,0.6747,-0.9732,-0.0233,-0.0000,-0.0737,0.7445,0.0155,-0.8569,0.5000,-0.2000,-1.2207,0.9103,-1.2627,-0.4366,0.2000,1.5874,-0.9083,1.3139,120.4469,-3.5650,4.2822,-5.7063,4.8206,-0.3656,6.9043,-2.7857,13.9056,6.3748,0.0556,0.17
6.1366,0.0000,0.0000,0.0000,0.0000,0.0000,0.0000,-0.2020,0.0242,-0.1030,-0.0640,-0.0215,-0.9977,0.4968,-0.2289,-1.2919,0.9130,-1.2284,-0.4039,0.1928,1.4594,-0.8928,1.3159,-0.0078,0.0116,0.3373,-0.8685,-0.0504,-0.1124,-0.0194,0.6979,0.0271,-0.6630,0.5000,-0.2000,-1.2411,0.9152,-1.2556,-0.4497,0.2000,1.6078,-0.9031,1.3038,120.7098,-3.9231,4.4457,-5.8359,5.1168,-0.4965,6.7923,-2.7257,13.9631,6.4690,0.0833,0.17
6.1605,0.0000,0.0000,0.0000,0.0000,0.0000,0.0000,-0.1615,0.1638,0.1401,-0.0625,-0.0175,-0.9979,0.4967,-0.2288,-1.2888,0.8945,-1.2273,-0.4091,0.1919,1.4763,-0.8933,1.3017,-0.0000,0.0388,-0.0388,-0.6708,0.1086,-0.2520,-0.0698,0.5661,0.0504,-0.5583,0.5000,-0.2000,-1.2615,0.9198,-1.2485,-0.4597,0.2000,1.6078,-0.9209,1.3562,121.0835,-4.2587,4.5900,-5.9417,5.3905,-0.5974,6.6894,-2.6781,14.0326,6.5497,0.1111,0.17
6.1835,0.0000,0.0000,0.0000,0.0000,0.0000,0.0000,-0.1496,0.3044,0.2236,-0.0558,-0.0118,-0.9984,0.4962,-0.2279,-1.2918,0.8802,-1.2252,-0.4164,0.1903,1.4917,-0.8958,1.2971,-0.0194,0.0659,-0.3102,-0.5390,0.1202,-0.3490,-0.0582,0.6243,-0.2443,-0.0310,0.5000,-0.2000,-1.2819,0.9239,-1.2414,-0.4664,0.2000,1.5772,-0.9722,1.3689,121.5371,-4.5334,4.7136,-6.0212,5.6264,-0.6637,6.6000,-2.6345,14.1012,6.6134,0.1389,0.17
6.2066,0.0000,0.0000,0.0000,0.0000,0.0000,0.0000,-0.2054,0.1991,0.2171,-0.0505,-0.0047,-0.9987,0.4951,-0.2269,-1.2970,0.8683,-1.2228,-0.4240,0.1893,1.5013,-0.9052,1.3003,-0.0698,0.0698,-0.3412,-0.3606,0.1086,-0.3141,-0.0155,0.3296,-0.5700,0.1822,0.5000,-0.2000,-1.3022,0.9276,-1.2342,-0.4702,0.2000,1.5467,-1.0200,1.3813,122.0906,-4.7825,4.8224,-6.0910,5.8425,-0.7020,6.5064,-2.5937,14.1862,6.6815,0.1667,0.17
6.2305,0.0000,0.0000,0.0000,0.0000,0.0000,0.0000,-0.1753,-0.1056,0.2434,-0.0512,0.0026,-0.9987,0.4949,-0.2254,-1.3029,0.8621,-1.2222,-0.4322,0.1889,1.5067,-0.9227,1.3067,0.0078,0.0775,-0.2210,-0.0659,0.0078,-0.3102,-0.0233,0.1241,-0.8375,0.3102,0.5000,-0.2000,-1.3226,0.9306,-1.2271,-0.4720,0.2000,1.5161,-1.0621,1.3931,122.6689,-4.9431,4.9157,-6.1769,5.9877,-0.7201,6.4315,-2.5604,14.2883,6.7545,0.1944,0.17
6.2555,0.0000,0.0000,0.0000,0.0000,0.0000,0.0000,-0.1214,-0.3867,0.3361,-0.0593,0.0076,-0.9982,0.4947,-0.2242,-1.3076,0.8619,-1.2222,-0.4386,0.1885,1.5077,-0.9460,1.3155,-0.0078,0.0620,-0.1551,0.0465,0.0116,-0.3490,-0.0388,-0.0388,-0.9344,0.3994,0.5000,-0.2000,-1.3430,0.9331,-1.2200,-0.4715,0.2000,1.4856,-1.0966,1.4039,123.2007,-5.0697,5.0081,-6.2801,6.0801,-0.7146,6.3618,-2.5212,14.3791,6.8418,0.2222,0.17
6.2795,0.0000,0.0000,0.0000,0.0000,0.0000,0.0000,-0.1219,-0.5692,0.4531,-0.0731,0.0134,-0.9972,0.4943,-0.2236,-1.3122,0.8642,-1.2223,-0.4431,0.1881,1.5050,-0.9717,1.3267,0.0427,0.0582,-0.1590,0.1667,-0.0000,-0.1939,-0.0620,-0.2133,-1.0857,0.4420,0.5000,-0.2000,-1.3633,0.9348,-1.2128,-0.4695,0.2000,1.4550,-1.1217,1.4136,123.6900,-5.1966,5.0969,-6.3741,6.1627,-0.6948,6.2948,-2.4816,14.4517,6.9236,0.2500,0.17
6.3026,0.0000,0.0000,0.0000,0.0000,0.0000,0.0000,-0.0681,-0.6630,0.5211,-0.0891,0.0174,-0.9959,0.4936,-0.2234,-1.3168,0.8689,-1.2223,-0.4466,0.1874,1.4966,-0.9975,1.3388,-0.0000,0.0116,-0.1861,0.2637,0.0465,-0.1357,0.0039,-0.5002,-1.0197,0.5002,0.5000,-0.2000,-1.3837,0.9358,-1.2057,-0.4657,0.2000,1.4244,-1.1364,1.4221,124.1531,-5.2984,5.1841,-6.4678,6.2166,-0.6570,6.2449,-2.4440,14.5144,6.9983,0.2778,0.17
6.3265,0.0000,0.0000,0.0000,0.0000,0.0000,0.0000,-0.0417,-0.6364,0.5636,-0.1038,0.0213,-0.9944,0.4935,-0.2232,-1.3215,0.8757,-1.2225,-0.4489,0.1865,1.4856,-1.0207,1.3512,0.0310,0.0388,-0.2249,0.3684,0.0814,-0.0814,-0.0155,-0.5041,-0.9422,0.6359,0.5000,-0.2000,-1.4041,0.9360,-1.1986,-0.4613,0.2000,1.3939,-1.1398,1.4293,124.5718,-5.3660,5.2582,-6.5466,6.2451,-0.6135,6.2148,-2.4146,14.5608,7.0544,0.3056,0.18
6.3516,0.0000,0.0000,0.0000,0.0000,0.0000,0.0000,0.0149,-0.5804,0.6476,-0.1174,0.0249,-0.9928,0.4935,-0.2233,-1.3270,0.8838,-1.2229,-0.4506,0.1858,1.4724,-1.0393,1.3639,0.0194,-0.0194,-0.3102,0.3567,0.0271,0.0310,-0.0543,-0.6281,-0.6669,0.4071,0.5000,-0.2000,-1.4244,0.9355,-1.1914,-0.4573,0.2000,1.3633,-1.1318,1.4352,124.9260,-5.4186,5.3321,-6.6360,6.2512,-0.5726,6.1895,-2.3809,14.5974,7.1154,0.3333,0.19
6.3765,0.0000,0.0000,0.0000,0.0000,0.0000,0.0000,0.0600,-0.5469,0.7131,-0.1309,0.0276,-0.9910,0.4936,-0.2232,-1.3345,0.8924,-1.2234,-0.4515,0.1852,1.4558,-1.0519,1.3762,0.0388,0.0543,-0.3955,0.3335,-0.0349,0.0039,-0.0543,-0.7018,-0.3490,0.4808,0.5000,-0.2000,-1.4448,0.9342,-1.1842,-0.4530,0.2000,1.3328,-1.1129,1.4398,125.1826,-5.4029,5.3776,-6.7041,6.2047,-0.5296,6.1827,-2.3562,14.6147,7.1591,0.3611,0.17
6.4015,0.0000,0.0000,0.0000,0.0000,0.0000,0.0000,0.1201,-0.4409,0.7618,-0.1419,0.0296,-0.9894,0.4936,-0.2233,-1.3431,0.9007,-1.2242,-0.4518,0.1847,1.4365,-1.0561,1.3878,0.0659,0.0233,-0.4032,0.4110,-0.0155,0.0233,-0.0155,-0.9306,-0.0349,0.3839,0.5000,-0.2000,-1.4652,0.9322,-1.1742,-0.4495,0.2000,1.3022,-1.0839,1.4432,125.3770,-5.3868,5.4178,-6.7624,6.1629,-0.4947,6.1745,-2.3303,14.6164,7.1928,0.3889,0.17
6.4255,0.0000,0.0000,0.0000,0.0000,0.0000,0.0000,0.1947,-0.3090,0.7728,-0.1499,0.0295,-0.9883,0.4933,-0.2233,-1.3540,0.9086,-1.2250,-0.4508,0.1843,1.4157,-1.0532,1.3970,-0.0892,-0.0000,-0.5351,0.2869,0.0388,0.1047,0.0039,-0.9461,0.2753,0.4149,0.5000,-0.2000,-1.4856,0.9295,-1.1641,-0.4476,0.2000,1.2717,-1.0461,1.4456,125.4801,-5.3105,5.4361,-6.8010,6.0864,-0.4763,6.1925,-2.3173,14.6132,7.2034,0.4167,0.17
6.4495,0.0000,0.0000,0.0000,0.0000,0.0000,0.0000,0.2273,-0.2147,0.7964,-0.1557,0.0283,-0.9874,0.4932,-0.2233,-1.3665,0.9144,-1.2255,-0.4496,0.1836,1.3936,-1.0438,1.4052,0.0039,0.0698,-0.5894,0.2675,0.0388,0.1086,-0.0620,-1.0353,0.5700,0.3800,0.5000,-0.2000,-1.5059,0.9262,-1.1541,-0.4465,0.2000,1.2411,-1.0014,1.4472,125.4889,-5.1955,5.4325,-6.8213,5.9873,-0.4646,6.2132,-2.3095,14.5924,7.2016,0.4444,0.19
6.4735,0.0000,0.0000,0.0000,0.0000,0.0000,0.0000,0.2562,-0.0660,0.8123,-0.1583,0.0264,-0.9870,0.4931,-0.2235,-1.3799,0.9195,-1.2255,-0.4484,0.1831,1.3687,-1.0267,1.4126,0.0388,-0.0000,-0.6204,0.2288,0.0271,0.0349,-0.0543,-1.1632,0.8879,0.3412,0.5000,-0.2000,-1.5263,0.9223,-1.1440,-0.4464,0.2000,1.2106,-0.9519,1.4483,125.4124,-5.0764,5.4219,-6.8292,5.8906,-0.4636,6.2324,-2.3012,14.5568,7.1877,0.4722,0.17
6.4975,0.0000,0.0000,0.0000,0.0000,0.0000,0.0000,0.3235,0.1378,0.8253,-0.1566,0.0223,-0.9874,0.4930,-0.2236,-1.3955,0.9233,-1.2251,-0.4474,0.1828,1.3436,-1.0025,1.4185,0.0349,0.0349,-0.7832,0.1280,-0.0155,-0.0000,-0.0388,-1.2136,1.2873,0.2443,0.5000,-0.2000,-1.5467,0.9180,-1.1340,-0.4483,0.2000,1.1800,-0.9000,1.4770,125.2390,-4.9106,5.3909,-6.8234,5.7710,-0.4833,6.2774,-2.3036,14.5153,7.1537,0.5000,0.16
6.5215,0.0000,0.0000,0.0000,0.0000,0.0000,0.0000,0.3612,0.2908,0.8506,-0.1515,0.0180,-0.9883,0.4930,-0.2235,-1.4136,0.9252,-1.2232,-0.4473,0.1825,1.3132,-0.9699,1.4270,-0.0155,0.0310,-0.8336,-0.0078,0.0969,-0.0039,0.0155,-1.2175,1.5044,0.4537,0.5000,-0.2000,-1.5670,0.9133,-1.1239,-0.4536,0.2000,1.2004,-0.9052,1.4699,124.9619,-4.7246,5.3411,-6.7979,5.6502,-0.5358,6.3271,-2.3126,14.4545,7.1060,0.5278,0.17
6.5455,0.0000,0.0000,0.0000,0.0000,0.0000,0.0000,0.3953,0.4815,0.8763,-0.1426,0.0111,-0.9897,0.4931,-0.2235,-1.4317,0.9256,-1.2209,-0.4478,0.1826,1.2896,-0.9411,1.4350,-0.0078,-0.0078,-0.8918,0.0969,0.1202,-0.0271,-0.0194,-0.8608,1.1206,0.1822,0.5000,-0.2000,-1.5874,0.9083,-1.1139,-0.4607,0.2000,1.2207,-0.9103,1.4627,124.5798,-4.5272,5.2660,-6.7439,5.5584,-0.6069,6.3793,-2.3353,14.4057,7.0266,0.5556,0.17
6.5705,0.0000,0.0000,0.0000,0.0000,0.0000,0.0000,0.3352,0.6626,0.8973,-0.1294,0.0059,-0.9916,0.4932,-0.2235,-1.4542,0.9243,-1.2162,-0.4499,0.1829,1.2741,-0.9177,1.4403,-0.0194,-0.0000,-0.9344,-0.0078,0.2326,-0.1280,0.0310,-0.3877,0.7910,0.1047,0.5000,-0.2000,-1.6078,0.9031,-1.1038,-0.4662,0.2000,1.2411,-0.9152,1.4556,124.0521,-4.3011,5.1647,-6.6631,5.4234,-0.6621,6.4276,-2.3576,14.3375,6.9382,0.5833,0.16
6.5945,0.0000,0.0000,0.0000,0.0000,0.0000,0.0000,0.3224,0.8266,0.8424,-0.1113,-0.0007,-0.9938,0.4936,-0.2236,-1.4761,0.9225,-1.2089,-0.4552,0.1840,1.2677,-0.9008,1.4439,0.0388,-0.0194,-1.0314,-0.0659,0.3606,-0.2482,0.0349,-0.1667,0.5894,0.0349,0.5000,-0.2000,-1.6078,0.9209,-1.1562,-0.4685,0.2000,1.2615,-0.9198,1.4485,123.4618,-4.0664,5.0532,-6.5718,5.2618,-0.6846,6.4714,-2.3774,14.2659,6.8453,0.6111,0.16
6.6185,0.0000,0.0000,0.0000,0.0000,0.0000,0.0000,0.2550,0.9600,0.7881,-0.0903,-0.0057,-0.9959,0.4939,-0.2238,-1.4976,0.9212,-1.2053,-0.4600,0.1857,1.2672,-0.8884,1.4467,0.0853,-0.0659,-0.9034,-0.0737,-0.0271,-0.1124,0.0465,0.0078,0.4265,0.0775,0.5000,-0.2000,-1.5772,0.9722,-1.1689,-0.4686,0.2000,1.2819,-0.9239,1.4414,122.7740,-3.8132,4.9303,-6.4661,5.0773,-0.6862,6.5090,-2.3904,14.1674,6.7461,0.6389,0.16
6.6415,0.0000,0.0000,0.0000,0.0000,0.0000,0.0000,0.1362,0.9384,0.6954,-0.0673,-0.0098,-0.9977,0.4940,-0.2240,-1.5136,0.9251,-1.2056,-0.4654,0.1874,1.2695,-0.8800,1.4487,0.0039,-0.0194,-0.6165,0.2559,-0.0504,-0.1628,0.0775,0.1396,0.3722,0.0775,0.5000,-0.2000,-1.5467,1.0200,-1.1813,-0.4680,0.2000,1.3022,-0.9276,1.4342,122.0567,-3.5689,4.7858,-6.3343,4.8889,-0.6803,6.5495,-2.4149,14.0652,6.6277,0.6667,0.17
6.6655,0.0000,0.0000,0.0000,0.0000,0.0000,0.0000,0.1038,0.6276,0.4808,-0.0522,-0.0129,-0.9986,0.4940,-0.2247,-1.5248,0.9368,-1.2075,-0.4696,0.1890,1.2736,-0.8735,1.4506,0.0427,-0.0310,-0.4110,0.6785,-0.0582,-0.1008,0.0620,0.1047,0.1861,-0.0582,0.5000,-0.2000,-1.5161,1.0621,-1.1931,-0.4654,0.2000,1.3226,-0.9306,1.4271,121.3782,-3.2699,4.6145,-6.1825,4.6607,-0.6538,6.6182,-2.4647,13.9912,6.4965,0.6944,0.17
6.6885,0.0000,0.0000,0.0000,0.0000,0.0000,0.0000,0.0702,0.3920,0.1085,-0.0423,-0.0159,-0.9990,0.4935,-0.2258,-1.5303,0.9537,-1.2095,-0.4722,0.1900,1.2762,-0.8701,1.4516,-0.0427,0.0349,-0.1861,0.8491,-0.0853,-0.0349,0.0000,0.0659,0.0582,-0.0155,0.5000,-0.2000,-1.4856,1.0966,-1.2039,-0.4586,0.2000,1.3430,-0.9331,1.4200,120.7735,-2.9684,4.4399,-6.0165,4.4177,-0.5855,6.7103,-2.5255,13.9118,6.3642,0.7222,0.17
6.7125,0.0000,0.0000,0.0000,0.0000,0.0000,0.0000,0.0160,0.2372,-0.4012,-0.0366,-0.0200,-0.9991,0.4932,-0.2274,-1.5313,0.9745,-1.2115,-0.4721,0.1907,1.2782,-0.8700,1.4514,0.0349,-0.1551,0.1086,0.9810,-0.1163,0.0698,0.0582,0.1512,-0.0116,-0.0271,0.5000,-0.2000,-1.4550,1.1217,-1.2136,-0.4483,0.2000,1.3633,-0.9348,1.4128,120.3074,-2.6960,4.2728,-5.8396,4.1969,-0.4831,6.8135,-2.5991,13.8433,6.2307,0.7500,0.17
6.7365,0.0000,0.0000,0.0000,0.0000,0.0000,0.0000,-0.0300,0.1964,-0.9094,-0.0316,-0.0222,-0.9993,0.4925,-0.2285,-1.5261,0.9982,-1.2135,-0.4686,0.1910,1.2822,-0.8707,1.4505,0.0427,0.0233,0.2947,1.0391,-0.0620,0.2482,-0.0310,0.1784,-0.0659,-0.0659,0.5000,-0.2000,-1.4244,1.1364,-1.2221,-0.4368,0.2000,1.3837,-0.9358,1.4057,119.9795,-2.4486,4.1095,-5.6613,3.9988,-0.3675,6.9483,-2.6814,13.7720,6.0996,0.7778,0.17
6.7605,0.0000,0.0000,0.0000,0.0000,0.0000,0.0000,0.0404,0.2040,-1.3160,-0.0258,-0.0241,-0.9994,0.4931,-0.2289,-1.5143,1.0168,-1.2142,-0.4611,0.1908,1.2883,-0.8716,1.4486,0.0969,-0.0000,0.5739,0.7328,0.1551,0.4885,0.0427,0.2714,-0.0271,-0.1163,0.5000,-0.2000,-1.3939,1.1398,-1.2293,-0.4268,0.2000,1.4041,-0.9360,1.3986,119.7654,-2.2665,3.9939,-5.5406,3.8446,-0.2684,7.0655,-2.7494,13.7200,6.0249,0.8056,0.17
6.7855,0.0000,0.0000,0.0000,0.0000,0.0000,0.0000,0.1049,0.2475,-1.1935,-0.0175,-0.0298,-0.9994,0.4960,-0.2289,-1.4986,1.0284,-1.2128,-0.4523,0.1901,1.2991,-0.8749,1.4447,0.0427,0.0310,0.6514,0.4692,0.1124,0.3645,-0.0039,0.4885,-0.2288,-0.2598,0.5000,-0.2000,-1.3633,1.1318,-1.2352,-0.4224,0.2000,1.4244,-0.9355,1.3914,119.4472,-2.1879,3.9279,-5.4874,3.7725,-0.2235,7.1098,-2.7692,13.6622,6.0049,0.8333,0.17
6.8095,0.0000,0.0000,0.0000,0.0000,0.0000,0.0000,0.0624,0.2122,-1.1894,-0.0093,-0.0326,-0.9994,0.4972,-0.2288,-1.4815,1.0358,-1.2109,-0.4461,0.1892,1.3122,-0.8796,1.4398,0.0465,0.0892,0.8453,0.1124,0.1047,0.1939,-0.0814,0.6049,-0.2133,-0.2792,0.5000,-0.2000,-1.3328,1.1129,-1.2398,-0.4193,0.2000,1.4448,-0.9342,1.3842,119.1559,-2.1973,3.8777,-5.4358,3.7577,-0.1933,7.1300,-2.7934,13.6190,5.9997,0.8611,0.17
6.8325,0.0000,0.0000,0.0000,0.0000,0.0000,0.0000,0.0437,0.1808,-1.2841,-0.0029,-0.0352,-0.9994,0.4985,-0.2288,-1.4615,1.0374,-1.2096,-0.4417,0.1881,1.3262,-0.8839,1.4343,0.0155,0.0310,0.9810,-0.0116,0.0310,0.2171,-0.0504,0.6824,-0.1435,-0.2559,0.5000,-0.2000,-1.3022,1.0839,-1.2432,-0.4174,0.2000,1.4652,-0.9322,1.3742,118.9783,-2.2624,3.8519,-5.3924,3.8037,-0.1735,7.1448,-2.8167,13.5944,5.9928,0.8889,0.16
6.8555,0.0000,0.0000,0.0000,0.0000,0.0000,0.0000,0.0059,0.2376,-1.3914,0.0051,-0.0358,-0.9993,0.4988,-0.2288,-1.4383,1.0338,-1.2088,-0.4382,0.1867,1.3421,-0.8872,1.4278,-0.0271,0.0039,1.1555,-0.3218,-0.0271,0.1822,-0.1047,0.7561,-0.1047,-0.3684,0.5000,-0.2000,-1.2717,1.0461,-1.2456,-0.4167,0.2000,1.4856,-0.9295,1.3641,118.9352,-2.4006,3.8628,-5.3725,3.9185,-0.1672,7.1413,-2.8324,13.5907,6.0063,0.9167,0.17
6.8815,0.0000,0.0000,0.0000,0.0000,0.0000,0.0000,-0.0178,0.2824,-1.4892,0.0137,-0.0355,-0.9993,0.4992,-0.2290,-1.4110,1.0238,-1.2089,-0.4350,0.1857,1.3613,-0.8887,1.4190,0.0233,-0.0039,1.2563,-0.5157,0.0582,0.1745,-0.1008,0.8142,-0.0000,-0.3916,0.5000,-0.2000,-1.2411,1.0014,-1.2472,-0.4184,0.2000,1.5059,-0.9262,1.3541,119.0749,-2.6109,3.9103,-5.3819,4.0880,-0.1839,7.1224,-2.8405,13.6117,6.0412,0.9444,0.17
6.9045,0.0000,0.0000,0.0000,0.0000,0.0000,0.0000,-0.0662,0.3551,-1.5935,0.0246,-0.0361,-0.9990,0.4995,-0.2293,-1.3809,1.0074,-1.2092,-0.4319,0.1853,1.3825,-0.8882,1.4100,0.0271,-0.0659,1.1167,-0.7949,-0.0155,0.0892,-0.0271,0.8763,0.1280,-0.4808,0.5000,-0.2000,-1.2106,0.9519,-1.2483,-0.4216,0.2000,1.5263,-0.9223,1.3440,119.4047,-2.8917,3.9961,-5.4192,4.3125,-0.2159,7.0794,-2.8347,13.6633,6.0978,0.9722,0.17
6.9285,0.0000,0.0000,0.0000,0.0000,0.0000,0.0000,-0.0915,0.3779,-1.6284,0.0353,-0.0348,-0.9988,0.4999,-0.2299,-1.3513,0.9868,-1.2101,-0.4301,0.1851,1.4036,-0.8866,1.4006,0.0931,-0.0000,1.2524,-1.1671,-0.0233,0.0388,-0.0271,0.8181,0.0969,-0.5545,0.5000,-0.2000,-1.1800,0.9000,-1.2770,-0.4279,0.2000,1.5467,-0.9180,1.3340,119.9013,-3.2121,4.1077,-5.4916,4.5764,-0.2787,7.0290,-2.8262,13.7452,6.1820,0.0000,0.16
6.9525,0.0000,0.0000,0.0000,0.0000,0.0000,0.0000,-0.1461,0.4644,-1.6199,0.0475,-0.0341,-0.9983,0.5003,-0.2309,-1.3177,0.9586,-1.2149,-0.4288,0.1852,1.4289,-0.8838,1.3889,-0.0194,0.0349,1.4773,-1.2873,-0.2792,0.0233,-0.0427,0.8957,0.1473,-0.5351,0.5000,-0.2000,-1.2004,0.9052,-1.2699,-0.4368,0.2000,1.5670,-0.9133,1.3239,120.5207,-3.6025,4.2651,-5.6023,4.9018,-0.3680,6.9397,-2.7897,13.8458,6.2814,0.0278,0.16
6.9765,0.0000,0.0000,0.0000,0.0000,0.0000,0.0000,-0.1617,0.5318,-1.5226,0.0610,-0.0289,-0.9977,0.5012,-0.2320,-1.2882,0.9309,-1.2209,-0.4286,0.1852,1.4528,-0.8802,1.3779,0.1241,-0.0543,0.9267,-0.9500,-0.1047,-0.0000,0.0194,1.0236,0.2171,-0.5312,0.5000,-0.2000,-1.2207,0.9103,-1.2627,-0.4489,0.2000,1.5874,-0.9083,1.3139,121.3253,-4.0437,4.4413,-5.7175,5.2577,-0.4892,6.8410,-2.7496,13.9714,6.3805,0.0556,0.16
7.0016,0.0000,0.0000,0.0000,0.0000,0.0000,0.0000,-0.1126,0.6114,-1.3093,0.0757,-0.0243,-0.9968,0.5021,-0.2320,-1.2700,0.9112,-1.2228,-0.4307,0.1851,1.4783,-0.8757,1.3647,0.0582,0.0775,0.5894,-0.7328,0.0582,-0.0892,-0.0155,1.1128,0.1745,-0.5583,0.5000,-0.2000,-1.2411,0.9152,-1.2556,-0.4614,0.2000,1.6078,-0.9031,1.3038,122.1583,-4.4347,4.6049,-5.8410,5.5776,-0.6136,6.7619,-2.7145,14.1057,6.4783,0.0833,0.20
7.0275,0.0000,0.0000,0.0000,0.0000,0.0000,0.0000,-0.0906,0.6516,-1.1043,0.0921,-0.0183,-0.9956,0.5026,-0.2314,-1.2585,0.8951,-1.2220,-0.4362,0.1849,1.5079,-0.8723,1.3514,0.0039,-0.0078,0.2443,-0.5041,0.0775,-0.2482,-0.0620,1.0546,0.1706,-0.5932,0.5000,-0.2000,-1.2615,0.9198,-1.2485,-0.4716,0.2000,1.6078,-0.9209,1.3562,122.9803,-4.8262,4.7762,-5.9756,5.8889,-0.7163,6.6460,-2.6548,14.2421,6.5897,0.1111,0.22
7.0515,0.0000,0.0000,0.0000,0.0000,0.0000,0.0000,-0.0446,0.6791,-0.9180,0.1087,-0.0124,-0.9940,0.5029,-0.2296,-1.2537,0.8856,-1.2194,-0.4442,0.1846,1.5317,-0.8713,1.3459,0.0388,0.0620,0.0427,-0.2210,0.1745,-0.3257,-0.0039,0.8918,-0.0504,0.0775,0.5000,-0.2000,-1.2819,0.9239,-1.2414,-0.4807,0.2000,1.5772,-0.9722,1.3689,123.7948,-5.1616,4.9297,-6.0950,6.1575,-0.8069,6.5464,-2.5945,14.3546,6.6945,0.1389,0.20
7.0755,0.0000,0.0000,0.0000,0.0000,0.0000,0.0000,-0.0333,0.7039,-0.7343,0.1250,-0.0073,-0.9921,0.5035,-0.2273,-1.2528,0.8799,-1.2155,-0.4516,0.1841,1.5485,-0.8757,1.3489,0.0814,0.0620,-0.0194,-0.1047,0.2365,-0.2326,-0.0155,0.6126,-0.3141,0.1435,0.5000,-0.2000,-1.3022,0.9276,-1.2342,-0.4891,0.2000,1.5467,-1.0200,1.3813,124.6089,-5.5062,5.0835,-6.2207,6.4332,-0.8906,6.4320,-2.5313,14.4863,6.8086,0.1667,0.19
7.0995,0.0000,0.0000,0.0000,0.0000,0.0000,0.0000,-0.1080,0.4517,-0.4822,0.1363,-0.0003,-0.9907,0.5042,-0.2251,-1.2544,0.8771,-1.2109,-0.4581,0.1835,1.5603,-0.8874,1.3556,0.0969,0.0814,-0.0310,-0.0039,0.2482,-0.3373,-0.0349,0.2792,-0.6708,0.3684,0.5000,-0.2000,-1.3226,0.9306,-1.2271,-0.4962,0.2000,1.5161,-1.0621,1.3931,125.3513,-5.7937,5.2152,-6.3451,6.6582,-0.9621,6.3171,-2.4692,14.6102,6.9252,0.1944,0.18
7.1235,0.0000,0.0000,0.0000,0.0000,0.0000,0.0000,-0.1214,0.1161,-0.0644,0.1387,0.0047,-0.9903,0.5051,-0.2235,-1.2552,0.8782,-1.2072,-0.4651,0.1827,1.5636,-0.9060,1.3650,0.0543,0.0931,-0.0155,0.1280,0.0892,-0.2869,-0.0388,0.0698,-0.9189,0.3684,0.5000,-0.2000,-1.3430,0.9331,-1.2200,-0.5000,0.2000,1.4856,-1.0966,1.4039,125.9344,-6.0225,5.3466,-6.4989,6.8356,-1.0394,6.2054,-2.4020,14.7179,7.0490,0.2222,0.17
7.1475,0.0000,0.0000,0.0000,0.0000,0.0000,0.0000,-0.1704,-0.0707,0.4432,0.1361,0.0093,-0.9907,0.5066,-0.2223,-1.2567,0.8822,-1.2039,-0.4725,0.1826,1.5606,-0.9279,1.3773,0.1047,0.0814,-0.1357,0.1784,0.1939,-0.2288,-0.0310,-0.2675,-0.9693,0.5777,0.5000,-0.2000,-1.3633,0.9348,-1.2128,-0.5000,0.2000,1.4550,-1.1217,1.4136,126.3812,-6.2762,5.4903,-6.6619,7.0018,-1.1156,6.0851,-2.3210,14.7781,7.1849,0.2500,0.17
7.1714,0.0000,0.0000,0.0000,0.0000,0.0000,0.0000,-0.1954,-0.0770,0.8818,0.1336,0.0121,-0.9910,0.5072,-0.2214,-1.2612,0.8878,-1.2002,-0.4803,0.1827,1.5515,-0.9502,1.3923,0.0349,0.0039,-0.3296,0.2520,0.2016,-0.3490,0.0194,-0.5196,-0.8491,0.5932,0.5000,-0.2000,-1.3837,0.9358,-1.2057,-0.5000,0.2000,1.4244,-1.1364,1.4221,126.7311,-6.5251,5.6252,-6.8123,7.1543,-1.1746,5.9817,-2.2478,14.8238,7.2991,0.2778,0.17
7.1945,0.0000,0.0000,0.0000,0.0000,0.0000,0.0000,-0.2178,-0.0230,1.1459,0.1328,0.0151,-0.9910,0.5081,-0.2211,-1.2692,0.8929,-1.1965,-0.4894,0.1828,1.5395,-0.9695,1.4070,0.1086,0.0465,-0.5157,0.2753,0.2365,-0.3567,0.0233,-0.6669,-0.6902,0.6785,0.5000,-0.2000,-1.4041,0.9360,-1.1986,-0.5000,0.2000,1.3939,-1.1398,1.4293,127.0378,-6.7111,5.7321,-6.9249,7.2658,-1.2137,5.9069,-2.1929,14.8627,7.3845,0.3056,0.17
7.2174,0.0000,0.0000,0.0000,0.0000,0.0000,0.0000,-0.2080,0.0211,1.3546,0.1330,0.0167,-0.9910,0.5106,-0.2212,-1.2812,0.8980,-1.1926,-0.4975,0.1827,1.5231,-0.9859,1.4219,0.2133,-0.0000,-0.6398,0.2869,0.2249,-0.3024,-0.0310,-0.7251,-0.6785,0.6553,0.5000,-0.2000,-1.4244,0.9355,-1.1914,-0.5000,0.2000,1.3633,-1.1318,1.4352,127.2897,-6.8284,5.8164,-7.0172,7.3403,-1.2436,5.8506,-2.1482,14.8952,7.4490,0.3333,0.17
7.2405,0.0000,0.0000,0.0000,0.0000,0.0000,0.0000,-0.2317,0.0993,1.5424,0.1348,0.0180,-0.9907,0.5124,-0.2215,-1.2953,0.9020,-1.1878,-0.5030,0.1824,1.5028,-0.9972,1.4358,0.0620,0.0543,-0.7328,0.1357,0.2714,-0.1745,-0.0116,-1.0702,-0.4420,0.5506,0.5000,-0.2000,-1.4448,0.9342,-1.1842,-0.5000,0.2000,1.3328,-1.1129,1.4398,127.4691,-6.9236,5.8872,-7.0991,7.3867,-1.2665,5.8058,-2.1014,14.9020,7.5081,0.3611,0.16
7.2654,0.0000,0.0000,0.0000,0.0000,0.0000,0.0000,-0.2302,0.2424,1.7301,0.1399,0.0184,-0.9900,0.5141,-0.2223,-1.3141,0.9046,-1.1825,-0.5068,0.1816,1.4762,-1.0040,1.4493,0.1047,0.0775,-0.8414,0.0853,0.2830,-0.1318,-0.0698,-1.1361,-0.1124,0.4537,0.5000,-0.2000,-1.4652,0.9322,-1.1742,-0.5000,0.2000,1.3022,-1.0839,1.4432,127.5570,-6.9633,5.9379,-7.1656,7.4049,-1.2951,5.7807,-2.0680,14.8981,7.5426,0.3889,0.17
7.2894,0.0000,0.0000,0.0000,0.0000,0.0000,0.0000,-0.2487,0.3806,1.9539,0.1493,0.0177,-0.9886,0.5151,-0.2235,-1.3341,0.9046,-1.1753,-0.5110,0.1805,1.4511,-1.0049,1.4602,0.0233,0.0349,-0.9306,0.0543,0.3141,-0.1822,-0.1086,-1.3222,0.1163,0.4885,0.5000,-0.2000,-1.4856,0.9295,-1.1641,-0.5000,0.2000,1.2717,-1.0461,1.4456,127.5251,-6.9870,5.9795,-7.2234,7.4143,-1.3296,5.7487,-2.0247,14.8633,7.5680,0.4167,0.17
7.3144,0.0000,0.0000,0.0000,0.0000,0.0000,0.0000,-0.3113,0.5163,2.1548,0.1617,0.0173,-0.9867,0.5156,-0.2246,-1.3598,0.9026,-1.1663,-0.5142,0.1792,1.4190,-1.0002,1.4703,0.0659,-0.0504,-1.1167,-0.0543,0.3218,-0.0775,-0.1202,-1.3803,0.3761,0.4188,0.5000,-0.2000,-1.5059,0.9262,-1.1541,-0.5000,0.2000,1.2411,-1.0014,1.4472,127.3857,-6.9702,5.9962,-7.2510,7.4059,-1.3836,5.7317,-1.9975,14.8203,7.5690,0.4444,0.17
7.3375,0.0000,0.0000,0.0000,0.0000,0.0000,0.0000,-0.2362,0.6092,2.3042,0.1770,0.0140,-0.9841,0.5161,-0.2250,-1.3848,0.8984,-1.1569,-0.5163,0.1779,1.3877,-0.9888,1.4773,0.0310,0.0349,-1.1593,-0.1822,0.3955,-0.0039,-0.1163,-1.5548,0.6669,0.2443,0.5000,-0.2000,-1.5263,0.9223,-1.1440,-0.5000,0.2000,1.2106,-0.9519,1.4483,127.1392,-6.8809,5.9911,-7.2758,7.3609,-1.4507,5.7421,-1.9829,14.7769,7.5552,0.4722,0.17
7.3624,0.0000,0.0000,0.0000,0.0000,0.0000,0.0000,-0.2162,0.7425,2.4320,0.1936,0.0089,-0.9810,0.5161,-0.2249,-1.4127,0.8919,-1.1470,-0.5174,0.1777,1.3511,-0.9708,1.4819,0.0814,0.0388,-1.1710,-0.3179,0.4885,-0.0388,-0.0155,-1.6363,0.9189,0.0931,0.5000,-0.2000,-1.5467,0.9180,-1.1340,-0.5000,0.2000,1.1800,-0.9000,1.4770,126.7868,-6.7744,5.9658,-7.2743,7.3107,-1.5248,5.7554,-1.9743,14.7118,7.5206,0.5000,0.20
7.3865,0.0000,0.0000,0.0000,0.0000,0.0000,0.0000,-0.1802,0.8473,2.5288,0.2138,0.0016,-0.9769,0.5161,-0.2246,-1.4429,0.8845,-1.1358,-0.5180,0.1781,1.3120,-0.9472,1.4878,-0.0078,0.0504,-1.2679,-0.1900,0.4730,0.0969,-0.0853,-1.6711,1.1516,0.2986,0.5000,-0.2000,-1.5670,0.9133,-1.1239,-0.5000,0.2000,1.2004,-0.9052,1.4699,126.3343,-6.6110,5.9159,-7.2451,7.2434,-1.6183,5.7965,-1.9780,14.6261,7.4433,0.5278,0.18
7.4114,0.0000,0.0000,0.0000,0.0000,0.0000,0.0000,-0.0795,0.7095,2.5934,0.2349,-0.0092,-0.9720,0.5158,-0.2237,-1.4721,0.8774,-1.1252,-0.5178,0.1790,1.2753,-0.9265,1.4949,0.0078,0.0853,-1.1748,-0.3800,0.4149,0.0388,0.1008,-1.3377,0.6436,0.1512,0.5000,-0.2000,-1.5874,0.9083,-1.1139,-0.5000,0.2000,1.2207,-0.9103,1.4627,125.7329,-6.3351,5.8179,-7.1834,7.1174,-1.7140,5.8500,-2.0054,14.5582,7.3502,0.5556,0.17
7.4345,0.0000,0.0000,0.0000,0.0000,0.0000,0.0000,-0.2045,0.4971,2.4198,0.2500,-0.0213,-0.9680,0.5148,-0.2232,-1.4981,0.8703,-1.1166,-0.5172,0.1815,1.2484,-0.9153,1.4981,-0.0000,-0.0194,-1.1787,-0.2792,0.3490,0.0659,0.1512,-1.2059,0.3179,-0.0465,0.5000,-0.2000,-1.6078,0.9031,-1.1038,-0.5000,0.2000,1.2411,-0.9152,1.4556,125.0984,-6.0659,5.6937,-7.0643,6.9671,-1.7502,5.8930,-2.0399,14.4754,7.2279,0.5833,0.17
7.4594,0.0000,0.0000,0.0000,0.0000,0.0000,0.0000,-0.2683,0.4287,2.1620,0.2607,-0.0297,-0.9650,0.5146,-0.2229,-1.5244,0.8642,-1.1113,-0.5155,0.1861,1.2254,-0.9121,1.4978,0.0271,0.0969,-1.1904,-0.1939,0.1628,0.1086,0.1861,-0.7832,0.0388,-0.0504,0.5000,-0.2000,-1.6078,0.9209,-1.1562,-0.5000,0.2000,1.2615,-0.9198,1.4485,124.4137,-5.6786,5.5311,-6.9074,6.7350,-1.7404,5.9905,-2.1013,14.3895,7.0661,0.6111,0.18
7.4834,0.0000,0.0000,0.0000,0.0000,0.0000,0.0000,-0.1288,0.4293,1.7667,0.2727,-0.0426,-0.9611,0.5136,-0.2233,-1.5512,0.8625,-1.1160,-0.5126,0.1902,1.2113,-0.9126,1.4959,0.0194,-0.0078,-1.0818,0.1280,-0.4459,0.1590,0.1357,-0.3722,-0.0969,-0.1628,0.5000,-0.2000,-1.5772,0.9722,-1.1689,-0.5000,0.2000,1.2819,-0.9239,1.4414,123.6732,-5.1976,5.3539,-6.7489,6.4286,-1.6749,6.1071,-2.1593,14.2933,6.8854,0.6389,0.18
7.5074,0.0000,0.0000,0.0000,0.0000,0.0000,0.0000,-0.1397,0.0933,1.1837,0.2777,-0.0508,-0.9593,0.5122,-0.2234,-1.5678,0.8677,-1.1258,-0.5092,0.1937,1.2056,-0.9151,1.4915,-0.0543,0.0582,-0.6243,0.4963,-0.4381,0.2016,0.0543,-0.2443,-0.1124,-0.2598,0.5000,-0.2000,-1.5467,1.0200,-1.1813,-0.5000,0.2000,1.3022,-0.9276,1.4342,122.9831,-4.7131,5.1400,-6.5464,6.0850,-1.5711,6.2294,-2.2414,14.2016,6.7051,0.6667,0.17
7.5315,0.0000,0.0000,0.0000,0.0000,0.0000,0.0000,-0.0245,-0.2749,0.5562,0.2737,-0.0548,-0.9602,0.5099,-0.2233,-1.5775,0.8826,-1.1364,-0.5052,0.1955,1.2017,-0.9203,1.4858,-0.0194,0.0388,-0.2288,0.6940,-0.4032,0.1318,-0.0233,-0.0233,-0.2249,-0.2830,0.5000,-0.2000,-1.5161,1.0621,-1.1931,-0.5000,0.2000,1.3226,-0.9306,1.4271,122.3491,-4.1928,4.9178,-6.3500,5.6953,-1.4283,6.3828,-2.3385,14.1228,6.5321,0.6944,0.17
7.5554,0.0000,0.0000,0.0000,0.0000,0.0000,0.0000,0.0303,-0.5526,-0.1304,0.2643,-0.0564,-0.9628,0.5080,-0.2228,-1.5784,0.9008,-1.1439,-0.5034,0.1962,1.2014,-0.9271,1.4789,-0.0737,0.0465,0.1241,0.9926,-0.2753,0.0388,0.0000,0.0543,-0.2792,-0.3722,0.5000,-0.2000,-1.4856,1.0966,-1.2039,-0.5000,0.2000,1.3430,-0.9331,1.4200,121.8329,-3.7482,4.7038,-6.1485,5.3401,-1.2546,6.5312,-2.4343,14.0423,6.3669,0.7222,0.17
7.5804,0.0000,0.0000,0.0000,0.0000,0.0000,0.0000,0.0171,-0.7463,-0.7816,0.2510,-0.0528,-0.9665,0.5072,-0.2216,-1.5718,0.9223,-1.1497,-0.5026,0.1959,1.2068,-0.9352,1.4702,-0.0310,0.0504,0.3684,0.9771,-0.2094,0.0543,-0.0388,0.3257,-0.3218,-0.3528,0.5000,-0.2000,-1.4550,1.1217,-1.2136,-0.5000,0.2000,1.3633,-0.9348,1.4128,121.4317,-3.3558,4.5065,-5.9542,5.0056,-1.0689,6.6833,-2.5318,13.9693,6.2253,0.7500,0.17
7.6035,0.0000,0.0000,0.0000,0.0000,0.0000,0.0000,0.0375,-0.8404,-1.2215,0.2347,-0.0459,-0.9710,0.5076,-0.2204,-1.5595,0.9442,-1.1554,-0.5021,0.1943,1.2161,-0.9417,1.4614,0.0620,0.0116,0.4963,0.8647,-0.1590,0.0116,-0.0775,0.4769,-0.2908,-0.3877,0.5000,-0.2000,-1.4244,1.1364,-1.2221,-0.4893,0.2000,1.3837,-0.9358,1.4057,121.1021,-3.0434,4.3449,-5.8007,4.7182,-0.8934,6.8114,-2.6102,13.9022,6.1271,0.7778,0.17
7.6284,0.0000,0.0000,0.0000,0.0000,0.0000,0.0000,0.0934,-0.8405,-1.4657,0.2201,-0.0387,-0.9747,0.5080,-0.2203,-1.5438,0.9657,-1.1602,-0.5013,0.1924,1.2312,-0.9462,1.4520,0.0775,0.0427,0.7406,0.7251,-0.1163,0.1008,-0.1124,0.6281,-0.0931,-0.3800,0.5000,-0.2000,-1.3939,1.1398,-1.2293,-0.4748,0.2000,1.4041,-0.9360,1.3986,120.7878,-2.8215,4.2197,-5.6892,4.4946,-0.7481,6.9138,-2.6698,13.8372,6.0671,0.8056,0.17
7.6524,0.0000,0.0000,0.0000,0.0000,0.0000,0.0000,0.1424,-0.8199,-1.7630,0.2037,-0.0316,-0.9785,0.5081,-0.2209,-1.5253,0.9851,-1.1654,-0.4988,0.1887,1.2471,-0.9476,1.4441,0.0543,-0.0737,0.7561,0.6669,-0.1163,0.1861,-0.1667,0.7212,-0.0310,-0.3063,0.5000,-0.2000,-1.3633,1.1318,-1.2352,-0.4619,0.2000,1.4244,-0.9355,1.3914,120.5700,-2.6806,4.1166,-5.5792,4.3457,-0.6193,7.0001,-2.7281,13.7921,6.0117,0.8333,0.18
7.6764,0.0000,0.0000,0.0000,0.0000,0.0000,0.0000,0.1450,-0.7373,-1.9783,0.1886,-0.0250,-0.9817,0.5081,-0.2223,-1.5051,0.9986,-1.1702,-0.4947,0.1859,1.2666,-0.9468,1.4385,0.0388,-0.0504,0.8995,0.5002,-0.1280,0.2714,-0.1473,0.7987,0.1435,-0.2249,0.5000,-0.2000,-1.3328,1.1129,-1.2398,-0.4505,0.2000,1.4448,-0.9342,1.3842,120.4273,-2.6063,4.0395,-5.4918,4.2481,-0.5054,7.0721,-2.7758,13.7495,5.9883,0.8611,0.17
7.7004,0.0000,0.0000,0.0000,0.0000,0.0000,0.0000,0.1779,-0.6232,-2.1258,0.1754,-0.0203,-0.9843,0.5083,-0.2254,-1.4832,1.0077,-1.1764,-0.4893,0.1829,1.2869,-0.9434,1.4340,0.0039,-0.1241,0.9616,0.2249,-0.1745,0.2637,-0.2171,0.7794,0.2520,-0.2288,0.5000,-0.2000,-1.3022,1.0839,-1.2432,-0.4416,0.2000,1.4652,-0.9322,1.3742,120.3747,-2.6110,4.0011,-5.4391,4.2216,-0.4155,7.1157,-2.8082,13.7293,5.9911,0.8889,0.17
7.7244,0.0000,0.0000,0.0000,0.0000,0.0000,0.0000,0.2224,-0.5868,-2.2599,0.1631,-0.0182,-0.9864,0.5084,-0.2289,-1.4582,1.0109,-1.1825,-0.4842,0.1809,1.3096,-0.9371,1.4307,-0.0000,-0.1706,1.1826,0.0194,-0.2443,0.2947,-0.0582,0.8414,0.3257,-0.1822,0.5000,-0.2000,-1.2717,1.0461,-1.2456,-0.4356,0.2000,1.4856,-0.9295,1.3641,120.4287,-2.6681,3.9865,-5.4139,4.2439,-0.3557,7.1448,-2.8361,13.7311,6.0167,0.9167,0.17
7.7474,0.0000,0.0000,0.0000,0.0000,0.0000,0.0000,0.2236,-0.5430,-2.4049,0.1519,-0.0173,-0.9882,0.5084,-0.2324,-1.4305,1.0084,-1.1887,-0.4777,0.1790,1.3334,-0.9291,1.4271,-0.0427,-0.1939,1.2330,-0.1706,-0.1784,0.2792,-0.0853,1.0197,0.3839,-0.2016,0.5000,-0.2000,-1.2411,1.0014,-1.2472,-0.4322,0.2000,1.5059,-0.9262,1.3541,120.6302,-2.8021,3.9996,-5.4059,4.3309,-0.3218,7.1600,-2.8644,13.7633,6.0477,0.9444,0.17
7.7714,0.0000,0.0000,0.0000,0.0000,0.0000,0.0000,0.2580,-0.5064,-2.5095,0.1426,-0.0188,-0.9896,0.5085,-0.2352,-1.3985,0.9997,-1.1949,-0.4715,0.1781,1.3597,-0.9187,1.4226,0.0310,-0.0775,1.4656,-0.5234,-0.2249,0.2598,-0.1124,1.0430,0.5351,-0.1977,0.5000,-0.2000,-1.2106,0.9519,-1.2483,-0.4312,0.2000,1.5263,-0.9223,1.3440,120.9715,-2.9828,4.0527,-5.4470,4.4579,-0.3119,7.1591,-2.8783,13.8192,6.1174,0.9722,0.17
7.7964,0.0000,0.0000,0.0000,0.0000,0.0000,0.0000,0.2326,-0.4551,-2.6017,0.1345,-0.0200,-0.9907,0.5084,-0.2369,-1.3638,0.9835,-1.2009,-0.4659,0.1782,1.3897,-0.9066,1.4167,0.0310,0.0233,1.5548,-0.8453,-0.1977,0.2520,0.0233,1.1787,0.4924,-0.2869,0.5000,-0.2000,-1.1800,0.9000,-1.2770,-0.4333,0.2000,1.5467,-0.9180,1.3340,121.4662,-3.2459,4.1359,-5.5092,4.6530,-0.3328,7.1282,-2.8819,13.9075,6.2014,0.0000,0.17
7.8224,0.0000,0.0000,0.0000,0.0000,0.0000,0.0000,0.2059,-0.4577,-2.6436,0.1265,-0.0202,-0.9918,0.5084,-0.2371,-1.3245,0.9612,-1.2104,-0.4609,0.1790,1.4202,-0.8942,1.4085,-0.0116,0.0271,1.6246,-1.0469,-0.5545,0.2443,-0.0271,1.1438,0.5816,-0.4110,0.5000,-0.2000,-1.2004,0.9052,-1.2699,-0.4380,0.2000,1.5670,-0.9133,1.3239,122.1047,-3.5644,4.2660,-5.6153,4.9040,-0.3796,7.0633,-2.8599,14.0265,6.3071,0.0278,0.16
7.8474,0.0000,0.0000,0.0000,0.0000,0.0000,0.0000,0.1475,-0.4802,-2.5308,0.1167,-0.0192,-0.9930,0.5083,-0.2371,-1.2923,0.9394,-1.2212,-0.4552,0.1800,1.4506,-0.8801,1.3943,-0.0737,-0.0039,1.1399,-0.7755,-0.3335,0.2171,0.0427,1.1787,0.5739,-0.8763,0.5000,-0.2000,-1.2207,0.9103,-1.2627,-0.4465,0.2000,1.5874,-0.9083,1.3139,122.8790,-3.9331,4.3997,-5.7133,5.1918,-0.4649,6.9941,-2.8455,14.1705,6.3967,0.0556,0.16
7.8724,0.0000,0.0000,0.0000,0.0000,0.0000,0.0000,-0.0184,-0.5437,-2.2227,0.1024,-0.0141,-0.9946,0.5080,-0.2371,-1.2677,0.9241,-1.2271,-0.4476,0.1806,1.4815,-0.8702,1.3706,-0.0116,0.0388,0.7716,-0.4110,-0.1241,0.3296,0.0155,1.1516,0.3218,-1.0469,0.5000,-0.2000,-1.2411,0.9152,-1.2556,-0.4561,0.2000,1.6078,-0.9031,1.3038,123.6352,-4.2895,4.5380,-5.8103,5.4794,-0.5612,6.9117,-2.8208,14.2970,6.4856,0.0833,0.16
7.8964,0.0000,0.0000,0.0000,0.0000,0.0000,0.0000,0.0525,-0.5301,-1.4363,0.0876,-0.0131,-0.9961,0.5072,-0.2369,-1.2535,0.9162,-1.2292,-0.4441,0.1802,1.5104,-0.8662,1.3446,0.0194,-0.0194,0.4381,-0.3141,0.0543,-0.0000,-0.0620,1.2020,0.0892,-1.0740,0.5000,-0.2000,-1.2615,0.9198,-1.2485,-0.4689,0.2000,1.6078,-0.9209,1.3562,124.1159,-4.5726,4.7080,-5.9990,5.7128,-0.6892,6.7940,-2.7507,14.4085,6.6209,0.1111,0.16
7.9194,0.0000,0.0000,0.0000,0.0000,0.0000,0.0000,-0.0333,-0.4479,-0.8784,0.0744,-0.0110,-0.9972,0.5071,-0.2363,-1.2482,0.9101,-1.2290,-0.4457,0.1790,1.5349,-0.8671,1.3291,-0.0465,0.0504,0.0659,-0.2598,0.0737,-0.1047,-0.0969,0.9887,-0.0465,-0.3839,0.5000,-0.2000,-1.2819,0.9239,-1.2414,-0.4787,0.2000,1.5772,-0.9722,1.3689,124.4576,-4.8774,4.8633,-6.1405,5.9389,-0.7873,6.6523,-2.6656,14.4645,6.7417,0.1389,0.16
7.9434,0.0000,0.0000,0.0000,0.0000,0.0000,0.0000,-0.1144,-0.4298,-0.3663,0.0633,-0.0078,-0.9980,0.5071,-0.2361,-1.2479,0.9035,-1.2259,-0.4494,0.1778,1.5509,-0.8727,1.3242,0.0427,0.0039,-0.0775,-0.2094,0.1628,-0.2520,-0.0116,0.6359,-0.4459,-0.1628,0.5000,-0.2000,-1.3022,0.9276,-1.2342,-0.4873,0.2000,1.5467,-1.0200,1.3813,124.7608,-5.1820,5.0066,-6.2704,6.1737,-0.8729,6.5067,-2.5884,14.5297,6.8544,0.1667,0.17
7.9664,0.0000,0.0000,0.0000,0.0000,0.0000,0.0000,-0.1613,-0.6352,0.1646,0.0482,-0.0031,-0.9988,0.5075,-0.2359,-1.2517,0.8987,-1.2219,-0.4553,0.1772,1.5607,-0.8870,1.3245,0.1047,0.0504,-0.2908,-0.0775,0.1590,-0.2637,-0.0737,0.2210,-0.8453,0.1202,0.5000,-0.2000,-1.3226,0.9306,-1.2271,-0.4945,0.2000,1.5161,-1.0621,1.3931,124.9974,-5.4086,5.1271,-6.3985,6.3453,-0.9449,6.3836,-2.5170,14.5837,6.9595,0.1944,0.17
7.9904,0.0000,0.0000,0.0000,0.0000,0.0000,0.0000,-0.1279,-0.9410,0.7078,0.0266,-0.0005,-0.9996,0.5074,-0.2358,-1.2575,0.8976,-1.2186,-0.4619,0.1771,1.5624,-0.9099,1.3280,0.0310,0.0465,-0.1977,0.0116,0.1435,-0.2792,0.0039,-0.0388,-1.1710,0.1861,0.5000,-0.2000,-1.3430,0.9331,-1.2200,-0.4998,0.2000,1.4856,-1.0966,1.4039,125.1062,-5.5650,5.2307,-6.5359,6.4513,-0.9977,6.2735,-2.4517,14.6280,7.0658,0.2222,0.19
8.0144,0.0000,0.0000,0.0000,0.0000,0.0000,0.0000,-0.1218,-1.1589,1.2541,-0.0026,0.0027,-1.0000,0.5072,-0.2356,-1.2649,0.8983,-1.2160,-0.4686,0.1768,1.5562,-0.9379,1.3334,0.0194,0.1124,-0.3528,0.1163,0.1280,-0.2326,-0.0271,-0.3606,-1.2175,0.1822,0.5000,-0.2000,-1.3633,0.9348,-1.2128,-0.5000,0.2000,1.4550,-1.1217,1.4136,125.1125,-5.7020,5.3259,-6.6659,6.5127,-1.0224,6.1797,-2.3877,14.6357,7.1652,0.2500,0.18
8.0374,0.0000,0.0000,0.0000,0.0000,0.0000,0.0000,-0.1347,-1.1922,1.7622,-0.0327,0.0076,-0.9994,0.5072,-0.2352,-1.2759,0.8988,-1.2120,-0.4741,0.1768,1.5446,-0.9667,1.3400,0.0155,0.0310,-0.5273,-0.0000,0.2559,-0.2133,0.0271,-0.6165,-1.1361,0.3141,0.5000,-0.2000,-1.3837,0.9358,-1.2057,-0.5000,0.2000,1.4244,-1.1364,1.4221,125.0412,-5.8341,5.4179,-6.7852,6.5498,-1.0229,6.0958,-2.3242,14.6178,7.2597,0.2778,0.18
8.0604,0.0000,0.0000,0.0000,0.0000,0.0000,0.0000,-0.0911,-1.1560,2.2334,-0.0602,0.0140,-0.9981,0.5068,-0.2343,-1.2898,0.8980,-1.2078,-0.4774,0.1770,1.5269,-0.9947,1.3475,-0.0543,0.1086,-0.6436,-0.0659,0.2714,-0.0775,0.0388,-0.9189,-1.1051,0.3179,0.5000,-0.2000,-1.4041,0.9360,-1.1986,-0.5000,0.2000,1.3939,-1.1398,1.4293,124.9008,-5.9215,5.4898,-6.8883,6.5642,-1.0144,6.0348,-2.2696,14.5885,7.3329,0.3056,0.18
8.0844,0.0000,0.0000,0.0000,0.0000,0.0000,0.0000,0.0187,-1.0779,2.5930,-0.0864,0.0208,-0.9960,0.5057,-0.2326,-1.3076,0.8952,-1.2064,-0.4802,0.1772,1.5034,-1.0211,1.3560,-0.0465,0.0659,-0.8647,-0.1280,0.0620,-0.0775,0.0271,-1.0857,-0.9926,0.4032,0.5000,-0.2000,-1.4244,0.9355,-1.1914,-0.4983,0.2000,1.3633,-1.1318,1.4352,124.6906,-5.9306,5.5433,-6.9731,6.5240,-0.9833,5.9904,-2.2205,14.5480,7.3856,0.3333,0.18
8.1084,0.0000,0.0000,0.0000,0.0000,0.0000,0.0000,0.2262,-0.9029,2.6430,-0.1112,0.0238,-0.9935,0.5005,-0.2312,-1.3274,0.8933,-1.2115,-0.4828,0.1771,1.4768,-1.0417,1.3666,-0.3179,0.0543,-0.8918,-0.0000,-0.2598,-0.0349,-0.0194,-1.0663,-0.6475,0.4730,0.5000,-0.2000,-1.4448,0.9342,-1.1842,-0.4927,0.2000,1.3328,-1.1129,1.4398,124.4558,-5.8358,5.5625,-7.0207,6.4269,-0.9268,5.9879,-2.1977,14.5161,7.3929,0.3611,0.17
8.1314,0.0000,0.0000,0.0000,0.0000,0.0000,0.0000,0.2584,-0.7519,2.1452,-0.1327,0.0254,-0.9908,0.4951,-0.2299,-1.3473,0.8951,-1.2189,-0.4839,0.1765,1.4500,-1.0540,1.3794,-0.0892,0.0892,-0.9344,0.1900,-0.2714,-0.0194,-0.0504,-1.2873,-0.2986,0.5622,0.5000,-0.2000,-1.4652,0.9322,-1.1742,-0.4810,0.2000,1.3022,-1.0839,1.4432,124.4101,-5.6820,5.5349,-6.9725,6.3017,-0.8101,6.0055,-2.2136,14.5088,7.3545,0.3889,0.17
8.1544,0.0000,0.0000,0.0000,0.0000,0.0000,0.0000,0.2669,-0.4869,1.7609,-0.1486,0.0271,-0.9885,0.4934,-0.2292,-1.3676,0.8979,-1.2248,-0.4835,0.1749,1.4218,-1.0567,1.3920,-0.1241,-0.0078,-0.7445,0.1706,-0.1473,0.1667,-0.1086,-1.1361,0.0969,0.5079,0.5000,-0.2000,-1.4856,0.9295,-1.1641,-0.4711,0.2000,1.2717,-1.0461,1.4456,124.4287,-5.5001,5.5035,-6.9328,6.1679,-0.7115,6.0527,-2.2339,14.5033,7.3056,0.4167,0.17
8.1784,0.0000,0.0000,0.0000,0.0000,0.0000,0.0000,0.2766,-0.1997,1.3700,-0.1573,0.0279,-0.9872,0.4922,-0.2286,-1.3873,0.9005,-1.2286,-0.4800,0.1733,1.3947,-1.0498,1.4031,0.0233,0.0698,-0.8957,0.1822,-0.1745,0.2792,-0.0620,-1.0663,0.5079,0.5157,0.5000,-0.2000,-1.5059,0.9262,-1.1541,-0.4617,0.2000,1.2411,-1.0014,1.4472,124.4747,-5.2840,5.4584,-6.8773,6.0095,-0.6170,6.1125,-2.2542,14.4843,7.2456,0.4444,0.17
8.2024,0.0000,0.0000,0.0000,0.0000,0.0000,0.0000,0.2641,0.0501,1.0296,-0.1595,0.0269,-0.9868,0.4921,-0.2282,-1.4046,0.9023,-1.2306,-0.4740,0.1717,1.3704,-1.0345,1.4133,0.0698,0.0582,-0.6785,0.1086,0.0194,0.2520,-0.1396,-1.2524,0.9228,0.4537,0.5000,-0.2000,-1.5263,0.9223,-1.1440,-0.4544,0.2000,1.2106,-0.9519,1.4483,124.5448,-5.0981,5.4156,-6.8344,5.8749,-0.5439,6.1630,-2.2707,14.4705,7.1968,0.4722,0.17
8.2254,0.0000,0.0000,0.0000,0.0000,0.0000,0.0000,0.2881,0.2251,0.7572,-0.1576,0.0252,-0.9872,0.4922,-0.2277,-1.4214,0.9042,-1.2308,-0.4683,0.1706,1.3431,-1.0115,1.4213,0.0039,-0.0116,-0.7445,0.1396,-0.0000,0.2830,-0.0582,-1.1593,1.1710,0.3024,0.5000,-0.2000,-1.5467,0.9180,-1.1340,-0.4512,0.2000,1.1800,-0.9000,1.4770,124.5614,-4.8822,5.3575,-6.7791,5.7419,-0.5119,6.2299,-2.2962,14.4597,7.1236,0.5000,0.17
8.2484,0.0000,0.0000,0.0000,0.0000,0.0000,0.0000,0.3228,0.4067,0.5816,-0.1512,0.0220,-0.9883,0.4923,-0.2270,-1.4369,0.9060,-1.2298,-0.4626,0.1702,1.3164,-0.9820,1.4311,0.0116,0.0427,-0.7251,0.1512,-0.0078,0.2908,-0.0659,-1.2291,1.4579,0.5467,0.5000,-0.2000,-1.5670,0.9133,-1.1239,-0.4510,0.2000,1.2004,-0.9052,1.4699,124.4907,-4.6527,5.2976,-6.7328,5.5961,-0.5097,6.3001,-2.3135,14.4180,7.0586,0.5278,0.17
8.2714,0.0000,0.0000,0.0000,0.0000,0.0000,0.0000,0.3462,0.5944,0.4968,-0.1410,0.0165,-0.9899,0.4925,-0.2261,-1.4527,0.9075,-1.2274,-0.4578,0.1703,1.2933,-0.9527,1.4413,0.0659,0.0427,-0.6785,0.0504,0.1628,0.1977,0.0194,-0.8336,1.0508,0.3645,0.5000,-0.2000,-1.5874,0.9083,-1.1139,-0.4547,0.2000,1.2207,-0.9103,1.4627,124.2975,-4.4239,5.2133,-6.6691,5.4789,-0.5466,6.3686,-2.3461,14.3915,6.9809,0.5556,0.17
8.2954,0.0000,0.0000,0.0000,0.0000,0.0000,0.0000,0.3011,0.7583,0.4200,-0.1258,0.0114,-0.9920,0.4928,-0.2251,-1.4696,0.9078,-1.2227,-0.4555,0.1708,1.2797,-0.9288,1.4469,0.0698,0.0271,-0.6902,-0.0039,0.2171,0.0775,0.0271,-0.4653,0.9034,0.0931,0.5000,-0.2000,-1.6078,0.9031,-1.1038,-0.4576,0.2000,1.2411,-0.9152,1.4556,123.9682,-4.2087,5.1202,-6.5954,5.3495,-0.5760,6.4245,-2.3718,14.3488,6.8972,0.5833,0.17
8.3184,0.0000,0.0000,0.0000,0.0000,0.0000,0.0000,0.2474,0.8734,0.3971,-0.1069,0.0068,-0.9942,0.4932,-0.2247,-1.4874,0.9081,-1.2161,-0.4557,0.1721,1.2738,-0.9115,1.4500,0.0116,0.0039,-0.6669,0.0233,0.3528,-0.0310,0.0465,-0.1939,0.6514,0.1241,0.5000,-0.2000,-1.6078,0.9209,-1.1562,-0.4597,0.2000,1.2615,-0.9198,1.4485,123.5080,-3.9863,5.0113,-6.5059,5.1999,-0.5968,6.4727,-2.3926,14.2841,6.8061,0.6111,0.20
8.3424,0.0000,0.0000,0.0000,0.0000,0.0000,0.0000,0.2292,0.9988,0.3361,-0.0847,0.0014,-0.9964,0.4940,-0.2247,-1.5040,0.9099,-1.2125,-0.4572,0.1749,1.2734,-0.8979,1.4524,0.1047,-0.0310,-0.6747,0.1163,0.0078,-0.0233,0.1473,0.0194,0.5583,0.0620,0.5000,-0.2000,-1.5772,0.9722,-1.1689,-0.4597,0.2000,1.2819,-0.9239,1.4414,122.9436,-3.7394,4.8955,-6.4094,5.0211,-0.5967,6.5212,-2.4085,14.2008,6.7092,0.6389,0.19
8.3664,0.0000,0.0000,0.0000,0.0000,0.0000,0.0000,0.1267,0.9519,0.3246,-0.0606,-0.0034,-0.9982,0.4942,-0.2252,-1.5170,0.9168,-1.2123,-0.4596,0.1787,1.2758,-0.8864,1.4547,-0.0000,-0.0078,-0.3994,0.3839,0.0155,-0.1357,0.0737,0.0814,0.3955,0.0427,0.5000,-0.2000,-1.5467,1.0200,-1.1813,-0.4602,0.2000,1.3022,-0.9276,1.4342,122.3088,-3.5168,4.7612,-6.2951,4.8503,-0.6018,6.5640,-2.4295,14.1031,6.6049,0.6667,0.19
8.3914,0.0000,0.0000,0.0000,0.0000,0.0000,0.0000,0.0969,0.6521,0.1365,-0.0431,-0.0072,-0.9990,0.4940,-0.2262,-1.5264,0.9315,-1.2131,-0.4618,0.1822,1.2787,-0.8783,1.4567,-0.0504,0.0116,-0.2598,0.8569,-0.0388,-0.1008,0.1977,0.0427,0.2869,0.0427,0.5000,-0.2000,-1.5161,1.0621,-1.1931,-0.4581,0.2000,1.3226,-0.9306,1.4271,121.6821,-3.2360,4.5966,-6.1495,4.6298,-0.5811,6.6369,-2.4754,14.0207,6.4776,0.6944,0.18
8.4154,0.0000,0.0000,0.0000,0.0000,0.0000,0.0000,0.0840,0.4205,-0.1555,-0.0316,-0.0112,-0.9994,0.4939,-0.2283,-1.5292,0.9537,-1.2150,-0.4633,0.1851,1.2808,-0.8730,1.4582,0.0155,-0.0892,-0.0969,0.8918,0.0659,-0.0310,0.0465,0.0310,0.1357,-0.0698,0.5000,-0.2000,-1.4856,1.0966,-1.2039,-0.4532,0.2000,1.3430,-0.9331,1.4200,121.1320,-2.9704,4.4399,-6.0061,4.4127,-0.5324,6.7245,-2.5338,13.9518,6.3634,0.7222,0.18
8.4414,0.0000,0.0000,0.0000,0.0000,0.0000,0.0000,0.0553,0.2770,-0.5508,-0.0241,-0.0164,-0.9996,0.4936,-0.2297,-1.5281,0.9763,-1.2153,-0.4626,0.1870,1.2829,-0.8718,1.4582,-0.0698,0.0194,0.1357,1.0508,0.0039,0.0969,0.0000,0.0155,0.0039,-0.0775,0.5000,-0.2000,-1.4550,1.1217,-1.2136,-0.4452,0.2000,1.3633,-0.9348,1.4128,120.6606,-2.7094,4.2744,-5.8408,4.2072,-0.4515,6.8370,-2.6042,13.8761,6.2341,0.7500,0.18
8.4654,0.0000,0.0000,0.0000,0.0000,0.0000,0.0000,0.0624,0.2195,-0.8487,-0.0167,-0.0186,-0.9997,0.4940,-0.2307,-1.5218,0.9986,-1.2150,-0.4590,0.1881,1.2859,-0.8722,1.4575,0.0892,-0.0465,0.3024,0.8879,0.0271,0.2094,-0.0039,0.1551,-0.0271,-0.1124,0.5000,-0.2000,-1.4244,1.1364,-1.2221,-0.4369,0.2000,1.3837,-0.9358,1.4057,120.2579,-2.4993,4.1432,-5.7093,4.0278,-0.3689,6.9345,-2.6633,13.8045,6.1438,0.7778,0.18
8.4894,0.0000,0.0000,0.0000,0.0000,0.0000,0.0000,0.1293,0.2172,-0.8952,-0.0090,-0.0238,-0.9997,0.4958,-0.2312,-1.5101,1.0160,-1.2129,-0.4535,0.1879,1.2915,-0.8744,1.4549,0.0853,0.0504,0.4769,0.6049,0.0775,0.2016,-0.0271,0.3373,-0.1396,-0.1939,0.5000,-0.2000,-1.3939,1.1398,-1.2293,-0.4317,0.2000,1.4041,-0.9360,1.3986,119.8377,-2.3537,4.0428,-5.6225,3.9006,-0.3170,7.0106,-2.7049,13.7363,6.0910,0.8056,0.17
8.5144,0.0000,0.0000,0.0000,0.0000,0.0000,0.0000,0.0546,0.1599,-0.8315,-0.0032,-0.0262,-0.9997,0.4970,-0.2312,-1.4974,1.0276,-1.2107,-0.4494,0.1875,1.3014,-0.8788,1.4500,0.1202,-0.0349,0.5041,0.4110,0.1435,0.1163,-0.0504,0.3955,-0.1086,-0.2365,0.5000,-0.2000,-1.3633,1.1318,-1.2352,-0.4282,0.2000,1.4244,-0.9355,1.3914,119.4226,-2.3196,3.9725,-5.5501,3.8396,-0.2821,7.0313,-2.7267,13.6699,6.0659,0.8333,0.17
8.5384,0.0000,0.0000,0.0000,0.0000,0.0000,0.0000,0.0584,0.1362,-1.0033,0.0028,-0.0283,-0.9996,0.4987,-0.2312,-1.4806,1.0339,-1.2086,-0.4469,0.1865,1.3115,-0.8832,1.4442,0.1086,0.0349,0.6669,0.1318,0.0814,0.1435,-0.0504,0.4692,-0.1628,-0.2365,0.5000,-0.2000,-1.3328,1.1129,-1.2398,-0.4249,0.2000,1.4448,-0.9342,1.3842,119.1358,-2.3049,3.9112,-5.4758,3.8265,-0.2490,7.0801,-2.7688,13.6313,6.0334,0.8611,0.17
8.5624,0.0000,0.0000,0.0000,0.0000,0.0000,0.0000,0.0388,0.1523,-1.1348,0.0086,-0.0297,-0.9995,0.4991,-0.2313,-1.4607,1.0351,-1.2073,-0.4441,0.1857,1.3251,-0.8874,1.4382,0.0969,-0.0000,1.0081,-0.0814,0.0659,0.1280,-0.0349,0.5583,-0.1551,-0.2637,0.5000,-0.2000,-1.3022,1.0839,-1.2432,-0.4223,0.2000,1.4652,-0.9322,1.3742,118.9527,-2.3631,3.8872,-5.4302,3.8774,-0.2235,7.0965,-2.7934,13.6028,6.0277,0.8889,0.17
8.5864,0.0000,0.0000,0.0000,0.0000,0.0000,0.0000,0.0261,0.1844,-1.2969,0.0160,-0.0308,-0.9994,0.4995,-0.2316,-1.4381,1.0314,-1.2072,-0.4419,0.1852,1.3397,-0.8898,1.4317,0.0853,0.0349,1.0585,-0.2365,0.0388,0.1202,0.0078,0.6126,-0.1163,-0.3102,0.5000,-0.2000,-1.2717,1.0461,-1.2456,-0.4212,0.2000,1.4856,-0.9295,1.3641,118.9409,-2.4828,3.8890,-5.3983,3.9795,-0.2125,7.1072,-2.8149,13.5961,6.0296,0.9167,0.17
8.6113,0.0000,0.0000,0.0000,0.0000,0.0000,0.0000,0.0077,0.2124,-1.4523,0.0233,-0.0321,-0.9992,0.4997,-0.2322,-1.4117,1.0224,-1.2076,-0.4400,0.1847,1.3583,-0.8900,1.4234,0.0737,-0.0000,1.1981,-0.4769,0.0271,0.0814,-0.0194,0.7096,0.0388,-0.4110,0.5000,-0.2000,-1.2411,1.0014,-1.2472,-0.4218,0.2000,1.5059,-0.9262,1.3541,119.1052,-2.6671,3.9295,-5.4026,4.1320,-0.2182,7.0999,-2.8295,13.6226,6.0587,0.9444,0.17
8.6353,0.0000,0.0000,0.0000,0.0000,0.0000,0.0000,-0.0329,0.2616,-1.5637,0.0328,-0.0328,-0.9989,0.5000,-0.2330,-1.3821,1.0074,-1.2081,-0.4379,0.1844,1.3789,-0.8889,1.4144,0.0892,0.0039,1.1748,-0.7910,-0.0620,0.1667,-0.0620,0.7367,0.0698,-0.3877,0.5000,-0.2000,-1.2106,0.9519,-1.2483,-0.4252,0.2000,1.5263,-0.9223,1.3440,119.4471,-2.9280,4.0115,-5.4384,4.3482,-0.2517,7.0665,-2.8268,13.6690,6.1146,0.9722,0.17
8.6593,0.0000,0.0000,0.0000,0.0000,0.0000,0.0000,-0.0682,0.2189,-1.6002,0.0413,-0.0324,-0.9986,0.5001,-0.2338,-1.3525,0.9878,-1.2095,-0.4359,0.1842,1.3992,-0.8865,1.4046,-0.0000,0.0271,1.2873,-0.9810,-0.0233,0.0620,-0.0969,0.9732,0.1900,-0.4808,0.5000,-0.2000,-1.1800,0.9000,-1.2770,-0.4316,0.2000,1.5467,-0.9180,1.3340,119.9255,-3.2276,4.1130,-5.5047,4.5937,-0.3164,7.0263,-2.8280,13.7548,6.1828,0.0000,0.17
8.6843,0.0000,0.0000,0.0000,0.0000,0.0000,0.0000,-0.1196,0.2248,-1.5679,0.0504,-0.0298,-0.9983,0.5003,-0.2349,-1.3175,0.9595,-1.2156,-0.4352,0.1843,1.4210,-0.8836,1.3924,0.0271,-0.0620,1.4695,-1.2097,-0.3684,0.0310,-0.0233,0.8104,0.2055,-0.5932,0.5000,-0.2000,-1.2004,0.9052,-1.2699,-0.4406,0.2000,1.5670,-0.9133,1.3239,120.5369,-3.6203,4.2793,-5.6261,4.9214,-0.4063,6.9182,-2.7815,13.8580,6.3013,0.0278,0.17
8.7094,0.0000,0.0000,0.0000,0.0000,0.0000,0.0000,-0.1393,0.2112,-1.4371,0.0586,-0.0246,-0.9980,0.5006,-0.2357,-1.2881,0.9358,-1.2223,-0.4354,0.1843,1.4463,-0.8799,1.3791,0.0349,-0.0349,1.0042,-0.8685,-0.2016,0.0543,-0.0349,0.8608,0.1241,-0.6049,0.5000,-0.2000,-1.2207,0.9103,-1.2627,-0.4529,0.2000,1.5874,-0.9083,1.3139,121.3058,-4.0366,4.4403,-5.7348,5.2606,-0.5285,6.8309,-2.7490,13.9822,6.3944,0.0556,0.17
8.7343,0.0000,0.0000,0.0000,0.0000,0.0000,0.0000,-0.0911,0.2207,-1.1544,0.0664,-0.0207,-0.9976,0.5008,-0.2357,-1.2694,0.9165,-1.2253,-0.4372,0.1839,1.4710,-0.8765,1.3634,0.0465,-0.0039,0.4885,-0.6514,0.0078,-0.1590,-0.0853,0.9267,0.1318,-0.7289,0.5000,-0.2000,-1.2411,0.9152,-1.2556,-0.4651,0.2000,1.6078,-0.9031,1.3038,122.0827,-4.4066,4.6036,-5.8684,5.5600,-0.6513,6.7458,-2.7116,14.1174,6.4995,0.0833,0.17
8.7583,0.0000,0.0000,0.0000,0.0000,0.0000,0.0000,-0.0779,0.1916,-0.8942,0.0736,-0.0168,-0.9971,0.5008,-0.2352,-1.2588,0.9027,-1.2253,-0.4418,0.1832,1.4915,-0.8747,1.3489,0.0271,0.0582,0.3063,-0.4420,0.0931,-0.1939,-0.0969,0.9693,0.0969,-0.6398,0.5000,-0.2000,-1.2615,0.9198,-1.2485,-0.4765,0.2000,1.6078,-0.9209,1.3562,122.8164,-4.7488,4.7581,-5.9961,5.8404,-0.7650,6.6521,-2.6687,14.2398,6.6024,0.1111,0.17
8.7813,0.0000,0.0000,0.0000,0.0000,0.0000,0.0000,-0.0561,0.1904,-0.6520,0.0797,-0.0126,-0.9967,0.5009,-0.2342,-1.2548,0.8932,-1.2235,-0.4473,0.1822,1.5141,-0.8752,1.3406,0.0853,0.1086,0.0000,-0.2637,0.1551,-0.2908,-0.0427,0.9034,-0.0659,0.0349,0.5000,-0.2000,-1.2819,0.9239,-1.2414,-0.4848,0.2000,1.5772,-0.9722,1.3689,123.4977,-5.0370,4.9032,-6.1185,6.0685,-0.8481,6.5562,-2.6104,14.3359,6.7082,0.1389,0.16
8.8044,0.0000,0.0000,0.0000,0.0000,0.0000,0.0000,-0.0814,0.1762,-0.3887,0.0853,-0.0082,-0.9963,0.5013,-0.2327,-1.2554,0.8864,-1.2204,-0.4526,0.1815,1.5291,-0.8805,1.3402,0.0698,0.1086,-0.1086,-0.1667,0.1435,-0.2482,-0.0155,0.4885,-0.3839,-0.0543,0.5000,-0.2000,-1.3022,0.9276,-1.2342,-0.4922,0.2000,1.5467,-1.0200,1.3813,124.1604,-5.3523,5.0459,-6.2412,6.3232,-0.9218,6.4375,-2.5469,14.4459,6.8187,0.1667,0.16
8.8283,0.0000,0.0000,0.0000,0.0000,0.0000,0.0000,-0.1579,-0.0704,-0.0473,0.0856,-0.0022,-0.9963,0.5015,-0.2316,-1.2588,0.8828,-1.2159,-0.4584,0.1812,1.5377,-0.8957,1.3423,0.0775,0.0659,-0.2210,-0.0814,0.2520,-0.2482,-0.0155,0.2559,-0.8104,0.1706,0.5000,-0.2000,-1.3226,0.9306,-1.2271,-0.4993,0.2000,1.5161,-1.0621,1.3931,124.7397,-5.6100,5.1711,-6.3607,6.5271,-0.9926,6.3277,-2.4887,14.5453,6.9246,0.1944,0.17
8.8544,0.0000,0.0000,0.0000,0.0000,0.0000,0.0000,-0.1369,-0.4667,0.4251,0.0764,0.0021,-0.9971,0.5021,-0.2309,-1.2644,0.8828,-1.2124,-0.4648,0.1813,1.5406,-0.9186,1.3476,0.0543,0.0775,-0.2133,0.0659,0.1977,-0.2094,-0.0039,-0.0155,-0.9887,0.1977,0.5000,-0.2000,-1.3430,0.9331,-1.2200,-0.5000,0.2000,1.4856,-1.0966,1.4039,125.1477,-5.7745,5.2823,-6.5078,6.6472,-1.0531,6.2317,-2.4294,14.6260,7.0406,0.2222,0.17
8.8783,0.0000,0.0000,0.0000,0.0000,0.0000,0.0000,-0.1436,-0.7431,0.9260,0.0567,0.0053,-0.9984,0.5022,-0.2307,-1.2717,0.8851,-1.2088,-0.4724,0.1813,1.5357,-0.9449,1.3555,-0.0116,0.0271,-0.3645,0.1202,0.1435,-0.2094,-0.0271,-0.3490,-1.0314,0.3761,0.5000,-0.2000,-1.3633,0.9348,-1.2128,-0.5000,0.2000,1.4550,-1.1217,1.4136,125.3926,-5.9265,5.3916,-6.6530,6.7295,-1.0881,6.1361,-2.3628,14.6613,7.1555,0.2500,0.17
8.9033,0.0000,0.0000,0.0000,0.0000,0.0000,0.0000,-0.1627,-0.7638,1.2928,0.0389,0.0092,-0.9992,0.5028,-0.2307,-1.2801,0.8883,-1.2053,-0.4813,0.1813,1.5264,-0.9703,1.3652,0.0931,-0.0233,-0.4924,0.1939,0.1900,-0.3839,-0.0310,-0.4459,-0.9926,0.3606,0.5000,-0.2000,-1.3837,0.9358,-1.2057,-0.5000,0.2000,1.4244,-1.1364,1.4221,125.5719,-6.0861,5.4905,-6.7715,6.8108,-1.0980,6.0522,-2.3086,14.6858,7.2462,0.2778,0.17
8.9263,0.0000,0.0000,0.0000,0.0000,0.0000,0.0000,-0.1716,-0.7507,1.4989,0.0209,0.0130,-0.9997,0.5044,-0.2306,-1.2916,0.8907,-1.2009,-0.4911,0.1815,1.5132,-0.9936,1.3768,0.0271,0.0116,-0.4847,0.2133,0.1822,-0.4226,-0.0349,-0.6708,-0.8259,0.5467,0.5000,-0.2000,-1.4041,0.9360,-1.1986,-0.5000,0.2000,1.3939,-1.1398,1.4293,125.7151,-6.1810,5.5652,-6.8609,6.8504,-1.0845,5.9973,-2.2674,14.7022,7.3115,0.3056,0.16
8.9504,0.0000,0.0000,0.0000,0.0000,0.0000,0.0000,-0.1615,-0.7339,1.6331,0.0048,0.0173,-0.9998,0.5061,-0.2305,-1.3049,0.8928,-1.1966,-0.4982,0.1815,1.4958,-1.0131,1.3895,0.0698,0.0194,-0.5661,0.1202,0.1900,-0.2055,-0.0116,-0.8453,-0.6320,0.5506,0.5000,-0.2000,-1.4244,0.9355,-1.1914,-0.5000,0.2000,1.3633,-1.1318,1.4352,125.8384,-6.2271,5.6251,-6.9347,6.8540,-1.0640,5.9607,-2.2342,14.7127,7.3660,0.3333,0.16
8.9743,0.0000,0.0000,0.0000,0.0000,0.0000,0.0000,-0.1312,-0.6507,1.7886,-0.0095,0.0223,-0.9997,0.5068,-0.2303,-1.3202,0.8933,-1.1920,-0.5024,0.1814,1.4726,-1.0273,1.4018,-0.0116,-0.0078,-0.6979,-0.0078,0.2171,-0.1551,0.0388,-0.9500,-0.4420,0.4847,0.5000,-0.2000,-1.4448,0.9342,-1.1842,-0.5000,0.2000,1.3328,-1.1129,1.4398,125.8970,-6.2397,5.6712,-7.0002,6.8359,-1.0440,5.9365,-2.2039,14.7099,7.4066,0.3611,0.17
8.9983,0.0000,0.0000,0.0000,0.0000,0.0000,0.0000,-0.0689,-0.5774,1.8709,-0.0218,0.0270,-0.9994,0.5064,-0.2301,-1.3398,0.8925,-1.1887,-0.5045,0.1811,1.4485,-1.0354,1.4146,-0.0504,-0.0194,-0.7522,-0.1047,0.0853,-0.0039,-0.0310,-1.0895,-0.1163,0.5157,0.5000,-0.2000,-1.4652,0.9322,-1.1742,-0.5000,0.2000,1.3022,-1.0839,1.4432,125.8820,-6.1821,5.6944,-7.0495,6.7711,-1.0200,5.9308,-2.1826,14.6982,7.4296,0.3889,0.19
9.0234,0.0000,0.0000,0.0000,0.0000,0.0000,0.0000,0.0596,-0.5339,1.8316,-0.0327,0.0308,-0.9990,0.5053,-0.2297,-1.3590,0.8911,-1.1893,-0.5048,0.1800,1.4227,-1.0372,1.4257,-0.0737,0.0194,-0.8453,0.0388,-0.1047,0.0620,-0.1202,-1.0779,0.0039,0.4692,0.5000,-0.2000,-1.4856,0.9295,-1.1641,-0.4993,0.2000,1.2717,-1.0461,1.4456,125.8052,-6.0425,5.6857,-7.0652,6.6708,-0.9933,5.9478,-2.1791,14.6857,7.4154,0.4167,0.19
9.0483,0.0000,0.0000,0.0000,0.0000,0.0000,0.0000,0.1803,-0.5266,1.5705,-0.0456,0.0311,-0.9985,0.5010,-0.2294,-1.3786,0.8925,-1.1927,-0.5039,0.1776,1.3936,-1.0319,1.4358,-0.1551,0.0349,-0.8375,0.1318,-0.1551,0.1512,-0.1435,-1.1167,0.3257,0.3490,0.5000,-0.2000,-1.5059,0.9262,-1.1541,-0.4950,0.2000,1.2411,-1.0014,1.4472,125.7107,-5.8283,5.6447,-7.0427,6.5212,-0.9497,5.9931,-2.1976,14.6779,7.3728,0.4444,0.19
9.0733,0.0000,0.0000,0.0000,0.0000,0.0000,0.0000,0.2517,-0.4287,1.2026,-0.0575,0.0293,-0.9979,0.4977,-0.2293,-1.3972,0.8955,-1.1981,-0.5020,0.1750,1.3671,-1.0178,1.4430,-0.0659,0.0388,-0.6785,0.2675,-0.1977,0.0853,-0.1551,-1.2214,0.7987,0.2326,0.5000,-0.2000,-1.5263,0.9223,-1.1440,-0.4882,0.2000,1.2106,-0.9519,1.4483,125.6187,-5.5779,5.5844,-6.9947,6.3434,-0.8825,6.0514,-2.2234,14.6600,7.3121,0.4722,0.18
9.0963,0.0000,0.0000,0.0000,0.0000,0.0000,0.0000,0.2955,-0.2885,0.9051,-0.0662,0.0252,-0.9975,0.4954,-0.2295,-1.4150,0.8990,-1.2016,-0.4992,0.1729,1.3392,-0.9956,1.4478,-0.0698,-0.0000,-0.7910,0.2055,-0.0892,0.1396,-0.1163,-1.2175,1.1748,0.1241,0.5000,-0.2000,-1.5467,0.9180,-1.1340,-0.4835,0.2000,1.1800,-0.9000,1.4770,125.5017,-5.3117,5.5138,-6.9342,6.1578,-0.8354,6.1288,-2.2538,14.6302,7.2383,0.5000,0.18
9.1193,0.0000,0.0000,0.0000,0.0000,0.0000,0.0000,0.3382,-0.1352,0.6842,-0.0714,0.0200,-0.9972,0.4944,-0.2298,-1.4319,0.9026,-1.2035,-0.4963,0.1716,1.3115,-0.9659,1.4533,-0.0194,0.0039,-0.7794,0.1784,0.0427,0.1667,-0.0349,-1.2795,1.5277,0.3916,0.5000,-0.2000,-1.5670,0.9133,-1.1239,-0.4812,0.2000,1.2004,-0.9052,1.4699,125.3284,-5.0310,5.4366,-6.8734,5.9636,-0.8120,6.2122,-2.2819,14.5771,7.1637,0.5278,0.17
9.1433,0.0000,0.0000,0.0000,0.0000,0.0000,0.0000,0.3921,0.0139,0.5590,-0.0746,0.0127,-0.9971,0.4940,-0.2298,-1.4509,0.9061,-1.2035,-0.4932,0.1709,1.2866,-0.9356,1.4591,-0.0853,0.0078,-0.6979,0.1706,0.0698,0.2133,-0.0349,-0.8181,1.1012,0.0349,0.5000,-0.2000,-1.5874,0.9083,-1.1139,-0.4827,0.2000,1.2207,-0.9103,1.4627,125.0210,-4.7221,5.3234,-6.7872,5.7966,-0.8273,6.3092,-2.3334,14.5457,7.0562,0.5556,0.17
9.1673,0.0000,0.0000,0.0000,0.0000,0.0000,0.0000,0.2882,0.2118,0.5225,-0.0727,0.0060,-0.9973,0.4941,-0.2302,-1.4685,0.9081,-1.2013,-0.4916,0.1713,1.2741,-0.9119,1.4609,-0.0000,0.0155,-0.7561,0.0853,0.1628,-0.0000,0.0271,-0.3994,0.8220,0.0078,0.5000,-0.2000,-1.6078,0.9031,-1.1038,-0.4822,0.2000,1.2411,-0.9152,1.4556,124.5574,-4.4511,5.2109,-6.6930,5.6087,-0.8221,6.3691,-2.3580,14.4651,6.9641,0.5833,0.17
9.1923,0.0000,0.0000,0.0000,0.0000,0.0000,0.0000,0.2745,0.4027,0.4925,-0.0662,-0.0011,-0.9978,0.4942,-0.2311,-1.4882,0.9090,-1.1955,-0.4920,0.1733,1.2680,-0.8950,1.4609,0.0388,-0.0465,-0.8065,-0.0000,0.3528,-0.0039,0.1473,-0.1667,0.6243,-0.0194,0.5000,-0.2000,-1.6078,0.9209,-1.1562,-0.4813,0.2000,1.2615,-0.9198,1.4485,124.0049,-4.1780,5.0902,-6.5973,5.4085,-0.8131,6.4337,-2.3853,14.3889,6.8682,0.6111,0.17
9.2163,0.0000,0.0000,0.0000,0.0000,0.0000,0.0000,0.2505,0.5736,0.5044,-0.0544,-0.0090,-0.9985,0.4944,-0.2320,-1.5069,0.9107,-1.1930,-0.4925,0.1758,1.2676,-0.8819,1.4606,0.0465,-0.0000,-0.7832,0.0659,-0.0775,-0.0388,0.0969,-0.0155,0.5118,-0.0582,0.5000,-0.2000,-1.5772,0.9722,-1.1689,-0.4788,0.2000,1.2819,-0.9239,1.4414,123.3151,-3.8881,4.9585,-6.4963,5.1870,-0.7880,6.4929,-2.4016,14.2829,6.7645,0.6389,0.17
9.2413,0.0000,0.0000,0.0000,0.0000,0.0000,0.0000,0.1187,0.5077,0.4952,-0.0423,-0.0141,-0.9990,0.4945,-0.2326,-1.5232,0.9177,-1.1940,-0.4934,0.1791,1.2705,-0.8726,1.4597,0.0155,-0.0233,-0.5894,0.4343,-0.0310,0.0039,0.0659,0.2210,0.3451,-0.0737,0.5000,-0.2000,-1.5467,1.0200,-1.1813,-0.4770,0.2000,1.3022,-0.9276,1.4342,122.5621,-3.6117,4.7988,-6.3585,4.9644,-0.7703,6.5488,-2.4343,14.1727,6.6405,0.6667,0.17
9.2653,0.0000,0.0000,0.0000,0.0000,0.0000,0.0000,0.0917,0.2277,0.3378,-0.0368,-0.0171,-0.9992,0.4944,-0.2334,-1.5330,0.9340,-1.1971,-0.4939,0.1819,1.2737,-0.8667,1.4580,-0.0078,-0.0349,-0.3373,0.8104,-0.1939,0.0427,0.0698,0.0194,0.1163,-0.1512,0.5000,-0.2000,-1.5161,1.0621,-1.1931,-0.4717,0.2000,1.3226,-0.9306,1.4271,121.8090,-3.2911,4.6227,-6.2043,4.7065,-0.7172,6.6209,-2.4792,14.0730,6.5127,0.6944,0.17
9.2893,0.0000,0.0000,0.0000,0.0000,0.0000,0.0000,0.0345,0.0507,-0.0031,-0.0359,-0.0213,-0.9991,0.4941,-0.2343,-1.5364,0.9516,-1.2004,-0.4941,0.1841,1.2760,-0.8655,1.4557,0.0388,-0.0543,-0.0388,0.8840,-0.1163,0.0582,0.0155,-0.0039,0.0155,-0.1667,0.5000,-0.2000,-1.4856,1.0966,-1.2039,-0.4631,0.2000,1.3430,-0.9331,1.4200,121.1570,-2.9891,4.4486,-6.0399,4.4508,-0.6306,6.7131,-2.5423,13.9864,6.3869,0.7222,0.16
9.3133,0.0000,0.0000,0.0000,0.0000,0.0000,0.0000,-0.0270,-0.0859,-0.4835,-0.0383,-0.0239,-0.9990,0.4937,-0.2351,-1.5348,0.9742,-1.2043,-0.4917,0.1856,1.2789,-0.8669,1.4520,0.0931,-0.0349,0.1590,1.1089,-0.2210,0.1667,0.0000,0.1047,-0.0775,-0.2171,0.5000,-0.2000,-1.4550,1.1217,-1.2136,-0.4510,0.2000,1.3633,-0.9348,1.4128,120.6285,-2.6855,4.2652,-5.8499,4.2019,-0.5102,6.8350,-2.6230,13.9051,6.2401,0.7500,0.17
9.3374,0.0000,0.0000,0.0000,0.0000,0.0000,0.0000,-0.1004,-0.0851,-0.9769,-0.0406,-0.0250,-0.9989,0.4924,-0.2354,-1.5280,0.9967,-1.2098,-0.4853,0.1863,1.2834,-0.8694,1.4470,-0.1551,0.0116,0.3722,0.9732,-0.2675,0.3761,-0.0310,0.1900,-0.0698,-0.2482,0.5000,-0.2000,-1.4244,1.1364,-1.2221,-0.4375,0.2000,1.3837,-0.9358,1.4057,120.2050,-2.4268,4.1044,-5.6697,3.9812,-0.3749,6.9628,-2.6980,13.8170,6.1119,0.7778,0.17
9.3623,0.0000,0.0000,0.0000,0.0000,0.0000,0.0000,-0.1102,-0.0630,-1.4633,-0.0424,-0.0238,-0.9988,0.4914,-0.2354,-1.5152,1.0172,-1.2151,-0.4735,0.1863,1.2908,-0.8722,1.4417,-0.0000,0.0388,0.5894,0.7289,-0.1047,0.5971,-0.0582,0.3218,-0.1124,-0.2947,0.5000,-0.2000,-1.3939,1.1398,-1.2293,-0.4243,0.2000,1.4041,-0.9360,1.3986,119.9422,-2.2178,3.9666,-5.5149,3.7996,-0.2433,7.0914,-2.7772,13.7515,6.0159,0.8056,0.18
9.3853,0.0000,0.0000,0.0000,0.0000,0.0000,0.0000,0.0417,-0.0365,-1.4222,-0.0419,-0.0267,-0.9988,0.4935,-0.2354,-1.4978,1.0316,-1.2157,-0.4589,0.1857,1.3005,-0.8762,1.4361,0.1202,0.0194,0.7910,0.5545,0.0698,0.5971,-0.0853,0.4304,-0.2792,-0.3102,0.5000,-0.2000,-1.3633,1.1318,-1.2352,-0.4170,0.2000,1.4244,-0.9355,1.3914,119.6413,-2.0975,3.8906,-5.4538,3.6907,-0.1696,7.1576,-2.8085,13.6940,5.9908,0.8333,0.18
9.4093,0.0000,0.0000,0.0000,0.0000,0.0000,0.0000,-0.0044,0.0703,-1.1847,-0.0384,-0.0282,-0.9989,0.4954,-0.2351,-1.4788,1.0392,-1.2151,-0.4473,0.1849,1.3136,-0.8824,1.4299,0.0194,0.0504,0.8181,0.1473,0.1280,0.4692,-0.0543,0.6475,-0.2714,-0.2947,0.5000,-0.2000,-1.3328,1.1129,-1.2398,-0.4141,0.2000,1.4448,-0.9342,1.3842,119.2638,-2.1240,3.8572,-5.4202,3.6732,-0.1415,7.1550,-2.8105,13.6304,6.0012,0.8611,0.18
9.4343,0.0000,0.0000,0.0000,0.0000,0.0000,0.0000,-0.0380,0.0319,-1.1967,-0.0358,-0.0291,-0.9989,0.4959,-0.2351,-1.4573,1.0400,-1.2143,-0.4394,0.1836,1.3300,-0.8887,1.4222,0.0543,-0.0078,0.9073,-0.1628,0.1086,0.2947,-0.0737,0.6553,-0.1628,-0.3916,0.5000,-0.2000,-1.3022,1.0839,-1.2432,-0.4116,0.2000,1.4652,-0.9322,1.3742,119.0056,-2.2003,3.8336,-5.3879,3.7089,-0.1157,7.1552,-2.8287,13.6091,6.0102,0.8889,0.17
9.4573,0.0000,0.0000,0.0000,0.0000,0.0000,0.0000,-0.0634,0.0664,-1.1783,-0.0322,-0.0289,-0.9991,0.4965,-0.2351,-1.4354,1.0349,-1.2134,-0.4327,0.1816,1.3440,-0.8929,1.4144,0.0039,0.0582,1.0353,-0.3955,0.0931,0.3218,-0.1163,0.6553,-0.1590,-0.4381,0.5000,-0.2000,-1.2717,1.0461,-1.2456,-0.4117,0.2000,1.4856,-0.9295,1.3641,118.8562,-2.3319,3.8381,-5.3720,3.8139,-0.1172,7.1494,-2.8400,13.5932,6.0239,0.9167,0.17
9.4803,0.0000,0.0000,0.0000,0.0000,0.0000,0.0000,-0.0958,0.1149,-1.2115,-0.0284,-0.0292,-0.9992,0.4971,-0.2353,-1.4109,1.0240,-1.2130,-0.4275,0.1804,1.3603,-0.8961,1.4056,0.0427,0.0194,1.1089,-0.5855,0.0698,0.2326,-0.0969,0.6436,-0.0698,-0.3877,0.5000,-0.2000,-1.2411,1.0014,-1.2472,-0.4130,0.2000,1.5059,-0.9262,1.3541,118.8708,-2.5257,3.8805,-5.3807,3.9703,-0.1300,7.1202,-2.8412,13.6010,6.0575,0.9444,0.17
9.5053,0.0000,0.0000,0.0000,0.0000,0.0000,0.0000,-0.1396,0.1714,-1.2179,-0.0230,-0.0288,-0.9993,0.4974,-0.2358,-1.3828,1.0057,-1.2131,-0.4231,0.1792,1.3796,-0.8976,1.3946,0.0465,-0.0504,1.1244,-0.7910,-0.0039,0.1822,-0.0892,0.7445,-0.0194,-0.5428,0.5000,-0.2000,-1.2106,0.9519,-1.2483,-0.4172,0.2000,1.5263,-0.9223,1.3440,119.0542,-2.7924,3.9617,-5.4226,4.1939,-0.1716,7.0689,-2.8330,13.6440,6.1098,0.9722,0.17
9.5283,0.0000,0.0000,0.0000,0.0000,0.0000,0.0000,-0.1687,0.1878,-1.1985,-0.0178,-0.0297,-0.9994,0.4975,-0.2363,-1.3556,0.9815,-1.2135,-0.4193,0.1781,1.3972,-0.8974,1.3836,0.0271,-0.0078,1.2524,-1.0585,0.0931,0.1086,-0.0698,0.8142,0.0388,-0.5234,0.5000,-0.2000,-1.1800,0.9000,-1.2770,-0.4244,0.2000,1.5467,-0.9180,1.3340,119.4040,-3.0971,4.0673,-5.4942,4.4466,-0.2444,7.0170,-2.8254,13.7133,6.1835,0.0000,0.17
9.5513,0.0000,0.0000,0.0000,0.0000,0.0000,0.0000,-0.2120,0.2646,-1.1253,-0.0113,-0.0289,-0.9995,0.4976,-0.2369,-1.3255,0.9534,-1.2170,-0.4181,0.1777,1.4186,-0.8965,1.3725,0.0388,0.0388,1.3765,-1.4385,-0.2908,0.0349,-0.1163,0.8453,0.0737,-0.4653,0.5000,-0.2000,-1.2004,0.9052,-1.2699,-0.4332,0.2000,1.5670,-0.9133,1.3239,119.8585,-3.4437,4.2169,-5.6114,4.7366,-0.3318,6.9270,-2.7870,13.7979,6.2909,0.0278,0.17
9.5753,0.0000,0.0000,0.0000,0.0000,0.0000,0.0000,-0.2249,0.3250,-1.0218,-0.0033,-0.0239,-0.9997,0.4977,-0.2373,-1.3014,0.9250,-1.2218,-0.4181,0.1774,1.4401,-0.8942,1.3597,0.0465,0.0155,0.8453,-1.0197,-0.0271,-0.0620,-0.0039,0.9267,0.0931,-0.5428,0.5000,-0.2000,-1.2207,0.9103,-1.2627,-0.4444,0.2000,1.5874,-0.9083,1.3139,120.5054,-3.8534,4.3700,-5.7085,5.0729,-0.4437,6.8329,-2.7542,13.9054,6.3712,0.0556,0.17
9.6013,0.0000,0.0000,0.0000,0.0000,0.0000,0.0000,-0.1667,0.4464,-0.8280,0.0080,-0.0205,-0.9998,0.4983,-0.2373,-1.2855,0.9042,-1.2229,-0.4203,0.1767,1.4621,-0.8912,1.3466,-0.0039,0.0427,0.5157,-0.7483,0.0853,-0.1590,-0.0543,0.9810,0.0969,-0.5041,0.5000,-0.2000,-1.2411,0.9152,-1.2556,-0.4559,0.2000,1.6078,-0.9031,1.3038,121.2142,-4.2261,4.5322,-5.8274,5.3889,-0.5589,6.7492,-2.7158,14.0202,6.4584,0.0833,0.17
9.6243,0.0000,0.0000,0.0000,0.0000,0.0000,0.0000,-0.1239,0.5174,-0.6392,0.0216,-0.0157,-0.9996,0.4987,-0.2367,-1.2781,0.8870,-1.2218,-0.4251,0.1752,1.4865,-0.8890,1.3339,0.0698,0.0271,0.0465,-0.5700,0.0504,-0.2520,-0.1280,1.0159,0.0814,-0.5041,0.5000,-0.2000,-1.2615,0.9198,-1.2485,-0.4657,0.2000,1.6078,-0.9209,1.3562,121.9369,-4.5706,4.6899,-5.9491,5.6734,-0.6574,6.6517,-2.6658,14.1372,6.5544,0.1111,0.17
9.6483,0.0000,0.0000,0.0000,0.0000,0.0000,0.0000,-0.0872,0.5114,-0.5037,0.0344,-0.0110,-0.9993,0.4991,-0.2356,-1.2769,0.8759,-1.2189,-0.4320,0.1734,1.5100,-0.8893,1.3289,0.0892,0.0465,0.0233,-0.3722,0.1551,-0.3141,-0.1435,0.8142,-0.0233,0.0582,0.5000,-0.2000,-1.2819,0.9239,-1.2414,-0.4733,0.2000,1.5772,-0.9722,1.3689,122.6697,-4.8761,4.8324,-6.0661,5.9184,-0.7331,6.5565,-2.6127,14.2438,6.6569,0.1389,0.16
9.6713,0.0000,0.0000,0.0000,0.0000,0.0000,0.0000,-0.1395,0.4172,-0.3659,0.0452,-0.0056,-0.9990,0.4995,-0.2343,-1.2786,0.8665,-1.2145,-0.4404,0.1713,1.5243,-0.8950,1.3311,0.0737,0.0775,-0.1202,-0.2908,0.2598,-0.2986,-0.0659,0.5661,-0.4032,0.0931,0.5000,-0.2000,-1.3022,0.9276,-1.2342,-0.4804,0.2000,1.5467,-1.0200,1.3813,123.4149,-5.1828,4.9633,-6.1701,6.1696,-0.8041,6.4517,-2.5637,14.3639,6.7556,0.1667,0.17
9.6943,0.0000,0.0000,0.0000,0.0000,0.0000,0.0000,-0.1649,0.1709,-0.1141,0.0511,0.0004,-0.9987,0.5003,-0.2331,-1.2822,0.8611,-1.2098,-0.4471,0.1699,1.5340,-0.9096,1.3361,0.0155,0.0194,-0.2055,-0.1318,0.2133,-0.2404,-0.0698,0.2482,-0.8220,0.2249,0.5000,-0.2000,-1.3226,0.9306,-1.2271,-0.4867,0.2000,1.5161,-1.0621,1.3931,124.0893,-5.4394,5.0918,-6.2912,6.3808,-0.8669,6.3443,-2.5040,14.4762,6.8605,0.1944,0.17
9.7183,0.0000,0.0000,0.0000,0.0000,0.0000,0.0000,-0.1477,-0.2530,0.2547,0.0472,0.0051,-0.9989,0.5016,-0.2322,-1.2870,0.8601,-1.2056,-0.4533,0.1695,1.5368,-0.9301,1.3439,0.0582,0.0388,-0.1977,0.0969,0.1357,-0.2598,-0.0039,-0.0388,-0.9306,0.2792,0.5000,-0.2000,-1.3430,0.9331,-1.2200,-0.4919,0.2000,1.4856,-1.0966,1.4039,124.6225,-5.6123,5.2025,-6.4302,6.5093,-0.9192,6.2496,-2.4482,14.5716,6.9742,0.2222,0.17
9.7423,0.0000,0.0000,0.0000,0.0000,0.0000,0.0000,-0.1436,-0.4771,0.6726,0.0357,0.0096,-0.9993,0.5023,-0.2320,-1.2909,0.8626,-1.2017,-0.4601,0.1695,1.5324,-0.9544,1.3539,0.0349,0.0233,-0.1861,0.1745,0.1551,-0.2675,-0.0039,-0.3257,-1.0353,0.3761,0.5000,-0.2000,-1.3633,0.9348,-1.2128,-0.4957,0.2000,1.4550,-1.1217,1.4136,125.0189,-5.8022,5.3217,-6.5746,6.6298,-0.9571,6.1494,-2.3831,14.6314,7.0913,0.2500,0.17
9.7662,0.0000,0.0000,0.0000,0.0000,0.0000,0.0000,-0.1336,-0.5101,1.0507,0.0236,0.0139,-0.9996,0.5025,-0.2321,-1.2968,0.8664,-1.1983,-0.4677,0.1696,1.5233,-0.9785,1.3659,0.0233,-0.0194,-0.3684,0.1861,0.1706,-0.3373,0.0465,-0.5079,-0.9810,0.5390,0.5000,-0.2000,-1.3837,0.9358,-1.2057,-0.4980,0.2000,1.4244,-1.1364,1.4221,125.3173,-5.9795,5.4366,-6.7078,6.7256,-0.9797,6.0665,-2.3204,14.6643,7.1932,0.2778,0.17
9.7893,0.0000,0.0000,0.0000,0.0000,0.0000,0.0000,-0.1300,-0.5101,1.2503,0.0124,0.0182,-0.9998,0.5033,-0.2320,-1.3060,0.8709,-1.1950,-0.4781,0.1697,1.5110,-1.0002,1.3793,0.0543,0.0388,-0.3916,0.2055,0.1357,-0.3722,-0.0155,-0.6902,-0.8375,0.5079,0.5000,-0.2000,-1.4041,0.9360,-1.1986,-0.4983,0.2000,1.3939,-1.1398,1.4293,125.5774,-6.1028,5.5221,-6.8082,6.7907,-0.9828,6.0079,-2.2797,14.7021,7.2682,0.3056,0.17
9.8123,0.0000,0.0000,0.0000,0.0000,0.0000,0.0000,-0.1182,-0.5138,1.4133,0.0023,0.0226,-0.9997,0.5044,-0.2321,-1.3168,0.8748,-1.1917,-0.4877,0.1698,1.4942,-1.0170,1.3926,0.0853,-0.0310,-0.5467,0.1706,0.1551,-0.3955,0.0155,-0.7871,-0.5932,0.5273,0.5000,-0.2000,-1.4244,0.9355,-1.1914,-0.4978,0.2000,1.3633,-1.1318,1.4352,125.7835,-6.1796,5.5961,-6.8962,6.8167,-0.9781,5.9615,-2.2396,14.7223,7.3307,0.3333,0.17
9.8363,0.0000,0.0000,0.0000,0.0000,0.0000,0.0000,-0.0618,-0.4744,1.4833,-0.0073,0.0260,-0.9996,0.5053,-0.2321,-1.3309,0.8790,-1.1892,-0.4950,0.1698,1.4722,-1.0297,1.4062,0.0582,0.0039,-0.6514,0.2210,0.1900,-0.2016,-0.0039,-0.9577,-0.3955,0.6165,0.5000,-0.2000,-1.4448,0.9342,-1.1842,-0.4973,0.2000,1.3328,-1.1129,1.4398,125.9537,-6.1894,5.6449,-6.9577,6.8102,-0.9735,5.9460,-2.2157,14.7339,7.3669,0.3611,0.17
9.8593,0.0000,0.0000,0.0000,0.0000,0.0000,0.0000,-0.0026,-0.3889,1.5125,-0.0152,0.0281,-0.9995,0.5051,-0.2321,-1.3458,0.8821,-1.1880,-0.4990,0.1696,1.4498,-1.0360,1.4189,0.0039,-0.0271,-0.6592,0.1163,-0.0000,-0.0853,0.0504,-1.0779,-0.1086,0.5545,0.5000,-0.2000,-1.4652,0.9322,-1.1742,-0.4955,0.2000,1.3022,-1.0839,1.4432,126.0433,-6.1503,5.6801,-7.0114,6.7634,-0.9552,5.9371,-2.1908,14.7314,7.3963,0.3889,0.17
9.8842,0.0000,0.0000,0.0000,0.0000,0.0000,0.0000,0.0676,-0.3348,1.4506,-0.0215,0.0298,-0.9993,0.5044,-0.2322,-1.3632,0.8840,-1.1881,-0.5003,0.1692,1.4237,-1.0357,1.4311,-0.0233,-0.0233,-0.7134,0.1318,-0.0078,0.0582,-0.0853,-1.1206,0.2559,0.4963,0.5000,-0.2000,-1.4856,0.9295,-1.1641,-0.4943,0.2000,1.2717,-1.0461,1.4456,126.0888,-6.0550,5.6860,-7.0370,6.6887,-0.9425,5.9542,-2.1874,14.7311,7.3952,0.4167,0.17
9.9083,0.0000,0.0000,0.0000,0.0000,0.0000,0.0000,0.1359,-0.2837,1.3279,-0.0286,0.0297,-0.9992,0.5023,-0.2323,-1.3794,0.8870,-1.1889,-0.5001,0.1685,1.3998,-1.0291,1.4410,-0.1008,0.0194,-0.7910,0.1590,-0.0698,0.0465,-0.0388,-1.2834,0.5390,0.4692,0.5000,-0.2000,-1.5059,0.9262,-1.1541,-0.4912,0.2000,1.2411,-1.0014,1.4472,126.0618,-5.8977,5.6662,-7.0360,6.5707,-0.9124,5.9829,-2.1873,14.7136,7.3745,0.4444,0.17
9.9312,0.0000,0.0000,0.0000,0.0000,0.0000,0.0000,0.2288,-0.1576,1.0830,-0.0329,0.0278,-0.9991,0.4999,-0.2326,-1.3974,0.8906,-1.1909,-0.4990,0.1674,1.3727,-1.0133,1.4488,-0.0931,-0.0465,-0.7251,0.1086,-0.0931,0.0504,-0.1202,-1.2912,0.9267,0.3490,0.5000,-0.2000,-1.5263,0.9223,-1.1440,-0.4883,0.2000,1.2106,-0.9519,1.4483,126.0061,-5.7007,5.6288,-7.0149,6.4373,-0.8833,6.0329,-2.2045,14.7029,7.3305,0.4722,0.17
9.9543,0.0000,0.0000,0.0000,0.0000,0.0000,0.0000,0.2862,-0.0540,0.8766,-0.0350,0.0229,-0.9991,0.4977,-0.2329,-1.4145,0.8942,-1.1922,-0.4981,0.1665,1.3465,-0.9907,1.4548,-0.0116,0.0271,-0.7910,0.1822,0.0271,0.1124,-0.0233,-1.2369,1.2136,0.2559,0.5000,-0.2000,-1.5467,0.9180,-1.1340,-0.4872,0.2000,1.1800,-0.9000,1.4770,125.8908,-5.4615,5.5662,-6.9688,6.2816,-0.8720,6.1018,-2.2300,14.6732,7.2650,0.5000,0.16
9.9793,0.0000,0.0000,0.0000,0.0000,0.0000,0.0000,0.3290,0.0892,0.6689,-0.0352,0.0186,-0.9992,0.4967,-0.2331,-1.4316,0.8980,-1.1927,-0.4965,0.1662,1.3185,-0.9603,1.4627,-0.0543,0.0620,-0.8026,0.1861,-0.0116,0.0931,-0.0543,-1.3222,1.4618,0.4924,0.5000,-0.2000,-1.5670,0.9133,-1.1239,-0.4867,0.2000,1.2004,-0.9052,1.4699,125.7059,-5.2040,5.4946,-6.9117,6.1174,-0.8671,6.1765,-2.2540,14.6204,7.1896,0.5278,0.19
10.0042,0.0000,0.0000,0.0000,0.0000,0.0000,0.0000,0.3949,0.2916,0.5239,-0.0314,0.0086,-0.9995,0.4958,-0.2334,-1.4515,0.9015,-1.1923,-0.4947,0.1664,1.2921,-0.9260,1.4722,-0.0582,-0.0116,-0.7483,0.1396,-0.0000,0.1047,0.0194,-0.7638,1.2059,0.2443,0.5000,-0.2000,-1.5874,0.9083,-1.1139,-0.4900,0.2000,1.2207,-0.9103,1.4627,125.4030,-4.9147,5.3940,-6.8346,5.9677,-0.9000,6.2677,-2.2993,14.5865,7.0854,0.5556,0.18
10.0272,0.0000,0.0000,0.0000,0.0000,0.0000,0.0000,0.2500,0.4666,0.4152,-0.0221,0.0019,-0.9998,0.4954,-0.2339,-1.4708,0.9033,-1.1907,-0.4952,0.1671,1.2781,-0.9009,1.4760,0.0582,0.0039,-0.8453,0.1280,0.0814,-0.0737,0.0116,-0.3102,0.8181,0.1008,0.5000,-0.2000,-1.6078,0.9031,-1.1038,-0.4912,0.2000,1.2411,-0.9152,1.4556,124.9782,-4.6603,5.2788,-6.7250,5.8127,-0.9124,6.3257,-2.3297,14.5143,6.9793,0.5833,0.18
10.0513,0.0000,0.0000,0.0000,0.0000,0.0000,0.0000,0.2554,0.5704,0.3458,-0.0122,-0.0057,-0.9999,0.4953,-0.2349,-1.4899,0.9053,-1.1867,-0.4958,0.1691,1.2737,-0.8829,1.4774,-0.0000,-0.0931,-0.8569,0.1628,0.3296,0.0155,0.1396,-0.1512,0.6243,-0.0078,0.5000,-0.2000,-1.6078,0.9209,-1.1562,-0.4918,0.2000,1.2615,-0.9198,1.4485,124.4716,-4.3847,5.1593,-6.6303,5.6231,-0.9181,6.3952,-2.3593,14.4472,6.8786,0.6111,0.18
10.0762,0.0000,0.0000,0.0000,0.0000,0.0000,0.0000,0.1977,0.7350,0.3073,0.0027,-0.0127,-0.9999,0.4955,-0.2360,-1.5089,0.9089,-1.1839,-0.4970,0.1714,1.2745,-0.8682,1.4778,0.0388,-0.0039,-0.7871,0.1667,-0.0543,-0.0388,0.0349,0.1086,0.5545,-0.0233,0.5000,-0.2000,-1.5772,0.9722,-1.1689,-0.4896,0.2000,1.2819,-0.9239,1.4414,123.8222,-4.0919,5.0242,-6.5250,5.4024,-0.8960,6.4604,-2.3817,14.3459,6.7718,0.6389,0.18
10.0992,0.0000,0.0000,0.0000,0.0000,0.0000,0.0000,0.1097,0.7219,0.2808,0.0202,-0.0187,-0.9996,0.4956,-0.2364,-1.5237,0.9162,-1.1858,-0.4986,0.1746,1.2773,-0.8577,1.4781,-0.0737,0.0271,-0.4963,0.4420,-0.1124,-0.0969,0.1318,0.1086,0.4304,-0.0737,0.5000,-0.2000,-1.5467,1.0200,-1.1813,-0.4875,0.2000,1.3022,-0.9276,1.4342,123.1012,-3.8297,4.8771,-6.4017,5.1916,-0.8749,6.5105,-2.4036,14.2292,6.6614,0.6667,0.17
10.1232,0.0000,0.0000,0.0000,0.0000,0.0000,0.0000,0.0616,0.4953,0.1203,0.0319,-0.0223,-0.9992,0.4956,-0.2367,-1.5327,0.9306,-1.1892,-0.4993,0.1771,1.2811,-0.8505,1.4782,0.0620,0.0233,-0.1357,0.7638,-0.1706,-0.0078,0.0892,0.1086,0.2675,-0.0039,0.5000,-0.2000,-1.5161,1.0621,-1.1931,-0.4841,0.2000,1.3226,-0.9306,1.4271,122.3962,-3.5316,4.7125,-6.2612,4.9538,-0.8415,6.5843,-2.4504,14.1307,6.5415,0.6944,0.17
10.1462,0.0000,0.0000,0.0000,0.0000,0.0000,0.0000,0.0614,0.2276,-0.1589,0.0377,-0.0254,-0.9990,0.4954,-0.2369,-1.5347,0.9496,-1.1934,-0.4991,0.1792,1.2842,-0.8479,1.4778,0.0194,0.0427,-0.0543,0.8918,-0.1241,-0.0194,0.0427,0.1047,0.0543,-0.0427,0.5000,-0.2000,-1.4856,1.0966,-1.2039,-0.4776,0.2000,1.3430,-0.9331,1.4200,121.7546,-3.2273,4.5394,-6.1082,4.6990,-0.7761,6.6796,-2.5103,14.0459,6.4188,0.7222,0.17
10.1692,0.0000,0.0000,0.0000,0.0000,0.0000,0.0000,0.0387,0.0082,-0.5145,0.0383,-0.0267,-0.9989,0.4956,-0.2369,-1.5321,0.9697,-1.1954,-0.4978,0.1799,1.2873,-0.8497,1.4762,0.0582,0.0892,0.2326,0.8879,-0.0349,0.0659,-0.0078,0.1396,-0.1396,-0.0969,0.5000,-0.2000,-1.4550,1.1217,-1.2136,-0.4685,0.2000,1.3633,-0.9348,1.4128,121.2054,-2.9473,4.3693,-5.9499,4.4618,-0.6854,6.7858,-2.5823,13.9690,6.3054,0.7500,0.18
10.1953,0.0000,0.0000,0.0000,0.0000,0.0000,0.0000,0.0951,0.0354,-0.7278,0.0391,-0.0283,-0.9988,0.4970,-0.2368,-1.5243,0.9900,-1.1957,-0.4939,0.1798,1.2917,-0.8544,1.4728,0.0543,-0.0194,0.3645,0.7987,0.0078,0.2133,-0.0310,0.2482,-0.2482,-0.2094,0.5000,-0.2000,-1.4244,1.1364,-1.2221,-0.4598,0.2000,1.3837,-0.9358,1.4057,120.7099,-2.7468,4.2448,-5.8282,4.2888,-0.5985,6.8705,-2.6324,13.8926,6.2176,0.7778,0.17
10.2202,0.0000,0.0000,0.0000,0.0000,0.0000,0.0000,0.0648,0.1173,-0.7652,0.0440,-0.0297,-0.9986,0.4993,-0.2365,-1.5130,1.0079,-1.1953,-0.4888,0.1789,1.3009,-0.8613,1.4677,0.1435,0.0698,0.4071,0.5816,0.0737,0.1900,-0.1435,0.3722,-0.3528,-0.2714,0.5000,-0.2000,-1.3939,1.1398,-1.2293,-0.4530,0.2000,1.4041,-0.9360,1.3986,120.2322,-2.6264,4.1442,-5.7246,4.1687,-0.5304,6.9294,-2.6680,13.8089,6.1598,0.8056,0.17
10.2442,0.0000,0.0000,0.0000,0.0000,0.0000,0.0000,0.0588,0.0180,-0.8346,0.0466,-0.0298,-0.9985,0.5010,-0.2362,-1.5005,1.0184,-1.1949,-0.4842,0.1778,1.3099,-0.8682,1.4617,0.0388,-0.0349,0.5428,0.3761,0.0155,0.2055,-0.0271,0.3684,-0.2947,-0.2869,0.5000,-0.2000,-1.3633,1.1318,-1.2352,-0.4474,0.2000,1.4244,-0.9355,1.3914,119.8050,-2.5491,4.0613,-5.6396,4.0788,-0.4736,6.9722,-2.7000,13.7451,6.1217,0.8333,0.16
10.2693,0.0000,0.0000,0.0000,0.0000,0.0000,0.0000,0.0609,0.0106,-0.9625,0.0486,-0.0307,-0.9983,0.5029,-0.2362,-1.4831,1.0246,-1.1948,-0.4803,0.1768,1.3217,-0.8748,1.4545,0.0892,0.0194,0.6863,0.1745,-0.0155,0.2094,-0.0698,0.4847,-0.2288,-0.3412,0.5000,-0.2000,-1.3328,1.1129,-1.2398,-0.4424,0.2000,1.4448,-0.9342,1.3842,119.4907,-2.5231,4.0001,-5.5677,4.0439,-0.4242,7.0154,-2.7370,13.7006,6.0932,0.8611,0.17
10.2932,0.0000,0.0000,0.0000,0.0000,0.0000,0.0000,0.0496,0.0940,-1.1644,0.0522,-0.0316,-0.9981,0.5037,-0.2364,-1.4615,1.0266,-1.1950,-0.4752,0.1755,1.3354,-0.8799,1.4462,0.1086,0.0427,0.9151,-0.0310,0.0078,0.1861,-0.0814,0.5234,-0.1280,-0.3451,0.5000,-0.2000,-1.3022,1.0839,-1.2432,-0.4377,0.2000,1.4652,-0.9322,1.3742,119.3355,-2.5783,3.9735,-5.5100,4.0825,-0.3772,7.0408,-2.7665,13.6704,6.0799,0.8889,0.17
10.3163,0.0000,0.0000,0.0000,0.0000,0.0000,0.0000,0.0668,0.1514,-1.3388,0.0575,-0.0324,-0.9978,0.5042,-0.2365,-1.4405,1.0244,-1.1956,-0.4702,0.1739,1.3501,-0.8824,1.4391,0.0271,0.0620,1.0159,-0.2210,0.0078,0.1822,-0.0931,0.7483,-0.0582,-0.3761,0.5000,-0.2000,-1.2717,1.0461,-1.2456,-0.4353,0.2000,1.4856,-0.9295,1.3641,119.3224,-2.6668,3.9650,-5.4714,4.1567,-0.3526,7.0707,-2.7979,13.6656,6.0723,0.9167,0.17
10.3413,0.0000,0.0000,0.0000,0.0000,0.0000,0.0000,0.0537,0.2259,-1.5102,0.0639,-0.0340,-0.9974,0.5045,-0.2369,-1.4141,1.0164,-1.1969,-0.4655,0.1731,1.3680,-0.8827,1.4314,0.0310,0.0194,1.2214,-0.4149,-0.0853,0.2016,-0.0271,0.7949,0.0698,-0.3296,0.5000,-0.2000,-1.2411,1.0014,-1.2472,-0.4343,0.2000,1.5059,-0.9262,1.3541,119.4747,-2.8404,4.0047,-5.4692,4.2988,-0.3429,7.0590,-2.8065,13.6777,6.1017,0.9444,0.18
10.3662,0.0000,0.0000,0.0000,0.0000,0.0000,0.0000,0.0203,0.2953,-1.6650,0.0729,-0.0357,-0.9967,0.5049,-0.2371,-1.3841,1.0023,-1.1989,-0.4606,0.1727,1.3893,-0.8816,1.4223,0.0271,-0.0271,1.2524,-0.7794,-0.0853,0.2171,-0.0931,0.9189,0.0814,-0.4381,0.5000,-0.2000,-1.2106,0.9519,-1.2483,-0.4364,0.2000,1.5263,-0.9223,1.3440,119.8275,-3.0952,4.0799,-5.4964,4.5063,-0.3642,7.0334,-2.8121,13.7318,6.1508,0.9722,0.18
10.3902,0.0000,0.0000,0.0000,0.0000,0.0000,0.0000,-0.0181,0.3414,-1.7492,0.0824,-0.0369,-0.9959,0.5051,-0.2375,-1.3511,0.9802,-1.2018,-0.4555,0.1727,1.4114,-0.8792,1.4121,-0.0427,0.0116,1.4075,-0.9073,-0.0465,0.1551,0.0039,0.9112,0.1086,-0.5118,0.5000,-0.2000,-1.1800,0.9000,-1.2770,-0.4414,0.2000,1.5467,-0.9180,1.3340,120.3632,-3.4253,4.1912,-5.5573,4.7751,-0.4135,6.9817,-2.8024,13.8117,6.2232,0.0000,0.18
10.4152,0.0000,0.0000,0.0000,0.0000,0.0000,0.0000,-0.0673,0.4426,-1.7443,0.0937,-0.0358,-0.9950,0.5053,-0.2377,-1.3158,0.9555,-1.2082,-0.4527,0.1729,1.4387,-0.8755,1.4007,-0.0000,0.0388,1.4463,-1.1632,-0.3335,0.1047,-0.0620,1.0081,0.1241,-0.4498,0.5000,-0.2000,-1.2004,0.9052,-1.2699,-0.4487,0.2000,1.5670,-0.9133,1.3239,121.0252,-3.7965,4.3453,-5.6633,5.0741,-0.4874,6.9016,-2.7666,13.9148,6.3260,0.0278,0.18
10.4392,0.0000,0.0000,0.0000,0.0000,0.0000,0.0000,-0.0879,0.4973,-1.6760,0.1069,-0.0300,-0.9938,0.5057,-0.2375,-1.2870,0.9295,-1.2165,-0.4513,0.1730,1.4632,-0.8702,1.3879,-0.0349,0.0155,0.9500,-0.8065,-0.2365,0.0969,-0.0931,1.0004,0.2520,-0.5894,0.5000,-0.2000,-1.2207,0.9103,-1.2627,-0.4592,0.2000,1.5874,-0.9083,1.3139,121.8566,-4.2263,4.5100,-5.7659,5.4161,-0.5919,6.8122,-2.7303,14.0409,6.4161,0.0556,0.18
10.4632,0.0000,0.0000,0.0000,0.0000,0.0000,0.0000,-0.0534,0.5094,-1.5178,0.1211,-0.0245,-0.9923,0.5060,-0.2370,-1.2685,0.9116,-1.2194,-0.4522,0.1729,1.4876,-0.8658,1.3753,0.0427,0.0310,0.6126,-0.7018,-0.1008,-0.0194,-0.0388,1.1516,0.1280,-0.6747,0.5000,-0.2000,-1.2411,0.9152,-1.2556,-0.4701,0.2000,1.6078,-0.9031,1.3038,122.7242,-4.6005,4.6649,-5.8799,5.7159,-0.7009,6.7348,-2.6997,14.1849,6.5163,0.0833,0.18
10.4872,0.0000,0.0000,0.0000,0.0000,0.0000,0.0000,-0.0200,0.4181,-1.3382,0.1319,-0.0188,-0.9911,0.5061,-0.2358,-1.2530,0.8998,-1.2200,-0.4546,0.1726,1.5150,-0.8636,1.3610,0.0427,0.0892,0.5041,-0.3141,0.0775,-0.1047,-0.1396,0.9849,0.0931,-0.5971,0.5000,-0.2000,-1.2615,0.9198,-1.2485,-0.4794,0.2000,1.6078,-0.9209,1.3562,123.5938,-4.9644,4.8203,-6.0046,6.0045,-0.7938,6.6397,-2.6550,14.3246,6.6241,0.1111,0.18
10.5112,0.0000,0.0000,0.0000,0.0000,0.0000,0.0000,0.0067,0.4867,-1.1307,0.1449,-0.0123,-0.9894,0.5063,-0.2338,-1.2454,0.8928,-1.2191,-0.4595,0.1724,1.5389,-0.8637,1.3543,-0.0078,0.1667,0.2133,-0.2443,0.0039,-0.2908,0.0039,0.8026,-0.0659,-0.0078,0.5000,-0.2000,-1.2819,0.9239,-1.2414,-0.4862,0.2000,1.5772,-0.9722,1.3689,124.3960,-5.2883,4.9766,-6.1307,6.2515,-0.8625,6.5342,-2.5852,14.4340,6.7400,0.1389,0.18
10.5352,0.0000,0.0000,0.0000,0.0000,0.0000,0.0000,-0.0014,0.4396,-0.8964,0.1566,-0.0065,-0.9876,0.5065,-0.2315,-1.2424,0.8888,-1.2171,-0.4653,0.1719,1.5561,-0.8688,1.3557,-0.0194,0.1202,0.0465,-0.0931,0.0775,-0.1900,-0.0155,0.6902,-0.3218,0.0155,0.5000,-0.2000,-1.3022,0.9276,-1.2342,-0.4946,0.2000,1.5467,-1.0200,1.3813,125.1718,-5.6147,5.1240,-6.2564,6.5095,-0.9457,6.4221,-2.5251,14.5670,6.8499,0.1667,0.17
10.5612,0.0000,0.0000,0.0000,0.0000,0.0000,0.0000,-0.0781,0.1807,-0.5462,0.1631,-0.0005,-0.9866,0.5067,-0.2295,-1.2412,0.8881,-1.2141,-0.4703,0.1712,1.5668,-0.8814,1.3599,0.0775,0.0388,0.0349,0.0814,0.1628,-0.1784,-0.0582,0.3257,-0.6940,0.1745,0.5000,-0.2000,-1.3226,0.9306,-1.2271,-0.5000,0.2000,1.5161,-1.0621,1.3931,125.8659,-5.9150,5.2681,-6.3945,6.7475,-1.0316,6.2948,-2.4562,14.6858,6.9743,0.1944,0.17
10.5842,0.0000,0.0000,0.0000,0.0000,0.0000,0.0000,-0.0954,-0.2712,0.0795,0.1580,0.0043,-0.9874,0.5072,-0.2276,-1.2407,0.8908,-1.2114,-0.4752,0.1708,1.5702,-0.9018,1.3666,-0.0427,0.1473,-0.0582,0.1590,0.0969,-0.1939,-0.0078,-0.0039,-1.0004,0.3335,0.5000,-0.2000,-1.3430,0.9331,-1.2200,-0.5000,0.2000,1.4856,-1.0966,1.4039,126.3202,-6.1127,5.3978,-6.5675,6.8974,-1.1287,6.1829,-2.3827,14.7698,7.1113,0.2222,0.17
10.6082,0.0000,0.0000,0.0000,0.0000,0.0000,0.0000,-0.1267,-0.5109,0.6307,0.1481,0.0072,-0.9889,0.5076,-0.2271,-1.2424,0.8959,-1.2094,-0.4809,0.1708,1.5657,-0.9267,1.3762,-0.0078,0.0543,-0.1706,0.2559,0.1435,-0.2055,-0.0039,-0.2830,-1.0702,0.4188,0.5000,-0.2000,-1.3633,0.9348,-1.2128,-0.5000,0.2000,1.4550,-1.1217,1.4136,126.6269,-6.3489,5.5365,-6.7339,7.0477,-1.2039,6.0562,-2.3026,14.8191,7.2452,0.2500,0.17
10.6322,0.0000,0.0000,0.0000,0.0000,0.0000,0.0000,-0.1393,-0.5911,1.0926,0.1356,0.0089,-0.9907,0.5078,-0.2271,-1.2476,0.9024,-1.2070,-0.4879,0.1708,1.5554,-0.9507,1.3876,0.0737,0.0310,-0.3528,0.4110,0.1512,-0.2947,-0.0116,-0.5390,-0.9693,0.5157,0.5000,-0.2000,-1.3837,0.9358,-1.2057,-0.5000,0.2000,1.4244,-1.1364,1.4221,126.8461,-6.5452,5.6556,-6.8761,7.1627,-1.2549,5.9634,-2.2378,14.8476,7.3495,0.2778,0.17
10.6562,0.0000,0.0000,0.0000,0.0000,0.0000,0.0000,-0.1491,-0.5996,1.3925,0.1228,0.0100,-0.9924,0.5092,-0.2275,-1.2574,0.9087,-1.2039,-0.4962,0.1708,1.5407,-0.9736,1.3999,0.1435,0.0078,-0.4885,0.2830,0.1202,-0.2947,-0.0078,-0.8065,-0.8530,0.5467,0.5000,-0.2000,-1.4041,0.9360,-1.1986,-0.5000,0.2000,1.3939,-1.1398,1.4293,127.0105,-6.6799,5.7507,-6.9877,7.2303,-1.2745,5.8929,-2.1860,14.8685,7.4366,0.3056,0.17
10.6822,0.0000,0.0000,0.0000,0.0000,0.0000,0.0000,-0.1597,-0.5778,1.5739,0.1104,0.0105,-0.9938,0.5112,-0.2282,-1.2719,0.9131,-1.1997,-0.5028,0.1705,1.5195,-0.9938,1.4145,0.0969,-0.0271,-0.7057,0.1396,0.2249,-0.1822,-0.0620,-0.8685,-0.5855,0.6553,0.5000,-0.2000,-1.4244,0.9355,-1.1914,-0.5000,0.2000,1.3633,-1.1318,1.4352,127.1346,-6.7477,5.8169,-7.0685,7.2507,-1.2791,5.8550,-2.1529,14.8817,7.4929,0.3333,0.19
10.7072,0.0000,0.0000,0.0000,0.0000,0.0000,0.0000,-0.1647,-0.4653,1.7765,0.1000,0.0111,-0.9949,0.5127,-0.2293,-1.2902,0.9152,-1.1943,-0.5074,0.1698,1.4954,-1.0078,1.4287,0.1008,-0.0000,-0.8763,0.0388,0.2404,-0.1047,-0.0969,-0.9887,-0.4304,0.5545,0.5000,-0.2000,-1.4448,0.9342,-1.1842,-0.5000,0.2000,1.3328,-1.1129,1.4398,127.1832,-6.7728,5.8638,-7.1343,7.2490,-1.2767,5.8278,-2.1216,14.8755,7.5331,0.3611,0.19
10.7312,0.0000,0.0000,0.0000,0.0000,0.0000,0.0000,-0.1774,-0.4112,1.9636,0.0921,0.0115,-0.9957,0.5140,-0.2306,-1.3113,0.9147,-1.1875,-0.5111,0.1691,1.4708,-1.0147,1.4410,0.0078,-0.0465,-0.9616,-0.0155,0.2443,-0.1086,-0.0659,-1.0275,-0.1473,0.5002,0.5000,-0.2000,-1.4652,0.9322,-1.1742,-0.5000,0.2000,1.3022,-1.0839,1.4432,127.1217,-6.7472,5.8897,-7.1857,7.2116,-1.2760,5.8082,-2.0945,14.8534,7.5556,0.3889,0.19
10.7562,0.0000,0.0000,0.0000,0.0000,0.0000,0.0000,-0.1701,-0.3691,2.1094,0.0857,0.0118,-0.9962,0.5147,-0.2318,-1.3332,0.9120,-1.1799,-0.5138,0.1683,1.4438,-1.0153,1.4510,0.0582,-0.0698,-0.9849,-0.0814,0.4304,-0.0931,-0.0388,-1.2601,0.0969,0.3606,0.5000,-0.2000,-1.4856,0.9295,-1.1641,-0.5000,0.2000,1.2717,-1.0461,1.4456,126.9976,-6.6978,5.9024,-7.2240,7.1654,-1.2836,5.7941,-2.0746,14.8249,7.5698,0.4167,0.19
10.7812,0.0000,0.0000,0.0000,0.0000,0.0000,0.0000,-0.1850,-0.3510,2.2390,0.0802,0.0119,-0.9967,0.5148,-0.2323,-1.3590,0.9075,-1.1710,-0.5157,0.1673,1.4127,-1.0106,1.4598,0.0582,-0.0349,-1.0508,-0.2055,0.3257,-0.0543,-0.0931,-1.3416,0.3373,0.3373,0.5000,-0.2000,-1.5059,0.9262,-1.1541,-0.5000,0.2000,1.2411,-1.0014,1.4472,126.7539,-6.5703,5.8841,-7.2363,7.0744,-1.2952,5.8033,-2.0679,14.7812,7.5561,0.4444,0.18
10.8042,0.0000,0.0000,0.0000,0.0000,0.0000,0.0000,-0.1892,-0.3658,2.3344,0.0737,0.0138,-0.9972,0.5147,-0.2322,-1.3850,0.9011,-1.1627,-0.5164,0.1668,1.3780,-0.9996,1.4666,0.0271,0.0388,-1.1555,-0.2559,0.3179,0.0039,-0.0155,-1.4191,0.7018,0.2482,0.5000,-0.2000,-1.5263,0.9223,-1.1440,-0.5000,0.2000,1.2106,-0.9519,1.4483,126.3973,-6.3912,5.8417,-7.2265,6.9474,-1.3130,5.8303,-2.0719,14.7183,7.5217,0.4722,0.18
10.8282,0.0000,0.0000,0.0000,0.0000,0.0000,0.0000,-0.0610,-0.2941,2.3320,0.0683,0.0151,-0.9976,0.5137,-0.2322,-1.4117,0.8918,-1.1586,-0.5161,0.1662,1.3459,-0.9819,1.4711,-0.0853,-0.0000,-1.2136,-0.3839,0.1086,0.0969,-0.0698,-1.5199,0.8569,0.1784,0.5000,-0.2000,-1.5467,0.9180,-1.1340,-0.5000,0.2000,1.1800,-0.9000,1.4770,125.9576,-6.1597,5.7868,-7.2069,6.7981,-1.3287,5.8723,-2.0804,14.6560,7.4702,0.5000,0.17
10.8532,0.0000,0.0000,0.0000,0.0000,0.0000,0.0000,0.2390,-0.2239,2.1035,0.0623,0.0100,-0.9980,0.5094,-0.2322,-1.4403,0.8852,-1.1616,-0.5150,0.1652,1.3077,-0.9555,1.4777,-0.3218,-0.0310,-1.2097,-0.0543,-0.1357,0.0969,-0.1473,-1.5548,1.0779,0.4110,0.5000,-0.2000,-1.5670,0.9133,-1.1239,-0.5000,0.2000,1.2004,-0.9052,1.4699,125.4774,-5.8086,5.6931,-7.1484,6.5986,-1.3440,5.9644,-2.1170,14.5973,7.3606,0.5278,0.18
10.8772,0.0000,0.0000,0.0000,0.0000,0.0000,0.0000,0.3323,-0.1765,1.4035,0.0547,0.0005,-0.9985,0.5028,-0.2322,-1.4666,0.8841,-1.1661,-0.5128,0.1637,1.2806,-0.9326,1.4844,-0.0969,-0.0388,-1.1089,0.0039,-0.1241,0.0388,-0.1473,-0.9732,0.8879,0.1939,0.5000,-0.2000,-1.5874,0.9083,-1.1139,-0.5000,0.2000,1.2207,-0.9103,1.4627,125.0733,-5.3763,5.5314,-6.9861,6.3466,-1.2906,6.0807,-2.2052,14.5846,7.2011,0.5556,0.18
10.9002,0.0000,0.0000,0.0000,0.0000,0.0000,0.0000,0.2520,-0.0362,0.9154,0.0508,-0.0050,-0.9987,0.5015,-0.2324,-1.4884,0.8835,-1.1694,-0.5128,0.1633,1.2663,-0.9142,1.4896,-0.0504,-0.0000,-0.9228,0.0116,-0.0310,-0.0194,-0.0582,-0.4614,0.7483,0.1900,0.5000,-0.2000,-1.6078,0.9031,-1.1038,-0.5000,0.2000,1.2411,-0.9152,1.4556,124.6290,-4.9656,5.3674,-6.8251,6.0714,-1.2058,6.1856,-2.2654,14.5200,7.0535,0.5833,0.17
10.9252,0.0000,0.0000,0.0000,0.0000,0.0000,0.0000,0.2456,0.1378,0.4667,0.0507,-0.0112,-0.9987,0.5007,-0.2331,-1.5102,0.8839,-1.1696,-0.5124,0.1640,1.2585,-0.8981,1.4934,0.0349,-0.0116,-0.9383,0.1008,0.0620,0.0775,0.0814,-0.2249,0.5971,0.0620,0.5000,-0.2000,-1.6078,0.9209,-1.1562,-0.5000,0.2000,1.2615,-0.9198,1.4485,124.1940,-4.5651,5.2006,-6.6669,5.7962,-1.1164,6.2995,-2.3262,14.4580,6.9038,0.6111,0.17
10.9482,0.0000,0.0000,0.0000,0.0000,0.0000,0.0000,0.2242,0.3250,0.1460,0.0564,-0.0180,-0.9982,0.5007,-0.2340,-1.5294,0.8865,-1.1722,-0.5122,0.1663,1.2589,-0.8833,1.4953,0.0504,-0.0310,-0.8142,0.2171,-0.1977,0.0582,0.0737,0.1086,0.6087,0.0349,0.5000,-0.2000,-1.5772,0.9722,-1.1689,-0.5000,0.2000,1.2819,-0.9239,1.4414,123.6875,-4.1765,5.0368,-6.5273,5.5078,-1.0257,6.4089,-2.3731,14.3722,6.7642,0.6389,0.17
10.9722,0.0000,0.0000,0.0000,0.0000,0.0000,0.0000,0.1370,0.2575,-0.0187,0.0617,-0.0236,-0.9978,0.5007,-0.2352,-1.5427,0.8958,-1.1770,-0.5120,0.1689,1.2633,-0.8710,1.4958,0.0582,0.0194,-0.3179,0.6708,-0.2288,0.0504,0.0543,0.1628,0.4963,-0.0116,0.5000,-0.2000,-1.5467,1.0200,-1.1813,-0.4957,0.2000,1.3022,-0.9276,1.4342,123.1122,-3.8324,4.8635,-6.3865,5.2395,-0.9569,6.4990,-2.4191,14.2704,6.6372,0.6667,0.16
10.9962,0.0000,0.0000,0.0000,0.0000,0.0000,0.0000,0.1067,0.0224,-0.1910,0.0628,-0.0274,-0.9977,0.5001,-0.2366,-1.5497,0.9144,-1.1834,-0.5111,0.1718,1.2691,-0.8608,1.4946,-0.0427,-0.0388,-0.1706,0.8181,-0.2986,-0.0194,0.0814,0.1822,0.3102,-0.1280,0.5000,-0.2000,-1.5161,1.0621,-1.1931,-0.4883,0.2000,1.3226,-0.9306,1.4271,122.4906,-3.4865,4.6847,-6.2440,4.9469,-0.8827,6.5946,-2.4715,14.1791,6.5190,0.6944,0.19
11.0222,0.0000,0.0000,0.0000,0.0000,0.0000,0.0000,0.0569,-0.3245,-0.4882,0.0550,-0.0318,-0.9980,0.4987,-0.2374,-1.5515,0.9364,-1.1887,-0.5081,0.1739,1.2744,-0.8570,1.4910,-0.0969,-0.0427,0.0271,1.0895,-0.2171,0.2171,0.0737,0.1861,0.0039,-0.2249,0.5000,-0.2000,-1.4856,1.0966,-1.2039,-0.4792,0.2000,1.3430,-0.9331,1.4200,121.9086,-3.1401,4.4870,-6.0727,4.6539,-0.7922,6.7138,-2.5483,14.0974,6.3865,0.7222,0.18
11.0462,0.0000,0.0000,0.0000,0.0000,0.0000,0.0000,-0.0162,-0.4106,-0.8598,0.0441,-0.0321,-0.9985,0.4968,-0.2376,-1.5465,0.9653,-1.1957,-0.5002,0.1761,1.2785,-0.8581,1.4844,-0.0349,0.0271,0.3141,1.0740,-0.2055,0.3994,0.0310,0.1357,-0.0969,-0.3257,0.5000,-0.2000,-1.4550,1.1217,-1.2136,-0.4659,0.2000,1.3633,-0.9348,1.4128,121.3845,-2.8380,4.3085,-5.8969,4.3856,-0.6591,6.8345,-2.6234,14.0019,6.2681,0.7500,0.18
11.0712,0.0000,0.0000,0.0000,0.0000,0.0000,0.0000,-0.0140,-0.4055,-1.1097,0.0338,-0.0318,-0.9989,0.4955,-0.2377,-1.5368,0.9875,-1.1995,-0.4916,0.1777,1.2842,-0.8609,1.4766,-0.0116,-0.0465,0.5079,1.0973,-0.0620,0.4304,0.0000,0.1435,-0.1706,-0.3412,0.5000,-0.2000,-1.4244,1.1364,-1.2221,-0.4532,0.2000,1.3837,-0.9358,1.4057,120.9259,-2.6039,4.1640,-5.7530,4.1726,-0.5324,6.9384,-2.6847,13.9177,6.1700,0.7778,0.18
11.0952,0.0000,0.0000,0.0000,0.0000,0.0000,0.0000,0.0697,-0.4078,-1.1482,0.0243,-0.0336,-0.9991,0.4963,-0.2376,-1.5217,1.0104,-1.2017,-0.4819,0.1779,1.2917,-0.8647,1.4676,0.0582,0.0155,0.5932,0.6592,-0.0000,0.3606,-0.0388,0.2869,-0.1822,-0.3606,0.5000,-0.2000,-1.3939,1.1398,-1.2293,-0.4432,0.2000,1.4041,-0.9360,1.3986,120.4460,-2.4021,4.0498,-5.6581,3.9735,-0.4320,7.0302,-2.7325,13.8412,6.1199,0.8056,0.18
11.1192,0.0000,0.0000,0.0000,0.0000,0.0000,0.0000,0.0148,-0.3113,-1.0294,0.0181,-0.0353,-0.9992,0.4983,-0.2374,-1.5058,1.0245,-1.2022,-0.4730,0.1774,1.3020,-0.8707,1.4579,0.1124,0.0388,0.6126,0.4847,-0.0000,0.4032,-0.0620,0.4149,-0.2986,-0.4459,0.5000,-0.2000,-1.3633,1.1318,-1.2352,-0.4367,0.2000,1.4244,-0.9355,1.3914,119.9445,-2.3364,3.9719,-5.5743,3.8889,-0.3672,7.0575,-2.7545,13.7563,6.0859,0.8333,0.17
11.1421,0.0000,0.0000,0.0000,0.0000,0.0000,0.0000,-0.0314,-0.3023,-1.0516,0.0123,-0.0347,-0.9993,0.4987,-0.2374,-1.4891,1.0318,-1.2022,-0.4653,0.1766,1.3137,-0.8774,1.4477,-0.0194,0.0388,0.8453,0.1435,0.1008,0.3916,-0.0853,0.5157,-0.2598,-0.5351,0.5000,-0.2000,-1.3328,1.1129,-1.2398,-0.4318,0.2000,1.4448,-0.9342,1.3842,119.5189,-2.3186,3.9072,-5.4999,3.8502,-0.3175,7.0943,-2.7902,13.7016,6.0590,0.8611,0.17
11.1662,0.0000,0.0000,0.0000,0.0000,0.0000,0.0000,-0.0356,-0.2980,-1.0666,0.0065,-0.0345,-0.9994,0.4992,-0.2374,-1.4699,1.0332,-1.2023,-0.4579,0.1749,1.3275,-0.8836,1.4373,0.0310,-0.0116,0.9461,0.0310,0.0155,0.2908,-0.0969,0.5700,-0.3024,-0.4653,0.5000,-0.2000,-1.3022,1.0839,-1.2432,-0.4272,0.2000,1.4652,-0.9322,1.3742,119.1830,-2.3414,3.8704,-5.4468,3.8568,-0.2715,7.1063,-2.8097,13.6568,6.0477,0.8889,0.17
11.1891,0.0000,0.0000,0.0000,0.0000,0.0000,0.0000,-0.0597,-0.2173,-1.1422,0.0030,-0.0340,-0.9994,0.4994,-0.2375,-1.4464,1.0294,-1.2025,-0.4512,0.1729,1.3409,-0.8887,1.4270,-0.0000,0.0271,1.0546,-0.2714,0.0388,0.2482,-0.1086,0.5312,-0.2482,-0.5506,0.5000,-0.2000,-1.2717,1.0461,-1.2456,-0.4241,0.2000,1.4856,-0.9295,1.3641,119.0157,-2.4495,3.8695,-5.4152,3.9358,-0.2414,7.1052,-2.8259,13.6359,6.0551,0.9167,0.17
11.2122,0.0000,0.0000,0.0000,0.0000,0.0000,0.0000,-0.0916,-0.1388,-1.2280,0.0010,-0.0335,-0.9994,0.4995,-0.2377,-1.4217,1.0189,-1.2030,-0.4448,0.1713,1.3566,-0.8920,1.4154,0.1163,0.0310,1.1865,-0.5467,0.0271,0.2792,-0.1357,0.7677,-0.0853,-0.6436,0.5000,-0.2000,-1.2411,1.0014,-1.2472,-0.4237,0.2000,1.5059,-0.9262,1.3541,119.0200,-2.6062,3.8985,-5.4126,4.0613,-0.2374,7.1008,-2.8448,13.6478,6.0764,0.9444,0.17
11.2362,0.0000,0.0000,0.0000,0.0000,0.0000,0.0000,-0.1325,-0.0515,-1.2791,0.0015,-0.0322,-0.9995,0.4994,-0.2383,-1.3948,1.0030,-1.2035,-0.4400,0.1697,1.3742,-0.8936,1.4033,0.0931,0.0233,1.2446,-0.9151,0.0659,0.2714,-0.0892,0.8414,0.0078,-0.6281,0.5000,-0.2000,-1.2106,0.9519,-1.2483,-0.4256,0.2000,1.5263,-0.9223,1.3440,119.1868,-2.8418,3.9690,-5.4428,4.2469,-0.2564,7.0643,-2.8436,13.6789,6.1277,0.9722,0.17
11.2601,0.0000,0.0000,0.0000,0.0000,0.0000,0.0000,-0.1716,-0.0146,-1.2536,0.0012,-0.0321,-0.9995,0.4993,-0.2394,-1.3639,0.9789,-1.2046,-0.4353,0.1689,1.3959,-0.8939,1.3881,-0.0039,-0.0465,1.2601,-1.0857,0.0427,0.2171,-0.0116,0.8026,0.0310,-0.6747,0.5000,-0.2000,-1.1800,0.9000,-1.2770,-0.4306,0.2000,1.5467,-0.9180,1.3340,119.5206,-3.1526,4.0811,-5.5122,4.5002,-0.3063,6.9953,-2.8234,13.7434,6.2013,0.0000,0.17
11.2841,0.0000,0.0000,0.0000,0.0000,0.0000,0.0000,-0.2183,0.0619,-1.1761,0.0032,-0.0306,-0.9995,0.4993,-0.2405,-1.3331,0.9492,-1.2096,-0.4323,0.1685,1.4174,-0.8933,1.3741,0.0698,0.0194,1.2408,-1.3687,-0.3102,0.1202,-0.0659,0.8995,0.0233,-0.6049,0.5000,-0.2000,-1.2004,0.9052,-1.2699,-0.4384,0.2000,1.5670,-0.9133,1.3239,119.9831,-3.4825,4.2232,-5.6180,4.7760,-0.3838,6.9158,-2.7908,13.8281,6.2971,0.0278,0.17
11.3071,0.0000,0.0000,0.0000,0.0000,0.0000,0.0000,-0.2385,0.1289,-1.0397,0.0066,-0.0251,-0.9997,0.4993,-0.2412,-1.3079,0.9214,-1.2157,-0.4308,0.1679,1.4382,-0.8923,1.3599,-0.0155,0.0039,0.9189,-1.0934,-0.1512,0.0620,-0.0814,0.8647,0.0388,-0.6902,0.5000,-0.2000,-1.2207,0.9103,-1.2627,-0.4488,0.2000,1.5874,-0.9083,1.3139,120.6029,-3.8806,4.3801,-5.7242,5.1043,-0.4880,6.8200,-2.7543,13.9334,6.3850,0.0556,0.17
11.3311,0.0000,0.0000,0.0000,0.0000,0.0000,0.0000,-0.1655,0.2195,-0.8032,0.0122,-0.0207,-0.9997,0.4995,-0.2413,-1.2919,0.9004,-1.2179,-0.4319,0.1667,1.4623,-0.8908,1.3453,0.0349,-0.0155,0.5816,-0.8104,0.0698,-0.0969,-0.0737,0.9189,0.0775,-0.5816,0.5000,-0.2000,-1.2411,0.9152,-1.2556,-0.4596,0.2000,1.6078,-0.9031,1.3038,121.2781,-4.2376,4.5394,-5.8508,5.3964,-0.5963,6.7342,-2.7147,14.0491,6.4817,0.0833,0.17
11.3551,0.0000,0.0000,0.0000,0.0000,0.0000,0.0000,-0.1445,0.3010,-0.5916,0.0193,-0.0159,-0.9997,0.4996,-0.2407,-1.2833,0.8836,-1.2176,-0.4353,0.1653,1.4852,-0.8902,1.3304,-0.0039,0.0116,0.1745,-0.5855,0.1202,-0.1900,-0.1280,0.9655,0.0698,-0.6436,0.5000,-0.2000,-1.2615,0.9198,-1.2485,-0.4690,0.2000,1.6078,-0.9209,1.3562,121.9588,-4.5804,4.6907,-5.9668,5.6774,-0.6899,6.6399,-2.6706,14.1633,6.5712,0.1111,0.19
11.3791,0.0000,0.0000,0.0000,0.0000,0.0000,0.0000,-0.1130,0.3047,-0.4216,0.0268,-0.0105,-0.9996,0.4996,-0.2395,-1.2821,0.8712,-1.2154,-0.4413,0.1643,1.5072,-0.8918,1.3240,-0.0194,0.1551,-0.0543,-0.4614,0.1202,-0.2675,-0.0388,0.8608,-0.1396,-0.0233,0.5000,-0.2000,-1.2819,0.9239,-1.2414,-0.4757,0.2000,1.5772,-0.9722,1.3689,122.6141,-4.8441,4.8207,-6.0735,5.8902,-0.7565,6.5567,-2.6196,14.2542,6.6644,0.1389,0.18
11.4041,0.0000,0.0000,0.0000,0.0000,0.0000,0.0000,-0.1725,0.2505,-0.2409,0.0334,-0.0039,-0.9994,0.5000,-0.2382,-1.2837,0.8616,-1.2121,-0.4473,0.1631,1.5224,-0.8996,1.3254,0.0078,0.0582,-0.0853,-0.2559,0.1241,-0.2288,-0.0465,0.5855,-0.4885,0.0233,0.5000,-0.2000,-1.3022,0.9276,-1.2342,-0.4816,0.2000,1.5467,-1.0200,1.3813,123.2794,-5.1501,4.9566,-6.1819,6.1421,-0.8163,6.4378,-2.5609,14.3603,6.7633,0.1667,0.18
11.4272,0.0000,0.0000,0.0000,0.0000,0.0000,0.0000,-0.1635,-0.0403,0.0383,0.0337,0.0027,-0.9994,0.5009,-0.2369,-1.2874,0.8560,-1.2082,-0.4520,0.1626,1.5318,-0.9152,1.3295,0.0388,0.0388,-0.1745,-0.0039,0.1939,-0.1473,-0.0310,0.2482,-0.7483,0.1396,0.5000,-0.2000,-1.3226,0.9306,-1.2271,-0.4875,0.2000,1.5161,-1.0621,1.3931,123.8969,-5.3808,5.0764,-6.3038,6.3272,-0.8750,6.3414,-2.5085,14.4673,6.8660,0.1944,0.17
11.4522,0.0000,0.0000,0.0000,0.0000,0.0000,0.0000,-0.1349,-0.3906,0.4231,0.0265,0.0068,-0.9996,0.5018,-0.2363,-1.2929,0.8556,-1.2053,-0.4574,0.1626,1.5334,-0.9377,1.3364,0.0388,0.0039,-0.3024,-0.0078,0.1396,-0.2482,0.0155,-0.0543,-1.0236,0.2714,0.5000,-0.2000,-1.3430,0.9331,-1.2200,-0.4914,0.2000,1.4856,-1.0966,1.4039,124.3641,-5.5451,5.1874,-6.4400,6.4434,-0.9143,6.2449,-2.4478,14.5493,6.9814,0.2222,0.17
11.4762,0.0000,0.0000,0.0000,0.0000,0.0000,0.0000,-0.1364,-0.6630,0.7530,0.0097,0.0111,-0.9999,0.5018,-0.2363,-1.2996,0.8580,-1.2025,-0.4639,0.1627,1.5282,-0.9626,1.3450,-0.0000,-0.0504,-0.2482,0.1280,0.1241,-0.2598,0.0271,-0.3761,-1.0624,0.2792,0.5000,-0.2000,-1.3633,0.9348,-1.2128,-0.4930,0.2000,1.4550,-1.1217,1.4136,124.7269,-5.7000,5.2873,-6.5630,6.5375,-0.9300,6.1561,-2.3958,14.6115,7.0822,0.2500,0.17
11.5001,0.0000,0.0000,0.0000,0.0000,0.0000,0.0000,-0.1008,-0.6748,1.0659,-0.0066,0.0146,-0.9999,0.5019,-0.2363,-1.3065,0.8625,-1.2009,-0.4711,0.1629,1.5183,-0.9870,1.3557,0.0427,0.0427,-0.3722,0.2365,0.0853,-0.3645,0.0116,-0.4769,-1.0314,0.4924,0.5000,-0.2000,-1.3837,0.9358,-1.2057,-0.4929,0.2000,1.4244,-1.1364,1.4221,124.9938,-5.8177,5.3813,-6.6767,6.5963,-0.9286,6.0944,-2.3451,14.6385,7.1641,0.2778,0.17
11.5241,0.0000,0.0000,0.0000,0.0000,0.0000,0.0000,-0.0629,-0.6431,1.2098,-0.0214,0.0181,-0.9996,0.5020,-0.2364,-1.3151,0.8674,-1.1997,-0.4785,0.1630,1.5054,-1.0090,1.3676,0.0039,-0.0349,-0.4769,0.2637,0.0582,-0.2714,-0.0388,-0.6165,-0.8724,0.4885,0.5000,-0.2000,-1.4041,0.9360,-1.1986,-0.4913,0.2000,1.3939,-1.1398,1.4293,125.2400,-5.9202,5.4670,-6.7706,6.6429,-0.9129,6.0429,-2.3037,14.6659,7.2317,0.3056,0.17
11.5491,0.0000,0.0000,0.0000,0.0000,0.0000,0.0000,-0.0170,-0.6621,1.2541,-0.0368,0.0210,-0.9991,0.5017,-0.2364,-1.3258,0.8726,-1.1996,-0.4851,0.1632,1.4870,-1.0268,1.3807,0.0659,-0.0194,-0.5971,0.2675,0.0078,-0.1590,0.0194,-0.7483,-0.6708,0.5467,0.5000,-0.2000,-1.4244,0.9355,-1.1914,-0.4885,0.2000,1.3633,-1.1318,1.4352,125.4608,-5.9360,5.5222,-6.8369,6.6331,-0.8855,6.0204,-2.2787,14.6900,7.2777,0.3333,0.17
11.5732,0.0000,0.0000,0.0000,0.0000,0.0000,0.0000,0.0538,-0.6044,1.2050,-0.0513,0.0228,-0.9984,0.5013,-0.2365,-1.3394,0.8787,-1.2005,-0.4895,0.1631,1.4667,-1.0401,1.3936,-0.0465,0.0582,-0.5622,0.3257,0.0504,-0.0698,-0.0582,-0.8298,-0.4381,0.5079,0.5000,-0.2000,-1.4448,0.9342,-1.1842,-0.4846,0.2000,1.3328,-1.1129,1.4398,125.6454,-5.8951,5.5515,-6.8822,6.5894,-0.8461,6.0235,-2.2682,14.7099,7.2990,0.3611,0.17
11.5972,0.0000,0.0000,0.0000,0.0000,0.0000,0.0000,0.1007,-0.5401,1.0663,-0.0645,0.0235,-0.9976,0.4995,-0.2366,-1.3523,0.8859,-1.2024,-0.4909,0.1630,1.4461,-1.0462,1.4051,-0.0892,0.0078,-0.5079,0.3024,-0.0892,-0.0427,-0.0388,-0.9034,0.0271,0.4730,0.5000,-0.2000,-1.4652,0.9322,-1.1742,-0.4783,0.2000,1.3022,-1.0839,1.4432,125.7781,-5.8094,5.5677,-6.9124,6.5010,-0.7833,6.0318,-2.2567,14.7142,7.3103,0.3889,0.17
11.6211,0.0000,0.0000,0.0000,0.0000,0.0000,0.0000,0.1451,-0.4190,0.9451,-0.0753,0.0235,-0.9969,0.4977,-0.2367,-1.3653,0.8928,-1.2049,-0.4902,0.1628,1.4234,-1.0448,1.4152,-0.0814,0.0388,-0.5971,0.3645,-0.0465,0.1202,0.0388,-0.9655,0.2443,0.5002,0.5000,-0.2000,-1.4856,0.9295,-1.1641,-0.4735,0.2000,1.2717,-1.0461,1.4456,125.8712,-5.6896,5.5643,-6.9167,6.4029,-0.7354,6.0582,-2.2532,14.7018,7.2979,0.4167,0.16
11.6451,0.0000,0.0000,0.0000,0.0000,0.0000,0.0000,0.2020,-0.3048,0.8015,-0.0835,0.0211,-0.9963,0.4956,-0.2369,-1.3787,0.8992,-1.2074,-0.4877,0.1626,1.4015,-1.0357,1.4240,-0.0775,-0.0000,-0.6669,0.2947,-0.0582,0.1008,-0.0853,-1.0469,0.6126,0.3528,0.5000,-0.2000,-1.5059,0.9262,-1.1541,-0.4690,0.2000,1.2411,-1.0014,1.4472,125.9146,-5.5343,5.5493,-6.9195,6.2808,-0.6902,6.0947,-2.2560,14.6939,7.2788,0.4444,0.17
11.6691,0.0000,0.0000,0.0000,0.0000,0.0000,0.0000,0.2360,-0.1757,0.7041,-0.0898,0.0188,-0.9958,0.4940,-0.2369,-1.3945,0.9055,-1.2088,-0.4843,0.1625,1.3744,-1.0174,1.4314,0.0039,0.0388,-0.6592,0.2792,-0.0271,0.2598,-0.0388,-1.0779,0.8298,0.2637,0.5000,-0.2000,-1.5263,0.9223,-1.1440,-0.4674,0.2000,1.2106,-0.9519,1.4483,125.8742,-5.3499,5.5125,-6.8990,6.1547,-0.6740,6.1445,-2.2680,14.6666,7.2401,0.4722,0.17
11.6931,0.0000,0.0000,0.0000,0.0000,0.0000,0.0000,0.2799,-0.0191,0.6115,-0.0923,0.0147,-0.9956,0.4929,-0.2369,-1.4086,0.9100,-1.2092,-0.4803,0.1626,1.3465,-0.9927,1.4366,-0.0388,0.0271,-0.6747,0.1512,0.0582,0.1977,-0.0349,-1.1981,1.2291,0.2249,0.5000,-0.2000,-1.5467,0.9180,-1.1340,-0.4671,0.2000,1.1800,-0.9000,1.4770,125.7551,-5.1634,5.4744,-6.8806,6.0226,-0.6710,6.1975,-2.2775,14.6267,7.1995,0.5000,0.17
11.7171,0.0000,0.0000,0.0000,0.0000,0.0000,0.0000,0.3182,0.1414,0.5966,-0.0915,0.0095,-0.9958,0.4924,-0.2368,-1.4248,0.9133,-1.2090,-0.4762,0.1628,1.3204,-0.9609,1.4433,-0.0000,-0.0000,-0.7134,0.1551,0.0078,0.1861,-0.0427,-1.2136,1.4152,0.3994,0.5000,-0.2000,-1.5670,0.9133,-1.1239,-0.4695,0.2000,1.2004,-0.9052,1.4699,125.5214,-4.9480,5.4173,-6.8474,5.8827,-0.6946,6.2562,-2.2900,14.5682,7.1422,0.5278,0.17
11.7421,0.0000,0.0000,0.0000,0.0000,0.0000,0.0000,0.3597,0.3321,0.6216,-0.0871,0.0015,-0.9962,0.4921,-0.2367,-1.4427,0.9151,-1.2080,-0.4730,0.1633,1.2949,-0.9297,1.4501,0.0233,0.0349,-0.8840,0.1086,0.0620,0.1318,-0.0271,-0.7832,1.0779,0.1939,0.5000,-0.2000,-1.5874,0.9083,-1.1139,-0.4749,0.2000,1.2207,-0.9103,1.4627,125.1514,-4.7018,5.3295,-6.7863,5.7502,-0.7489,6.3295,-2.3205,14.5166,7.0564,0.5556,0.17
11.7671,0.0000,0.0000,0.0000,0.0000,0.0000,0.0000,0.2707,0.5398,0.6701,-0.0765,-0.0039,-0.9971,0.4921,-0.2367,-1.4620,0.9151,-1.2054,-0.4726,0.1643,1.2795,-0.9060,1.4534,0.0233,0.0737,-0.7871,-0.0000,0.2094,-0.0814,0.0078,-0.4575,0.7871,0.1008,0.5000,-0.2000,-1.6078,0.9031,-1.1038,-0.4787,0.2000,1.2411,-0.9152,1.4556,124.6316,-4.4860,5.2322,-6.7102,5.6122,-0.7872,6.3728,-2.3369,14.4333,6.9764,0.5833,0.17
11.7911,0.0000,0.0000,0.0000,0.0000,0.0000,0.0000,0.2633,0.6746,0.6656,-0.0626,-0.0101,-0.9980,0.4923,-0.2369,-1.4825,0.9149,-1.1994,-0.4745,0.1663,1.2745,-0.8897,1.4552,0.0349,0.0194,-0.9267,-0.0620,0.2986,-0.1241,0.0620,-0.0969,0.5894,0.0233,0.5000,-0.2000,-1.6078,0.9209,-1.1562,-0.4806,0.2000,1.2615,-0.9198,1.4485,124.0132,-4.2310,5.1154,-6.6201,5.4308,-0.8057,6.4260,-2.3603,14.3593,6.8806,0.6111,0.17
11.8141,0.0000,0.0000,0.0000,0.0000,0.0000,0.0000,0.2357,0.8435,0.6111,-0.0440,-0.0168,-0.9989,0.4927,-0.2369,-1.5028,0.9151,-1.1956,-0.4775,0.1681,1.2745,-0.8784,1.4566,0.0388,0.0853,-0.7832,-0.1124,-0.0271,-0.1512,0.0078,0.0194,0.4769,0.0233,0.5000,-0.2000,-1.5772,0.9722,-1.1689,-0.4791,0.2000,1.2819,-0.9239,1.4414,123.2956,-3.9609,4.9868,-6.5169,5.2283,-0.7913,6.4728,-2.3754,14.2575,6.7808,0.6389,0.17
11.8391,0.0000,0.0000,0.0000,0.0000,0.0000,0.0000,0.1061,0.8000,0.5559,-0.0248,-0.0209,-0.9995,0.4930,-0.2370,-1.5181,0.9201,-1.1964,-0.4813,0.1703,1.2773,-0.8691,1.4583,-0.0427,-0.0000,-0.6010,0.3024,-0.0039,-0.1241,0.0233,0.0194,0.2830,0.1008,0.5000,-0.2000,-1.5467,1.0200,-1.1813,-0.4781,0.2000,1.3022,-0.9276,1.4342,122.5670,-3.7283,4.8441,-6.3830,5.0438,-0.7810,6.5072,-2.3949,14.1433,6.6625,0.6667,0.17
11.8621,0.0000,0.0000,0.0000,0.0000,0.0000,0.0000,0.0903,0.4548,0.3368,-0.0121,-0.0235,-0.9997,0.4930,-0.2373,-1.5288,0.9339,-1.1991,-0.4842,0.1718,1.2799,-0.8633,1.4593,-0.0194,-0.0271,-0.3335,0.7522,-0.1318,-0.0892,0.0349,0.0233,0.1939,0.0000,0.5000,-0.2000,-1.5161,1.0621,-1.1931,-0.4747,0.2000,1.3226,-0.9306,1.4271,121.8639,-3.4048,4.6675,-6.2311,4.7945,-0.7473,6.5874,-2.4493,14.0647,6.5269,0.6944,0.17
11.8872,0.0000,0.0000,0.0000,0.0000,0.0000,0.0000,0.0411,0.2325,-0.0034,-0.0063,-0.0255,-0.9997,0.4927,-0.2377,-1.5325,0.9513,-1.2024,-0.4865,0.1733,1.2815,-0.8614,1.4598,-0.0310,0.0078,-0.0698,0.9461,-0.1512,-0.0504,-0.0039,0.0582,0.0931,0.0310,0.5000,-0.2000,-1.4856,1.0966,-1.2039,-0.4673,0.2000,1.3430,-0.9331,1.4200,121.2291,-3.1011,4.4936,-6.0680,4.5433,-0.6734,6.6780,-2.5097,13.9760,6.3986,0.7222,0.17
11.9121,0.0000,0.0000,0.0000,0.0000,0.0000,0.0000,-0.0070,0.0651,-0.5215,-0.0040,-0.0260,-0.9997,0.4926,-0.2382,-1.5315,0.9745,-1.2063,-0.4862,0.1743,1.2839,-0.8626,1.4589,-0.0000,-0.0233,0.1008,0.9422,-0.1435,0.0659,-0.0349,0.1241,-0.0000,-0.1008,0.5000,-0.2000,-1.4550,1.1217,-1.2136,-0.4563,0.2000,1.3633,-0.9348,1.4128,120.7418,-2.8120,4.3164,-5.8862,4.3024,-0.5630,6.7968,-2.5913,13.9068,6.2635,0.7500,0.17
11.9361,0.0000,0.0000,0.0000,0.0000,0.0000,0.0000,0.0099,0.0447,-0.9532,-0.0022,-0.0257,-0.9997,0.4929,-0.2383,-1.5247,0.9959,-1.2080,-0.4814,0.1743,1.2884,-0.8647,1.4573,0.0775,0.0582,0.4343,0.7949,0.0078,0.2365,-0.0155,0.2288,-0.1086,-0.1241,0.5000,-0.2000,-1.4244,1.1364,-1.2221,-0.4449,0.2000,1.3837,-0.9358,1.4057,120.3607,-2.5646,4.1640,-5.7317,4.0964,-0.4494,6.9208,-2.6670,13.8358,6.1585,0.7778,0.17
11.9601,0.0000,0.0000,0.0000,0.0000,0.0000,0.0000,0.0929,0.1158,-1.0880,0.0017,-0.0285,-0.9996,0.4951,-0.2382,-1.5119,1.0135,-1.2076,-0.4737,0.1736,1.2953,-0.8679,1.4539,0.0931,0.0310,0.5932,0.6087,0.0116,0.4343,-0.0543,0.2869,-0.1706,-0.2404,0.5000,-0.2000,-1.3939,1.1398,-1.2293,-0.4370,0.2000,1.4041,-0.9360,1.3986,120.0003,-2.4171,4.0680,-5.6378,3.9700,-0.3703,6.9985,-2.7070,13.7671,6.0995,0.8056,0.17
11.9831,0.0000,0.0000,0.0000,0.0000,0.0000,0.0000,0.0421,0.0956,-0.9271,0.0071,-0.0294,-0.9995,0.4974,-0.2379,-1.4988,1.0250,-1.2069,-0.4657,0.1727,1.3056,-0.8732,1.4484,0.0465,0.0465,0.5971,0.3800,0.0698,0.2559,-0.0310,0.4459,-0.2443,-0.2520,0.5000,-0.2000,-1.3633,1.1318,-1.2352,-0.4331,0.2000,1.4244,-0.9355,1.3914,119.5757,-2.3636,3.9944,-5.5687,3.8926,-0.3308,7.0257,-2.7253,13.6933,6.0770,0.8333,0.19
12.0071,0.0000,0.0000,0.0000,0.0000,0.0000,0.0000,0.0520,-0.0158,-1.0009,0.0099,-0.0311,-0.9995,0.4991,-0.2379,-1.4815,1.0317,-1.2062,-0.4608,0.1715,1.3174,-0.8786,1.4422,0.1163,0.0233,0.8026,0.2171,0.0698,0.2171,-0.0775,0.4381,-0.2133,-0.2365,0.5000,-0.2000,-1.3328,1.1129,-1.2398,-0.4297,0.2000,1.4448,-0.9342,1.3842,119.2600,-2.3501,3.9362,-5.5080,3.8649,-0.2968,7.0581,-2.7590,13.6547,6.0592,0.8611,0.18
12.0311,0.0000,0.0000,0.0000,0.0000,0.0000,0.0000,0.0117,0.0102,-1.0854,0.0123,-0.0314,-0.9994,0.5002,-0.2381,-1.4625,1.0335,-1.2059,-0.4552,0.1699,1.3295,-0.8839,1.4356,0.0233,0.0349,0.9034,0.0194,0.0388,0.2908,-0.0155,0.5079,-0.1590,-0.3684,0.5000,-0.2000,-1.3022,1.0839,-1.2432,-0.4270,0.2000,1.4652,-0.9322,1.3742,119.0466,-2.4101,3.9053,-5.4548,3.9058,-0.2703,7.0765,-2.7847,13.6236,6.0480,0.8889,0.18
12.0541,0.0000,0.0000,0.0000,0.0000,0.0000,0.0000,0.0059,0.0464,-1.1935,0.0162,-0.0320,-0.9994,0.5009,-0.2383,-1.4401,1.0303,-1.2061,-0.4506,0.1692,1.3439,-0.8872,1.4287,0.0233,0.0078,0.9771,-0.2443,0.0427,0.2482,-0.0116,0.6359,-0.0194,-0.4420,0.5000,-0.2000,-1.2717,1.0461,-1.2456,-0.4256,0.2000,1.4856,-0.9295,1.3641,118.9808,-2.5204,3.9078,-5.4311,3.9909,-0.2564,7.0863,-2.8061,13.6186,6.0567,0.9167,0.18
12.0781,0.0000,0.0000,0.0000,0.0000,0.0000,0.0000,-0.0265,0.0620,-1.2907,0.0201,-0.0334,-0.9992,0.5013,-0.2390,-1.4155,1.0212,-1.2067,-0.4465,0.1689,1.3596,-0.8888,1.4201,-0.0349,-0.0039,1.1555,-0.4420,-0.0155,0.1822,-0.0039,0.7134,0.0039,-0.4110,0.5000,-0.2000,-1.2411,1.0014,-1.2472,-0.4260,0.2000,1.5059,-0.9262,1.3541,119.0588,-2.6906,3.9399,-5.4283,4.1342,-0.2605,7.0739,-2.8177,13.6306,6.0816,0.9444,0.18
12.1021,0.0000,0.0000,0.0000,0.0000,0.0000,0.0000,-0.0765,0.1005,-1.3590,0.0254,-0.0345,-0.9991,0.5015,-0.2402,-1.3862,1.0051,-1.2073,-0.4429,0.1686,1.3785,-0.8886,1.4095,-0.0116,-0.0543,1.1710,-0.6475,0.0388,0.1784,-0.0543,0.6359,0.0465,-0.4498,0.5000,-0.2000,-1.2106,0.9519,-1.2483,-0.4293,0.2000,1.5263,-0.9223,1.3440,119.3411,-2.9608,4.0220,-5.4625,4.3566,-0.2930,7.0300,-2.8129,13.6737,6.1356,0.9722,0.18
12.1271,0.0000,0.0000,0.0000,0.0000,0.0000,0.0000,-0.1044,0.0932,-1.3714,0.0306,-0.0353,-0.9989,0.5014,-0.2411,-1.3578,0.9844,-1.2087,-0.4406,0.1686,1.3993,-0.8874,1.3973,-0.0078,-0.0194,1.3183,-1.0857,-0.0000,0.0659,-0.0155,0.7445,0.0543,-0.4963,0.5000,-0.2000,-1.1800,0.9000,-1.2770,-0.4351,0.2000,1.5467,-0.9180,1.3340,119.7561,-3.2454,4.1246,-5.5343,4.5885,-0.3513,6.9864,-2.8084,13.7520,6.2157,0.0000,0.18
12.1511,0.0000,0.0000,0.0000,0.0000,0.0000,0.0000,-0.1784,0.1278,-1.3272,0.0360,-0.0339,-0.9988,0.5014,-0.2420,-1.3263,0.9574,-1.2136,-0.4389,0.1686,1.4204,-0.8858,1.3839,0.0039,-0.0039,1.3454,-1.3222,-0.3063,0.0775,0.0000,0.8685,0.0427,-0.6436,0.5000,-0.2000,-1.2004,0.9052,-1.2699,-0.4435,0.2000,1.5670,-0.9133,1.3239,120.2840,-3.6004,4.2684,-5.6363,4.8856,-0.4352,6.8992,-2.7770,13.8471,6.3121,0.0278,0.17
12.1761,0.0000,0.0000,0.0000,0.0000,0.0000,0.0000,-0.1842,0.1129,-1.1369,0.0406,-0.0289,-0.9988,0.5014,-0.2430,-1.2984,0.9298,-1.2206,-0.4380,0.1686,1.4433,-0.8838,1.3693,-0.0155,-0.0620,0.8647,-0.8995,-0.1551,-0.0543,-0.0271,0.8724,0.1318,-0.6049,0.5000,-0.2000,-1.2207,0.9103,-1.2627,-0.4548,0.2000,1.5874,-0.9083,1.3139,120.9494,-3.9989,4.4321,-5.7541,5.2078,-0.5481,6.8006,-2.7342,13.9570,6.4071,0.0556,0.18
12.1991,0.0000,0.0000,0.0000,0.0000,0.0000,0.0000,-0.1421,0.1501,-0.8666,0.0460,-0.0244,-0.9986,0.5016,-0.2431,-1.2806,0.9094,-1.2232,-0.4396,0.1681,1.4651,-0.8821,1.3549,0.0698,0.0194,0.4924,-0.6049,-0.0465,-0.0427,-0.0310,0.9151,0.0233,-0.6359,0.5000,-0.2000,-1.2411,0.9152,-1.2556,-0.4673,0.2000,1.6078,-0.9031,1.3038,121.6572,-4.3618,4.5913,-5.8787,5.5138,-0.6729,6.7141,-2.6965,14.0769,6.5049,0.0833,0.17
12.2231,0.0000,0.0000,0.0000,0.0000,0.0000,0.0000,-0.1140,0.2058,-0.6108,0.0517,-0.0202,-0.9985,0.5015,-0.2427,-1.2729,0.8957,-1.2228,-0.4435,0.1668,1.4883,-0.8814,1.3400,-0.0349,0.0388,0.1861,-0.5234,0.0853,-0.2055,-0.0465,0.9344,0.0039,-0.6979,0.5000,-0.2000,-1.2615,0.9198,-1.2485,-0.4772,0.2000,1.6078,-0.9209,1.3562,122.3284,-4.6983,4.7419,-6.0032,5.7835,-0.7717,6.6200,-2.6525,14.1957,6.6048,0.1111,0.17
12.2481,0.0000,0.0000,0.0000,0.0000,0.0000,0.0000,-0.0968,0.2124,-0.3872,0.0584,-0.0152,-0.9982,0.5016,-0.2412,-1.2710,0.8837,-1.2206,-0.4493,0.1657,1.5107,-0.8827,1.3321,-0.0271,0.0814,-0.0659,-0.3761,0.1086,-0.2365,-0.0388,0.7561,0.0194,-0.1047,0.5000,-0.2000,-1.2819,0.9239,-1.2414,-0.4845,0.2000,1.5772,-0.9722,1.3689,122.9717,-4.9897,4.8849,-6.1247,6.0064,-0.8449,6.5236,-2.5931,14.2862,6.7098,0.1389,0.17
12.2721,0.0000,0.0000,0.0000,0.0000,0.0000,0.0000,-0.1493,0.1326,-0.1577,0.0627,-0.0089,-0.9980,0.5017,-0.2395,-1.2739,0.8746,-1.2161,-0.4549,0.1650,1.5247,-0.8902,1.3323,0.0582,0.0969,-0.2404,-0.2443,0.2133,-0.2094,-0.0155,0.4769,-0.4575,-0.0349,0.5000,-0.2000,-1.3022,0.9276,-1.2342,-0.4913,0.2000,1.5467,-1.0200,1.3813,123.6146,-5.2794,5.0105,-6.2280,6.2454,-0.9131,6.4158,-2.5422,14.3927,6.8070,0.1667,0.17
12.2981,0.0000,0.0000,0.0000,0.0000,0.0000,0.0000,-0.1769,-0.1393,0.1332,0.0608,-0.0028,-0.9981,0.5020,-0.2382,-1.2797,0.8694,-1.2124,-0.4603,0.1650,1.5333,-0.9075,1.3351,0.0388,0.0155,-0.2598,-0.1202,0.1822,-0.2365,-0.0155,0.2559,-0.7794,0.1047,0.5000,-0.2000,-1.3226,0.9306,-1.2271,-0.4964,0.2000,1.5161,-1.0621,1.3931,124.1658,-5.4951,5.1254,-6.3464,6.4179,-0.9638,6.3152,-2.4887,14.4939,6.9078,0.1944,0.17
12.3211,0.0000,0.0000,0.0000,0.0000,0.0000,0.0000,-0.1719,-0.5362,0.5627,0.0478,0.0029,-0.9989,0.5020,-0.2372,-1.2864,0.8682,-1.2082,-0.4669,0.1653,1.5351,-0.9293,1.3403,-0.0000,0.0349,-0.3645,0.0737,0.1318,-0.3024,-0.0078,-0.0620,-1.0934,0.2055,0.5000,-0.2000,-1.3430,0.9331,-1.2200,-0.5000,0.2000,1.4856,-1.0966,1.4039,124.5596,-5.6412,5.2234,-6.4731,6.5259,-1.0034,6.2219,-2.4328,14.5665,7.0098,0.2222,0.17
12.3441,0.0000,0.0000,0.0000,0.0000,0.0000,0.0000,-0.1684,-0.7503,0.8799,0.0303,0.0068,-0.9995,0.5022,-0.2370,-1.2928,0.8695,-1.2051,-0.4735,0.1655,1.5305,-0.9536,1.3473,0.0853,0.0504,-0.2365,0.1241,0.1435,-0.3296,0.0000,-0.3102,-1.2020,0.3955,0.5000,-0.2000,-1.3633,0.9348,-1.2128,-0.5000,0.2000,1.4550,-1.1217,1.4136,124.8649,-5.7830,5.3225,-6.5939,6.6106,-1.0154,6.1343,-2.3793,14.6157,7.1108,0.2500,0.17
12.3691,0.0000,0.0000,0.0000,0.0000,0.0000,0.0000,-0.1560,-0.7857,1.1794,0.0124,0.0107,-0.9999,0.5027,-0.2368,-1.3010,0.8724,-1.2018,-0.4816,0.1657,1.5204,-0.9789,1.3572,0.0698,0.0698,-0.4149,0.1706,0.1900,-0.3684,-0.0543,-0.5506,-1.0042,0.3916,0.5000,-0.2000,-1.3837,0.9358,-1.2057,-0.5000,0.2000,1.4244,-1.1364,1.4221,125.1139,-5.9214,5.4189,-6.7095,6.6755,-1.0118,6.0679,-2.3292,14.6456,7.1970,0.2778,0.21
12.3941,0.0000,0.0000,0.0000,0.0000,0.0000,0.0000,-0.1331,-0.7720,1.3986,-0.0069,0.0153,-0.9999,0.5034,-0.2366,-1.3119,0.8758,-1.1987,-0.4908,0.1658,1.5066,-1.0036,1.3692,0.0388,0.0388,-0.5041,0.2055,0.1163,-0.3024,0.0000,-0.6592,-0.9577,0.4498,0.5000,-0.2000,-1.4041,0.9360,-1.1986,-0.4995,0.2000,1.3939,-1.1398,1.4293,125.2980,-6.0003,5.4942,-6.7999,6.7069,-0.9951,6.0190,-2.2900,14.6668,7.2612,0.3056,0.19
12.4191,0.0000,0.0000,0.0000,0.0000,0.0000,0.0000,-0.0883,-0.7540,1.4828,-0.0248,0.0203,-0.9995,0.5033,-0.2365,-1.3240,0.8785,-1.1973,-0.4971,0.1659,1.4870,-1.0241,1.3829,-0.0271,0.0349,-0.5390,0.1124,-0.0582,-0.1435,0.0155,-0.8220,-0.6398,0.5467,0.5000,-0.2000,-1.4244,0.9355,-1.1914,-0.4960,0.2000,1.3633,-1.1318,1.4352,125.4408,-6.0219,5.5540,-6.8765,6.6892,-0.9600,5.9900,-2.2569,14.6767,7.3147,0.3333,0.19
12.4441,0.0000,0.0000,0.0000,0.0000,0.0000,0.0000,0.0115,-0.7002,1.4532,-0.0413,0.0239,-0.9989,0.5025,-0.2365,-1.3387,0.8813,-1.1981,-0.4998,0.1657,1.4654,-1.0383,1.3955,0.0155,-0.0039,-0.6553,0.0775,-0.1551,-0.0543,0.0039,-0.9228,-0.3800,0.4769,0.5000,-0.2000,-1.4448,0.9342,-1.1842,-0.4912,0.2000,1.3328,-1.1129,1.4398,125.5660,-5.9778,5.5871,-6.9269,6.6341,-0.9121,5.9842,-2.2407,14.6918,7.3429,0.3611,0.19
12.4681,0.0000,0.0000,0.0000,0.0000,0.0000,0.0000,0.0749,-0.6740,1.2851,-0.0584,0.0257,-0.9980,0.5004,-0.2364,-1.3535,0.8859,-1.2007,-0.4993,0.1653,1.4441,-1.0461,1.4069,-0.1163,-0.0194,-0.5971,0.2482,-0.0892,0.1047,-0.0775,-0.9422,-0.1667,0.5583,0.5000,-0.2000,-1.4652,0.9322,-1.1742,-0.4855,0.2000,1.3022,-1.0839,1.4432,125.6726,-5.8705,5.5866,-6.9377,6.5470,-0.8554,6.0039,-2.2429,14.7018,7.3338,0.3889,0.18
12.4931,0.0000,0.0000,0.0000,0.0000,0.0000,0.0000,0.1490,-0.5582,1.0450,-0.0727,0.0261,-0.9970,0.4975,-0.2364,-1.3675,0.8916,-1.2049,-0.4971,0.1647,1.4208,-1.0457,1.4173,-0.0659,0.0582,-0.5196,0.3063,-0.1628,0.1861,-0.0504,-0.9771,0.2288,0.4459,0.5000,-0.2000,-1.4856,0.9295,-1.1641,-0.4785,0.2000,1.2717,-1.0461,1.4456,125.7527,-5.7080,5.5710,-6.9352,6.4195,-0.7845,6.0419,-2.2502,14.7014,7.3138,0.4167,0.18
12.5181,0.0000,0.0000,0.0000,0.0000,0.0000,0.0000,0.1995,-0.4451,0.8153,-0.0849,0.0236,-0.9961,0.4947,-0.2366,-1.3818,0.8978,-1.2095,-0.4937,0.1642,1.3958,-1.0374,1.4253,-0.0427,0.0155,-0.7328,0.2830,-0.1280,0.1512,-0.1008,-1.0275,0.5312,0.3373,0.5000,-0.2000,-1.5059,0.9262,-1.1541,-0.4717,0.2000,1.2411,-1.0014,1.4472,125.8041,-5.5191,5.5411,-6.9142,6.2749,-0.7174,6.0893,-2.2610,14.6903,7.2778,0.4444,0.17
12.5431,0.0000,0.0000,0.0000,0.0000,0.0000,0.0000,0.2320,-0.3136,0.6585,-0.0950,0.0211,-0.9953,0.4931,-0.2367,-1.3973,0.9046,-1.2125,-0.4888,0.1640,1.3677,-1.0192,1.4318,-0.0000,-0.0155,-0.6087,0.3335,-0.0698,0.2598,0.0078,-1.0779,0.8685,0.2869,0.5000,-0.2000,-1.5263,0.9223,-1.1440,-0.4679,0.2000,1.2106,-0.9519,1.4483,125.7811,-5.3109,5.4985,-6.8856,6.1284,-0.6791,6.1465,-2.2767,14.6615,7.2317,0.4722,0.17
12.5671,0.0000,0.0000,0.0000,0.0000,0.0000,0.0000,0.2815,-0.1566,0.5766,-0.1012,0.0164,-0.9947,0.4918,-0.2367,-1.4119,0.9100,-1.2141,-0.4836,0.1640,1.3426,-0.9959,1.4358,-0.0814,-0.0000,-0.6902,0.2326,-0.0039,0.1939,0.0194,-1.0857,1.1981,0.1435,0.5000,-0.2000,-1.5467,0.9180,-1.1340,-0.4659,0.2000,1.1800,-0.9000,1.4770,125.6490,-5.0883,5.4465,-6.8581,5.9679,-0.6594,6.2110,-2.2918,14.6226,7.1817,0.5000,0.17
12.5911,0.0000,0.0000,0.0000,0.0000,0.0000,0.0000,0.3192,0.0127,0.5478,-0.1035,0.0106,-0.9946,0.4913,-0.2366,-1.4269,0.9137,-1.2142,-0.4785,0.1645,1.3157,-0.9648,1.4411,0.0775,0.0465,-0.6747,0.1435,0.0543,0.1784,-0.0504,-1.1865,1.4889,0.3684,0.5000,-0.2000,-1.5670,0.9133,-1.1239,-0.4668,0.2000,1.2004,-0.9052,1.4699,125.4242,-4.8612,5.3885,-6.8275,5.8080,-0.6680,6.2753,-2.3060,14.5602,7.1311,0.5278,0.18
12.6160,0.0000,0.0000,0.0000,0.0000,0.0000,0.0000,0.3721,0.2251,0.6020,-0.1019,0.0021,-0.9948,0.4909,-0.2365,-1.4446,0.9161,-1.2133,-0.4737,0.1653,1.2897,-0.9332,1.4466,-0.0388,0.0582,-0.7638,0.0543,0.0698,0.2171,0.0388,-0.8298,1.1593,0.0465,0.5000,-0.2000,-1.5874,0.9083,-1.1139,-0.4718,0.2000,1.2207,-0.9103,1.4627,125.0413,-4.6197,5.3015,-6.7705,5.6766,-0.7185,6.3505,-2.3352,14.5060,7.0477,0.5556,0.17
12.6391,0.0000,0.0000,0.0000,0.0000,0.0000,0.0000,0.2791,0.4376,0.6881,-0.0943,-0.0029,-0.9955,0.4910,-0.2365,-1.4630,0.9160,-1.2100,-0.4722,0.1664,1.2771,-0.9106,1.4482,0.0116,-0.0078,-0.8724,-0.0271,0.1706,-0.0039,0.0659,-0.5002,0.7987,0.0310,0.5000,-0.2000,-1.6078,0.9031,-1.1038,-0.4748,0.2000,1.2411,-0.9152,1.4556,124.5085,-4.4094,5.2083,-6.6947,5.5329,-0.7480,6.3864,-2.3454,14.4167,6.9701,0.5833,0.17
12.6630,0.0000,0.0000,0.0000,0.0000,0.0000,0.0000,0.2993,0.5836,0.7361,-0.0841,-0.0095,-0.9964,0.4912,-0.2366,-1.4827,0.9156,-1.2038,-0.4728,0.1679,1.2711,-0.8955,1.4490,0.0737,0.0427,-0.8065,0.0155,0.3528,-0.0582,0.1435,-0.2326,0.5739,-0.0271,0.5000,-0.2000,-1.6078,0.9209,-1.1562,-0.4768,0.2000,1.2615,-0.9198,1.4485,123.8744,-4.1486,5.0893,-6.6099,5.3506,-0.7679,6.4438,-2.3708,14.3412,6.8773,0.6111,0.17
12.6860,0.0000,0.0000,0.0000,0.0000,0.0000,0.0000,0.2533,0.7295,0.7021,-0.0691,-0.0160,-0.9975,0.4917,-0.2366,-1.5027,0.9156,-1.2003,-0.4758,0.1699,1.2704,-0.8835,1.4497,0.0775,-0.0194,-0.9500,0.0310,-0.0543,-0.1008,0.0116,0.0271,0.3877,-0.0310,0.5000,-0.2000,-1.5772,0.9722,-1.1689,-0.4755,0.2000,1.2819,-0.9239,1.4414,123.1413,-3.8777,4.9598,-6.5010,5.1460,-0.7547,6.4892,-2.3865,14.2390,6.7695,0.6389,0.17
12.7101,0.0000,0.0000,0.0000,0.0000,0.0000,0.0000,0.1222,0.7194,0.6600,-0.0528,-0.0196,-0.9984,0.4919,-0.2367,-1.5193,0.9203,-1.2005,-0.4787,0.1718,1.2729,-0.8756,1.4502,-0.0039,-0.0000,-0.6320,0.3412,0.0620,-0.0931,0.0892,0.0737,0.3141,-0.0620,0.5000,-0.2000,-1.5467,1.0200,-1.1813,-0.4739,0.2000,1.3022,-0.9276,1.4342,122.3784,-3.6293,4.8094,-6.3663,4.9447,-0.7393,6.5315,-2.4118,14.1279,6.6533,0.6667,0.17
12.7341,0.0000,0.0000,0.0000,0.0000,0.0000,0.0000,0.1023,0.4401,0.4508,-0.0423,-0.0220,-0.9989,0.4920,-0.2369,-1.5303,0.9340,-1.2028,-0.4812,0.1738,1.2764,-0.8701,1.4504,0.0931,0.0155,-0.3722,0.7367,-0.0775,-0.0427,0.0427,0.0775,0.2210,-0.0155,0.5000,-0.2000,-1.5161,1.0621,-1.1931,-0.4695,0.2000,1.3226,-0.9306,1.4271,121.6381,-3.3019,4.6329,-6.2132,4.6852,-0.6951,6.6091,-2.4629,14.0385,6.5206,0.6944,0.19
12.7580,0.0000,0.0000,0.0000,0.0000,0.0000,0.0000,0.0549,0.2236,0.0779,-0.0365,-0.0252,-0.9990,0.4916,-0.2371,-1.5349,0.9515,-1.2052,-0.4832,0.1754,1.2784,-0.8685,1.4502,-0.0000,-0.0000,-0.0659,0.8995,-0.1473,0.0155,0.0155,0.0814,0.0931,0.0194,0.5000,-0.2000,-1.4856,1.0966,-1.2039,-0.4613,0.2000,1.3430,-0.9331,1.4200,120.9763,-2.9951,4.4562,-6.0432,4.4331,-0.6126,6.6973,-2.5229,13.9485,6.3874,0.7222,0.18
12.7830,0.0000,0.0000,0.0000,0.0000,0.0000,0.0000,-0.0068,0.0322,-0.4649,-0.0354,-0.0270,-0.9990,0.4911,-0.2374,-1.5341,0.9729,-1.2085,-0.4827,0.1769,1.2806,-0.8695,1.4493,-0.0233,0.0039,0.0582,1.0236,-0.1318,0.0388,0.0310,0.0620,-0.0543,0.0427,0.5000,-0.2000,-1.4550,1.1217,-1.2136,-0.4492,0.2000,1.3633,-0.9348,1.4128,120.4812,-2.6946,4.2710,-5.8480,4.1834,-0.4916,6.8169,-2.6039,13.8727,6.2424,0.7500,0.18
12.8070,0.0000,0.0000,0.0000,0.0000,0.0000,0.0000,-0.0697,0.0223,-1.0251,-0.0342,-0.0279,-0.9990,0.4903,-0.2375,-1.5277,0.9961,-1.2130,-0.4770,0.1779,1.2844,-0.8709,1.4470,-0.0155,0.0543,0.3373,0.9810,-0.1784,0.4226,-0.0078,0.1396,-0.0194,-0.1435,0.5000,-0.2000,-1.4244,1.1364,-1.2221,-0.4363,0.2000,1.3837,-0.9358,1.4057,120.1383,-2.4392,4.1090,-5.6671,3.9776,-0.3627,6.9537,-2.6882,13.7991,6.1110,0.7778,0.18
12.8310,0.0000,0.0000,0.0000,0.0000,0.0000,0.0000,-0.0414,0.0531,-1.4623,-0.0325,-0.0277,-0.9991,0.4904,-0.2375,-1.5147,1.0157,-1.2159,-0.4662,0.1780,1.2913,-0.8727,1.4438,0.0853,0.0388,0.7289,0.6940,-0.0349,0.5079,-0.0388,0.2598,-0.0582,-0.1861,0.5000,-0.2000,-1.3939,1.1398,-1.2293,-0.4241,0.2000,1.4041,-0.9360,1.3986,119.9055,-2.2457,3.9843,-5.5325,3.8161,-0.2408,7.0722,-2.7600,13.7410,6.0296,0.8056,0.18
12.8550,0.0000,0.0000,0.0000,0.0000,0.0000,0.0000,0.0718,0.0938,-1.3547,-0.0286,-0.0316,-0.9991,0.4936,-0.2374,-1.4974,1.0289,-1.2153,-0.4545,0.1776,1.3021,-0.8761,1.4393,0.2210,0.0155,0.7212,0.4575,0.0233,0.4226,-0.0194,0.5351,-0.0931,-0.2365,0.5000,-0.2000,-1.3633,1.1318,-1.2352,-0.4181,0.2000,1.4244,-0.9355,1.3914,119.6020,-2.1456,3.9170,-5.4834,3.7124,-0.1806,7.1269,-2.7840,13.6866,6.0125,0.8333,0.17
12.8790,0.0000,0.0000,0.0000,0.0000,0.0000,0.0000,0.0087,0.1281,-1.2005,-0.0226,-0.0335,-0.9992,0.4957,-0.2371,-1.4785,1.0367,-1.2141,-0.4456,0.1766,1.3163,-0.8815,1.4334,0.0116,0.0582,0.7871,0.2482,0.0233,0.3684,-0.0504,0.5700,-0.1784,-0.3102,0.5000,-0.2000,-1.3328,1.1129,-1.2398,-0.4157,0.2000,1.4448,-0.9342,1.3842,119.2698,-2.1853,3.8768,-5.4357,3.7198,-0.1570,7.1261,-2.7911,13.6293,6.0086,0.8611,0.18
12.9030,0.0000,0.0000,0.0000,0.0000,0.0000,0.0000,-0.0010,0.0913,-1.2194,-0.0187,-0.0342,-0.9992,0.4968,-0.2371,-1.4585,1.0377,-1.2128,-0.4389,0.1748,1.3304,-0.8869,1.4267,0.0775,0.0698,0.9887,-0.0233,0.0582,0.2288,-0.1086,0.6398,-0.1706,-0.4071,0.5000,-0.2000,-1.3022,1.0839,-1.2432,-0.4144,0.2000,1.4652,-0.9322,1.3742,119.0453,-2.2496,3.8496,-5.4013,3.7632,-0.1439,7.1420,-2.8180,13.6117,6.0111,0.8889,0.17
12.9260,0.0000,0.0000,0.0000,0.0000,0.0000,0.0000,-0.0332,0.1374,-1.2303,-0.0131,-0.0334,-0.9994,0.4981,-0.2372,-1.4365,1.0337,-1.2115,-0.4348,0.1729,1.3462,-0.8904,1.4192,0.0582,0.0155,0.9577,-0.3218,0.0775,0.1939,-0.0620,0.6979,-0.0853,-0.3955,0.5000,-0.2000,-1.2717,1.0461,-1.2456,-0.4143,0.2000,1.4856,-0.9295,1.3641,118.9334,-2.3932,3.8634,-5.3888,3.8662,-0.1434,7.1266,-2.8239,13.5987,6.0327,0.9167,0.17
12.9510,0.0000,0.0000,0.0000,0.0000,0.0000,0.0000,-0.0554,0.1966,-1.2733,-0.0069,-0.0339,-0.9994,0.4987,-0.2375,-1.4107,1.0228,-1.2113,-0.4309,0.1712,1.3636,-0.8925,1.4101,0.0543,-0.0465,1.0895,-0.6320,-0.1357,0.1590,-0.0349,0.6979,-0.0078,-0.3916,0.5000,-0.2000,-1.2411,1.0014,-1.2472,-0.4159,0.2000,1.5059,-0.9262,1.3541,118.9681,-2.5910,3.9135,-5.4059,4.0294,-0.1594,7.0943,-2.8211,13.6107,6.0731,0.9444,0.18
12.9760,0.0000,0.0000,0.0000,0.0000,0.0000,0.0000,-0.0940,0.2585,-1.3209,0.0016,-0.0327,-0.9995,0.4989,-0.2379,-1.3816,1.0062,-1.2114,-0.4275,0.1699,1.3848,-0.8928,1.3998,0.0233,-0.0116,1.0042,-0.8065,0.0659,0.1318,-0.0659,0.8181,0.0039,-0.5777,0.5000,-0.2000,-1.2106,0.9519,-1.2483,-0.4207,0.2000,1.5263,-0.9223,1.3440,119.2142,-2.8760,3.9907,-5.4383,4.2627,-0.2072,7.0541,-2.8220,13.6594,6.1197,0.9722,0.17
13.0010,0.0000,0.0000,0.0000,0.0000,0.0000,0.0000,-0.1267,0.2928,-1.3132,0.0105,-0.0311,-0.9995,0.4990,-0.2388,-1.3518,0.9819,-1.2118,-0.4247,0.1695,1.4048,-0.8920,1.3886,0.0582,0.0155,1.2485,-0.9887,0.1124,0.1202,-0.1124,0.8491,0.1008,-0.4653,0.5000,-0.2000,-1.1800,0.9000,-1.2770,-0.4284,0.2000,1.5467,-0.9180,1.3340,119.6239,-3.2061,4.1108,-5.5181,4.5384,-0.2843,6.9944,-2.8081,13.7294,6.1998,0.0000,0.19
13.0250,0.0000,0.0000,0.0000,0.0000,0.0000,0.0000,-0.1852,0.3465,-1.2288,0.0193,-0.0307,-0.9993,0.4989,-0.2398,-1.3209,0.9542,-1.2160,-0.4238,0.1695,1.4267,-0.8899,1.3772,0.0078,-0.1086,1.3454,-1.2912,-0.2986,0.0465,-0.0504,0.7561,0.1512,-0.5157,0.5000,-0.2000,-1.2004,0.9052,-1.2699,-0.4380,0.2000,1.5670,-0.9133,1.3239,120.1440,-3.5922,4.2744,-5.6403,4.8601,-0.3799,6.8873,-2.7603,13.8238,6.3132,0.0278,0.18
13.0490,0.0000,0.0000,0.0000,0.0000,0.0000,0.0000,-0.1982,0.4105,-1.1345,0.0294,-0.0253,-0.9992,0.4993,-0.2404,-1.2953,0.9256,-1.2211,-0.4247,0.1695,1.4484,-0.8869,1.3655,0.0349,-0.0039,0.8530,-0.9344,-0.0427,-0.1086,0.0078,0.9306,0.1357,-0.4730,0.5000,-0.2000,-1.2207,0.9103,-1.2627,-0.4499,0.2000,1.5874,-0.9083,1.3139,120.8499,-3.9998,4.4266,-5.7382,5.1937,-0.4987,6.8062,-2.7341,13.9380,6.3939,0.0556,0.20
13.0740,0.0000,0.0000,0.0000,0.0000,0.0000,0.0000,-0.1480,0.5344,-0.9340,0.0423,-0.0207,-0.9989,0.4999,-0.2403,-1.2788,0.9046,-1.2222,-0.4279,0.1691,1.4718,-0.8837,1.3526,0.0116,0.0853,0.5041,-0.7561,0.0155,-0.1706,-0.0039,1.0159,0.1628,-0.5661,0.5000,-0.2000,-1.2411,0.9152,-1.2556,-0.4614,0.2000,1.6078,-0.9031,1.3038,121.5926,-4.3772,4.5906,-5.8621,5.5074,-0.6144,6.7210,-2.6943,14.0598,6.4896,0.0833,0.19
13.0990,0.0000,0.0000,0.0000,0.0000,0.0000,0.0000,-0.1034,0.6016,-0.7360,0.0574,-0.0162,-0.9982,0.5011,-0.2395,-1.2705,0.8879,-1.2210,-0.4336,0.1684,1.4986,-0.8816,1.3400,0.1008,0.0659,0.2094,-0.4537,0.1861,-0.2947,-0.0775,1.0004,0.0349,-0.5661,0.5000,-0.2000,-1.2615,0.9198,-1.2485,-0.4720,0.2000,1.6078,-0.9209,1.3562,122.3633,-4.7473,4.7499,-5.9848,5.8134,-0.7203,6.6182,-2.6459,14.1868,6.5884,0.1111,0.19
13.1230,0.0000,0.0000,0.0000,0.0000,0.0000,0.0000,-0.0695,0.5855,-0.5623,0.0724,-0.0112,-0.9973,0.5021,-0.2377,-1.2686,0.8778,-1.2177,-0.4422,0.1675,1.5224,-0.8818,1.3354,0.0931,0.1318,-0.0620,-0.3916,0.1435,-0.3335,-0.0388,0.7677,-0.0620,0.0465,0.5000,-0.2000,-1.2819,0.9239,-1.2414,-0.4800,0.2000,1.5772,-0.9722,1.3689,123.1114,-5.0500,4.8969,-6.1067,6.0500,-0.7998,6.5225,-2.5849,14.2906,6.6982,0.1389,0.18
13.1480,0.0000,0.0000,0.0000,0.0000,0.0000,0.0000,-0.0906,0.5038,-0.4360,0.0850,-0.0055,-0.9964,0.5027,-0.2355,-1.2697,0.8688,-1.2129,-0.4508,0.1664,1.5371,-0.8871,1.3380,0.0465,0.0465,-0.1396,-0.2869,0.1745,-0.3606,0.0155,0.4885,-0.4381,0.1086,0.5000,-0.2000,-1.3022,0.9276,-1.2342,-0.4871,0.2000,1.5467,-1.0200,1.3813,123.8773,-5.3702,5.0360,-6.2183,6.3122,-0.8709,6.4078,-2.5295,14.4195,6.8023,0.1667,0.18
13.1720,0.0000,0.0000,0.0000,0.0000,0.0000,0.0000,-0.1569,0.2677,-0.2431,0.0924,0.0023,-0.9957,0.5033,-0.2344,-1.2734,0.8638,-1.2075,-0.4573,0.1662,1.5468,-0.9008,1.3438,0.0969,0.0388,-0.1745,-0.0039,0.2326,-0.1822,-0.0543,0.2598,-0.7987,0.2753,0.5000,-0.2000,-1.3226,0.9306,-1.2271,-0.4937,0.2000,1.5161,-1.0621,1.3931,124.6132,-5.6451,5.1598,-6.3253,6.5376,-0.9367,6.3061,-2.4794,14.5411,6.8981,0.1944,0.17
13.1960,0.0000,0.0000,0.0000,0.0000,0.0000,0.0000,-0.1210,-0.0527,0.1913,0.0914,0.0069,-0.9958,0.5046,-0.2336,-1.2766,0.8644,-1.2033,-0.4636,0.1662,1.5501,-0.9201,1.3526,0.0969,0.0271,-0.1977,0.0969,0.1124,-0.2947,-0.0543,0.0078,-0.8026,0.3490,0.5000,-0.2000,-1.3430,0.9331,-1.2200,-0.4995,0.2000,1.4856,-1.0966,1.4039,125.1679,-5.8363,5.2880,-6.4860,6.6766,-0.9951,6.2071,-2.4132,14.6377,7.0240,0.2222,0.17
13.2200,0.0000,0.0000,0.0000,0.0000,0.0000,0.0000,-0.1447,-0.2319,0.6550,0.0859,0.0109,-0.9962,0.5055,-0.2332,-1.2814,0.8674,-1.1998,-0.4712,0.1664,1.5467,-0.9437,1.3646,-0.0388,-0.0155,-0.2249,0.1861,0.2792,-0.3257,-0.0504,-0.2830,-0.8608,0.5234,0.5000,-0.2000,-1.3633,0.9348,-1.2128,-0.5000,0.2000,1.4550,-1.1217,1.4136,125.5802,-6.0678,5.4167,-6.6377,6.8237,-1.0519,6.0967,-2.3403,14.6946,7.1472,0.2500,0.18
13.2441,0.0000,0.0000,0.0000,0.0000,0.0000,0.0000,-0.1569,-0.3086,1.0014,0.0789,0.0138,-0.9968,0.5059,-0.2332,-1.2883,0.8719,-1.1963,-0.4791,0.1667,1.5366,-0.9655,1.3780,-0.0194,0.0233,-0.3335,0.2753,0.1745,-0.3451,0.0000,-0.4653,-0.9073,0.5739,0.5000,-0.2000,-1.3837,0.9358,-1.2057,-0.5000,0.2000,1.4244,-1.1364,1.4221,125.9027,-6.2502,5.5252,-6.7605,6.9389,-1.0905,6.0124,-2.2834,14.7398,7.2411,0.2778,0.19
13.2680,0.0000,0.0000,0.0000,0.0000,0.0000,0.0000,-0.1636,-0.3369,1.2341,0.0711,0.0169,-0.9973,0.5070,-0.2332,-1.2983,0.8771,-1.1925,-0.4892,0.1671,1.5218,-0.9874,1.3936,0.1202,0.0427,-0.5041,0.2016,0.2365,-0.3451,0.0194,-0.7173,-0.8530,0.6049,0.5000,-0.2000,-1.4041,0.9360,-1.1986,-0.5000,0.2000,1.3939,-1.1398,1.4293,126.1859,-6.3830,5.6174,-6.8639,7.0124,-1.1074,5.9471,-2.2363,14.7752,7.3251,0.3056,0.20
13.2920,0.0000,0.0000,0.0000,0.0000,0.0000,0.0000,-0.1532,-0.3089,1.3638,0.0645,0.0201,-0.9977,0.5093,-0.2333,-1.3100,0.8819,-1.1886,-0.4987,0.1673,1.5049,-1.0042,1.4084,0.1202,0.0582,-0.6243,0.2326,0.2288,-0.2094,0.0000,-0.8259,-0.5351,0.5971,0.5000,-0.2000,-1.4244,0.9355,-1.1914,-0.5000,0.2000,1.3633,-1.1318,1.4352,126.4307,-6.4692,5.6919,-6.9494,7.0506,-1.1125,5.9066,-2.2002,14.8019,7.3841,0.3333,0.18
13.3160,0.0000,0.0000,0.0000,0.0000,0.0000,0.0000,-0.1521,-0.2419,1.4840,0.0598,0.0226,-0.9980,0.5110,-0.2334,-1.3236,0.8855,-1.1843,-0.5039,0.1671,1.4840,-1.0165,1.4229,0.1086,0.0349,-0.6708,0.1357,0.2482,-0.1357,0.0039,-0.9693,-0.2792,0.6320,0.5000,-0.2000,-1.4448,0.9342,-1.1842,-0.5000,0.2000,1.3328,-1.1129,1.4398,126.6120,-6.5184,5.7518,-7.0219,7.0628,-1.1114,5.8743,-2.1652,14.8120,7.4344,0.3611,0.19
13.3390,0.0000,0.0000,0.0000,0.0000,0.0000,0.0000,-0.1372,-0.1388,1.6274,0.0577,0.0246,-0.9980,0.5118,-0.2335,-1.3404,0.8872,-1.1794,-0.5071,0.1669,1.4598,-1.0224,1.4355,0.1086,0.0271,-0.7483,0.1318,0.2753,-0.1435,-0.0116,-1.0702,-0.0427,0.4498,0.5000,-0.2000,-1.4652,0.9322,-1.1742,-0.5000,0.2000,1.3022,-1.0839,1.4432,126.7069,-6.5302,5.7920,-7.0804,7.0602,-1.1184,5.8548,-2.1383,14.8129,7.4637,0.3889,0.18
13.3640,0.0000,0.0000,0.0000,0.0000,0.0000,0.0000,-0.1223,-0.0583,1.7681,0.0581,0.0266,-0.9980,0.5122,-0.2335,-1.3596,0.8871,-1.1739,-0.5100,0.1666,1.4320,-1.0221,1.4474,0.0388,0.0504,-0.8918,-0.0349,0.3722,-0.0582,-0.0155,-1.1593,0.1706,0.4498,0.5000,-0.2000,-1.4856,0.9295,-1.1641,-0.5000,0.2000,1.2717,-1.0461,1.4456,126.6953,-6.4932,5.8150,-7.1240,7.0277,-1.1412,5.8493,-2.1163,14.7934,7.4803,0.4167,0.19
13.3890,0.0000,0.0000,0.0000,0.0000,0.0000,0.0000,-0.0922,-0.0155,1.8677,0.0598,0.0276,-0.9978,0.5121,-0.2335,-1.3802,0.8859,-1.1678,-0.5122,0.1664,1.4033,-1.0160,1.4566,-0.0543,-0.0116,-0.9383,-0.0388,0.2908,-0.0349,-0.0194,-1.2408,0.3490,0.3373,0.5000,-0.2000,-1.5059,0.9262,-1.1541,-0.5000,0.2000,1.2411,-1.0014,1.4472,126.5700,-6.4113,5.8168,-7.1479,6.9760,-1.1669,5.8497,-2.1013,14.7628,7.4737,0.4444,0.18
13.4130,0.0000,0.0000,0.0000,0.0000,0.0000,0.0000,-0.0021,0.0350,1.8637,0.0621,0.0271,-0.9977,0.5113,-0.2335,-1.4039,0.8837,-1.1634,-0.5132,0.1662,1.3723,-1.0035,1.4650,-0.0543,-0.0000,-1.0042,-0.0698,0.1318,0.0039,0.0000,-1.3299,0.7483,0.2986,0.5000,-0.2000,-1.5263,0.9223,-1.1440,-0.5000,0.2000,1.2106,-0.9519,1.4483,126.3474,-6.2417,5.7903,-7.1495,6.8652,-1.1878,5.8792,-2.1012,14.7230,7.4438,0.4722,0.18
13.4370,0.0000,0.0000,0.0000,0.0000,0.0000,0.0000,0.1450,0.1022,1.7326,0.0646,0.0235,-0.9976,0.5093,-0.2336,-1.4274,0.8821,-1.1627,-0.5130,0.1657,1.3393,-0.9836,1.4710,-0.0116,0.0465,-1.0934,0.0194,0.0659,0.0853,-0.0465,-1.5548,1.0197,0.2637,0.5000,-0.2000,-1.5467,0.9180,-1.1340,-0.5000,0.2000,1.1800,-0.9000,1.4770,126.0863,-6.0173,5.7398,-7.1212,6.7320,-1.2074,5.9327,-2.1155,14.6751,7.3853,0.5000,0.18
13.4600,0.0000,0.0000,0.0000,0.0000,0.0000,0.0000,0.2184,0.2103,1.4313,0.0680,0.0187,-0.9975,0.5058,-0.2338,-1.4499,0.8819,-1.1632,-0.5126,0.1655,1.3074,-0.9580,1.4780,-0.1241,-0.0194,-0.9344,0.0620,-0.0543,0.1086,-0.0116,-1.4346,1.2291,0.5157,0.5000,-0.2000,-1.5670,0.9133,-1.1239,-0.5000,0.2000,1.2004,-0.9052,1.4699,125.7817,-5.7461,5.6602,-7.0495,6.5730,-1.2126,6.0029,-2.1453,14.6215,7.2925,0.5278,0.19
13.4840,0.0000,0.0000,0.0000,0.0000,0.0000,0.0000,0.3415,0.3630,1.0990,0.0733,0.0101,-0.9973,0.5031,-0.2340,-1.4718,0.8821,-1.1637,-0.5118,0.1653,1.2800,-0.9307,1.4879,-0.0698,-0.0000,-0.9965,-0.0000,-0.0000,-0.0078,-0.0388,-0.9151,1.0275,0.3994,0.5000,-0.2000,-1.5874,0.9083,-1.1139,-0.5000,0.2000,1.2207,-0.9103,1.4627,125.4382,-5.4039,5.5438,-6.9502,6.3860,-1.2166,6.1057,-2.2005,14.5910,7.1685,0.5556,0.19
13.5090,0.0000,0.0000,0.0000,0.0000,0.0000,0.0000,0.2885,0.5849,0.7321,0.0841,0.0016,-0.9965,0.5018,-0.2349,-1.4937,0.8821,-1.1635,-0.5124,0.1658,1.2639,-0.9071,1.4970,0.0078,-0.0775,-0.9577,0.0388,0.0078,0.0039,-0.0155,-0.6126,0.8918,0.3645,0.5000,-0.2000,-1.6078,0.9031,-1.1038,-0.5000,0.2000,1.2411,-0.9152,1.4556,125.0683,-5.1076,5.4233,-6.8266,6.2075,-1.1933,6.1815,-2.2385,14.5275,7.0436,0.5833,0.19
13.5320,0.0000,0.0000,0.0000,0.0000,0.0000,0.0000,0.2562,0.8078,0.3547,0.1012,-0.0067,-0.9948,0.5016,-0.2361,-1.5163,0.8826,-1.1607,-0.5122,0.1670,1.2558,-0.8874,1.5041,-0.0233,-0.0194,-0.8724,0.0620,0.2714,0.0582,-0.0078,-0.2016,0.7522,0.2404,0.5000,-0.2000,-1.6078,0.9209,-1.1562,-0.5000,0.2000,1.2615,-0.9198,1.4485,124.6817,-4.7877,5.2774,-6.6856,6.0144,-1.1693,6.2858,-2.2954,14.4798,6.8965,0.6111,0.18
13.5560,0.0000,0.0000,0.0000,0.0000,0.0000,0.0000,0.2368,0.9229,0.1361,0.1209,-0.0156,-0.9925,0.5017,-0.2370,-1.5352,0.8856,-1.1610,-0.5121,0.1698,1.2559,-0.8709,1.5094,-0.0000,-0.0388,-0.6592,0.2133,-0.1473,0.0504,0.0310,0.1396,0.6243,0.2094,0.5000,-0.2000,-1.5772,0.9722,-1.1689,-0.5000,0.2000,1.2819,-0.9239,1.4414,124.1665,-4.4457,5.1329,-6.5656,5.7812,-1.1301,6.3712,-2.3269,14.3916,6.7699,0.6389,0.18
13.5800,0.0000,0.0000,0.0000,0.0000,0.0000,0.0000,0.1502,0.8136,0.0306,0.1406,-0.0222,-0.9898,0.5022,-0.2376,-1.5491,0.8958,-1.1654,-0.5123,0.1721,1.2592,-0.8568,1.5127,0.0271,-0.0000,-0.4265,0.6126,-0.2055,0.0039,0.0582,0.1396,0.5545,0.0931,0.5000,-0.2000,-1.5467,1.0200,-1.1813,-0.5000,0.2000,1.3022,-0.9276,1.4342,123.5886,-4.1472,4.9775,-6.4405,5.5505,-1.1045,6.4424,-2.3607,14.2871,6.6532,0.6667,0.18
13.6050,0.0000,0.0000,0.0000,0.0000,0.0000,0.0000,0.1568,0.4825,-0.0811,0.1534,-0.0277,-0.9878,0.5027,-0.2380,-1.5564,0.9109,-1.1690,-0.5125,0.1747,1.2627,-0.8473,1.5148,0.0775,0.0388,-0.2869,0.7289,-0.1706,-0.0155,0.0388,0.1590,0.3179,0.0504,0.5000,-0.2000,-1.5161,1.0621,-1.1931,-0.5000,0.2000,1.3226,-0.9306,1.4271,122.9774,-3.8217,4.8112,-6.3216,5.2871,-1.0804,6.5341,-2.4126,14.2031,6.5494,0.6944,0.18
13.6280,0.0000,0.0000,0.0000,0.0000,0.0000,0.0000,0.1692,0.1106,-0.2232,0.1571,-0.0323,-0.9871,0.5035,-0.2381,-1.5570,0.9299,-1.1709,-0.5131,0.1765,1.2651,-0.8452,1.5142,0.1241,0.0310,0.0000,0.8414,-0.0078,-0.1124,0.0698,0.0543,-0.0737,-0.1124,0.5000,-0.2000,-1.4856,1.0966,-1.2039,-0.5000,0.2000,1.3430,-0.9331,1.4200,122.3675,-3.5362,4.6455,-6.1954,5.0480,-1.0340,6.6141,-2.4697,14.1255,6.4573,0.7222,0.18
13.6520,0.0000,0.0000,0.0000,0.0000,0.0000,0.0000,0.1230,-0.0145,-0.3684,0.1581,-0.0361,-0.9868,0.5052,-0.2379,-1.5544,0.9486,-1.1721,-0.5136,0.1778,1.2675,-0.8487,1.5102,0.0775,0.0078,0.2326,0.8220,-0.0698,0.0078,0.0620,0.0931,-0.1861,-0.3257,0.5000,-0.2000,-1.4550,1.1217,-1.2136,-0.4974,0.2000,1.3633,-0.9348,1.4128,121.7648,-3.3107,4.5021,-6.0693,4.8521,-0.9738,6.6915,-2.5217,14.0403,6.3638,0.7500,0.17
13.6760,0.0000,0.0000,0.0000,0.0000,0.0000,0.0000,0.1105,-0.1510,-0.5059,0.1574,-0.0375,-0.9868,0.5067,-0.2378,-1.5468,0.9696,-1.1729,-0.5135,0.1779,1.2721,-0.8561,1.5026,0.0931,0.0349,0.2714,0.7987,-0.0271,0.0194,-0.0737,0.1512,-0.3994,-0.3684,0.5000,-0.2000,-1.4244,1.1364,-1.2221,-0.4906,0.2000,1.3837,-0.9358,1.4057,121.2027,-3.1062,4.3667,-5.9400,4.6729,-0.9057,6.7745,-2.5762,13.9567,6.2728,0.7778,0.19
13.7000,0.0000,0.0000,0.0000,0.0000,0.0000,0.0000,0.1099,-0.2983,-0.6910,0.1540,-0.0374,-0.9874,0.5076,-0.2377,-1.5353,0.9871,-1.1736,-0.5133,0.1775,1.2779,-0.8645,1.4943,0.0349,0.0388,0.4653,0.7561,-0.0620,-0.0116,-0.0504,0.2869,-0.4226,-0.4226,0.5000,-0.2000,-1.3939,1.1398,-1.2293,-0.4825,0.2000,1.4041,-0.9360,1.3986,120.6924,-2.9305,4.2446,-5.8189,4.5128,-0.8253,6.8512,-2.6299,13.8810,6.1968,0.8056,0.17
13.7230,0.0000,0.0000,0.0000,0.0000,0.0000,0.0000,0.1219,-0.4020,-0.9224,0.1490,-0.0375,-0.9881,0.5092,-0.2377,-1.5196,1.0027,-1.1761,-0.5121,0.1765,1.2851,-0.8734,1.4845,0.1163,0.0388,0.6824,0.5816,-0.1628,0.0698,-0.0388,0.3141,-0.3490,-0.4459,0.5000,-0.2000,-1.3633,1.1318,-1.2352,-0.4738,0.2000,1.4244,-0.9355,1.3914,120.2872,-2.8016,4.1481,-5.7129,4.3887,-0.7384,6.9188,-2.6787,13.8135,6.1445,0.8333,0.18
13.7480,0.0000,0.0000,0.0000,0.0000,0.0000,0.0000,0.1139,-0.4890,-1.1721,0.1429,-0.0372,-0.9890,0.5101,-0.2379,-1.4995,1.0150,-1.1796,-0.5096,0.1744,1.2949,-0.8817,1.4740,0.0155,0.0427,0.8065,0.4653,-0.1590,0.1977,-0.1784,0.5118,-0.2675,-0.4808,0.5000,-0.2000,-1.3328,1.1129,-1.2398,-0.4662,0.2000,1.4448,-0.9342,1.3842,120.0119,-2.7328,4.0710,-5.6151,4.3185,-0.6616,6.9861,-2.7316,13.7667,6.0938,0.8611,0.17
13.7730,0.0000,0.0000,0.0000,0.0000,0.0000,0.0000,0.1071,-0.4693,-1.4573,0.1361,-0.0359,-0.9900,0.5106,-0.2384,-1.4750,1.0221,-1.1833,-0.5054,0.1723,1.3084,-0.8882,1.4638,0.0737,0.0349,0.9693,0.2171,-0.0969,0.2714,-0.0775,0.5312,-0.1473,-0.4265,0.5000,-0.2000,-1.3022,1.0839,-1.2432,-0.4581,0.2000,1.4652,-0.9322,1.3742,119.9103,-2.7394,4.0317,-5.5412,4.3029,-0.5807,7.0308,-2.7713,13.7337,6.0817,0.8889,0.19
13.7980,0.0000,0.0000,0.0000,0.0000,0.0000,0.0000,0.1182,-0.3922,-1.7178,0.1310,-0.0350,-0.9908,0.5107,-0.2395,-1.4456,1.0232,-1.1885,-0.4991,0.1699,1.3295,-0.8910,1.4531,-0.1047,-0.0620,1.1244,-0.0775,-0.1551,0.2792,-0.0892,0.7367,-0.0078,-0.4381,0.5000,-0.2000,-1.2717,1.0461,-1.2456,-0.4513,0.2000,1.4856,-0.9295,1.3641,119.9611,-2.8195,4.0304,-5.5036,4.3508,-0.5134,7.0574,-2.7999,13.7342,6.0869,0.9167,0.17
13.8230,0.0000,0.0000,0.0000,0.0000,0.0000,0.0000,0.1151,-0.3168,-1.9375,0.1274,-0.0341,-0.9913,0.5107,-0.2406,-1.4151,1.0186,-1.1932,-0.4930,0.1688,1.3523,-0.8901,1.4429,-0.0233,-0.0233,1.2950,-0.2714,-0.1357,0.2869,-0.0194,0.9034,0.0737,-0.3645,0.5000,-0.2000,-1.2411,1.0014,-1.2472,-0.4472,0.2000,1.5059,-0.9262,1.3541,120.1878,-2.9587,4.0535,-5.4885,4.4492,-0.4716,7.0730,-2.8248,13.7549,6.1131,0.9444,0.17
13.8480,0.0000,0.0000,0.0000,0.0000,0.0000,0.0000,0.1178,-0.2903,-2.0831,0.1242,-0.0336,-0.9917,0.5106,-0.2413,-1.3823,1.0070,-1.1982,-0.4866,0.1685,1.3747,-0.8872,1.4334,0.0582,-0.0271,1.3067,-0.5661,-0.1473,0.2637,0.0194,1.0469,0.1318,-0.4420,0.5000,-0.2000,-1.2106,0.9519,-1.2483,-0.4463,0.2000,1.5263,-0.9223,1.3440,120.5788,-3.1605,4.1143,-5.5151,4.6011,-0.4628,7.0655,-2.8385,13.8137,6.1675,0.9722,0.17
13.8720,0.0000,0.0000,0.0000,0.0000,0.0000,0.0000,0.0868,-0.2756,-2.1727,0.1206,-0.0335,-0.9921,0.5103,-0.2415,-1.3459,0.9881,-1.2034,-0.4811,0.1687,1.4040,-0.8827,1.4218,-0.0465,0.0931,1.4346,-0.8685,-0.2094,0.3335,-0.0427,1.1632,0.2443,-0.5041,0.5000,-0.2000,-1.1800,0.9000,-1.2770,-0.4483,0.2000,1.5467,-0.9180,1.3340,121.1071,-3.4289,4.2096,-5.5810,4.8030,-0.4833,7.0352,-2.8374,13.9009,6.2476,0.0000,0.21
13.8959,0.0000,0.0000,0.0000,0.0000,0.0000,0.0000,-0.0190,-0.2415,-2.1532,0.1169,-0.0312,-0.9926,0.5102,-0.2417,-1.3116,0.9661,-1.2111,-0.4746,0.1692,1.4317,-0.8769,1.4078,0.0116,0.0310,1.5354,-1.3144,-0.4381,0.2598,0.0349,1.2136,0.2249,-0.7522,0.5000,-0.2000,-1.2004,0.9052,-1.2699,-0.4529,0.2000,1.5670,-0.9133,1.3239,121.7281,-3.7664,4.3404,-5.6769,5.0599,-0.5286,6.9575,-2.8136,14.0149,6.3564,0.0278,0.18
13.9199,0.0000,0.0000,0.0000,0.0000,0.0000,0.0000,-0.0778,-0.2476,-1.9997,0.1129,-0.0249,-0.9933,0.5101,-0.2418,-1.2815,0.9410,-1.2206,-0.4676,0.1694,1.4587,-0.8704,1.3883,-0.0543,-0.0271,1.0197,-0.8685,-0.2947,0.4071,-0.0155,1.2330,0.2598,-0.8879,0.5000,-0.2000,-1.2207,0.9103,-1.2627,-0.4617,0.2000,1.5874,-0.9083,1.3139,122.4733,-4.1542,4.4877,-5.7724,5.3654,-0.6173,6.8770,-2.7851,14.1376,6.4385,0.0556,0.18
13.9439,0.0000,0.0000,0.0000,0.0000,0.0000,0.0000,-0.0566,-0.2467,-1.5469,0.1058,-0.0201,-0.9942,0.5098,-0.2417,-1.2617,0.9253,-1.2246,-0.4616,0.1691,1.4852,-0.8669,1.3684,-0.0116,0.0310,0.6436,-0.4769,-0.0659,0.1667,-0.0194,1.1283,0.1706,-0.9034,0.5000,-0.2000,-1.2411,0.9152,-1.2556,-0.4720,0.2000,1.6078,-0.9031,1.3038,123.1529,-4.4858,4.6391,-5.9062,5.6327,-0.7202,6.7890,-2.7434,14.2563,6.5451,0.0833,0.17
13.9670,0.0000,0.0000,0.0000,0.0000,0.0000,0.0000,-0.0614,-0.1172,-1.0907,0.1010,-0.0154,-0.9948,0.5097,-0.2410,-1.2494,0.9131,-1.2256,-0.4596,0.1683,1.5128,-0.8657,1.3468,-0.0078,0.0737,0.3722,-0.4381,-0.0194,0.0194,-0.0543,1.1012,0.0155,-0.9034,0.5000,-0.2000,-1.2615,0.9198,-1.2485,-0.4817,0.2000,1.6078,-0.9209,1.3562,123.7184,-4.8234,4.8015,-6.0505,5.8992,-0.8171,6.6698,-2.6798,14.3629,6.6618,0.1111,0.17
13.9909,0.0000,0.0000,0.0000,0.0000,0.0000,0.0000,-0.0578,0.0118,-0.6462,0.0994,-0.0104,-0.9950,0.5097,-0.2399,-1.2453,0.9023,-1.2238,-0.4610,0.1670,1.5388,-0.8673,1.3346,0.0465,0.0504,0.0659,-0.3490,0.1435,-0.0892,-0.1473,0.9461,-0.0814,-0.2249,0.5000,-0.2000,-1.2819,0.9239,-1.2414,-0.4905,0.2000,1.5772,-0.9722,1.3689,124.2178,-5.1446,4.9620,-6.1940,6.1384,-0.9046,6.5460,-2.6024,14.4411,6.7801,0.1389,0.19
14.0160,0.0000,0.0000,0.0000,0.0000,0.0000,0.0000,-0.1222,-0.0089,-0.2095,0.0980,-0.0058,-0.9952,0.5097,-0.2384,-1.2469,0.8936,-1.2206,-0.4644,0.1659,1.5549,-0.8742,1.3324,0.0543,0.0659,-0.2326,-0.3451,0.2133,-0.1667,-0.0155,0.5506,-0.4847,-0.0388,0.5000,-0.2000,-1.3022,0.9276,-1.2342,-0.4986,0.2000,1.5467,-1.0200,1.3813,124.6707,-5.4491,5.1007,-6.3199,6.3707,-0.9860,6.4146,-2.5280,14.5198,6.8952,0.1667,0.18
14.0389,0.0000,0.0000,0.0000,0.0000,0.0000,0.0000,-0.1595,-0.2637,0.2504,0.0913,0.0001,-0.9958,0.5098,-0.2371,-1.2520,0.8875,-1.2156,-0.4698,0.1657,1.5637,-0.8893,1.3342,0.0388,-0.0000,-0.2249,-0.1241,0.2365,-0.2210,0.0271,0.1822,-0.8142,0.0892,0.5000,-0.2000,-1.3226,0.9306,-1.2271,-0.5000,0.2000,1.5161,-1.0621,1.3931,125.0438,-5.6964,5.2233,-6.4522,6.5621,-1.0597,6.2898,-2.4609,14.5994,7.0039,0.1944,0.18
14.0629,0.0000,0.0000,0.0000,0.0000,0.0000,0.0000,-0.1301,-0.5874,0.7379,0.0781,0.0029,-0.9969,0.5099,-0.2365,-1.2578,0.8867,-1.2121,-0.4755,0.1658,1.5643,-0.9121,1.3384,0.0737,0.0582,-0.2675,0.0427,0.2326,-0.2133,0.0465,-0.0775,-1.0585,0.1667,0.5000,-0.2000,-1.3430,0.9331,-1.2200,-0.5000,0.2000,1.4856,-1.0966,1.4039,125.2972,-5.8652,5.3305,-6.5894,6.6833,-1.1190,6.1881,-2.3996,14.6575,7.1100,0.2222,0.18
14.0879,0.0000,0.0000,0.0000,0.0000,0.0000,0.0000,-0.1420,-0.8169,1.1937,0.0571,0.0050,-0.9984,0.5097,-0.2364,-1.2657,0.8880,-1.2081,-0.4815,0.1659,1.5575,-0.9401,1.3448,-0.0504,0.0233,-0.3761,0.0814,0.1822,-0.1939,0.0000,-0.3218,-1.1399,0.2249,0.5000,-0.2000,-1.3633,0.9348,-1.2128,-0.5000,0.2000,1.4550,-1.1217,1.4136,125.4352,-6.0172,5.4315,-6.7184,6.7677,-1.1470,6.0953,-2.3385,14.6842,7.2085,0.2500,0.21
14.1120,0.0000,0.0000,0.0000,0.0000,0.0000,0.0000,-0.1664,-0.8334,1.6288,0.0351,0.0084,-0.9993,0.5100,-0.2364,-1.2765,0.8896,-1.2044,-0.4880,0.1662,1.5437,-0.9674,1.3536,0.0659,0.0504,-0.5816,0.0737,0.2133,-0.2249,0.0000,-0.6243,-1.0430,0.3490,0.5000,-0.2000,-1.3837,0.9358,-1.2057,-0.5000,0.2000,1.4244,-1.1364,1.4221,125.5077,-6.1561,5.5272,-6.8345,6.8280,-1.1534,6.0171,-2.2785,14.6798,7.2989,0.2778,0.21
14.1349,0.0000,0.0000,0.0000,0.0000,0.0000,0.0000,-0.1748,-0.7766,1.9122,0.0166,0.0124,-0.9998,0.5102,-0.2364,-1.2900,0.8910,-1.2002,-0.4950,0.1666,1.5262,-0.9914,1.3652,0.0039,0.0427,-0.6940,0.0271,0.2133,-0.2171,0.0233,-0.7987,-0.8879,0.4769,0.5000,-0.2000,-1.4041,0.9360,-1.1986,-0.5000,0.2000,1.3939,-1.1398,1.4293,125.5456,-6.2586,5.6035,-6.9250,6.8662,-1.1436,5.9574,-2.2308,14.6739,7.3643,0.3056,0.19
14.1599,0.0000,0.0000,0.0000,0.0000,0.0000,0.0000,-0.1693,-0.7377,2.0616,0.0001,0.0165,-0.9999,0.5103,-0.2363,-1.3062,0.8918,-1.1958,-0.5004,0.1669,1.5037,-1.0126,1.3793,0.0310,0.0116,-0.8065,0.0737,0.1977,-0.1784,0.0388,-1.0159,-0.7600,0.6165,0.5000,-0.2000,-1.4244,0.9355,-1.1914,-0.5000,0.2000,1.3633,-1.1318,1.4352,125.5795,-6.3018,5.6565,-6.9862,6.8729,-1.1181,5.9151,-2.1952,14.6669,7.4059,0.3333,0.18
14.1830,0.0000,0.0000,0.0000,0.0000,0.0000,0.0000,-0.1448,-0.6359,2.1383,-0.0144,0.0223,-0.9996,0.5101,-0.2361,-1.3247,0.8911,-1.1908,-0.5043,0.1668,1.4799,-1.0284,1.3946,-0.0155,-0.0155,-0.8647,-0.0388,0.1435,-0.0931,0.0039,-1.1361,-0.5312,0.5932,0.5000,-0.2000,-1.4448,0.9342,-1.1842,-0.5000,0.2000,1.3328,-1.1129,1.4398,125.5919,-6.2960,5.6924,-7.0370,6.8438,-1.0828,5.8919,-2.1694,14.6631,7.4360,0.3611,0.18
14.2069,0.0000,0.0000,0.0000,0.0000,0.0000,0.0000,-0.0333,-0.5583,2.1027,-0.0259,0.0270,-0.9993,0.5093,-0.2359,-1.3442,0.8892,-1.1895,-0.5053,0.1663,1.4527,-1.0376,1.4081,-0.0465,-0.0039,-0.8336,-0.1318,0.0543,-0.0194,0.0000,-1.2330,-0.2869,0.5777,0.5000,-0.2000,-1.4652,0.9322,-1.1742,-0.5000,0.2000,1.3022,-1.0839,1.4432,125.5749,-6.2128,5.7058,-7.0718,6.7704,-1.0452,5.8928,-2.1566,14.6605,7.4472,0.3889,0.17
14.2309,0.0000,0.0000,0.0000,0.0000,0.0000,0.0000,0.1218,-0.5186,1.9421,-0.0374,0.0286,-0.9989,0.5057,-0.2357,-1.3669,0.8886,-1.1919,-0.5053,0.1655,1.4225,-1.0406,1.4213,-0.2404,-0.0000,-0.8181,0.0194,-0.1202,0.0310,-0.0388,-1.2136,0.0349,0.5079,0.5000,-0.2000,-1.4856,0.9295,-1.1641,-0.5000,0.2000,1.2717,-1.0461,1.4456,125.4997,-6.0342,5.6832,-7.0731,6.6440,-1.0002,5.9247,-2.1630,14.6542,7.4184,0.4167,0.17
14.2549,0.0000,0.0000,0.0000,0.0000,0.0000,0.0000,0.1853,-0.4856,1.4572,-0.0497,0.0294,-0.9983,0.4998,-0.2358,-1.3842,0.8901,-1.1963,-0.5038,0.1644,1.3949,-1.0361,1.4317,-0.0775,-0.0116,-0.8530,0.1163,-0.1745,0.1280,-0.0427,-1.1399,0.4692,0.4265,0.5000,-0.2000,-1.5059,0.9262,-1.1541,-0.4920,0.2000,1.2411,-1.0014,1.4472,125.4926,-5.8098,5.6353,-7.0232,6.4805,-0.9195,5.9730,-2.1907,14.6559,7.3645,0.4444,0.17
14.2789,0.0000,0.0000,0.0000,0.0000,0.0000,0.0000,0.2489,-0.3694,1.1040,-0.0596,0.0280,-0.9978,0.4967,-0.2360,-1.4024,0.8937,-1.2012,-0.5014,0.1630,1.3692,-1.0220,1.4402,-0.1047,0.0543,-0.7987,0.1590,-0.1628,0.2094,-0.0659,-1.2563,0.8491,0.3179,0.5000,-0.2000,-1.5263,0.9223,-1.1440,-0.4846,0.2000,1.2106,-0.9519,1.4483,125.4680,-5.5489,5.5720,-6.9716,6.2970,-0.8465,6.0446,-2.2173,14.6396,7.3000,0.4722,0.17
14.3029,0.0000,0.0000,0.0000,0.0000,0.0000,0.0000,0.2949,-0.2007,0.7734,-0.0663,0.0241,-0.9975,0.4941,-0.2362,-1.4208,0.8977,-1.2046,-0.4973,0.1624,1.3397,-0.9971,1.4467,-0.0931,0.0271,-0.8181,0.2598,-0.1163,0.1939,-0.0233,-1.1865,1.2757,0.1745,0.5000,-0.2000,-1.5467,0.9180,-1.1340,-0.4796,0.2000,1.1800,-0.9000,1.4770,125.4090,-5.2795,5.4980,-6.9060,6.1193,-0.7961,6.1276,-2.2521,14.6149,7.2168,0.5000,0.17
14.3259,0.0000,0.0000,0.0000,0.0000,0.0000,0.0000,0.3275,-0.0378,0.5543,-0.0691,0.0184,-0.9974,0.4933,-0.2364,-1.4367,0.9014,-1.2061,-0.4935,0.1625,1.3124,-0.9662,1.4531,-0.0349,0.0039,-0.7949,0.2520,0.0078,0.1667,-0.0194,-1.2524,1.5742,0.3490,0.5000,-0.2000,-1.5670,0.9133,-1.1239,-0.4775,0.2000,1.2004,-0.9052,1.4699,125.2913,-5.0135,5.4252,-6.8477,5.9439,-0.7751,6.2092,-2.2793,14.5687,7.1423,0.5278,0.17
14.3500,0.0000,0.0000,0.0000,0.0000,0.0000,0.0000,0.3780,0.1017,0.4553,-0.0704,0.0110,-0.9975,0.4930,-0.2364,-1.4543,0.9048,-1.2058,-0.4895,0.1630,1.2885,-0.9347,1.4597,0.0388,0.0271,-0.8181,0.0853,0.0931,0.1551,0.0931,-0.7483,1.1981,0.1124,0.5000,-0.2000,-1.5874,0.9083,-1.1139,-0.4793,0.2000,1.2207,-0.9103,1.4627,125.0252,-4.7046,5.3178,-6.7711,5.7666,-0.7931,6.3050,-2.3270,14.5390,7.0491,0.5556,0.18
14.3750,0.0000,0.0000,0.0000,0.0000,0.0000,0.0000,0.2733,0.2733,0.4461,-0.0669,0.0045,-0.9977,0.4930,-0.2367,-1.4722,0.9069,-1.2033,-0.4874,0.1641,1.2740,-0.9096,1.4620,0.0039,0.0078,-0.7755,0.1318,0.2443,0.0194,0.1086,-0.3839,0.8802,-0.0465,0.5000,-0.2000,-1.6078,0.9031,-1.1038,-0.4805,0.2000,1.2411,-0.9152,1.4556,124.5992,-4.4598,5.2082,-6.6802,5.6086,-0.8051,6.3639,-2.3541,14.4658,6.9543,0.5833,0.18
14.4000,0.0000,0.0000,0.0000,0.0000,0.0000,0.0000,0.2709,0.4533,0.4608,-0.0589,-0.0028,-0.9983,0.4930,-0.2371,-1.4922,0.9085,-1.1964,-0.4874,0.1668,1.2694,-0.8922,1.4622,-0.0310,-0.0155,-0.9034,0.0465,0.4188,-0.0039,0.0814,-0.1512,0.6592,-0.0349,0.5000,-0.2000,-1.6078,0.9209,-1.1562,-0.4807,0.2000,1.2615,-0.9198,1.4485,124.0523,-4.1883,5.0892,-6.5907,5.4138,-0.8074,6.4330,-2.3806,14.3913,6.8582,0.6111,0.18
14.4259,0.0000,0.0000,0.0000,0.0000,0.0000,0.0000,0.2540,0.6298,0.4704,-0.0455,-0.0112,-0.9989,0.4936,-0.2374,-1.5111,0.9103,-1.1933,-0.4888,0.1692,1.2696,-0.8783,1.4620,0.0814,-0.0504,-0.7910,0.0853,-0.0543,-0.0620,0.1396,0.0388,0.5002,0.0039,0.5000,-0.2000,-1.5772,0.9722,-1.1689,-0.4786,0.2000,1.2819,-0.9239,1.4414,123.3606,-3.9034,4.9629,-6.4943,5.1970,-0.7864,6.4828,-2.3931,14.2835,6.7626,0.6389,0.18
14.4509,0.0000,0.0000,0.0000,0.0000,0.0000,0.0000,0.1186,0.5626,0.4776,-0.0311,-0.0167,-0.9994,0.4938,-0.2375,-1.5281,0.9173,-1.1940,-0.4906,0.1718,1.2724,-0.8690,1.4617,0.0388,0.0582,-0.5971,0.4381,-0.0388,-0.0504,0.0388,0.1318,0.2947,-0.0504,0.5000,-0.2000,-1.5467,1.0200,-1.1813,-0.4773,0.2000,1.3022,-0.9276,1.4342,122.6055,-3.6303,4.8014,-6.3569,4.9793,-0.7726,6.5392,-2.4248,14.1707,6.6401,0.6667,0.17
14.4749,0.0000,0.0000,0.0000,0.0000,0.0000,0.0000,0.0890,0.3099,0.3134,-0.0233,-0.0199,-0.9995,0.4938,-0.2377,-1.5365,0.9332,-1.1969,-0.4918,0.1741,1.2757,-0.8634,1.4611,0.1047,-0.0116,-0.3412,0.6165,-0.1667,-0.0698,0.0853,-0.0155,0.1706,-0.0271,0.5000,-0.2000,-1.5161,1.0621,-1.1931,-0.4720,0.2000,1.3226,-0.9306,1.4271,121.8605,-3.3230,4.6370,-6.2159,4.7198,-0.7204,6.6038,-2.4650,14.0710,6.5286,0.6944,0.17
14.4999,0.0000,0.0000,0.0000,0.0000,0.0000,0.0000,0.0340,0.0820,-0.0504,-0.0210,-0.0228,-0.9995,0.4934,-0.2381,-1.5398,0.9504,-1.2002,-0.4920,0.1758,1.2776,-0.8627,1.4596,0.0271,0.0582,0.0116,0.9267,-0.1396,0.0388,0.0194,0.0620,-0.0078,-0.1280,0.5000,-0.2000,-1.4856,1.0966,-1.2039,-0.4643,0.2000,1.3430,-0.9331,1.4200,121.2108,-3.0165,4.4515,-6.0413,4.4750,-0.6434,6.7067,-2.5375,13.9894,6.3847,0.7222,0.17
14.5229,0.0000,0.0000,0.0000,0.0000,0.0000,0.0000,-0.0238,-0.0387,-0.5598,-0.0219,-0.0243,-0.9995,0.4929,-0.2382,-1.5377,0.9732,-1.2043,-0.4901,0.1770,1.2802,-0.8644,1.4570,0.0078,-0.0155,0.1628,1.0236,-0.1435,0.0969,0.0000,0.1086,-0.1745,-0.1435,0.5000,-0.2000,-1.4550,1.1217,-1.2136,-0.4523,0.2000,1.3633,-0.9348,1.4128,120.6989,-2.7276,4.2757,-5.8526,4.2374,-0.5234,6.8220,-2.6139,13.9080,6.2436,0.7500,0.17
14.5459,0.0000,0.0000,0.0000,0.0000,0.0000,0.0000,-0.0970,-0.0310,-1.0461,-0.0224,-0.0239,-0.9995,0.4919,-0.2382,-1.5305,0.9952,-1.2095,-0.4840,0.1777,1.2851,-0.8670,1.4531,-0.1124,-0.0310,0.3877,1.0120,-0.1861,0.3839,-0.0078,0.2365,-0.0349,-0.2016,0.5000,-0.2000,-1.4244,1.1364,-1.2221,-0.4396,0.2000,1.3837,-0.9358,1.4057,120.3095,-2.4849,4.1220,-5.6805,4.0285,-0.3960,6.9469,-2.6881,13.8254,6.1180,0.7778,0.17
14.5690,0.0000,0.0000,0.0000,0.0000,0.0000,0.0000,-0.0346,-0.0157,-1.4207,-0.0228,-0.0232,-0.9995,0.4920,-0.2382,-1.5177,1.0129,-1.2127,-0.4729,0.1774,1.2919,-0.8700,1.4481,0.0775,0.0078,0.6863,0.7328,-0.0814,0.5816,-0.0620,0.3141,-0.0969,-0.2482,0.5000,-0.2000,-1.3939,1.1398,-1.2293,-0.4283,0.2000,1.4041,-0.9360,1.3986,120.0335,-2.2824,3.9983,-5.5538,3.8581,-0.2829,7.0664,-2.7578,13.7649,6.0414,0.8056,0.17
14.5949,0.0000,0.0000,0.0000,0.0000,0.0000,0.0000,0.0504,0.0368,-1.3178,-0.0209,-0.0259,-0.9994,0.4948,-0.2379,-1.5001,1.0263,-1.2127,-0.4611,0.1767,1.3031,-0.8748,1.4418,0.1435,0.0388,0.7018,0.4226,0.0620,0.4110,-0.0310,0.5506,-0.2133,-0.2133,0.5000,-0.2000,-1.3633,1.1318,-1.2352,-0.4217,0.2000,1.4244,-0.9355,1.3914,119.6879,-2.1858,3.9276,-5.4963,3.7503,-0.2168,7.1154,-2.7810,13.7013,6.0253,0.8333,0.17
14.6189,0.0000,0.0000,0.0000,0.0000,0.0000,0.0000,0.0023,0.0529,-1.1724,-0.0168,-0.0262,-0.9995,0.4969,-0.2375,-1.4812,1.0344,-1.2114,-0.4518,0.1752,1.3175,-0.8809,1.4351,0.0504,0.0388,0.8414,0.1977,0.1396,0.3839,-0.0271,0.6010,-0.2133,-0.3451,0.5000,-0.2000,-1.3328,1.1129,-1.2398,-0.4189,0.2000,1.4448,-0.9342,1.3842,119.3371,-2.2217,3.8861,-5.4513,3.7484,-0.1890,7.1161,-2.7922,13.6486,6.0249,0.8611,0.17
14.6429,0.0000,0.0000,0.0000,0.0000,0.0000,0.0000,-0.0038,0.0187,-1.2166,-0.0141,-0.0276,-0.9995,0.4984,-0.2375,-1.4590,1.0357,-1.2104,-0.4443,0.1731,1.3331,-0.8868,1.4279,0.1202,0.0194,0.9500,-0.0388,0.0388,0.2869,-0.1086,0.6204,-0.2365,-0.4032,0.5000,-0.2000,-1.3022,1.0839,-1.2432,-0.4166,0.2000,1.4652,-0.9322,1.3742,119.1082,-2.2867,3.8617,-5.4153,3.7921,-0.1659,7.1260,-2.8138,13.6283,6.0265,0.8889,0.17
14.6669,0.0000,0.0000,0.0000,0.0000,0.0000,0.0000,-0.0236,0.0434,-1.2246,-0.0114,-0.0279,-0.9995,0.4990,-0.2376,-1.4352,1.0315,-1.2100,-0.4391,0.1709,1.3472,-0.8906,1.4195,0.0775,0.0388,1.0314,-0.2714,0.0465,0.2365,-0.1047,0.6049,-0.1745,-0.4343,0.5000,-0.2000,-1.2717,1.0461,-1.2456,-0.4164,0.2000,1.4856,-0.9295,1.3641,118.9989,-2.4209,3.8725,-5.4020,3.8952,-0.1639,7.1176,-2.8232,13.6161,6.0444,0.9167,0.17
14.6909,0.0000,0.0000,0.0000,0.0000,0.0000,0.0000,-0.0494,0.1116,-1.2680,-0.0066,-0.0274,-0.9996,0.4993,-0.2379,-1.4095,1.0216,-1.2102,-0.4350,0.1696,1.3641,-0.8928,1.4103,-0.0233,0.0620,1.0895,-0.5700,-0.0427,0.1861,-0.0233,0.7289,-0.0543,-0.4614,0.5000,-0.2000,-1.2411,1.0014,-1.2472,-0.4178,0.2000,1.5059,-0.9262,1.3541,119.0244,-2.6089,3.9142,-5.4112,4.0446,-0.1782,7.0965,-2.8269,13.6257,6.0768,0.9444,0.17
14.7159,0.0000,0.0000,0.0000,0.0000,0.0000,0.0000,-0.0887,0.1792,-1.3232,-0.0002,-0.0264,-0.9997,0.4994,-0.2386,-1.3826,1.0067,-1.2105,-0.4317,0.1690,1.3831,-0.8931,1.3997,0.0427,-0.0271,1.1167,-0.8065,-0.0000,0.2288,-0.0039,0.7445,-0.0000,-0.5700,0.5000,-0.2000,-1.2106,0.9519,-1.2483,-0.4217,0.2000,1.5263,-0.9223,1.3440,119.2484,-2.8803,3.9940,-5.4452,4.2685,-0.2173,7.0504,-2.8233,13.6680,6.1290,0.9722,0.17
14.7399,0.0000,0.0000,0.0000,0.0000,0.0000,0.0000,-0.1431,0.2236,-1.3218,0.0059,-0.0268,-0.9996,0.4993,-0.2399,-1.3514,0.9819,-1.2113,-0.4278,0.1689,1.4043,-0.8923,1.3875,-0.0000,-0.0310,1.1942,-1.0508,0.0582,0.1667,-0.0310,0.8026,0.0892,-0.5467,0.5000,-0.2000,-1.1800,0.9000,-1.2770,-0.4286,0.2000,1.5467,-0.9180,1.3340,119.6500,-3.2110,4.1122,-5.5207,4.5387,-0.2857,6.9900,-2.8090,13.7403,6.2062,0.0000,0.19
14.7629,0.0000,0.0000,0.0000,0.0000,0.0000,0.0000,-0.1864,0.2812,-1.2091,0.0132,-0.0262,-0.9996,0.4993,-0.2409,-1.3236,0.9557,-1.2154,-0.4260,0.1690,1.4239,-0.8904,1.3764,0.0465,-0.0078,1.2834,-1.5122,-0.2675,-0.0194,0.0000,0.8918,0.1822,-0.4885,0.5000,-0.2000,-1.2004,0.9052,-1.2699,-0.4374,0.2000,1.5670,-0.9133,1.3239,120.1261,-3.5487,4.2573,-5.6376,4.8129,-0.3740,6.9076,-2.7747,13.8287,6.3154,0.0278,0.17
14.7859,0.0000,0.0000,0.0000,0.0000,0.0000,0.0000,-0.1961,0.3281,-1.0884,0.0212,-0.0219,-0.9995,0.4994,-0.2415,-1.2986,0.9292,-1.2206,-0.4263,0.1690,1.4450,-0.8874,1.3640,0.0116,0.0349,0.8375,-0.9655,-0.1163,0.0271,-0.0582,0.9461,0.1435,-0.6126,0.5000,-0.2000,-1.2207,0.9103,-1.2627,-0.4492,0.2000,1.5874,-0.9083,1.3139,120.7783,-3.9567,4.4096,-5.7339,5.1594,-0.4923,6.8151,-2.7424,13.9360,6.3896,0.0556,0.16
14.8099,0.0000,0.0000,0.0000,0.0000,0.0000,0.0000,-0.1517,0.4366,-0.8946,0.0313,-0.0182,-0.9993,0.4997,-0.2416,-1.2814,0.9072,-1.2222,-0.4284,0.1687,1.4691,-0.8845,1.3508,0.0853,0.0388,0.4808,-0.7406,0.0388,-0.1667,-0.0737,0.9771,0.0465,-0.5894,0.5000,-0.2000,-1.2411,0.9152,-1.2556,-0.4606,0.2000,1.6078,-0.9031,1.3038,121.5049,-4.3345,4.5741,-5.8553,5.4765,-0.6058,6.7238,-2.7011,14.0564,6.4853,0.0833,0.17
14.8339,0.0000,0.0000,0.0000,0.0000,0.0000,0.0000,-0.1223,0.5276,-0.6911,0.0440,-0.0141,-0.9989,0.5000,-0.2409,-1.2741,0.8918,-1.2214,-0.4334,0.1678,1.4926,-0.8828,1.3378,0.0310,0.0465,0.1396,-0.5390,0.1086,-0.3102,-0.1086,1.0120,0.1047,-0.5894,0.5000,-0.2000,-1.2615,0.9198,-1.2485,-0.4704,0.2000,1.6078,-0.9209,1.3562,122.2299,-4.6875,4.7292,-5.9748,5.7624,-0.7035,6.6292,-2.6544,14.1742,6.5786,0.1111,0.17
14.8579,0.0000,0.0000,0.0000,0.0000,0.0000,0.0000,-0.0797,0.5320,-0.5199,0.0575,-0.0095,-0.9983,0.5009,-0.2395,-1.2722,0.8798,-1.2183,-0.4407,0.1666,1.5167,-0.8831,1.3327,0.0465,0.0659,0.0000,-0.3606,0.1318,-0.3218,-0.0969,0.9034,-0.0039,0.0465,0.5000,-0.2000,-1.2819,0.9239,-1.2414,-0.4783,0.2000,1.5772,-0.9722,1.3689,122.9426,-4.9875,4.8749,-6.0957,6.0015,-0.7833,6.5332,-2.5962,14.2759,6.6823,0.1389,0.17
14.8819,0.0000,0.0000,0.0000,0.0000,0.0000,0.0000,-0.1146,0.4337,-0.3720,0.0685,-0.0040,-0.9976,0.5019,-0.2375,-1.2737,0.8715,-1.2141,-0.4486,0.1657,1.5312,-0.8887,1.3345,0.0155,0.1163,-0.1551,-0.2792,0.2288,-0.2830,0.0194,0.5739,-0.4381,0.0620,0.5000,-0.2000,-1.3022,0.9276,-1.2342,-0.4856,0.2000,1.5467,-1.0200,1.3813,123.6729,-5.2931,5.0048,-6.1986,6.2523,-0.8556,6.4266,-2.5447,14.3934,6.7827,0.1667,0.17
14.9049,0.0000,0.0000,0.0000,0.0000,0.0000,0.0000,-0.1707,0.2119,-0.1601,0.0752,0.0034,-0.9972,0.5027,-0.2359,-1.2779,0.8654,-1.2088,-0.4551,0.1655,1.5411,-0.9033,1.3398,0.0271,0.0737,-0.2482,-0.0969,0.2637,-0.2792,-0.0775,0.3063,-0.8065,0.2947,0.5000,-0.2000,-1.3226,0.9306,-1.2271,-0.4914,0.2000,1.5161,-1.0621,1.3931,124.3606,-5.5560,5.1301,-6.3109,6.4657,-0.9135,6.3212,-2.4893,14.5065,6.8824,0.1944,0.17
14.9289,0.0000,0.0000,0.0000,0.0000,0.0000,0.0000,-0.1452,-0.1833,0.2375,0.0722,0.0086,-0.9974,0.5034,-0.2354,-1.2822,0.8649,-1.2047,-0.4611,0.1656,1.5440,-0.9235,1.3479,0.0233,0.0116,-0.1435,0.1318,0.2133,-0.2365,-0.0620,-0.0388,-0.8840,0.3567,0.5000,-0.2000,-1.3430,0.9331,-1.2200,-0.4972,0.2000,1.4856,-1.0966,1.4039,124.9047,-5.7500,5.2518,-6.4608,6.6109,-0.9716,6.2199,-2.4272,14.6033,7.0024,0.2222,0.17
14.9519,0.0000,0.0000,0.0000,0.0000,0.0000,0.0000,-0.1487,-0.3803,0.6977,0.0632,0.0127,-0.9979,0.5040,-0.2352,-1.2857,0.8670,-1.2011,-0.4680,0.1657,1.5404,-0.9463,1.3582,0.0310,0.0271,-0.2288,0.2249,0.2559,-0.3179,-0.0078,-0.2326,-0.9732,0.4808,0.5000,-0.2000,-1.3633,0.9348,-1.2128,-0.5000,0.2000,1.4550,-1.1217,1.4136,125.2977,-5.9496,5.3745,-6.6098,6.7378,-1.0206,6.1171,-2.3588,14.6608,7.1210,0.2500,0.19
14.9769,0.0000,0.0000,0.0000,0.0000,0.0000,0.0000,-0.1581,-0.4318,1.0479,0.0541,0.0168,-0.9984,0.5043,-0.2352,-1.2919,0.8706,-1.1975,-0.4762,0.1659,1.5318,-0.9692,1.3706,0.0853,0.0543,-0.3373,0.1784,0.1396,-0.3916,-0.0116,-0.4343,-0.8957,0.5196,0.5000,-0.2000,-1.3837,0.9358,-1.2057,-0.5000,0.2000,1.4244,-1.1364,1.4221,125.6010,-6.1308,5.4876,-6.7422,6.8380,-1.0455,6.0303,-2.2972,14.7008,7.2255,0.2778,0.17
15.0019,0.0000,0.0000,0.0000,0.0000,0.0000,0.0000,-0.1608,-0.4444,1.2763,0.0434,0.0201,-0.9989,0.5060,-0.2353,-1.3026,0.8752,-1.1935,-0.4869,0.1662,1.5160,-0.9939,1.3864,0.1512,-0.0000,-0.4226,0.1473,0.1939,-0.3994,0.0233,-0.6669,-0.8375,0.6785,0.5000,-0.2000,-1.4041,0.9360,-1.1986,-0.5000,0.2000,1.3939,-1.1398,1.4293,125.8658,-6.2616,5.5786,-6.8443,6.9085,-1.0539,5.9652,-2.2511,14.7330,7.3065,0.3056,0.20
15.0259,0.0000,0.0000,0.0000,0.0000,0.0000,0.0000,-0.1520,-0.4131,1.4374,0.0345,0.0239,-0.9991,0.5076,-0.2353,-1.3145,0.8791,-1.1894,-0.4964,0.1665,1.4992,-1.0108,1.4003,0.1202,-0.0078,-0.5894,0.1822,0.2404,-0.2443,-0.0116,-0.9189,-0.6475,0.6243,0.5000,-0.2000,-1.4244,0.9355,-1.1914,-0.5000,0.2000,1.3633,-1.1318,1.4352,126.1026,-6.3566,5.6544,-6.9296,6.9557,-1.0587,5.9214,-2.2127,14.7566,7.3661,0.3333,0.19
15.0519,0.0000,0.0000,0.0000,0.0000,0.0000,0.0000,-0.1202,-0.3717,1.5576,0.0270,0.0266,-0.9993,0.5088,-0.2353,-1.3297,0.8824,-1.1854,-0.5019,0.1664,1.4755,-1.0241,1.4156,-0.0271,0.0194,-0.7328,0.1977,0.2016,-0.1202,0.0155,-0.9849,-0.3412,0.5234,0.5000,-0.2000,-1.4448,0.9342,-1.1842,-0.5000,0.2000,1.3328,-1.1129,1.4398,126.2581,-6.3757,5.7033,-6.9961,6.9547,-1.0607,5.9045,-2.1878,14.7707,7.4021,0.3611,0.18
15.0759,0.0000,0.0000,0.0000,0.0000,0.0000,0.0000,-0.0995,-0.2667,1.6430,0.0220,0.0295,-0.9993,0.5094,-0.2353,-1.3477,0.8837,-1.1809,-0.5051,0.1663,1.4521,-1.0310,1.4294,0.0543,0.0931,-0.6747,0.0155,0.1784,-0.0233,-0.0194,-1.1671,-0.1086,0.5273,0.5000,-0.2000,-1.4652,0.9322,-1.1742,-0.5000,0.2000,1.3022,-1.0839,1.4432,126.3344,-6.3558,5.7369,-7.0505,6.9220,-1.0518,5.8897,-2.1622,14.7652,7.4378,0.3889,0.21
15.0999,0.0000,0.0000,0.0000,0.0000,0.0000,0.0000,-0.0292,-0.2276,1.6859,0.0184,0.0313,-0.9993,0.5091,-0.2353,-1.3657,0.8837,-1.1786,-0.5067,0.1661,1.4272,-1.0310,1.4405,-0.0310,0.0388,-0.8647,0.0388,0.0698,-0.0582,-0.0814,-1.2369,0.1745,0.4226,0.5000,-0.2000,-1.4856,0.9295,-1.1641,-0.5000,0.2000,1.2717,-1.0461,1.4456,126.3235,-6.2788,5.7497,-7.0867,6.8585,-1.0448,5.8909,-2.1458,14.7542,7.4419,0.4167,0.17
15.1239,0.0000,0.0000,0.0000,0.0000,0.0000,0.0000,0.0682,-0.1995,1.6322,0.0153,0.0312,-0.9994,0.5076,-0.2354,-1.3863,0.8836,-1.1783,-0.5075,0.1657,1.4000,-1.0243,1.4502,-0.0659,0.0349,-0.8763,0.0892,-0.1124,0.0349,0.0078,-1.2524,0.4149,0.3567,0.5000,-0.2000,-1.5059,0.9262,-1.1541,-0.5000,0.2000,1.2411,-1.0014,1.4472,126.2180,-6.1174,5.7305,-7.0911,6.7485,-1.0391,5.9147,-2.1440,14.7318,7.4196,0.4444,0.19
15.1479,0.0000,0.0000,0.0000,0.0000,0.0000,0.0000,0.1339,-0.1373,1.4559,0.0118,0.0304,-0.9995,0.5049,-0.2355,-1.4062,0.8845,-1.1792,-0.5073,0.1654,1.3708,-1.0101,1.4575,-0.1900,0.0349,-0.9073,0.0116,-0.0659,0.0698,-0.0427,-1.3144,0.7522,0.2753,0.5000,-0.2000,-1.5263,0.9223,-1.1440,-0.5000,0.2000,1.2106,-0.9519,1.4483,126.0696,-5.9265,5.6905,-7.0683,6.6175,-1.0280,5.9579,-2.1563,14.7030,7.3765,0.4722,0.19
15.1719,0.0000,0.0000,0.0000,0.0000,0.0000,0.0000,0.2461,-0.0245,1.1328,0.0102,0.0262,-0.9996,0.5015,-0.2357,-1.4262,0.8861,-1.1806,-0.5065,0.1649,1.3387,-0.9878,1.4641,-0.0000,0.0659,-0.7251,0.1318,-0.0000,0.0465,-0.0233,-1.2795,1.1283,0.2288,0.5000,-0.2000,-1.5467,0.9180,-1.1340,-0.5000,0.2000,1.1800,-0.9000,1.4770,125.9215,-5.6753,5.6256,-7.0169,6.4670,-1.0145,6.0290,-2.1906,14.6816,7.3027,0.5000,0.19
15.1959,0.0000,0.0000,0.0000,0.0000,0.0000,0.0000,0.3186,0.1383,0.8641,0.0120,0.0197,-0.9997,0.4995,-0.2360,-1.4447,0.8885,-1.1814,-0.5062,0.1644,1.3101,-0.9574,1.4731,-0.0465,0.0271,-0.8375,0.1473,-0.0310,0.0853,-0.0233,-1.3532,1.4075,0.5545,0.5000,-0.2000,-1.5670,0.9133,-1.1239,-0.5000,0.2000,1.2004,-0.9052,1.4699,125.7296,-5.4089,5.5562,-6.9564,6.3005,-1.0083,6.1058,-2.2125,14.6250,7.2211,0.5278,0.19
15.2209,0.0000,0.0000,0.0000,0.0000,0.0000,0.0000,0.3962,0.3265,0.6128,0.0167,0.0100,-0.9998,0.4980,-0.2362,-1.4629,0.8904,-1.1815,-0.5057,0.1644,1.2844,-0.9259,1.4835,0.0078,-0.0116,-0.7445,0.1047,-0.0039,-0.0194,-0.0194,-0.8220,1.0508,0.3606,0.5000,-0.2000,-1.5874,0.9083,-1.1139,-0.5000,0.2000,1.2207,-0.9103,1.4627,125.4679,-5.1081,5.4522,-6.8701,6.1495,-1.0267,6.1988,-2.2625,14.6009,7.1107,0.5556,0.19
15.2449,0.0000,0.0000,0.0000,0.0000,0.0000,0.0000,0.2922,0.5306,0.3388,0.0273,0.0019,-0.9996,0.4977,-0.2365,-1.4819,0.8917,-1.1805,-0.5063,0.1653,1.2729,-0.9011,1.4912,0.0155,0.0155,-0.8026,0.1512,0.1241,0.0233,0.0310,-0.3722,1.0042,0.2133,0.5000,-0.2000,-1.6078,0.9031,-1.1038,-0.5000,0.2000,1.2411,-0.9152,1.4556,125.1317,-4.8331,5.3342,-6.7567,5.9794,-1.0245,6.2780,-2.3029,14.5460,6.9936,0.5833,0.19
15.2699,0.0000,0.0000,0.0000,0.0000,0.0000,0.0000,0.2614,0.6827,0.1396,0.0411,-0.0063,-0.9991,0.4978,-0.2371,-1.5026,0.8931,-1.1761,-0.5066,0.1672,1.2681,-0.8800,1.4959,0.0582,0.0465,-0.8995,-0.0116,0.2637,0.0620,0.0737,-0.0931,0.7910,0.1202,0.5000,-0.2000,-1.6078,0.9209,-1.1562,-0.5000,0.2000,1.2615,-0.9198,1.4485,124.7130,-4.5242,5.2006,-6.6442,5.7733,-1.0127,6.3689,-2.3454,14.4882,6.8799,0.6111,0.18
15.2939,0.0000,0.0000,0.0000,0.0000,0.0000,0.0000,0.2242,0.7468,0.0598,0.0576,-0.0150,-0.9982,0.4980,-0.2377,-1.5202,0.8975,-1.1751,-0.5068,0.1699,1.2691,-0.8627,1.4982,0.0931,0.0271,-0.7289,0.1977,-0.0775,0.0194,0.0698,0.0969,0.6514,0.0543,0.5000,-0.2000,-1.5772,0.9722,-1.1689,-0.4989,0.2000,1.2819,-0.9239,1.4414,124.1549,-4.2206,5.0634,-6.5386,5.5540,-0.9888,6.4379,-2.3701,14.3944,6.7697,0.6389,0.18
15.3189,0.0000,0.0000,0.0000,0.0000,0.0000,0.0000,0.1031,0.6942,0.0382,0.0740,-0.0212,-0.9970,0.4983,-0.2384,-1.5349,0.9080,-1.1779,-0.5074,0.1723,1.2737,-0.8499,1.4989,0.0388,-0.0271,-0.4265,0.4963,-0.0853,0.0116,0.1163,0.2016,0.3955,0.0000,0.5000,-0.2000,-1.5467,1.0200,-1.1813,-0.4974,0.2000,1.3022,-0.9276,1.4342,123.5038,-3.9535,4.9130,-6.4133,5.3446,-0.9737,6.4944,-2.3990,14.2855,6.6588,0.6667,0.18
15.3429,0.0000,0.0000,0.0000,0.0000,0.0000,0.0000,0.0816,0.4712,-0.0780,0.0852,-0.0257,-0.9960,0.4983,-0.2390,-1.5412,0.9230,-1.1817,-0.5076,0.1750,1.2785,-0.8423,1.4988,0.0543,-0.0620,-0.1163,0.8026,-0.1357,-0.0349,0.0814,0.2133,0.2210,0.0039,0.5000,-0.2000,-1.5161,1.0621,-1.1931,-0.4943,0.2000,1.3226,-0.9306,1.4271,122.8359,-3.6640,4.7565,-6.2885,5.1118,-0.9435,6.5687,-2.4421,14.1913,6.5479,0.6944,0.20
15.3669,0.0000,0.0000,0.0000,0.0000,0.0000,0.0000,0.1135,0.1856,-0.2464,0.0903,-0.0299,-0.9955,0.4985,-0.2393,-1.5423,0.9425,-1.1837,-0.5073,0.1772,1.2825,-0.8402,1.4977,-0.0194,0.0504,0.0465,0.8336,-0.0078,0.0388,0.0349,0.1939,-0.0310,-0.1435,0.5000,-0.2000,-1.4856,1.0966,-1.2039,-0.4897,0.2000,1.3430,-0.9331,1.4200,122.1847,-3.3678,4.5885,-6.1567,4.8635,-0.8967,6.6659,-2.5008,14.1089,6.4419,0.7222,0.19
15.3919,0.0000,0.0000,0.0000,0.0000,0.0000,0.0000,0.0941,0.0254,-0.4137,0.0909,-0.0327,-0.9953,0.4998,-0.2392,-1.5384,0.9625,-1.1842,-0.5062,0.1778,1.2855,-0.8434,1.4943,0.0969,0.0582,0.1551,0.8918,-0.0194,0.0775,-0.0233,0.1202,-0.1861,-0.2482,0.5000,-0.2000,-1.4550,1.1217,-1.2136,-0.4823,0.2000,1.3633,-0.9348,1.4128,121.5783,-3.1319,4.4415,-6.0244,4.6531,-0.8233,6.7409,-2.5507,14.0194,6.3488,0.7500,0.21
15.4169,0.0000,0.0000,0.0000,0.0000,0.0000,0.0000,0.0653,0.0342,-0.5193,0.0927,-0.0331,-0.9951,0.5016,-0.2388,-1.5314,0.9817,-1.1839,-0.5034,0.1775,1.2907,-0.8498,1.4890,0.1512,0.0853,0.2986,0.7212,0.0582,0.1435,-0.0078,0.2288,-0.2830,-0.2133,0.5000,-0.2000,-1.4244,1.1364,-1.2221,-0.4752,0.2000,1.3837,-0.9358,1.4057,121.0036,-2.9514,4.3171,-5.9039,4.4814,-0.7520,6.8123,-2.5958,13.9270,6.2720,0.7778,0.20
15.4408,0.0000,0.0000,0.0000,0.0000,0.0000,0.0000,0.0570,-0.0122,-0.6397,0.0938,-0.0322,-0.9951,0.5030,-0.2384,-1.5216,0.9976,-1.1839,-0.5000,0.1769,1.2985,-0.8585,1.4818,0.0698,-0.0039,0.4381,0.5622,0.0039,0.2055,-0.0931,0.3257,-0.3451,-0.3490,0.5000,-0.2000,-1.3939,1.1398,-1.2293,-0.4682,0.2000,1.4041,-0.9360,1.3986,120.4763,-2.8174,4.2093,-5.7937,4.3548,-0.6815,6.8730,-2.6391,13.8531,6.2032,0.8056,0.18
15.4648,0.0000,0.0000,0.0000,0.0000,0.0000,0.0000,0.0806,-0.0263,-0.8173,0.0947,-0.0310,-0.9950,0.5044,-0.2379,-1.5078,1.0093,-1.1838,-0.4975,0.1760,1.3077,-0.8664,1.4739,0.1008,0.0659,0.5932,0.5157,0.0427,0.0659,-0.0659,0.3335,-0.2404,-0.2792,0.5000,-0.2000,-1.3633,1.1318,-1.2352,-0.4603,0.2000,1.4244,-0.9355,1.3914,120.0579,-2.7208,4.1172,-5.6921,4.2549,-0.6035,6.9322,-2.6810,13.7849,6.1485,0.8333,0.18
15.4888,0.0000,0.0000,0.0000,0.0000,0.0000,0.0000,0.1061,-0.0141,-1.0198,0.0953,-0.0313,-0.9950,0.5060,-0.2378,-1.4909,1.0176,-1.1842,-0.4946,0.1743,1.3190,-0.8732,1.4658,0.0775,0.0349,0.7522,0.2908,0.0039,0.0892,-0.0582,0.4885,-0.2482,-0.4110,0.5000,-0.2000,-1.3328,1.1129,-1.2398,-0.4537,0.2000,1.4448,-0.9342,1.3842,119.7596,-2.6767,4.0504,-5.6075,4.2119,-0.5373,6.9841,-2.7231,13.7413,6.1092,0.8611,0.18
15.5118,0.0000,0.0000,0.0000,0.0000,0.0000,0.0000,0.1045,0.0673,-1.2656,0.0977,-0.0314,-0.9947,0.5068,-0.2379,-1.4709,1.0211,-1.1853,-0.4914,0.1729,1.3324,-0.8780,1.4582,0.0504,0.0116,0.9073,0.0504,-0.0388,0.1706,-0.1357,0.6165,-0.1551,-0.3722,0.5000,-0.2000,-1.3022,1.0839,-1.2432,-0.4481,0.2000,1.4652,-0.9322,1.3742,119.6194,-2.7062,4.0175,-5.5411,4.2308,-0.4813,7.0218,-2.7574,13.7099,6.0868,0.8889,0.20
15.5368,0.0000,0.0000,0.0000,0.0000,0.0000,0.0000,0.1245,0.1689,-1.4898,0.1026,-0.0318,-0.9942,0.5074,-0.2381,-1.4460,1.0194,-1.1876,-0.4875,0.1716,1.3491,-0.8798,1.4494,0.0620,0.1667,1.0353,-0.1435,0.0078,0.2365,-0.0582,0.7949,0.0078,-0.3645,0.5000,-0.2000,-1.2717,1.0461,-1.2456,-0.4445,0.2000,1.4856,-0.9295,1.3641,119.6527,-2.7937,4.0127,-5.5006,4.2942,-0.4452,7.0564,-2.7883,13.6968,6.0859,0.9167,0.17
15.5598,0.0000,0.0000,0.0000,0.0000,0.0000,0.0000,0.1354,0.2705,-1.7173,0.1107,-0.0328,-0.9933,0.5077,-0.2385,-1.4189,1.0142,-1.1904,-0.4832,0.1705,1.3682,-0.8793,1.4414,-0.0698,0.0388,1.1671,-0.4032,-0.1241,0.2210,-0.0969,0.8957,0.0582,-0.3916,0.5000,-0.2000,-1.2411,1.0014,-1.2472,-0.4426,0.2000,1.5059,-0.9262,1.3541,119.8514,-2.9678,4.0531,-5.4918,4.4388,-0.4257,7.0500,-2.7999,13.7168,6.1070,0.9444,0.18
15.5838,0.0000,0.0000,0.0000,0.0000,0.0000,0.0000,0.1215,0.3413,-1.8939,0.1199,-0.0339,-0.9922,0.5080,-0.2389,-1.3867,1.0015,-1.1941,-0.4786,0.1702,1.3913,-0.8777,1.4331,-0.0078,0.0078,1.4075,-0.6669,-0.1784,0.2714,-0.1163,0.9267,0.1357,-0.3955,0.5000,-0.2000,-1.2106,0.9519,-1.2483,-0.4437,0.2000,1.5263,-0.9223,1.3440,120.2529,-3.2222,4.1328,-5.5224,4.6426,-0.4372,7.0228,-2.8010,13.7685,6.1634,0.9722,0.18
15.6088,0.0000,0.0000,0.0000,0.0000,0.0000,0.0000,0.0693,0.4289,-2.0417,0.1308,-0.0329,-0.9909,0.5081,-0.2390,-1.3528,0.9824,-1.1988,-0.4737,0.1703,1.4160,-0.8746,1.4241,0.0388,0.0427,1.4346,-0.9771,-0.1939,0.1435,-0.0582,1.1089,0.1590,-0.4343,0.5000,-0.2000,-1.1800,0.9000,-1.2770,-0.4470,0.2000,1.5467,-0.9180,1.3340,120.8405,-3.5409,4.2392,-5.5758,4.8888,-0.4700,6.9803,-2.7963,13.8550,6.2365,0.0000,0.18
15.6329,0.0000,0.0000,0.0000,0.0000,0.0000,0.0000,0.0151,0.5340,-2.0920,0.1446,-0.0309,-0.9890,0.5081,-0.2389,-1.3163,0.9586,-1.2065,-0.4699,0.1707,1.4431,-0.8688,1.4136,-0.0194,0.0310,1.6905,-1.2563,-0.3800,0.0814,-0.0620,1.1283,0.3412,-0.4885,0.5000,-0.2000,-1.2004,0.9052,-1.2699,-0.4531,0.2000,1.5670,-0.9133,1.3239,121.5703,-3.9383,4.3937,-5.6779,5.1923,-0.5307,6.8986,-2.7620,13.9674,6.3432,0.0278,0.17
15.6568,0.0000,0.0000,0.0000,0.0000,0.0000,0.0000,-0.0068,0.6005,-2.0619,0.1594,-0.0243,-0.9869,0.5084,-0.2384,-1.2839,0.9326,-1.2153,-0.4675,0.1713,1.4704,-0.8621,1.4021,-0.0582,0.0233,1.0973,-0.7910,-0.2055,0.0931,-0.0271,1.0740,0.3063,-0.5467,0.5000,-0.2000,-1.2207,0.9103,-1.2627,-0.4628,0.2000,1.5874,-0.9083,1.3139,122.4991,-4.3926,4.5585,-5.7698,5.5474,-0.6284,6.8108,-2.7249,14.1015,6.4310,0.0556,0.17
15.6819,0.0000,0.0000,0.0000,0.0000,0.0000,0.0000,0.0188,0.6899,-1.9649,0.1740,-0.0175,-0.9846,0.5091,-0.2370,-1.2613,0.9171,-1.2191,-0.4676,0.1720,1.4991,-0.8558,1.3888,0.1008,0.1435,0.8298,-0.5894,-0.1086,-0.0465,0.0116,1.1361,0.2482,-0.5390,0.5000,-0.2000,-1.2411,0.9152,-1.2556,-0.4717,0.2000,1.6078,-0.9031,1.3038,123.4835,-4.7828,4.7156,-5.8743,5.8490,-0.7168,6.7411,-2.6944,14.2505,6.5300,0.0833,0.17
15.7069,0.0000,0.0000,0.0000,0.0000,0.0000,0.0000,0.0484,0.7382,-1.7933,0.1939,-0.0092,-0.9810,0.5099,-0.2347,-1.2448,0.9065,-1.2201,-0.4689,0.1728,1.5295,-0.8507,1.3754,0.0892,0.1280,0.4847,-0.2443,-0.0388,-0.0775,0.0271,1.1787,0.1822,-0.6436,0.5000,-0.2000,-1.2615,0.9198,-1.2485,-0.4804,0.2000,1.6078,-0.9209,1.3562,124.4441,-5.1830,4.8805,-5.9906,6.1583,-0.8037,6.6382,-2.6401,14.3979,6.6331,0.1111,0.17
15.7318,0.0000,0.0000,0.0000,0.0000,0.0000,0.0000,0.0541,0.6137,-1.5694,0.2094,-0.0008,-0.9778,0.5099,-0.2314,-1.2323,0.9021,-1.2196,-0.4720,0.1736,1.5559,-0.8493,1.3691,0.0039,0.1590,0.4459,-0.0349,0.0388,-0.1473,-0.0427,0.9887,-0.0039,0.0310,0.5000,-0.2000,-1.2819,0.9239,-1.2414,-0.4889,0.2000,1.5772,-0.9722,1.3689,125.3442,-5.5230,5.0375,-6.1205,6.4193,-0.8893,6.5386,-2.5786,14.5251,6.7513,0.1389,0.17
15.7558,0.0000,0.0000,0.0000,0.0000,0.0000,0.0000,0.0105,0.4585,-1.2760,0.2218,0.0082,-0.9750,0.5103,-0.2275,-1.2238,0.9008,-1.2181,-0.4755,0.1739,1.5738,-0.8541,1.3707,0.1008,0.2016,0.2753,0.0582,0.0659,-0.1396,-0.0116,0.6320,-0.3218,0.1473,0.5000,-0.2000,-1.3022,0.9276,-1.2342,-0.4980,0.2000,1.5467,-1.0200,1.3813,126.1827,-5.8605,5.1938,-6.2623,6.6848,-0.9800,6.4144,-2.5086,14.6597,6.8859,0.1667,0.17
15.7798,0.0000,0.0000,0.0000,0.0000,0.0000,0.0000,-0.0434,0.1767,-0.8297,0.2274,0.0163,-0.9737,0.5107,-0.2240,-1.2182,0.9022,-1.2165,-0.4802,0.1742,1.5838,-0.8656,1.3747,0.0504,0.2171,0.1163,0.1939,0.0969,-0.1551,0.0504,0.2753,-0.6863,0.2637,0.5000,-0.2000,-1.3226,0.9306,-1.2271,-0.5000,0.2000,1.5161,-1.0621,1.3931,126.8849,-6.1612,5.3467,-6.4227,6.9268,-1.0872,6.2848,-2.4338,14.7844,7.0231,0.1944,0.17
15.8038,0.0000,0.0000,0.0000,0.0000,0.0000,0.0000,-0.0919,-0.1317,-0.2607,0.2254,0.0222,-0.9740,0.5113,-0.2210,-1.2149,0.9074,-1.2147,-0.4843,0.1744,1.5866,-0.8838,1.3823,0.0659,0.1435,-0.0078,0.3373,0.1086,-0.1628,0.0155,-0.0155,-0.8840,0.3373,0.5000,-0.2000,-1.3430,0.9331,-1.2200,-0.5000,0.2000,1.4856,-1.0966,1.4039,127.4093,-6.4344,5.5011,-6.6005,7.1369,-1.1978,6.1483,-2.3549,14.8877,7.1650,0.2222,0.17
15.8278,0.0000,0.0000,0.0000,0.0000,0.0000,0.0000,-0.1200,-0.3320,0.3539,0.2190,0.0249,-0.9754,0.5122,-0.2189,-1.2142,0.9146,-1.2137,-0.4892,0.1746,1.5828,-0.9082,1.3925,0.1124,0.0504,-0.0388,0.3800,0.0620,-0.2482,-0.0155,-0.2520,-1.1516,0.3916,0.5000,-0.2000,-1.3633,0.9348,-1.2128,-0.5000,0.2000,1.4550,-1.1217,1.4136,127.7524,-6.6870,5.6498,-6.7785,7.3178,-1.2953,6.0144,-2.2717,14.9571,7.3031,0.2500,0.17
15.8518,0.0000,0.0000,0.0000,0.0000,0.0000,0.0000,-0.1904,-0.4104,0.8434,0.2108,0.0264,-0.9772,0.5129,-0.2180,-1.2172,0.9227,-1.2124,-0.4944,0.1750,1.5734,-0.9337,1.4041,0.0620,0.0737,-0.2365,0.2598,0.0853,-0.2288,-0.0349,-0.5157,-1.0857,0.5312,0.5000,-0.2000,-1.3837,0.9358,-1.2057,-0.5000,0.2000,1.4244,-1.1364,1.4221,127.9838,-6.9149,5.7799,-6.9290,7.4498,-1.3625,5.9102,-2.1975,14.9876,7.4222,0.2778,0.17
15.8758,0.0000,0.0000,0.0000,0.0000,0.0000,0.0000,-0.2100,-0.3987,1.2222,0.2032,0.0269,-0.9788,0.5139,-0.2182,-1.2246,0.9303,-1.2098,-0.4998,0.1749,1.5587,-0.9571,1.4172,-0.0000,0.0271,-0.3412,0.3800,0.0853,-0.1086,-0.0504,-0.7251,-0.9655,0.5351,0.5000,-0.2000,-1.4041,0.9360,-1.1986,-0.5000,0.2000,1.3939,-1.1398,1.4293,128.1495,-7.1008,5.8887,-7.0531,7.5602,-1.4101,5.8294,-2.1368,15.0065,7.5085,0.3056,0.17
15.8998,0.0000,0.0000,0.0000,0.0000,0.0000,0.0000,-0.1957,-0.3669,1.5298,0.1967,0.0259,-0.9801,0.5150,-0.2192,-1.2360,0.9358,-1.2059,-0.5045,0.1740,1.5395,-0.9769,1.4308,0.0737,-0.0349,-0.5855,0.1512,0.1784,-0.0969,-0.0969,-0.8995,-0.7096,0.5583,0.5000,-0.2000,-1.4244,0.9355,-1.1914,-0.5000,0.2000,1.3633,-1.1318,1.4352,128.2578,-7.2163,5.9797,-7.1658,7.6102,-1.4392,5.7693,-2.0839,15.0169,7.5901,0.3333,0.17
15.9228,0.0000,0.0000,0.0000,0.0000,0.0000,0.0000,-0.1934,-0.2955,1.7911,0.1921,0.0234,-0.9811,0.5154,-0.2212,-1.2515,0.9386,-1.2013,-0.5084,0.1723,1.5184,-0.9906,1.4429,0.0582,-0.0620,-0.8298,0.0853,0.2947,-0.1396,-0.1280,-0.9887,-0.3761,0.5351,0.5000,-0.2000,-1.4448,0.9342,-1.1842,-0.5000,0.2000,1.3328,-1.1129,1.4398,128.2896,-7.2837,6.0440,-7.2541,7.6277,-1.4590,5.7261,-2.0400,15.0101,7.6445,0.3611,0.17
15.9468,0.0000,0.0000,0.0000,0.0000,0.0000,0.0000,-0.1993,-0.2071,2.0121,0.1900,0.0210,-0.9816,0.5159,-0.2241,-1.2704,0.9390,-1.1951,-0.5126,0.1694,1.4933,-0.9983,1.4535,0.0931,-0.1590,-0.9189,-0.0116,0.2986,-0.0969,-0.1047,-1.1244,-0.2675,0.4924,0.5000,-0.2000,-1.4652,0.9322,-1.1742,-0.5000,0.2000,1.3022,-1.0839,1.4432,128.2449,-7.3166,6.0921,-7.3195,7.6353,-1.4794,5.6845,-1.9987,14.9891,7.6820,0.3889,0.16
15.9708,0.0000,0.0000,0.0000,0.0000,0.0000,0.0000,-0.2132,-0.1203,2.1957,0.1899,0.0165,-0.9817,0.5168,-0.2269,-1.2930,0.9374,-1.1877,-0.5158,0.1668,1.4665,-1.0004,1.4626,0.0814,-0.1086,-1.0236,-0.0892,0.4226,-0.0931,-0.2133,-1.2408,0.0775,0.3994,0.5000,-0.2000,-1.4856,0.9295,-1.1641,-0.5000,0.2000,1.2717,-1.0461,1.4456,128.1191,-7.2861,6.1119,-7.3651,7.6053,-1.5055,5.6718,-1.9755,14.9614,7.6942,0.4167,0.16
15.9938,0.0000,0.0000,0.0000,0.0000,0.0000,0.0000,-0.2439,-0.0403,2.3414,0.1918,0.0120,-0.9814,0.5178,-0.2297,-1.3201,0.9329,-1.1784,-0.5182,0.1650,1.4348,-0.9966,1.4707,0.1163,-0.0620,-1.1865,-0.1900,0.4459,-0.0271,-0.0543,-1.3842,0.3916,0.2792,0.5000,-0.2000,-1.5059,0.9262,-1.1541,-0.5000,0.2000,1.2411,-1.0014,1.4472,127.8853,-7.1961,6.1050,-7.3796,7.5385,-1.5316,5.6704,-1.9592,14.9100,7.6859,0.4444,0.19
16.0188,0.0000,0.0000,0.0000,0.0000,0.0000,0.0000,-0.2626,-0.0154,2.4904,0.1944,0.0072,-0.9809,0.5186,-0.2321,-1.3478,0.9265,-1.1679,-0.5197,0.1633,1.4030,-0.9854,1.4762,0.0427,-0.1163,-1.2330,-0.2559,0.5622,0.0271,-0.1241,-1.5083,0.6049,0.1977,0.5000,-0.2000,-1.5263,0.9223,-1.1440,-0.5000,0.2000,1.2106,-0.9519,1.4483,127.5523,-7.0747,6.0805,-7.3831,7.4628,-1.5729,5.6804,-1.9517,14.8500,7.6585,0.4722,0.17
16.0418,0.0000,0.0000,0.0000,0.0000,0.0000,0.0000,-0.3004,0.0167,2.6147,0.1977,0.0015,-0.9803,0.5189,-0.2334,-1.3799,0.9168,-1.1561,-0.5202,0.1625,1.3655,-0.9696,1.4795,-0.0000,-0.0116,-1.3338,-0.4110,0.5506,-0.0427,-0.0775,-1.4928,0.9810,0.0969,0.5000,-0.2000,-1.5467,0.9180,-1.1340,-0.5000,0.2000,1.1800,-0.9000,1.4770,127.0794,-6.8740,6.0200,-7.3573,7.3378,-1.6176,5.7183,-1.9623,14.7739,7.6026,0.5000,0.18
16.0658,0.0000,0.0000,0.0000,0.0000,0.0000,0.0000,-0.3320,0.0607,2.7045,0.2008,-0.0021,-0.9796,0.5189,-0.2336,-1.4112,0.9054,-1.1436,-0.5201,0.1627,1.3280,-0.9474,1.4845,-0.0582,-0.0349,-1.5199,-0.5079,0.5661,0.0194,0.0000,-1.6867,1.0275,0.2637,0.5000,-0.2000,-1.5670,0.9133,-1.1239,-0.5000,0.2000,1.2004,-0.9052,1.4699,126.5183,-6.6603,5.9485,-7.3085,7.2125,-1.6666,5.7536,-1.9699,14.6711,7.5320,0.5278,0.18
16.0908,0.0000,0.0000,0.0000,0.0000,0.0000,0.0000,-0.2791,0.0906,2.7793,0.2039,-0.0092,-0.9790,0.5187,-0.2330,-1.4447,0.8916,-1.1312,-0.5198,0.1634,1.2954,-0.9267,1.4912,0.0116,-0.0000,-1.5122,-0.5079,0.4808,0.0310,0.0620,-1.2679,0.6940,0.1745,0.5000,-0.2000,-1.5874,0.9083,-1.1139,-0.5000,0.2000,1.2207,-0.9103,1.4627,125.8349,-6.3459,5.8325,-7.2349,7.0483,-1.7253,5.8225,-2.0091,14.5930,7.4240,0.5556,0.18
16.1138,0.0000,0.0000,0.0000,0.0000,0.0000,0.0000,-0.3395,0.1760,2.7112,0.2073,-0.0136,-0.9782,0.5182,-0.2322,-1.4789,0.8778,-1.1227,-0.5199,0.1655,1.2679,-0.9120,1.4958,-0.0427,0.0931,-1.4385,-0.6514,0.1784,-0.0737,0.0698,-0.9538,0.4265,0.0814,0.5000,-0.2000,-1.6078,0.9031,-1.1038,-0.5000,0.2000,1.2411,-0.9152,1.4556,125.0358,-6.0110,5.6911,-7.1222,6.8466,-1.7348,5.8849,-2.0456,14.4870,7.3006,0.5833,0.18
16.1388,0.0000,0.0000,0.0000,0.0000,0.0000,0.0000,-0.0762,0.2457,2.4257,0.2108,-0.0211,-0.9773,0.5148,-0.2322,-1.5101,0.8652,-1.1235,-0.5186,0.1671,1.2508,-0.9033,1.4983,-0.2210,0.0814,-1.4501,-0.2249,-0.0620,0.1086,-0.0039,-0.5506,0.2947,0.0233,0.5000,-0.2000,-1.6078,0.9209,-1.1562,-0.5000,0.2000,1.2615,-0.9198,1.4485,124.2203,-5.5634,5.5282,-6.9971,6.5743,-1.7176,5.9991,-2.1038,14.4053,7.1291,0.6111,0.17
16.1628,0.0000,0.0000,0.0000,0.0000,0.0000,0.0000,-0.0498,0.1689,1.7122,0.2115,-0.0303,-0.9769,0.5085,-0.2323,-1.5449,0.8625,-1.1323,-0.5159,0.1688,1.2421,-0.9002,1.4977,-0.0775,0.0931,-1.1826,0.1086,-0.5467,0.0814,0.0853,-0.2559,0.0775,-0.1435,0.5000,-0.2000,-1.5772,0.9722,-1.1689,-0.5000,0.2000,1.2819,-0.9239,1.4414,123.4236,-5.0120,5.2920,-6.7580,6.2052,-1.5899,6.1160,-2.1895,14.3215,6.9225,0.6389,0.17
16.1868,0.0000,0.0000,0.0000,0.0000,0.0000,0.0000,-0.1235,-0.0255,1.1191,0.2096,-0.0321,-0.9773,0.5062,-0.2325,-1.5654,0.8669,-1.1425,-0.5151,0.1708,1.2396,-0.9001,1.4962,-0.1202,0.0969,-0.7910,0.4575,-0.4381,0.0233,0.0892,-0.1124,-0.0116,-0.0582,0.5000,-0.2000,-1.5467,1.0200,-1.1813,-0.5000,0.2000,1.3022,-0.9276,1.4342,122.6893,-4.5104,5.0633,-6.5339,5.8237,-1.4361,6.2342,-2.2636,14.2076,6.7382,0.6667,0.17
16.2098,0.0000,0.0000,0.0000,0.0000,0.0000,0.0000,-0.0370,-0.2531,0.4576,0.2010,-0.0338,-0.9790,0.5038,-0.2329,-1.5779,0.8796,-1.1541,-0.5138,0.1718,1.2384,-0.9009,1.4937,-0.0853,-0.0504,-0.3877,0.7677,-0.4847,0.0116,0.0310,-0.0543,-0.0349,-0.0931,0.5000,-0.2000,-1.5161,1.0621,-1.1931,-0.5000,0.2000,1.3226,-0.9306,1.4271,122.0740,-4.0062,4.8408,-6.3324,5.4333,-1.2668,6.3839,-2.3548,14.1256,6.5620,0.6944,0.17
16.2358,0.0000,0.0000,0.0000,0.0000,0.0000,0.0000,-0.0052,-0.3806,-0.2377,0.1914,-0.0322,-0.9810,0.5021,-0.2331,-1.5821,0.9007,-1.1645,-0.5131,0.1727,1.2396,-0.9025,1.4897,-0.1124,-0.0194,-0.0582,1.0624,-0.4537,0.0349,0.0737,0.0465,-0.0969,-0.2753,0.5000,-0.2000,-1.4856,1.0966,-1.2039,-0.5000,0.2000,1.3430,-0.9331,1.4200,121.5851,-3.5655,4.6205,-6.1207,5.0792,-1.0838,6.5418,-2.4513,14.0427,6.3894,0.7222,0.17
16.2608,0.0000,0.0000,0.0000,0.0000,0.0000,0.0000,0.0622,-0.5213,-0.9918,0.1781,-0.0276,-0.9836,0.5016,-0.2332,-1.5771,0.9271,-1.1741,-0.5114,0.1729,1.2441,-0.9052,1.4843,0.0775,0.0931,0.3567,1.0818,-0.3257,0.1086,-0.0155,0.2249,-0.0969,-0.2753,0.5000,-0.2000,-1.4550,1.1217,-1.2136,-0.4888,0.2000,1.3633,-0.9348,1.4128,121.2620,-3.1435,4.4109,-5.9221,4.7282,-0.8880,6.7265,-2.5621,13.9768,6.2418,0.7500,0.17
16.2838,0.0000,0.0000,0.0000,0.0000,0.0000,0.0000,0.1777,-0.5570,-1.4158,0.1654,-0.0242,-0.9859,0.5034,-0.2333,-1.5640,0.9517,-1.1791,-0.5102,0.1721,1.2523,-0.9073,1.4784,0.2171,0.0078,0.6630,1.0663,-0.1241,0.0543,-0.0271,0.3916,-0.0465,-0.2016,0.5000,-0.2000,-1.4244,1.1364,-1.2221,-0.4720,0.2000,1.3837,-0.9358,1.4057,121.0042,-2.8399,4.2602,-5.7886,4.4549,-0.7203,6.8578,-2.6363,13.9145,6.1535,0.7778,0.17
16.3088,0.0000,0.0000,0.0000,0.0000,0.0000,0.0000,0.1921,-0.4708,-1.5637,0.1567,-0.0219,-0.9874,0.5070,-0.2335,-1.5478,0.9733,-1.1806,-0.5084,0.1705,1.2634,-0.9094,1.4717,0.0775,-0.0427,0.7522,0.8065,-0.0349,0.1357,-0.0737,0.5932,-0.0465,-0.2443,0.5000,-0.2000,-1.3939,1.1398,-1.2293,-0.4609,0.2000,1.4041,-0.9360,1.3986,120.7344,-2.6774,4.1549,-5.6867,4.2922,-0.6088,6.9445,-2.6870,13.8546,6.0959,0.8056,0.17
16.3328,0.0000,0.0000,0.0000,0.0000,0.0000,0.0000,0.2357,-0.3999,-1.7686,0.1484,-0.0205,-0.9887,0.5094,-0.2342,-1.5274,0.9911,-1.1811,-0.5024,0.1683,1.2802,-0.9103,1.4647,0.1512,-0.0465,0.8104,0.6669,-0.0543,0.3567,-0.1512,0.6165,-0.0116,-0.2792,0.5000,-0.2000,-1.3633,1.1318,-1.2352,-0.4516,0.2000,1.4244,-0.9355,1.3914,120.5498,-2.5841,4.0724,-5.5981,4.1955,-0.5156,7.0235,-2.7365,13.8137,6.0562,0.8333,0.17
16.3578,0.0000,0.0000,0.0000,0.0000,0.0000,0.0000,0.2663,-0.3220,-1.8664,0.1420,-0.0215,-0.9896,0.5113,-0.2360,-1.5055,1.0037,-1.1822,-0.4964,0.1660,1.2981,-0.9101,1.4584,0.0698,-0.0892,0.9383,0.4420,-0.0349,0.2288,-0.0853,0.8181,0.0388,-0.2637,0.5000,-0.2000,-1.3328,1.1129,-1.2398,-0.4441,0.2000,1.4448,-0.9342,1.3842,120.3897,-2.5527,4.0170,-5.5361,4.1460,-0.4408,7.0763,-2.7730,13.7820,6.0421,0.8611,0.19
16.3818,0.0000,0.0000,0.0000,0.0000,0.0000,0.0000,0.2366,-0.2749,-2.0198,0.1370,-0.0220,-0.9903,0.5122,-0.2376,-1.4801,1.0119,-1.1846,-0.4904,0.1647,1.3193,-0.9087,1.4516,0.0582,-0.0310,1.0081,0.2171,-0.1047,0.2482,-0.0659,0.9383,0.0737,-0.2947,0.5000,-0.2000,-1.3022,1.0839,-1.2432,-0.4378,0.2000,1.4652,-0.9322,1.3742,120.3272,-2.5870,3.9804,-5.4789,4.1512,-0.3776,7.1146,-2.8062,13.7602,6.0393,0.8889,0.18
16.4068,0.0000,0.0000,0.0000,0.0000,0.0000,0.0000,0.2446,-0.2344,-2.1198,0.1328,-0.0229,-0.9909,0.5131,-0.2397,-1.4523,1.0144,-1.1882,-0.4848,0.1640,1.3440,-0.9058,1.4448,-0.0427,-0.0775,1.2989,-0.0310,-0.1086,0.2249,-0.0465,0.9538,0.1784,-0.3063,0.5000,-0.2000,-1.2717,1.0461,-1.2456,-0.4335,0.2000,1.4856,-0.9295,1.3641,120.3677,-2.6911,3.9839,-5.4629,4.2145,-0.3355,7.1259,-2.8250,13.7618,6.0667,0.9167,0.17
16.4298,0.0000,0.0000,0.0000,0.0000,0.0000,0.0000,0.2462,-0.1636,-2.2331,0.1302,-0.0241,-0.9912,0.5137,-0.2414,-1.4219,1.0120,-1.1926,-0.4791,0.1636,1.3660,-0.9016,1.4385,0.0388,0.0271,1.4501,-0.1861,-0.1667,0.2714,-0.0388,1.1361,0.2520,-0.2288,0.5000,-0.2000,-1.2411,1.0014,-1.2472,-0.4322,0.2000,1.5059,-0.9262,1.3541,120.5503,-2.8452,4.0116,-5.4624,4.3291,-0.3223,7.1350,-2.8455,13.7819,6.0981,0.9444,0.17
16.4538,0.0000,0.0000,0.0000,0.0000,0.0000,0.0000,0.2244,-0.1167,-2.3152,0.1293,-0.0257,-0.9913,0.5136,-0.2427,-1.3887,1.0028,-1.1973,-0.4728,0.1638,1.3912,-0.8950,1.4311,0.0543,-0.0349,1.3493,-0.5506,-0.1822,0.2908,-0.0388,0.9732,0.3606,-0.3877,0.5000,-0.2000,-1.2106,0.9519,-1.2483,-0.4331,0.2000,1.5263,-0.9223,1.3440,120.9110,-3.0958,4.0882,-5.5020,4.5138,-0.3305,7.1012,-2.8421,13.8372,6.1685,0.9722,0.17
16.4788,0.0000,0.0000,0.0000,0.0000,0.0000,0.0000,0.1712,-0.0731,-2.3501,0.1291,-0.0261,-0.9913,0.5135,-0.2435,-1.3534,0.9859,-1.2020,-0.4670,0.1645,1.4196,-0.8861,1.4210,-0.0194,-0.0582,1.5199,-0.8918,-0.2016,0.2171,0.0931,1.0702,0.3916,-0.5002,0.5000,-0.2000,-1.1800,0.9000,-1.2770,-0.4371,0.2000,1.5467,-0.9180,1.3340,121.4123,-3.4072,4.1929,-5.5725,4.7499,-0.3711,7.0517,-2.8348,13.9269,6.2543,0.0000,0.17
16.5028,0.0000,0.0000,0.0000,0.0000,0.0000,0.0000,0.0670,0.0068,-2.3056,0.1304,-0.0241,-0.9912,0.5135,-0.2439,-1.3145,0.9623,-1.2105,-0.4617,0.1655,1.4455,-0.8771,1.4082,0.0039,0.0039,1.6789,-1.1322,-0.4110,0.2133,-0.0078,1.1051,0.4420,-0.6281,0.5000,-0.2000,-1.2004,0.9052,-1.2699,-0.4448,0.2000,1.5670,-0.9133,1.3239,122.0437,-3.7938,4.3423,-5.6755,5.0567,-0.4480,6.9692,-2.8061,14.0349,6.3569,0.0278,0.17
16.5258,0.0000,0.0000,0.0000,0.0000,0.0000,0.0000,-0.0070,0.0102,-2.1159,0.1315,-0.0198,-0.9911,0.5133,-0.2439,-1.2844,0.9396,-1.2188,-0.4570,0.1660,1.4717,-0.8683,1.3920,-0.0233,0.0543,1.2330,-0.8259,-0.2365,0.3102,0.0000,1.1283,0.3877,-0.8181,0.5000,-0.2000,-1.2207,0.9103,-1.2627,-0.4561,0.2000,1.5874,-0.9083,1.3139,122.7872,-4.2014,4.4936,-5.7743,5.3802,-0.5612,6.8873,-2.7780,14.1573,6.4461,0.0556,0.17
16.5498,0.0000,0.0000,0.0000,0.0000,0.0000,0.0000,-0.0182,0.0767,-1.7788,0.1313,-0.0155,-0.9912,0.5133,-0.2437,-1.2608,0.9234,-1.2233,-0.4536,0.1659,1.4995,-0.8627,1.3734,-0.0155,0.0620,0.7600,-0.5118,-0.1280,0.0969,-0.1008,1.0546,0.1939,-0.8259,0.5000,-0.2000,-1.2411,0.9152,-1.2556,-0.4671,0.2000,1.6078,-0.9031,1.3038,123.5234,-4.5832,4.6605,-5.8996,5.6924,-0.6706,6.7860,-2.7298,14.2819,6.5480,0.0833,0.17
16.5738,0.0000,0.0000,0.0000,0.0000,0.0000,0.0000,-0.0008,0.2136,-1.2833,0.1346,-0.0118,-0.9908,0.5130,-0.2429,-1.2470,0.9118,-1.2241,-0.4530,0.1656,1.5271,-0.8592,1.3546,-0.0310,0.0427,0.4188,-0.4614,0.0427,-0.0155,0.0000,1.0585,0.1241,-0.8724,0.5000,-0.2000,-1.2615,0.9198,-1.2485,-0.4790,0.2000,1.6078,-0.9209,1.3562,124.1547,-4.9606,4.8384,-6.0550,5.9839,-0.7903,6.6607,-2.6599,14.3960,6.6745,0.1111,0.17
16.5968,0.0000,0.0000,0.0000,0.0000,0.0000,0.0000,-0.0441,0.2415,-0.8264,0.1395,-0.0056,-0.9902,0.5129,-0.2410,-1.2411,0.9032,-1.2227,-0.4558,0.1651,1.5499,-0.8593,1.3446,-0.0000,0.1202,0.2055,-0.3490,0.0659,-0.1667,-0.0543,0.9849,-0.0349,-0.1667,0.5000,-0.2000,-1.2819,0.9239,-1.2414,-0.4899,0.2000,1.5772,-0.9722,1.3689,124.6865,-5.2935,4.9972,-6.1952,6.2373,-0.8991,6.5329,-2.5836,14.4789,6.7931,0.1389,0.17
16.6218,0.0000,0.0000,0.0000,0.0000,0.0000,0.0000,-0.0565,0.1678,-0.3619,0.1429,-0.0011,-0.9897,0.5128,-0.2390,-1.2390,0.8955,-1.2196,-0.4609,0.1643,1.5651,-0.8660,1.3434,0.0504,0.0969,-0.0155,-0.2171,0.1977,-0.2482,-0.0737,0.3916,-0.4110,-0.0388,0.5000,-0.2000,-1.3022,0.9276,-1.2342,-0.5000,0.2000,1.5467,-1.0200,1.3813,125.2002,-5.6395,5.1575,-6.3450,6.5086,-1.0057,6.3847,-2.4993,14.5735,6.9245,0.1667,0.17
16.6468,0.0000,0.0000,0.0000,0.0000,0.0000,0.0000,-0.1254,-0.1113,0.1767,0.1405,0.0048,-0.9901,0.5128,-0.2370,-1.2405,0.8915,-1.2158,-0.4687,0.1642,1.5730,-0.8815,1.3459,-0.0233,0.0349,-0.1086,-0.0271,0.1163,-0.3218,0.0349,0.1163,-0.7057,0.1357,0.5000,-0.2000,-1.3226,0.9306,-1.2271,-0.5000,0.2000,1.5161,-1.0621,1.3931,125.5893,-5.9186,5.2970,-6.4941,6.7223,-1.1079,6.2457,-2.4206,14.6546,7.0456,0.1944,0.17
16.6708,0.0000,0.0000,0.0000,0.0000,0.0000,0.0000,-0.1372,-0.3865,0.7182,0.1306,0.0073,-0.9914,0.5128,-0.2362,-1.2454,0.8920,-1.2128,-0.4762,0.1644,1.5724,-0.9044,1.3524,-0.0078,0.0271,-0.2404,0.0582,0.0737,-0.2598,-0.0155,-0.1047,-1.0663,0.2869,0.5000,-0.2000,-1.3430,0.9331,-1.2200,-0.5000,0.2000,1.4856,-1.0966,1.4039,125.8563,-6.1282,5.4205,-6.6406,6.8792,-1.1943,6.1303,-2.3514,14.7146,7.1599,0.2222,0.17
16.6958,0.0000,0.0000,0.0000,0.0000,0.0000,0.0000,-0.1676,-0.4707,1.1132,0.1193,0.0091,-0.9928,0.5129,-0.2363,-1.2543,0.8951,-1.2104,-0.4837,0.1650,1.5660,-0.9310,1.3627,0.0233,-0.0737,-0.4420,0.2016,0.1745,-0.4188,0.0737,-0.3761,-1.1904,0.5041,0.5000,-0.2000,-1.3633,0.9348,-1.2128,-0.5000,0.2000,1.4550,-1.1217,1.4136,126.0652,-6.3309,5.5348,-6.7626,7.0073,-1.2334,6.0226,-2.2828,14.7423,7.2585,0.2500,0.17
16.7198,0.0000,0.0000,0.0000,0.0000,0.0000,0.0000,-0.1764,-0.5489,1.3943,0.1068,0.0096,-0.9942,0.5134,-0.2363,-1.2663,0.8996,-1.2077,-0.4929,0.1654,1.5540,-0.9586,1.3759,0.0698,-0.0000,-0.5739,0.2249,0.1435,-0.3490,-0.0155,-0.5118,-1.0314,0.6165,0.5000,-0.2000,-1.3837,0.9358,-1.2057,-0.5000,0.2000,1.4244,-1.1364,1.4221,126.2332,-6.4449,5.6199,-6.8651,7.0662,-1.2478,5.9598,-2.2383,14.7689,7.3348,0.2778,0.18
16.7437,0.0000,0.0000,0.0000,0.0000,0.0000,0.0000,-0.1765,-0.5754,1.5789,0.0941,0.0106,-0.9955,0.5137,-0.2365,-1.2809,0.9042,-1.2047,-0.4994,0.1654,1.5376,-0.9826,1.3902,0.0543,-0.0155,-0.6902,0.2443,0.2133,-0.1939,-0.0465,-0.7949,-0.9887,0.5816,0.5000,-0.2000,-1.4041,0.9360,-1.1986,-0.5000,0.2000,1.3939,-1.1398,1.4293,126.3816,-6.5374,5.6903,-6.9451,7.1097,-1.2406,5.9038,-2.1969,14.7830,7.3967,0.3056,0.18
16.7677,0.0000,0.0000,0.0000,0.0000,0.0000,0.0000,-0.2018,-0.5505,1.7391,0.0825,0.0120,-0.9965,0.5140,-0.2365,-1.2961,0.9073,-1.2007,-0.5036,0.1652,1.5199,-1.0031,1.4042,0.0388,-0.0000,-0.8608,0.1667,0.2559,-0.1473,-0.1047,-0.9422,-0.7794,0.6398,0.5000,-0.2000,-1.4244,0.9355,-1.1914,-0.5000,0.2000,1.3633,-1.1318,1.4352,126.4853,-6.5825,5.7458,-7.0141,7.1108,-1.2184,5.8650,-2.1600,14.7846,7.4458,0.3333,0.17
16.7918,0.0000,0.0000,0.0000,0.0000,0.0000,0.0000,-0.2225,-0.4840,1.8817,0.0724,0.0146,-0.9973,0.5140,-0.2364,-1.3154,0.9086,-1.1950,-0.5059,0.1648,1.4966,-1.0187,1.4175,0.0388,0.0388,-0.8298,-0.0000,0.3528,-0.0543,-0.0969,-1.0391,-0.5390,0.5932,0.5000,-0.2000,-1.4448,0.9342,-1.1842,-0.5000,0.2000,1.3328,-1.1129,1.4398,126.5211,-6.5878,5.7812,-7.0690,7.0860,-1.1969,5.8404,-2.1335,14.7787,7.4833,0.3611,0.17
16.8168,0.0000,0.0000,0.0000,0.0000,0.0000,0.0000,-0.2110,-0.4002,2.0124,0.0648,0.0171,-0.9978,0.5140,-0.2363,-1.3366,0.9079,-1.1883,-0.5076,0.1641,1.4717,-1.0287,1.4300,0.0155,0.0582,-0.9034,0.0078,0.2753,-0.0078,-0.0659,-1.1748,-0.2482,0.4808,0.5000,-0.2000,-1.4652,0.9322,-1.1742,-0.5000,0.2000,1.3022,-1.0839,1.4432,126.4678,-6.5501,5.8014,-7.1116,7.0375,-1.1735,5.8243,-2.1080,14.7557,7.5006,0.3889,0.17
16.8418,0.0000,0.0000,0.0000,0.0000,0.0000,0.0000,-0.2326,-0.3278,2.1073,0.0583,0.0204,-0.9981,0.5139,-0.2359,-1.3617,0.9055,-1.1811,-0.5080,0.1638,1.4417,-1.0325,1.4404,0.0116,-0.0388,-1.0004,-0.1473,0.3645,0.0543,-0.0233,-1.0740,0.0271,0.3877,0.5000,-0.2000,-1.4856,0.9295,-1.1641,-0.5000,0.2000,1.2717,-1.0461,1.4456,126.3210,-6.4658,5.7983,-7.1274,6.9629,-1.1624,5.8221,-2.0977,14.7264,7.4970,0.4167,0.17
16.8667,0.0000,0.0000,0.0000,0.0000,0.0000,0.0000,-0.2044,-0.2558,2.1526,0.0535,0.0245,-0.9983,0.5135,-0.2352,-1.3861,0.9005,-1.1736,-0.5074,0.1639,1.4126,-1.0293,1.4475,0.0155,0.0775,-1.1244,-0.2171,0.3102,0.0814,-0.0310,-1.0857,0.2404,0.2482,0.5000,-0.2000,-1.5059,0.9262,-1.1541,-0.5000,0.2000,1.2411,-1.0014,1.4472,126.0813,-6.3189,5.7712,-7.1245,6.8559,-1.1513,5.8402,-2.0958,14.6846,7.4712,0.4444,0.17
16.8907,0.0000,0.0000,0.0000,0.0000,0.0000,0.0000,-0.0699,-0.2054,2.0919,0.0501,0.0266,-0.9984,0.5123,-0.2341,-1.4118,0.8941,-1.1696,-0.5064,0.1640,1.3829,-1.0188,1.4519,-0.0620,0.0659,-1.1206,-0.2482,0.2249,0.0582,-0.0698,-1.3028,0.6475,0.1628,0.5000,-0.2000,-1.5263,0.9223,-1.1440,-0.5000,0.2000,1.2106,-0.9519,1.4483,125.7776,-6.1166,5.7316,-7.1158,6.7124,-1.1363,5.8724,-2.0974,14.6371,7.4330,0.4722,0.17
16.9137,0.0000,0.0000,0.0000,0.0000,0.0000,0.0000,0.1273,-0.1346,1.8407,0.0462,0.0240,-0.9986,0.5080,-0.2330,-1.4349,0.8905,-1.1702,-0.5043,0.1640,1.3545,-1.0025,1.4551,-0.2055,0.0620,-1.0120,0.0853,0.0233,0.1784,-0.0931,-1.2912,0.9461,0.1241,0.5000,-0.2000,-1.5467,0.9180,-1.1340,-0.5000,0.2000,1.1800,-0.9000,1.4770,125.4429,-5.8385,5.6596,-7.0671,6.5413,-1.1184,5.9381,-2.1219,14.5934,7.3471,0.5000,0.17
16.9377,0.0000,0.0000,0.0000,0.0000,0.0000,0.0000,0.2242,-0.0858,1.3273,0.0417,0.0192,-0.9989,0.5027,-0.2320,-1.4583,0.8904,-1.1716,-0.5001,0.1647,1.3228,-0.9780,1.4605,-0.1628,0.0620,-1.0197,0.0620,0.0039,0.1396,0.0000,-1.3842,1.1942,0.3296,0.5000,-0.2000,-1.5670,0.9133,-1.1239,-0.5000,0.2000,1.2004,-0.9052,1.4699,125.1502,-5.4911,5.5498,-6.9582,6.3201,-1.0671,6.0272,-2.1691,14.5511,7.2360,0.5278,0.17
16.9627,0.0000,0.0000,0.0000,0.0000,0.0000,0.0000,0.3383,0.0046,1.0360,0.0379,0.0114,-0.9992,0.5011,-0.2308,-1.4790,0.8914,-1.1717,-0.4980,0.1669,1.2976,-0.9542,1.4677,-0.0000,0.0853,-0.9151,0.1202,0.0039,0.0698,0.1163,-0.8491,0.7561,0.2482,0.5000,-0.2000,-1.5874,0.9083,-1.1139,-0.5000,0.2000,1.2207,-0.9103,1.4627,124.7789,-5.0931,5.4135,-6.8457,6.0874,-1.0343,6.1347,-2.2260,14.5081,7.1093,0.5556,0.16
16.9877,0.0000,0.0000,0.0000,0.0000,0.0000,0.0000,0.3649,0.2050,0.6716,0.0404,-0.0008,-0.9992,0.5010,-0.2279,-1.4999,0.8918,-1.1711,-0.4985,0.1683,1.2819,-0.9341,1.4734,-0.0000,0.1512,-0.7677,0.0233,0.0349,0.0620,0.0582,-0.3567,0.7794,0.1551,0.5000,-0.2000,-1.6078,0.9031,-1.1038,-0.4989,0.2000,1.2411,-0.9152,1.4556,124.3462,-4.7157,5.2729,-6.7276,5.8418,-0.9891,6.2427,-2.2804,14.4516,6.9816,0.5833,0.17
17.0137,0.0000,0.0000,0.0000,0.0000,0.0000,0.0000,0.1234,0.3843,0.2684,0.0481,-0.0037,-0.9988,0.5011,-0.2257,-1.5207,0.8911,-1.1710,-0.4986,0.1691,1.2787,-0.9186,1.4761,0.0155,0.0814,-0.7910,0.0078,0.0078,0.0737,-0.0078,0.0039,0.5312,-0.0233,0.5000,-0.2000,-1.6078,0.9209,-1.1562,-0.4917,0.2000,1.2615,-0.9198,1.4485,123.8938,-4.4078,5.1154,-6.5573,5.6251,-0.9166,6.3167,-2.3297,14.3780,6.8386,0.6111,0.17
17.0367,0.0000,0.0000,0.0000,0.0000,0.0000,0.0000,0.1564,0.4498,0.0247,0.0586,-0.0076,-0.9983,0.5011,-0.2239,-1.5365,0.8930,-1.1750,-0.4969,0.1704,1.2812,-0.9079,1.4770,0.0427,0.0892,-0.6087,0.2016,-0.2598,0.1086,0.0775,0.1977,0.3877,-0.0737,0.5000,-0.2000,-1.5772,0.9722,-1.1689,-0.4848,0.2000,1.2819,-0.9239,1.4414,123.3629,-4.0282,4.9591,-6.4299,5.3493,-0.8482,6.4177,-2.3702,14.2970,6.7093,0.6389,0.17
17.0608,0.0000,0.0000,0.0000,0.0000,0.0000,0.0000,0.0558,0.3073,-0.0944,0.0660,-0.0102,-0.9978,0.5011,-0.2227,-1.5463,0.9006,-1.1805,-0.4946,0.1718,1.2869,-0.9012,1.4770,-0.0194,0.0892,-0.3102,0.5739,-0.2482,0.1086,0.0349,0.2094,0.3024,-0.0543,0.5000,-0.2000,-1.5467,1.0200,-1.1813,-0.4784,0.2000,1.3022,-0.9276,1.4342,122.7713,-3.7147,4.7983,-6.2995,5.0832,-0.7845,6.4870,-2.4048,14.1927,6.6000,0.6667,0.17
17.0848,0.0000,0.0000,0.0000,0.0000,0.0000,0.0000,0.0586,0.0833,-0.2782,0.0674,-0.0117,-0.9977,0.5010,-0.2222,-1.5499,0.9191,-1.1882,-0.4917,0.1742,1.2922,-0.8972,1.4764,-0.0039,0.0039,-0.0427,0.9034,-0.2675,0.1628,0.0194,0.2055,0.0775,-0.0194,0.5000,-0.2000,-1.5161,1.0621,-1.1931,-0.4714,0.2000,1.3226,-0.9306,1.4271,122.1744,-3.3864,4.6284,-6.1610,4.8088,-0.7143,6.5785,-2.4577,14.1053,6.4851,0.6944,0.17
17.1087,0.0000,0.0000,0.0000,0.0000,0.0000,0.0000,0.0665,-0.0528,-0.5419,0.0668,-0.0140,-0.9977,0.5008,-0.2220,-1.5499,0.9399,-1.1930,-0.4879,0.1767,1.2985,-0.8957,1.4742,0.0388,0.0271,0.0349,0.9500,-0.0582,0.2443,0.1008,0.2753,0.0078,-0.1318,0.5000,-0.2000,-1.4856,1.0966,-1.2039,-0.4626,0.2000,1.3430,-0.9331,1.4200,121.6234,-3.0812,4.4566,-6.0162,4.5344,-0.6255,6.6871,-2.5217,14.0265,6.3762,0.7222,0.16
17.1327,0.0000,0.0000,0.0000,0.0000,0.0000,0.0000,0.0716,-0.3129,-0.8268,0.0602,-0.0165,-0.9980,0.5006,-0.2220,-1.5453,0.9631,-1.1955,-0.4834,0.1784,1.3053,-0.8964,1.4702,0.0310,-0.0155,0.2443,1.1399,-0.0000,0.2016,-0.0310,0.2133,-0.0543,-0.2365,0.5000,-0.2000,-1.4550,1.1217,-1.2136,-0.4513,0.2000,1.3633,-0.9348,1.4128,121.1232,-2.7909,4.2818,-5.8658,4.2751,-0.5132,6.7984,-2.5929,13.9573,6.2664,0.7500,0.16
17.1568,0.0000,0.0000,0.0000,0.0000,0.0000,0.0000,0.1125,-0.4228,-1.0401,0.0511,-0.0184,-0.9985,0.5009,-0.2221,-1.5348,0.9883,-1.1974,-0.4768,0.1793,1.3108,-0.8987,1.4648,0.0155,0.0039,0.4614,1.0120,0.0116,0.3218,-0.0814,0.2598,-0.1551,-0.2637,0.5000,-0.2000,-1.4244,1.1364,-1.2221,-0.4403,0.2000,1.3837,-0.9358,1.4057,120.6441,-2.5409,4.1336,-5.7344,4.0495,-0.4030,6.9058,-2.6557,13.8804,6.1804,0.7778,0.16
17.1797,0.0000,0.0000,0.0000,0.0000,0.0000,0.0000,0.1632,-0.3473,-1.1191,0.0447,-0.0229,-0.9987,0.5023,-0.2221,-1.5211,1.0094,-1.1977,-0.4718,0.1795,1.3189,-0.9015,1.4588,0.0388,0.0427,0.5894,0.9228,-0.0000,0.2830,-0.0039,0.3567,-0.0931,-0.3179,0.5000,-0.2000,-1.3939,1.1398,-1.2293,-0.4308,0.2000,1.4041,-0.9360,1.3986,120.1749,-2.3744,4.0237,-5.6327,3.8876,-0.3083,6.9804,-2.6973,13.8006,6.1198,0.8056,0.16
17.2037,0.0000,0.0000,0.0000,0.0000,0.0000,0.0000,0.1163,-0.3012,-1.2606,0.0393,-0.0246,-0.9989,0.5023,-0.2223,-1.5047,1.0261,-1.1982,-0.4653,0.1792,1.3299,-0.9047,1.4507,-0.0000,0.0233,0.7212,0.5816,0.0155,0.3722,-0.0388,0.4498,-0.0698,-0.3567,0.5000,-0.2000,-1.3633,1.1318,-1.2352,-0.4227,0.2000,1.4244,-0.9355,1.3914,119.7806,-2.2881,3.9342,-5.5322,3.7903,-0.2272,7.0410,-2.7411,13.7340,6.0723,0.8333,0.16
17.2277,0.0000,0.0000,0.0000,0.0000,0.0000,0.0000,0.1299,-0.2872,-1.3919,0.0341,-0.0268,-0.9991,0.5023,-0.2231,-1.4875,1.0371,-1.1993,-0.4571,0.1787,1.3423,-0.9070,1.4420,0.0349,0.0271,0.7871,0.3606,-0.0543,0.3722,-0.0194,0.5855,-0.1163,-0.3024,0.5000,-0.2000,-1.3328,1.1129,-1.2398,-0.4155,0.2000,1.4448,-0.9342,1.3842,119.4674,-2.2220,3.8582,-5.4472,3.7218,-0.1545,7.1029,-2.7829,13.6807,6.0349,0.8611,0.20
17.2517,0.0000,0.0000,0.0000,0.0000,0.0000,0.0000,0.1278,-0.2314,-1.5176,0.0297,-0.0297,-0.9991,0.5023,-0.2241,-1.4663,1.0431,-1.2009,-0.4494,0.1781,1.3572,-0.9082,1.4338,0.0698,-0.0427,0.9461,0.0969,-0.0116,0.3839,-0.1318,0.6979,-0.0039,-0.3528,0.5000,-0.2000,-1.3022,1.0839,-1.2432,-0.4099,0.2000,1.4652,-0.9322,1.3742,119.2750,-2.2411,3.8221,-5.3946,3.7249,-0.0994,7.1373,-2.8146,13.6506,6.0229,0.8889,0.18
17.2777,0.0000,0.0000,0.0000,0.0000,0.0000,0.0000,0.0879,-0.1365,-1.6180,0.0281,-0.0320,-0.9991,0.5021,-0.2250,-1.4425,1.0434,-1.2034,-0.4419,0.1778,1.3754,-0.9084,1.4244,0.0078,0.0039,1.0430,-0.1590,-0.0969,0.3102,0.0078,0.7057,0.0504,-0.4226,0.5000,-0.2000,-1.2717,1.0461,-1.2456,-0.4057,0.2000,1.4856,-0.9295,1.3641,119.1973,-2.3328,3.8135,-5.3580,3.7876,-0.0567,7.1478,-2.8306,13.6281,6.0304,0.9167,0.18
17.3017,0.0000,0.0000,0.0000,0.0000,0.0000,0.0000,0.0395,-0.0963,-1.6360,0.0268,-0.0345,-0.9990,0.5019,-0.2261,-1.4150,1.0369,-1.2071,-0.4348,0.1777,1.3950,-0.9077,1.4135,-0.0543,-0.0698,1.1477,-0.3877,-0.1706,0.2559,-0.0659,0.7367,0.0931,-0.5041,0.5000,-0.2000,-1.2411,1.0014,-1.2472,-0.4052,0.2000,1.5059,-0.9262,1.3541,119.2468,-2.5003,3.8490,-5.3624,3.9217,-0.0517,7.1308,-2.8346,13.6368,6.0593,0.9444,0.18
17.3257,0.0000,0.0000,0.0000,0.0000,0.0000,0.0000,-0.0057,-0.0258,-1.5959,0.0273,-0.0359,-0.9990,0.5017,-0.2272,-1.3866,1.0242,-1.2111,-0.4283,0.1776,1.4131,-0.9065,1.4016,-0.0388,-0.0155,1.2097,-0.6553,-0.1318,0.2830,-0.0582,0.8608,0.0892,-0.5196,0.5000,-0.2000,-1.2106,0.9519,-1.2483,-0.4090,0.2000,1.5263,-0.9223,1.3440,119.4252,-2.7316,3.9189,-5.3973,4.1118,-0.0901,7.1006,-2.8332,13.6658,6.1095,0.9722,0.17
17.3508,0.0000,0.0000,0.0000,0.0000,0.0000,0.0000,-0.0733,0.0958,-1.4436,0.0295,-0.0345,-0.9990,0.5010,-0.2279,-1.3575,1.0049,-1.2153,-0.4218,0.1777,1.4351,-0.9054,1.3878,-0.0775,-0.0465,1.1904,-1.0469,-0.1551,0.2559,0.0194,0.9034,0.0427,-0.5390,0.5000,-0.2000,-1.1800,0.9000,-1.2770,-0.4159,0.2000,1.5467,-0.9180,1.3340,119.6881,-3.0456,4.0373,-5.4767,4.3634,-0.1590,7.0232,-2.8030,13.7143,6.1960,0.0000,0.17
17.3758,0.0000,0.0000,0.0000,0.0000,0.0000,0.0000,-0.1174,0.1473,-1.1934,0.0324,-0.0339,-0.9989,0.4990,-0.2278,-1.3249,0.9757,-1.2236,-0.4178,0.1782,1.4563,-0.9040,1.3742,-0.0814,-0.0271,1.2408,-1.2097,-0.3490,0.1280,-0.0465,0.8879,0.1202,-0.5506,0.5000,-0.2000,-1.2004,0.9052,-1.2699,-0.4271,0.2000,1.5670,-0.9133,1.3239,120.0485,-3.4128,4.1960,-5.6068,4.6652,-0.2713,6.9187,-2.7543,13.7891,6.3069,0.0278,0.19
17.3997,0.0000,0.0000,0.0000,0.0000,0.0000,0.0000,-0.1881,0.2289,-0.9785,0.0367,-0.0263,-0.9990,0.4979,-0.2270,-1.2987,0.9489,-1.2307,-0.4168,0.1792,1.4790,-0.9026,1.3603,-0.0000,0.0892,0.7018,-0.7522,-0.1822,-0.0039,0.0271,0.8375,0.1163,-0.5428,0.5000,-0.2000,-1.2207,0.9103,-1.2627,-0.4392,0.2000,1.5874,-0.9083,1.3139,120.5782,-3.8300,4.3512,-5.7049,5.0035,-0.3923,6.8115,-2.7109,13.8725,6.3926,0.0556,0.18
17.4237,0.0000,0.0000,0.0000,0.0000,0.0000,0.0000,-0.0979,0.3586,-0.6593,0.0449,-0.0222,-0.9987,0.4978,-0.2266,-1.2856,0.9312,-1.2343,-0.4187,0.1808,1.4997,-0.9001,1.3476,0.0388,0.0543,0.3141,-0.5661,-0.0931,-0.1008,0.0504,0.7871,0.1435,-0.6320,0.5000,-0.2000,-1.2411,0.9152,-1.2556,-0.4517,0.2000,1.6078,-0.9031,1.3038,121.1488,-4.1906,4.5144,-5.8350,5.3060,-0.5172,6.7190,-2.6639,13.9738,6.4896,0.0833,0.17
17.4488,0.0000,0.0000,0.0000,0.0000,0.0000,0.0000,-0.0322,0.4504,-0.4284,0.0549,-0.0209,-0.9983,0.4968,-0.2259,-1.2820,0.9207,-1.2354,-0.4225,0.1822,1.5200,-0.8975,1.3357,-0.0620,0.0543,0.0116,-0.3955,0.0039,-0.2365,-0.0194,0.8685,0.0427,-0.5118,0.5000,-0.2000,-1.2615,0.9198,-1.2485,-0.4621,0.2000,1.6078,-0.9209,1.3562,121.7102,-4.5042,4.6541,-5.9434,5.5704,-0.6210,6.6320,-2.6214,14.0693,6.5699,0.1111,0.17
17.4747,0.0000,0.0000,0.0000,0.0000,0.0000,0.0000,-0.0317,0.5354,-0.2508,0.0683,-0.0186,-0.9975,0.4954,-0.2238,-1.2844,0.9125,-1.2351,-0.4295,0.1836,1.5405,-0.8979,1.3323,0.0039,0.1047,-0.1512,-0.2404,0.0427,-0.2869,0.0039,0.6747,-0.0388,0.1086,0.5000,-0.2000,-1.2819,0.9239,-1.2414,-0.4693,0.2000,1.5772,-0.9722,1.3689,122.2743,-4.7877,4.7879,-6.0445,5.7961,-0.6928,6.5346,-2.5609,14.1359,6.6613,0.1389,0.24
17.4987,0.0000,0.0000,0.0000,0.0000,0.0000,0.0000,-0.0634,0.4652,-0.1030,0.0810,-0.0158,-0.9966,0.4943,-0.2210,-1.2907,0.9078,-1.2341,-0.4384,0.1854,1.5527,-0.9044,1.3368,-0.0155,0.1280,-0.2869,-0.0775,0.1241,-0.2792,0.0737,0.3451,-0.4769,0.1745,0.5000,-0.2000,-1.3022,0.9276,-1.2342,-0.4758,0.2000,1.5467,-1.0200,1.3813,122.8706,-5.0562,4.9025,-6.1300,6.0246,-0.7584,6.4350,-2.5113,14.2257,6.7437,0.1667,0.23
