t,vx_cmd,vy_cmd,wz_cmd,lin_vx,lin_vy,lin_vz,gyro_x,gyro_y,gyro_z,projg_x,projg_y,projg_z,jpos_hip_yaw_l,jpos_hip_roll_l,jpos_hip_pitch_l,jpos_knee_pitch_l,jpos_ankle_pitch_l,jpos_hip_yaw_r,jpos_hip_roll_r,jpos_hip_pitch_r,jpos_knee_pitch_r,jpos_ankle_pitch_r,jvel_hip_yaw_l,jvel_hip_roll_l,jvel_hip_pitch_l,jvel_knee_pitch_l,jvel_ankle_pitch_l,jvel_hip_yaw_r,jvel_hip_roll_r,jvel_hip_pitch_r,jvel_knee_pitch_r,jvel_ankle_pitch_r,jtgt_hip_yaw_l,jtgt_hip_roll_l,jtgt_hip_pitch_l,jtgt_knee_pitch_l,jtgt_ankle_pitch_l,jtgt_hip_yaw_r,jtgt_hip_roll_r,jtgt_hip_pitch_r,jtgt_knee_pitch_r,jtgt_ankle_pitch_r,act_0,act_1,act_2,act_3,act_4,act_5,act_6,act_7,act_8,act_9,gait_phase,infer_ms
0.0000,0.1000,0.0000,0.0000,0.0000,0.0000,0.0000,-0.0004,-0.0196,0.0120,-0.1271,0.0032,-0.9919,0.3960,-0.1017,-1.4824,0.9796,-1.3440,-0.3992,0.1051,1.4809,-0.9848,1.2529,0.0039,-0.0194,-0.0349,-0.0116,-0.0155,0.0039,0.0039,-0.0349,0.0349,-0.0155,0.5000,-0.1586,-1.3596,1.1052,-1.2822,-0.3258,0.2000,1.6440,-1.1039,1.1789,10.2324,-0.5856,-0.5923,1.0778,0.8769,0.7422,1.5914,-0.2301,-0.9057,-0.4500,0.0278,0.59
0.0240,0.1000,0.0000,0.0000,0.0000,0.0000,0.0000,-0.0483,-0.1044,-0.0732,-0.1294,0.0092,-0.9916,0.4075,-0.1090,-1.4664,0.9893,-1.3412,-0.3911,0.1163,1.4984,-0.9973,1.2393,0.7716,-0.4808,0.7600,0.5079,0.2365,0.5467,0.8065,1.0702,-1.1942,-1.2059,0.5000,-0.1040,-1.3624,1.0312,-1.2779,-0.3432,0.2000,1.5874,-0.9083,1.3086,32.5746,-0.0403,-0.4165,0.2089,0.8485,0.5684,2.6552,-1.3715,1.1800,0.9469,0.0556,0.22
0.0489,0.1000,0.0000,0.0000,0.0000,0.0000,0.0000,-0.0471,-0.5985,-0.8889,-0.1392,0.0068,-0.9902,0.4247,-0.1139,-1.4527,0.9916,-1.3338,-0.3787,0.1360,1.5131,-1.0085,1.2309,0.6087,0.1435,0.6243,-0.0775,0.3567,0.4692,0.7328,-0.0853,0.2249,0.3373,0.5000,-0.2000,-1.2411,0.9152,-1.2850,-0.3000,0.2000,1.6078,-0.9031,1.3038,52.3020,-1.6640,1.1514,-1.1301,0.7065,1.4851,3.2922,-1.0696,4.3189,2.5840,0.0833,0.20
0.0739,0.1000,0.0000,0.0000,0.0000,0.0000,0.0000,-0.1959,-0.4510,-1.1717,-0.1529,0.0058,-0.9882,0.4393,-0.1250,-1.4202,0.9763,-1.3287,-0.3635,0.1508,1.5126,-0.9982,1.2344,0.5506,-0.8375,1.5936,-1.4152,0.2326,0.6902,0.5312,0.0233,0.6902,-0.0116,0.5000,-0.2000,-1.2615,0.9198,-1.2485,-0.3000,0.2000,1.6078,-0.9209,1.3562,68.7713,-1.8335,1.7601,-1.9100,1.4423,1.6677,4.2582,-1.6017,6.8357,3.4336,0.1111,0.21
0.0989,0.1000,0.0000,0.0000,0.0000,0.0000,0.0000,-0.3568,-0.0801,-1.6624,-0.1559,0.0078,-0.9877,0.4522,-0.1449,-1.3871,0.9488,-1.3230,-0.3453,0.1638,1.5145,-0.9848,1.2351,0.5622,-0.7561,1.0857,-0.9422,0.2520,0.7173,0.3296,0.1977,0.4343,-0.0078,0.5000,-0.2000,-1.2819,0.9239,-1.2414,-0.3000,0.2000,1.5772,-0.9722,1.3689,81.7458,-2.2006,2.4104,-2.7086,2.3044,1.5793,4.9008,-1.8372,8.5239,4.1132,0.1389,0.20
0.1229,0.1000,0.0000,0.0000,0.0000,0.0000,0.0000,-0.3311,-0.1306,-1.4882,-0.1601,0.0098,-0.9870,0.4623,-0.1607,-1.3611,0.9299,-1.3148,-0.3315,0.1716,1.5169,-0.9797,1.2398,0.3722,-0.5079,0.7949,-0.3916,0.4110,0.4924,0.2520,0.0775,-0.0465,0.1977,0.5000,-0.2000,-1.3022,0.9276,-1.2342,-0.3000,0.2000,1.5467,-1.0200,1.3813,91.8366,-2.6192,3.0005,-3.5001,3.0699,1.3146,5.3151,-1.9859,9.9170,4.7265,0.1667,0.19
0.1459,0.1000,0.0000,0.0000,0.0000,0.0000,0.0000,-0.3685,-0.2288,-1.3736,-0.1659,0.0117,-0.9861,0.4704,-0.1716,-1.3455,0.9229,-1.3058,-0.3228,0.1785,1.5184,-0.9829,1.2496,0.3994,-0.4614,0.5312,-0.2133,0.4110,0.2753,0.2055,0.0737,-0.3179,0.4381,0.5000,-0.2000,-1.3226,0.9306,-1.2271,-0.3000,0.2000,1.5161,-1.0621,1.3931,99.6781,-3.0521,3.4645,-4.1286,3.6855,1.0504,5.5917,-2.1105,11.0307,5.2244,0.1944,0.19
0.1699,0.1000,0.0000,0.0000,0.0000,0.0000,0.0000,-0.3239,-0.4364,-1.1599,-0.1760,0.0140,-0.9843,0.4761,-0.1811,-1.3341,0.9207,-1.2981,-0.3163,0.1836,1.5180,-0.9924,1.2607,0.2598,-0.3373,0.3722,-0.0116,0.2714,0.2598,0.2210,-0.0969,-0.3877,0.4381,0.5000,-0.2000,-1.3430,0.9331,-1.2200,-0.3176,0.2000,1.4856,-1.0966,1.4039,105.7177,-3.4003,3.8301,-4.6502,4.1469,0.8244,5.8008,-2.2018,11.9013,5.6267,0.2222,0.18
0.1939,0.1000,0.0000,0.0000,0.0000,0.0000,0.0000,-0.1853,-0.6095,-0.8039,-0.1912,0.0139,-0.9815,0.4817,-0.1882,-1.3249,0.9230,-1.2912,-0.3125,0.1881,1.5141,-1.0063,1.2724,0.2753,-0.2559,0.3218,0.2288,0.3335,0.0659,0.1396,-0.2559,-0.6824,0.4343,0.5000,-0.2000,-1.3633,0.9348,-1.2128,-0.3361,0.2000,1.4550,-1.1217,1.4136,110.3280,-3.6909,4.1310,-5.0859,4.5063,0.6393,5.9361,-2.2619,12.5667,5.9543,0.2500,0.17
0.2189,0.1000,0.0000,0.0000,0.0000,0.0000,0.0000,-0.1010,-0.6662,-0.2612,-0.2076,0.0140,-0.9781,0.4866,-0.1932,-1.3178,0.9289,-1.2859,-0.3135,0.1910,1.5058,-1.0233,1.2861,0.1667,-0.1318,0.1435,0.2830,0.1977,-0.0698,0.0698,-0.3955,-0.6514,0.5428,0.5000,-0.2000,-1.3837,0.9358,-1.2057,-0.3508,0.2000,1.4244,-1.1364,1.4221,113.7451,-3.9650,4.3974,-5.4616,4.7650,0.4919,6.0105,-2.2756,13.0235,6.2341,0.2778,0.18
0.2429,0.1000,0.0000,0.0000,0.0000,0.0000,0.0000,-0.0105,-0.7135,0.3119,-0.2249,0.0154,-0.9743,0.4898,-0.1965,-1.3149,0.9350,-1.2832,-0.3175,0.1930,1.4958,-1.0397,1.3010,0.1551,-0.1977,0.0931,0.3063,0.0737,-0.1163,-0.0271,-0.5428,-0.7328,0.5506,0.5000,-0.2000,-1.4041,0.9360,-1.1986,-0.3634,0.2000,1.3939,-1.1398,1.4293,116.2548,-4.1998,4.6160,-5.7750,4.9606,0.3663,6.0473,-2.2744,13.3551,6.4707,0.3056,0.18
0.2679,0.1000,0.0000,0.0000,0.0000,0.0000,0.0000,0.0923,-0.7403,0.7332,-0.2432,0.0176,-0.9698,0.4902,-0.1984,-1.3155,0.9406,-1.2823,-0.3236,0.1938,1.4810,-1.0551,1.3151,-0.0271,-0.0931,-0.1318,0.2520,-0.0310,-0.3257,0.0039,-0.6863,-0.5506,0.5234,0.5000,-0.2000,-1.4244,0.9355,-1.1914,-0.3710,0.2000,1.3633,-1.1318,1.4352,118.0729,-4.3443,4.7728,-6.0131,5.0577,0.2903,6.0830,-2.2728,13.5933,6.6499,0.3333,0.18
0.2919,0.1000,0.0000,0.0000,0.0000,0.0000,0.0000,0.1949,-0.6879,0.9973,-0.2614,0.0199,-0.9650,0.4898,-0.1995,-1.3189,0.9448,-1.2823,-0.3302,0.1935,1.4618,-1.0671,1.3297,0.0388,-0.0233,-0.1628,0.2094,-0.0388,-0.2133,-0.0814,-0.8608,-0.3141,0.5506,0.5000,-0.2000,-1.4448,0.9342,-1.1842,-0.3760,0.2000,1.3328,-1.1129,1.4398,119.4279,-4.4297,4.8946,-6.1988,5.1088,0.2404,6.1165,-2.2746,13.7645,6.7886,0.3611,0.17
0.3159,0.1000,0.0000,0.0000,0.0000,0.0000,0.0000,0.3152,-0.5660,1.2238,-0.2756,0.0221,-0.9610,0.4900,-0.2004,-1.3261,0.9480,-1.2826,-0.3359,0.1930,1.4397,-1.0730,1.3422,0.0271,-0.0000,-0.4575,0.1086,-0.0078,-0.1512,-0.0620,-0.9771,-0.0969,0.5661,0.5000,-0.2000,-1.4652,0.9322,-1.1742,-0.3796,0.2000,1.3022,-1.0839,1.4432,120.4077,-4.4605,4.9850,-6.3401,5.1138,0.2042,6.1507,-2.2702,13.8768,6.8887,0.3889,0.17
0.3409,0.1000,0.0000,0.0000,0.0000,0.0000,0.0000,0.4189,-0.4437,1.4187,-0.2870,0.0238,-0.9576,0.4899,-0.2005,-1.3372,0.9498,-1.2829,-0.3406,0.1921,1.4144,-1.0728,1.3541,-0.0194,0.0349,-0.4924,0.0737,0.0543,-0.0853,-0.0427,-1.0895,0.1086,0.4420,0.5000,-0.2000,-1.4856,0.9295,-1.1641,-0.3835,0.2000,1.2717,-1.0461,1.4456,121.0739,-4.4398,5.0409,-6.4451,5.0926,0.1651,6.1861,-2.2707,13.9526,6.9560,0.4167,0.17
0.3659,0.1000,0.0000,0.0000,0.0000,0.0000,0.0000,0.5410,-0.2954,1.6553,-0.2950,0.0254,-0.9551,0.4900,-0.2004,-1.3515,0.9499,-1.2828,-0.3452,0.1905,1.3862,-1.0672,1.3649,0.0271,-0.0194,-0.7173,0.0194,-0.0194,-0.1861,-0.0465,-1.1322,0.4188,0.5041,0.5000,-0.2000,-1.5059,0.9262,-1.1541,-0.3870,0.2000,1.2411,-1.0014,1.4472,121.4439,-4.3722,5.0799,-6.5300,5.0266,0.1296,6.2142,-2.2600,13.9783,7.0036,0.4444,0.16
0.3889,0.1000,0.0000,0.0000,0.0000,0.0000,0.0000,0.6219,-0.1310,1.8313,-0.2994,0.0268,-0.9537,0.4902,-0.2001,-1.3702,0.9481,-1.2818,-0.3489,0.1897,1.3552,-1.0546,1.3742,0.0659,0.0155,-0.8491,-0.1435,0.0969,-0.1318,-0.0504,-1.3532,0.8336,0.3761,0.5000,-0.2000,-1.5263,0.9223,-1.1440,-0.3918,0.2000,1.2106,-0.9519,1.4483,121.6126,-4.2819,5.0897,-6.5804,4.9495,0.0824,6.2502,-2.2608,13.9836,7.0288,0.4722,0.17
0.4129,0.1000,0.0000,0.0000,0.0000,0.0000,0.0000,0.7098,0.0045,1.9575,-0.3000,0.0275,-0.9535,0.4903,-0.1996,-1.3903,0.9440,-1.2792,-0.3529,0.1895,1.3264,-1.0350,1.3824,0.0155,0.0582,-1.0275,-0.0737,0.2171,-0.1241,0.0000,-1.3610,1.0469,0.3218,0.5000,-0.2000,-1.5467,0.9180,-1.1340,-0.3976,0.2000,1.1800,-0.9000,1.4770,121.5953,-4.1427,5.0653,-6.5918,4.8559,0.0238,6.2967,-2.2710,13.9723,7.0123,0.5000,0.17
0.4379,0.1000,0.0000,0.0000,0.0000,0.0000,0.0000,0.7871,0.1160,2.0554,-0.2979,0.0268,-0.9542,0.4904,-0.1986,-1.4140,0.9378,-1.2742,-0.3565,0.1896,1.2912,-1.0081,1.3915,0.0271,0.1163,-0.9810,-0.2094,0.2869,-0.1280,0.0000,-1.4036,1.1167,0.4149,0.5000,-0.2000,-1.5670,0.9133,-1.1239,-0.4052,0.2000,1.2004,-0.9052,1.4699,121.4060,-3.9558,5.0166,-6.5800,4.7467,-0.0517,6.3509,-2.2895,13.9422,6.9800,0.5278,0.17
0.4619,0.1000,0.0000,0.0000,0.0000,0.0000,0.0000,0.7842,0.2883,2.1224,-0.2920,0.0248,-0.9561,0.4908,-0.1971,-1.4376,0.9307,-1.2663,-0.3620,0.1901,1.2633,-0.9835,1.3994,0.0543,0.0271,-1.1632,-0.2869,0.4769,-0.2598,0.0194,-1.1051,0.7987,0.2365,0.5000,-0.2000,-1.5874,0.9083,-1.1139,-0.4127,0.2000,1.2207,-0.9103,1.4627,121.0869,-3.7824,4.9457,-6.5307,4.6553,-0.1267,6.3942,-2.3140,13.9084,6.9200,0.5556,0.17
0.4859,0.1000,0.0000,0.0000,0.0000,0.0000,0.0000,0.7373,0.4744,2.0904,-0.2814,0.0231,-0.9593,0.4914,-0.1956,-1.4659,0.9212,-1.2548,-0.3700,0.1912,1.2449,-0.9664,1.4031,0.0543,0.0698,-1.2252,-0.4226,0.5700,-0.2753,0.0427,-0.5816,0.5971,0.0698,0.5000,-0.2000,-1.6078,0.9031,-1.1038,-0.4178,0.2000,1.2411,-0.9152,1.4556,120.6308,-3.5526,4.8396,-6.4455,4.5192,-0.1784,6.4540,-2.3528,13.8730,6.8311,0.5833,0.17
0.5099,0.1000,0.0000,0.0000,0.0000,0.0000,0.0000,0.6561,0.5349,2.0236,-0.2694,0.0222,-0.9628,0.4919,-0.1937,-1.4955,0.9104,-1.2415,-0.3790,0.1930,1.2349,-0.9559,1.4037,0.0931,0.1086,-1.3183,-0.4498,0.6204,-0.3800,0.0698,-0.2094,0.2714,-0.0582,0.5000,-0.2000,-1.6078,0.9209,-1.1562,-0.4188,0.2000,1.2615,-0.9198,1.4485,120.0549,-3.2868,4.7028,-6.3233,4.3376,-0.1883,6.5047,-2.3902,13.8207,6.7247,0.6111,0.18
0.5339,0.1000,0.0000,0.0000,0.0000,0.0000,0.0000,0.5603,0.5442,1.9271,-0.2565,0.0215,-0.9663,0.4925,-0.1921,-1.5203,0.9025,-1.2329,-0.3889,0.1956,1.2317,-0.9495,1.4025,0.0116,0.0388,-1.1089,-0.2482,0.1900,-0.3645,0.0543,-0.0349,0.2482,-0.1435,0.5000,-0.2000,-1.5772,0.9722,-1.1689,-0.4164,0.2000,1.2819,-0.9239,1.4414,119.3774,-3.0139,4.5652,-6.1936,4.1316,-0.1642,6.5443,-2.4152,13.7382,6.6113,0.6389,0.18
0.5569,0.1000,0.0000,0.0000,0.0000,0.0000,0.0000,0.3700,0.4989,1.8056,-0.2440,0.0227,-0.9695,0.4932,-0.1912,-1.5410,0.9018,-1.2298,-0.3988,0.1989,1.2320,-0.9451,1.4001,0.0233,0.0388,-0.8375,0.1318,0.2055,-0.4032,0.1706,0.0543,0.1163,-0.1628,0.5000,-0.2000,-1.5467,1.0200,-1.1813,-0.4132,0.2000,1.3022,-0.9276,1.4342,118.6817,-2.7532,4.4054,-6.0230,3.9267,-0.1316,6.5843,-2.4514,13.6441,6.4809,0.6667,0.18
0.5799,0.1000,0.0000,0.0000,0.0000,0.0000,0.0000,0.3746,0.1176,1.4233,-0.2390,0.0220,-0.9708,0.4936,-0.1908,-1.5571,0.9068,-1.2260,-0.4071,0.2033,1.2321,-0.9435,1.3947,0.0039,0.0155,-0.6669,0.4420,0.1551,-0.3141,0.1086,-0.0543,0.0116,-0.3024,0.5000,-0.2000,-1.5161,1.0621,-1.1931,-0.4066,0.2000,1.3226,-0.9306,1.4271,118.0647,-2.3904,4.2143,-5.8345,3.6587,-0.0655,6.6747,-2.5243,13.6065,6.3296,0.6944,0.17
0.6039,0.1000,0.0000,0.0000,0.0000,0.0000,0.0000,0.3061,-0.3414,0.8102,-0.2463,0.0174,-0.9690,0.4934,-0.1910,-1.5657,0.9194,-1.2224,-0.4144,0.2082,1.2306,-0.9445,1.3875,0.0620,-0.0310,-0.1822,0.6669,0.1590,-0.2714,0.1318,-0.0892,-0.0582,-0.3063,0.5000,-0.2000,-1.4856,1.0966,-1.2039,-0.3941,0.2000,1.3430,-0.9331,1.4200,117.5769,-2.0086,4.0048,-5.6123,3.3570,0.0585,6.7930,-2.6233,13.5685,6.1743,0.7222,0.17
0.6279,0.1000,0.0000,0.0000,0.0000,0.0000,0.0000,0.1297,-0.4634,0.0809,-0.2587,0.0124,-0.9659,0.4934,-0.1920,-1.5679,0.9380,-1.2206,-0.4186,0.2125,1.2287,-0.9470,1.3805,-0.0233,-0.1202,-0.0078,0.8724,0.0427,-0.0427,0.1745,-0.0310,-0.0620,-0.4032,0.5000,-0.2000,-1.4550,1.1217,-1.2136,-0.3774,0.2000,1.3633,-0.9348,1.4128,117.2858,-1.6949,3.8088,-5.3627,3.1018,0.2256,6.9388,-2.7331,13.5161,6.0014,0.7500,0.17
0.6519,0.1000,0.0000,0.0000,0.0000,0.0000,0.0000,0.0150,-0.3559,-0.6872,-0.2694,0.0039,-0.9630,0.4928,-0.1936,-1.5646,0.9618,-1.2194,-0.4166,0.2164,1.2306,-0.9494,1.3723,0.0349,-0.0465,0.1900,1.0120,0.0349,0.2404,0.1396,0.0775,-0.0698,-0.3839,0.5000,-0.2000,-1.4244,1.1364,-1.2221,-0.3589,0.2000,1.3837,-0.9358,1.4057,117.2063,-1.3968,3.6277,-5.1199,2.8783,0.4106,7.1271,-2.8536,13.4641,5.8324,0.7778,0.17
0.6759,0.1000,0.0000,0.0000,0.0000,0.0000,0.0000,-0.0916,-0.2694,-1.2966,-0.2773,-0.0065,-0.9608,0.4916,-0.1956,-1.5553,0.9851,-1.2195,-0.4071,0.2189,1.2369,-0.9510,1.3630,-0.0698,-0.1318,0.4459,0.9887,0.0310,0.5932,-0.0116,0.2753,-0.0775,-0.4575,0.5000,-0.2000,-1.3939,1.1398,-1.2293,-0.3417,0.2000,1.4041,-0.9360,1.3986,117.2479,-1.1758,3.4896,-4.9103,2.7216,0.5831,7.2846,-2.9468,13.4123,5.7000,0.8056,0.19
0.6999,0.1000,0.0000,0.0000,0.0000,0.0000,0.0000,-0.2294,-0.2529,-1.7141,-0.2841,-0.0181,-0.9586,0.4895,-0.1976,-1.5397,1.0059,-1.2204,-0.3927,0.2203,1.2472,-0.9535,1.3527,-0.0775,-0.0582,0.6630,0.8569,-0.0078,0.7134,-0.0310,0.4692,-0.1357,-0.5739,0.5000,-0.2000,-1.3633,1.1318,-1.2352,-0.3263,0.2000,1.4244,-0.9355,1.3914,117.3523,-1.0118,3.3751,-4.7376,2.6021,0.7366,7.4161,-3.0223,13.3594,5.6111,0.8333,0.18
0.7239,0.1000,0.0000,0.0000,0.0000,0.0000,0.0000,-0.4178,-0.2527,-1.9349,-0.2907,-0.0267,-0.9564,0.4868,-0.1997,-1.5197,1.0221,-1.2233,-0.3754,0.2206,1.2604,-0.9566,1.3415,-0.0775,-0.0620,0.8995,0.5467,-0.1396,0.7522,-0.0116,0.4847,-0.1590,-0.4343,0.5000,-0.1936,-1.3328,1.1129,-1.2398,-0.3129,0.2000,1.4448,-0.9342,1.3842,117.4617,-0.9364,3.3010,-4.6092,2.5290,0.8709,7.4955,-3.0685,13.3004,5.5698,0.8611,0.19
0.7489,0.1000,0.0000,0.0000,0.0000,0.0000,0.0000,-0.6064,-0.2224,-2.1234,-0.2960,-0.0306,-0.9547,0.4839,-0.2014,-1.4965,1.0322,-1.2300,-0.3577,0.2194,1.2767,-0.9591,1.3303,-0.1473,-0.0465,1.1128,0.2520,-0.3684,0.7794,-0.1784,0.6630,-0.1318,-0.5390,0.5000,-0.1911,-1.3022,1.0839,-1.2432,-0.3026,0.2000,1.4652,-0.9322,1.3742,117.5885,-0.9106,3.2423,-4.5244,2.5059,0.9736,7.5704,-3.1164,13.2695,5.5351,0.8889,0.20
0.7729,0.1000,0.0000,0.0000,0.0000,0.0000,0.0000,-0.6718,-0.1293,-2.3347,-0.2998,-0.0352,-0.9533,0.4811,-0.2022,-1.4671,1.0346,-1.2390,-0.3393,0.2168,1.2935,-0.9603,1.3186,-0.0775,-0.0465,1.1981,0.0271,-0.4071,0.6669,-0.1357,0.7832,-0.0000,-0.4808,0.5000,-0.1931,-1.2717,1.0461,-1.2456,-0.3000,0.2000,1.4856,-0.9295,1.3641,117.7818,-0.9313,3.2190,-4.4917,2.5206,1.0564,7.6309,-3.1519,13.2614,5.5259,0.9167,0.18
0.7969,0.1000,0.0000,0.0000,0.0000,0.0000,0.0000,-0.7865,-0.0312,-2.4529,-0.3013,-0.0377,-0.9528,0.4787,-0.2031,-1.4349,1.0311,-1.2481,-0.3259,0.2136,1.3160,-0.9604,1.3074,-0.1435,-0.0969,1.4230,-0.2598,-0.3916,0.5894,-0.1551,0.9926,-0.0039,-0.5273,0.5000,-0.2000,-1.2411,1.0014,-1.2472,-0.3000,0.2000,1.5059,-0.9262,1.3541,117.9949,-1.0230,3.2256,-4.5147,2.6007,1.0926,7.6618,-3.1757,13.2799,5.5411,0.9444,0.17
0.8219,0.1000,0.0000,0.0000,0.0000,0.0000,0.0000,-0.8805,0.0575,-2.5683,-0.2997,-0.0376,-0.9533,0.4771,-0.2049,-1.4013,1.0220,-1.2570,-0.3148,0.2118,1.3420,-0.9596,1.2970,-0.0310,-0.0892,1.6130,-0.6592,-0.4149,0.4498,-0.0504,1.0197,0.0853,-0.5234,0.5000,-0.2000,-1.2106,0.9519,-1.2483,-0.3000,0.2000,1.5263,-0.9223,1.3440,118.2821,-1.1894,3.2685,-4.5778,2.7297,1.1048,7.6583,-3.1832,13.3200,5.5946,0.9722,0.18
0.8459,0.1000,0.0000,0.0000,0.0000,0.0000,0.0000,-1.0092,0.1099,-2.6920,-0.2972,-0.0363,-0.9541,0.4765,-0.2068,-1.3603,1.0030,-1.2677,-0.3056,0.2088,1.3687,-0.9573,1.2874,0.0155,-0.0116,1.5703,-0.8957,-0.3179,0.2869,-0.1551,1.0779,0.1939,-0.4071,0.5000,-0.2000,-1.1800,0.9000,-1.2770,-0.3000,0.2000,1.5467,-0.9180,1.3340,118.7452,-1.4567,3.3553,-4.6746,2.9407,1.0738,7.6296,-3.1844,13.3907,5.6653,0.0000,0.17
0.8698,0.1000,0.0000,0.0000,0.0000,0.0000,0.0000,-1.0885,0.1913,-2.7672,-0.2926,-0.0311,-0.9557,0.4763,-0.2080,-1.3205,0.9802,-1.2795,-0.2998,0.2065,1.3993,-0.9532,1.2801,-0.0078,-0.0271,1.7177,-1.1826,-0.5002,0.2443,-0.1008,1.1748,0.2094,-0.2482,0.5000,-0.2000,-1.2004,0.9052,-1.2699,-0.3000,0.2000,1.5670,-0.9133,1.3239,119.3250,-1.7852,3.4917,-4.8079,3.2171,1.0073,7.5651,-3.1626,13.4901,5.7673,0.0278,0.18
0.8938,0.1000,0.0000,0.0000,0.0000,0.0000,0.0000,-1.1229,0.2566,-2.7793,-0.2869,-0.0232,-0.9577,0.4771,-0.2087,-1.2866,0.9575,-1.2898,-0.2968,0.2043,1.4254,-0.9466,1.2747,0.1473,-0.0000,1.2757,-0.7949,-0.3063,0.1512,-0.1318,1.1632,0.3877,-0.3063,0.5000,-0.2000,-1.2207,0.9103,-1.2627,-0.3088,0.2000,1.5874,-0.9083,1.3139,120.1102,-2.1947,3.6547,-4.9297,3.5691,0.9118,7.4786,-3.1327,13.6211,5.8615,0.0556,0.17
0.9188,0.1000,0.0000,0.0000,0.0000,0.0000,0.0000,-0.7973,0.4323,-2.6603,-0.2765,-0.0183,-0.9608,0.4807,-0.2095,-1.2587,0.9398,-1.2929,-0.2966,0.2012,1.4569,-0.9361,1.2683,0.2326,0.0349,0.9538,-0.6436,0.0388,-0.0155,-0.2249,1.3067,0.4692,-0.3102,0.5000,-0.2000,-1.2411,0.9152,-1.2556,-0.3214,0.2000,1.6078,-0.9031,1.3038,120.9843,-2.5636,3.8543,-5.1218,3.9013,0.7860,7.4144,-3.0934,13.8010,5.9909,0.0833,0.17
0.9429,0.1000,0.0000,0.0000,0.0000,0.0000,0.0000,-0.5143,0.6622,-2.1794,-0.2589,-0.0200,-0.9657,0.4881,-0.2097,-1.2415,0.9269,-1.2888,-0.2990,0.1977,1.4902,-0.9258,1.2616,0.2559,0.0388,0.3645,-0.3296,0.3102,-0.0775,-0.1590,1.3106,0.4692,-0.3063,0.5000,-0.2000,-1.2615,0.9198,-1.2485,-0.3382,0.2000,1.6078,-0.9209,1.3562,121.7436,-2.9783,4.0752,-5.3410,4.2622,0.6184,7.2823,-3.0036,13.9489,6.1414,0.1111,0.17
0.9668,0.1000,0.0000,0.0000,0.0000,0.0000,0.0000,-0.4543,0.7428,-1.6599,-0.2394,-0.0161,-0.9708,0.4914,-0.2097,-1.2345,0.9177,-1.2830,-0.3031,0.1945,1.5182,-0.9183,1.2630,0.1086,-0.0155,0.1396,-0.3567,0.3179,-0.2094,-0.1551,1.1012,0.2365,0.3102,0.5000,-0.2000,-1.2819,0.9239,-1.2414,-0.3552,0.2000,1.5772,-0.9722,1.3689,122.3519,-3.4020,4.2818,-5.5415,4.6076,0.4475,7.1140,-2.8985,14.0547,6.2974,0.1389,0.17
0.9969,0.1000,0.0000,0.0000,0.0000,0.0000,0.0000,-0.3424,0.5402,-1.1942,-0.2228,-0.0126,-0.9748,0.4947,-0.2097,-1.2327,0.9099,-1.2756,-0.3098,0.1915,1.5402,-0.9165,1.2748,0.1861,0.0310,0.0349,-0.2249,0.2520,-0.3102,-0.1357,0.7755,-0.0775,0.4537,0.5000,-0.2000,-1.3022,0.9276,-1.2342,-0.3712,0.2000,1.5467,-1.0200,1.3813,122.8970,-3.7612,4.4518,-5.7337,4.9030,0.2878,6.9584,-2.8127,14.1797,6.4499,0.1667,0.24
1.0208,0.1000,0.0000,0.0000,0.0000,0.0000,0.0000,-0.2108,-0.0272,-0.5258,-0.2192,-0.0087,-0.9756,0.4983,-0.2097,-1.2339,0.9074,-1.2706,-0.3207,0.1892,1.5563,-0.9239,1.2882,0.1706,0.0155,-0.1318,0.0814,0.1977,-0.4420,-0.0737,0.3606,-0.5002,0.5932,0.5000,-0.2000,-1.3226,0.9306,-1.2271,-0.3858,0.2000,1.5161,-1.0621,1.3931,123.2560,-4.0319,4.5956,-5.9307,5.1032,0.1423,6.7963,-2.7162,14.2803,6.6070,0.1944,0.22
1.0448,0.1000,0.0000,0.0000,0.0000,0.0000,0.0000,-0.0764,-0.4524,0.0027,-0.2265,-0.0050,-0.9740,0.5000,-0.2097,-1.2365,0.9096,-1.2688,-0.3325,0.1882,1.5597,-0.9396,1.3020,0.1163,0.0116,-0.0853,0.1435,0.1202,-0.4459,-0.0310,0.0000,-0.7483,0.4653,0.5000,-0.2000,-1.3430,0.9331,-1.2200,-0.3965,0.2000,1.4856,-1.0966,1.4039,123.5029,-4.2643,4.7266,-6.1075,5.2608,0.0353,6.6540,-2.6391,14.3663,6.7510,0.2222,0.19
1.0699,0.1000,0.0000,0.0000,0.0000,0.0000,0.0000,0.0170,-0.7716,0.4853,-0.2422,-0.0004,-0.9702,0.5005,-0.2098,-1.2405,0.9137,-1.2688,-0.3433,0.1875,1.5560,-0.9604,1.3146,-0.0039,0.0543,-0.2288,0.1861,0.0155,-0.5467,-0.0310,-0.2055,-0.9422,0.5545,0.5000,-0.2000,-1.3633,0.9348,-1.2128,-0.4024,0.2000,1.4550,-1.1217,1.4136,123.6282,-4.4346,4.8352,-6.2523,5.3524,-0.0244,6.5406,-2.5701,14.4117,6.8646,0.2500,0.18
1.0949,0.1000,0.0000,0.0000,0.0000,0.0000,0.0000,0.1448,-0.9162,0.9204,-0.2640,0.0042,-0.9645,0.4991,-0.2100,-1.2471,0.9205,-1.2698,-0.3537,0.1864,1.5472,-0.9842,1.3276,-0.1590,0.0427,-0.3179,0.3839,-0.1357,-0.3024,0.0465,-0.5041,-0.9965,0.4653,0.5000,-0.2000,-1.3837,0.9358,-1.2057,-0.4053,0.2000,1.4244,-1.1364,1.4221,123.6737,-4.5700,4.9354,-6.3815,5.4101,-0.0530,6.4533,-2.5056,14.4237,6.9575,0.2778,0.17
1.1189,0.1000,0.0000,0.0000,0.0000,0.0000,0.0000,0.2305,-0.9451,1.0587,-0.2871,0.0083,-0.9579,0.4944,-0.2104,-1.2552,0.9290,-1.2721,-0.3597,0.1857,1.5340,-1.0069,1.3399,-0.1667,-0.0271,-0.3877,0.3645,-0.1473,-0.2249,-0.0155,-0.5894,-0.8569,0.4808,0.5000,-0.2000,-1.4041,0.9360,-1.1986,-0.4030,0.2000,1.3939,-1.1398,1.4293,123.7289,-4.6374,5.0056,-6.4669,5.4167,-0.0298,6.3979,-2.4698,14.4438,7.0195,0.3056,0.17
1.1428,0.1000,0.0000,0.0000,0.0000,0.0000,0.0000,0.3263,-0.9930,1.1658,-0.3098,0.0117,-0.9507,0.4908,-0.2114,-1.2644,0.9381,-1.2753,-0.3631,0.1850,1.5182,-1.0255,1.3508,-0.0698,-0.1163,-0.3877,0.4614,-0.1086,-0.0892,-0.0155,-0.7638,-0.7367,0.4537,0.5000,-0.2000,-1.4244,0.9355,-1.1914,-0.3985,0.2000,1.3633,-1.1318,1.4352,123.7790,-4.6473,5.0558,-6.5337,5.3816,0.0151,6.3596,-2.4374,14.4494,7.0648,0.3333,0.17
1.1678,0.1000,0.0000,0.0000,0.0000,0.0000,0.0000,0.4145,-0.9620,1.3125,-0.3317,0.0142,-0.9433,0.4882,-0.2126,-1.2757,0.9449,-1.2784,-0.3640,0.1839,1.4955,-1.0393,1.3599,-0.0737,0.0465,-0.5971,0.3761,-0.1435,0.0931,-0.1357,-0.9616,-0.5002,0.3994,0.5000,-0.2000,-1.4448,0.9342,-1.1842,-0.3940,0.2000,1.3328,-1.1129,1.4398,123.7826,-4.6012,5.0890,-6.5912,5.2998,0.0596,6.3524,-2.4113,14.4339,7.0994,0.3611,0.17
1.1928,0.1000,0.0000,0.0000,0.0000,0.0000,0.0000,0.5369,-0.9051,1.5122,-0.3531,0.0167,-0.9354,0.4856,-0.2138,-1.2908,0.9515,-1.2812,-0.3630,0.1817,1.4718,-1.0482,1.3681,-0.1512,-0.0271,-0.6708,0.2249,-0.0427,0.1318,-0.1241,-1.0585,-0.1977,0.3179,0.5000,-0.2000,-1.4652,0.9322,-1.1742,-0.3897,0.2000,1.3022,-1.0839,1.4432,123.6778,-4.5220,5.1103,-6.6485,5.1802,0.1029,6.3453,-2.3839,14.4054,7.1328,0.3889,0.17
1.2178,0.1000,0.0000,0.0000,0.0000,0.0000,0.0000,0.6572,-0.7973,1.6732,-0.3719,0.0188,-0.9281,0.4830,-0.2146,-1.3084,0.9558,-1.2820,-0.3605,0.1802,1.4414,-1.0504,1.3754,-0.0465,-0.0039,-0.7987,0.1435,-0.0465,0.1667,-0.0233,-1.1438,0.0465,0.2947,0.5000,-0.2000,-1.4856,0.9295,-1.1641,-0.3859,0.2000,1.2717,-1.0461,1.4456,123.4823,-4.4020,5.1085,-6.6766,5.0448,0.1409,6.3507,-2.3672,14.3605,7.1429,0.4167,0.19
1.2419,0.1000,0.0000,0.0000,0.0000,0.0000,0.0000,0.7527,-0.7207,1.8635,-0.3867,0.0214,-0.9219,0.4811,-0.2150,-1.3282,0.9565,-1.2814,-0.3571,0.1777,1.4129,-1.0465,1.3820,-0.0155,0.0388,-0.8685,-0.0310,0.1163,0.1822,-0.1008,-1.2718,0.2947,0.2675,0.5000,-0.2000,-1.5059,0.9262,-1.1541,-0.3836,0.2000,1.2411,-1.0014,1.4472,123.1867,-4.2595,5.0908,-6.6956,4.8936,0.1637,6.3602,-2.3528,14.3073,7.1458,0.4444,0.18
1.2658,0.1000,0.0000,0.0000,0.0000,0.0000,0.0000,0.8440,-0.6786,2.0786,-0.4005,0.0251,-0.9160,0.4800,-0.2150,-1.3511,0.9554,-1.2797,-0.3542,0.1764,1.3785,-1.0363,1.3872,0.0543,-0.0155,-1.0042,-0.0582,0.1318,0.1202,-0.1202,-1.4501,0.6204,0.1435,0.5000,-0.2000,-1.5263,0.9223,-1.1440,-0.3827,0.2000,1.2106,-0.9519,1.4483,122.7808,-4.0933,5.0560,-6.6935,4.7344,0.1726,6.3728,-2.3429,14.2400,7.1290,0.4722,0.18
1.2888,0.1000,0.0000,0.0000,0.0000,0.0000,0.0000,0.9365,-0.5955,2.2887,-0.4115,0.0291,-0.9110,0.4789,-0.2148,-1.3754,0.9522,-1.2752,-0.3520,0.1752,1.3445,-1.0194,1.3906,-0.0698,-0.0194,-1.1671,-0.1628,0.3141,0.1435,-0.1357,-1.6130,0.9732,0.1396,0.5000,-0.2000,-1.5467,0.9180,-1.1340,-0.3840,0.2000,1.1800,-0.9000,1.4770,122.2721,-3.9082,5.0055,-6.6740,4.5665,0.1600,6.4006,-2.3395,14.1600,7.0955,0.5000,0.17
1.3138,0.1000,0.0000,0.0000,0.0000,0.0000,0.0000,1.0084,-0.6464,2.4657,-0.4179,0.0338,-0.9078,0.4787,-0.2142,-1.4010,0.9467,-1.2680,-0.3509,0.1748,1.3072,-0.9953,1.3955,0.0194,0.0543,-1.2446,-0.2443,0.4304,0.0465,-0.0582,-1.6440,1.1710,0.2482,0.5000,-0.2000,-1.5670,0.9133,-1.1239,-0.3873,0.2000,1.2004,-0.9052,1.4699,121.6606,-3.6738,4.9243,-6.6255,4.3780,0.1274,6.4360,-2.3505,14.0758,7.0423,0.5278,0.17
1.3378,0.1000,0.0000,0.0000,0.0000,0.0000,0.0000,0.9579,-0.7231,2.6841,-0.4309,0.0395,-0.9015,0.4788,-0.2128,-1.4321,0.9380,-1.2559,-0.3517,0.1756,1.2733,-0.9737,1.3999,0.0388,0.0698,-1.2524,-0.3606,0.5041,-0.1047,0.0775,-1.2059,0.6514,0.0271,0.5000,-0.2000,-1.5874,0.9083,-1.1139,-0.3907,0.2000,1.2207,-0.9103,1.4627,120.8738,-3.3948,4.7911,-6.5206,4.1824,0.0928,6.4753,-2.3858,14.0004,6.9522,0.5556,0.17
1.3618,0.1000,0.0000,0.0000,0.0000,0.0000,0.0000,0.8649,-0.5067,2.8120,-0.4378,0.0490,-0.8977,0.4796,-0.2115,-1.4630,0.9272,-1.2429,-0.3544,0.1778,1.2496,-0.9606,1.4001,0.0388,0.1318,-1.3648,-0.5002,0.6553,-0.1124,0.1124,-0.7755,0.4614,-0.0465,0.5000,-0.2000,-1.6078,0.9031,-1.1038,-0.3909,0.2000,1.2411,-0.9152,1.4556,119.9990,-3.1567,4.6668,-6.3948,3.9880,0.0909,6.5086,-2.4110,13.8909,6.8527,0.5833,0.17
1.3858,0.1000,0.0000,0.0000,0.0000,0.0000,0.0000,0.6829,-0.3357,2.7963,-0.4442,0.0604,-0.8939,0.4806,-0.2086,-1.4972,0.9143,-1.2262,-0.3588,0.1821,1.2370,-0.9521,1.3989,0.1784,0.2016,-1.5354,-0.6165,0.6669,-0.1551,0.1745,-0.4226,0.3761,-0.0310,0.5000,-0.2000,-1.6078,0.9209,-1.1562,-0.3863,0.2000,1.2615,-0.9198,1.4485,119.1077,-2.8838,4.5065,-6.2081,3.7556,0.1369,6.5519,-2.4565,13.7905,6.7254,0.6111,0.18
1.4098,0.1000,0.0000,0.0000,0.0000,0.0000,0.0000,0.3922,0.1167,2.6244,-0.4425,0.0773,-0.8934,0.4831,-0.2059,-1.5331,0.8988,-1.2137,-0.3627,0.1865,1.2353,-0.9445,1.3984,0.1628,0.0814,-1.5044,-0.7018,0.2908,-0.1318,0.1318,0.0078,0.2908,-0.0271,0.5000,-0.2000,-1.5772,0.9722,-1.1689,-0.3773,0.2000,1.2819,-0.9239,1.4414,118.2436,-2.6547,4.3473,-5.9760,3.5596,0.2267,6.5808,-2.4993,13.6743,6.5761,0.6389,0.18
1.4338,0.1000,0.0000,0.0000,0.0000,0.0000,0.0000,0.0852,0.3547,2.2031,-0.4355,0.0958,-0.8951,0.4862,-0.2021,-1.5675,0.8861,-1.2045,-0.3663,0.1915,1.2415,-0.9377,1.3989,0.1047,0.2598,-1.4114,-0.2365,0.4226,-0.0814,0.1784,0.3761,0.2210,0.0194,0.5000,-0.2000,-1.5467,1.0200,-1.1813,-0.3666,0.2000,1.3022,-0.9276,1.4342,117.5086,-2.3468,4.1300,-5.6895,3.3363,0.3340,6.6614,-2.5800,13.5930,6.3688,0.6667,0.17
1.4578,0.1000,0.0000,0.0000,0.0000,0.0000,0.0000,0.0952,0.0077,1.4038,-0.4346,0.1094,-0.8939,0.4864,-0.1977,-1.5949,0.8839,-1.1972,-0.3686,0.1968,1.2510,-0.9347,1.3983,-0.0078,0.2249,-0.9112,0.0388,0.3761,0.0271,0.1241,0.3994,-0.0194,-0.0853,0.5000,-0.2000,-1.5161,1.0621,-1.1931,-0.3503,0.2000,1.3226,-0.9306,1.4271,116.9446,-1.8827,3.8780,-5.4189,2.9936,0.4974,6.8084,-2.6949,13.5707,6.1694,0.6944,0.18
1.4828,0.1000,0.0000,0.0000,0.0000,0.0000,0.0000,-0.0257,-0.3591,0.4202,-0.4426,0.1141,-0.8894,0.4864,-0.1933,-1.6107,0.8918,-1.1919,-0.3678,0.2002,1.2600,-0.9353,1.3945,0.0814,0.2171,-0.4769,0.6049,0.1086,0.1163,0.1047,0.2133,-0.0582,-0.2559,0.5000,-0.2000,-1.4856,1.0966,-1.2039,-0.3257,0.2000,1.3430,-0.9331,1.4200,116.6441,-1.4611,3.6296,-5.1123,2.6472,0.7428,6.9628,-2.8095,13.5189,5.9721,0.7222,0.17
1.5078,0.1000,0.0000,0.0000,0.0000,0.0000,0.0000,-0.1877,-0.6882,-0.3861,-0.4590,0.1152,-0.8809,0.4862,-0.1905,-1.6139,0.9077,-1.1927,-0.3619,0.2028,1.2663,-0.9381,1.3882,-0.0000,0.1357,-0.0853,0.8491,-0.0543,0.4032,0.0582,0.3567,-0.1318,-0.3257,0.5000,-0.2000,-1.4550,1.1217,-1.2136,-0.3015,0.2000,1.3633,-0.9348,1.4128,116.5805,-1.0837,3.4202,-4.8000,2.3355,0.9850,7.1389,-2.9196,13.4498,5.7979,0.7500,0.17
1.5318,0.1000,0.0000,0.0000,0.0000,0.0000,0.0000,-0.2668,-0.6510,-1.1350,-0.4792,0.1084,-0.8710,0.4862,-0.1896,-1.6088,0.9306,-1.1965,-0.3499,0.2038,1.2748,-0.9414,1.3796,0.0388,-0.0000,0.2404,0.8879,-0.1473,0.6165,0.0000,0.3490,-0.0427,-0.4226,0.5000,-0.1770,-1.4244,1.1364,-1.2221,-0.3000,0.2000,1.3837,-0.9358,1.4057,116.7964,-0.7701,3.2653,-4.5192,2.0925,1.2275,7.3187,-3.0220,13.3742,5.6688,0.7778,0.17
1.5548,0.1000,0.0000,0.0000,0.0000,0.0000,0.0000,-0.3086,-0.4626,-1.7288,-0.4960,0.0934,-0.8633,0.4860,-0.1884,-1.5977,0.9506,-1.2006,-0.3387,0.2035,1.2864,-0.9429,1.3716,0.0155,0.1667,0.6165,0.9112,-0.1745,0.5700,-0.0737,0.5079,-0.0233,-0.4924,0.5000,-0.1496,-1.3939,1.1398,-1.2293,-0.3000,0.2000,1.4041,-0.9360,1.3986,117.1925,-0.4963,3.1344,-4.2906,1.9009,1.4367,7.5148,-3.1235,13.3117,5.5682,0.8056,0.17
1.5788,0.1000,0.0000,0.0000,0.0000,0.0000,0.0000,-0.3140,-0.3862,-2.1327,-0.5118,0.0724,-0.8560,0.4855,-0.1841,-1.5795,0.9709,-1.2054,-0.3267,0.2027,1.3007,-0.9433,1.3632,0.0194,0.2753,0.7638,0.8298,-0.1977,0.4885,-0.1318,0.6747,-0.0194,-0.4769,0.5000,-0.1261,-1.3633,1.1318,-1.2352,-0.3000,0.2000,1.4244,-0.9355,1.3914,117.6643,-0.2611,3.0323,-4.1112,1.7313,1.6046,7.6966,-3.2128,13.2600,5.5024,0.8333,0.16
1.6028,0.1000,0.0000,0.0000,0.0000,0.0000,0.0000,-0.4310,-0.3068,-2.4585,-0.5262,0.0484,-0.8490,0.4847,-0.1768,-1.5589,0.9871,-1.2113,-0.3167,0.2009,1.3164,-0.9427,1.3559,-0.0349,0.4149,0.9732,0.6320,-0.2559,0.4188,-0.1202,0.8647,0.0620,-0.2947,0.5000,-0.1089,-1.3328,1.1129,-1.2398,-0.3000,0.2000,1.4448,-0.9342,1.3842,118.1732,-0.0892,2.9496,-3.9526,1.5994,1.7390,7.8598,-3.3004,13.2101,5.4565,0.8611,0.17
1.6278,0.1000,0.0000,0.0000,0.0000,0.0000,0.0000,-0.6141,-0.0976,-2.6938,-0.5352,0.0248,-0.8443,0.4837,-0.1670,-1.5310,0.9979,-1.2178,-0.3082,0.1977,1.3411,-0.9409,1.3491,-0.0775,0.4188,0.9810,0.3490,-0.3024,0.3684,-0.1435,0.9034,0.0814,-0.2094,0.5000,-0.1020,-1.3022,1.0839,-1.2432,-0.3000,0.2000,1.4652,-0.9322,1.3742,118.7125,-0.0203,2.9052,-3.8430,1.5511,1.8373,7.9832,-3.3714,13.1803,5.4295,0.8889,0.17
1.6530,0.1000,0.0000,0.0000,0.0000,0.0000,0.0000,-0.7129,0.0658,-2.8181,-0.5394,0.0020,-0.8421,0.4811,-0.1573,-1.5009,1.0036,-1.2250,-0.3009,0.1945,1.3658,-0.9376,1.3436,-0.1163,0.4110,1.1748,0.0465,-0.3296,0.2637,-0.1977,0.9926,0.2249,-0.2326,0.5000,-0.1008,-1.2717,1.0461,-1.2456,-0.3000,0.2000,1.4856,-0.9295,1.3641,119.2161,-0.0081,2.8914,-3.8130,1.5573,1.8891,8.0860,-3.4289,13.2017,5.4309,0.9167,0.17
1.6778,0.1000,0.0000,0.0000,0.0000,0.0000,0.0000,-0.7329,0.1035,-2.8731,-0.5395,-0.0217,-0.8417,0.4784,-0.1514,-1.4647,1.0031,-1.2325,-0.2964,0.1908,1.3908,-0.9327,1.3376,-0.0698,0.2016,1.3571,-0.0620,-0.2171,0.1473,-0.1822,1.1051,0.2365,-0.2830,0.5000,-0.1071,-1.2411,1.0014,-1.2472,-0.3000,0.2000,1.5059,-0.9262,1.3541,119.6655,-0.0712,2.9137,-3.8815,1.6428,1.8806,8.1399,-3.4624,13.2794,5.4608,0.9444,0.19
1.7028,0.1000,0.0000,0.0000,0.0000,0.0000,0.0000,-0.7884,0.1296,-2.8466,-0.5383,-0.0440,-0.8416,0.4755,-0.1489,-1.4270,0.9968,-1.2396,-0.2924,0.1874,1.4171,-0.9268,1.3302,-0.1822,0.0543,1.6014,-0.3645,-0.2520,0.1202,-0.1900,1.0391,0.2249,-0.3606,0.5000,-0.1220,-1.2106,0.9519,-1.2483,-0.3000,0.2000,1.5263,-0.9223,1.3440,120.0186,-0.2196,2.9680,-4.0157,1.7993,1.8275,8.1427,-3.4675,13.3811,5.5197,0.9722,0.19
1.7268,0.1000,0.0000,0.0000,0.0000,0.0000,0.0000,-0.8447,0.3416,-2.7653,-0.5318,-0.0635,-0.8445,0.4734,-0.1495,-1.3866,0.9827,-1.2470,-0.2905,0.1858,1.4451,-0.9193,1.3232,-0.0388,-0.0271,1.5316,-0.7561,-0.1280,0.0620,-0.0931,1.2408,0.4188,-0.2753,0.5000,-0.1467,-1.1800,0.9000,-1.2770,-0.3000,0.2000,1.5467,-0.9180,1.3340,120.3185,-0.4675,3.0681,-4.2097,2.0172,1.7408,8.1046,-3.4480,13.5057,5.6031,0.0000,0.18
1.7508,0.1000,0.0000,0.0000,0.0000,0.0000,0.0000,-0.8430,0.5550,-2.6922,-0.5193,-0.0801,-0.8508,0.4720,-0.1532,-1.3479,0.9615,-1.2556,-0.2897,0.1858,1.4740,-0.9088,1.3167,-0.0582,-0.2288,1.6595,-1.0546,-0.3606,0.0388,-0.0465,1.2059,0.5196,-0.3102,0.5000,-0.1773,-1.2004,0.9052,-1.2699,-0.3000,0.2000,1.5670,-0.9133,1.3239,120.5647,-0.7727,3.1990,-4.4804,2.3030,1.6237,8.0239,-3.3983,13.6553,5.7107,0.0278,0.17
1.7748,0.1000,0.0000,0.0000,0.0000,0.0000,0.0000,-0.8638,0.6197,-2.5673,-0.5034,-0.0931,-0.8590,0.4715,-0.1608,-1.3148,0.9420,-1.2646,-0.2900,0.1865,1.5046,-0.8981,1.3095,0.0388,-0.4071,1.0585,-0.5816,-0.2908,-0.0388,-0.0271,1.2989,0.5273,-0.4420,0.5000,-0.2000,-1.2207,0.9103,-1.2627,-0.3000,0.2000,1.5874,-0.9083,1.3139,120.8267,-1.1346,3.3273,-4.7605,2.6277,1.4757,7.9109,-3.3368,13.8027,5.8066,0.0556,0.17
1.7988,0.1000,0.0000,0.0000,0.0000,0.0000,0.0000,-0.8286,0.7683,-2.3821,-0.4846,-0.1028,-0.8687,0.4717,-0.1711,-1.2916,0.9307,-1.2718,-0.2906,0.1882,1.5354,-0.8858,1.3023,0.0853,-0.4226,0.7987,-0.3063,-0.2637,-0.0271,0.0853,1.3183,0.5234,-0.3451,0.5000,-0.2000,-1.2411,0.9152,-1.2556,-0.3000,0.2000,1.6078,-0.9031,1.3038,121.1046,-1.5551,3.4864,-4.9921,2.9796,1.3210,7.7622,-3.2619,13.9164,5.9191,0.0833,0.17
1.8228,0.1000,0.0000,0.0000,0.0000,0.0000,0.0000,-0.7476,0.9069,-2.1858,-0.4609,-0.1112,-0.8805,0.4724,-0.1809,-1.2776,0.9249,-1.2772,-0.2916,0.1906,1.5657,-0.8737,1.2943,0.0543,-0.3296,0.2986,-0.1628,-0.1628,-0.0931,0.1202,1.1632,0.4963,-0.3257,0.5000,-0.2000,-1.2615,0.9198,-1.2485,-0.3000,0.2000,1.6078,-0.9209,1.3562,121.4704,-1.9773,3.6536,-5.1628,3.3277,1.1779,7.6135,-3.1816,14.0069,6.0238,0.1111,0.17
1.8468,0.1000,0.0000,0.0000,0.0000,0.0000,0.0000,-0.6990,0.8608,-1.9626,-0.4381,-0.1162,-0.8914,0.4743,-0.1861,-1.2704,0.9222,-1.2801,-0.2924,0.1932,1.5916,-0.8648,1.2939,0.0892,-0.1318,0.2443,-0.0698,-0.0543,-0.0078,0.1396,0.9732,0.3179,0.1900,0.5000,-0.2000,-1.2819,0.9239,-1.2414,-0.3000,0.2000,1.5772,-0.9722,1.3689,121.9010,-2.3327,3.8105,-5.3010,3.6284,1.0437,7.4802,-3.1042,14.0766,6.1306,0.1389,0.17
1.8728,0.1000,0.0000,0.0000,0.0000,0.0000,0.0000,-0.7133,0.8208,-1.6500,-0.4154,-0.1178,-0.9020,0.4766,-0.1892,-1.2660,0.9238,-1.2819,-0.2933,0.1959,1.6110,-0.8625,1.3013,0.1202,-0.1241,0.1280,0.1318,-0.0155,-0.0388,0.1163,0.5428,0.0504,0.3722,0.5000,-0.2000,-1.3022,0.9276,-1.2342,-0.3076,0.2000,1.5467,-1.0200,1.3813,122.3434,-2.7074,3.9764,-5.4370,3.9434,0.9239,7.3121,-3.0091,14.1438,6.2401,0.1667,0.17
1.8958,0.1000,0.0000,0.0000,0.0000,0.0000,0.0000,-0.6682,0.6486,-1.2264,-0.3960,-0.1137,-0.9112,0.4794,-0.1908,-1.2635,0.9288,-1.2821,-0.2946,0.1998,1.6217,-0.8671,1.3119,0.0737,-0.0504,0.0233,0.2830,0.0504,-0.0698,0.1396,0.2986,-0.2986,0.5079,0.5000,-0.2000,-1.3226,0.9306,-1.2271,-0.3203,0.2000,1.5161,-1.0621,1.3931,122.7244,-3.0298,4.1307,-5.5827,4.2124,0.7972,7.1598,-2.9187,14.2129,6.3499,0.1944,0.17
1.9188,0.1000,0.0000,0.0000,0.0000,0.0000,0.0000,-0.5190,0.4529,-0.7210,-0.3847,-0.1101,-0.9165,0.4824,-0.1920,-1.2629,0.9364,-1.2815,-0.2971,0.2039,1.6267,-0.8779,1.3233,0.1628,-0.0116,-0.0659,0.3800,0.0737,-0.1667,0.1435,0.0737,-0.6126,0.4924,0.5000,-0.2000,-1.3430,0.9331,-1.2200,-0.3316,0.2000,1.4856,-1.0966,1.4039,122.9963,-3.2963,4.2821,-5.7465,4.4252,0.6837,7.0093,-2.8255,14.2786,6.4729,0.2222,0.17
1.9428,0.1000,0.0000,0.0000,0.0000,0.0000,0.0000,-0.4325,0.3013,-0.1534,-0.3781,-0.1038,-0.9199,0.4860,-0.1931,-1.2638,0.9448,-1.2806,-0.3020,0.2072,1.6260,-0.8949,1.3358,0.2094,-0.0116,0.0155,0.3567,0.1008,-0.2675,0.0737,-0.0931,-0.8298,0.5079,0.5000,-0.2000,-1.3633,0.9348,-1.2128,-0.3418,0.2000,1.4550,-1.1217,1.4136,123.1358,-3.5617,4.4330,-5.9125,4.6123,0.5823,6.8491,-2.7264,14.3160,6.6017,0.2500,0.17
1.9668,0.1000,0.0000,0.0000,0.0000,0.0000,0.0000,-0.3208,0.1946,0.5112,-0.3748,-0.0926,-0.9225,0.4891,-0.1945,-1.2661,0.9524,-1.2792,-0.3079,0.2092,1.6205,-0.9162,1.3475,0.1086,-0.0620,-0.1667,0.3800,0.0465,-0.2869,0.0116,-0.4459,-0.8414,0.5079,0.5000,-0.2000,-1.3837,0.9358,-1.2057,-0.3509,0.2000,1.4244,-1.1364,1.4221,123.1577,-3.8358,4.5901,-6.0856,4.7727,0.4913,6.6913,-2.6129,14.3143,6.7323,0.2778,0.17
1.9908,0.1000,0.0000,0.0000,0.0000,0.0000,0.0000,-0.1908,0.0564,1.1208,-0.3755,-0.0779,-0.9235,0.4910,-0.1967,-1.2716,0.9604,-1.2779,-0.3146,0.2088,1.6062,-0.9390,1.3596,0.0504,-0.0969,-0.2714,0.2133,-0.0194,-0.2094,-0.0116,-0.6940,-0.8840,0.5390,0.5000,-0.2000,-1.4041,0.9360,-1.1986,-0.3597,0.2000,1.3939,-1.1398,1.4293,123.0938,-4.0571,4.7262,-6.2494,4.8822,0.4033,6.5664,-2.5193,14.3005,6.8546,0.3056,0.18
2.0158,0.1000,0.0000,0.0000,0.0000,0.0000,0.0000,-0.0432,0.0239,1.6372,-0.3795,-0.0608,-0.9232,0.4915,-0.1987,-1.2789,0.9661,-1.2776,-0.3217,0.2071,1.5855,-0.9617,1.3704,-0.0155,-0.0582,-0.3490,0.1939,0.0698,-0.3412,-0.1086,-0.9189,-0.8026,0.4381,0.5000,-0.2000,-1.4244,0.9355,-1.1914,-0.3665,0.2000,1.3633,-1.1318,1.4352,122.9745,-4.2427,4.8409,-6.3925,4.9639,0.3349,6.4632,-2.4423,14.2794,6.9558,0.3333,0.22
2.0408,0.1000,0.0000,0.0000,0.0000,0.0000,0.0000,0.1553,0.2005,2.0679,-0.3805,-0.0433,-0.9238,0.4914,-0.2011,-1.2897,0.9686,-1.2768,-0.3294,0.2047,1.5587,-0.9809,1.3813,-0.0349,-0.0000,-0.6243,0.0039,0.0892,-0.2443,-0.1396,-1.1361,-0.6436,0.4304,0.5000,-0.2000,-1.4448,0.9342,-1.1842,-0.3727,0.2000,1.3328,-1.1129,1.4398,122.8281,-4.3915,4.9501,-6.5225,5.0250,0.2733,6.3854,-2.3704,14.2401,7.0426,0.3611,0.19
2.0658,0.1000,0.0000,0.0000,0.0000,0.0000,0.0000,0.2654,0.4054,2.3854,-0.3761,-0.0256,-0.9262,0.4914,-0.2033,-1.3053,0.9688,-1.2746,-0.3358,0.2006,1.5321,-0.9938,1.3909,-0.0078,-0.0388,-0.7328,0.0078,0.1706,-0.1551,-0.1745,-1.1555,-0.4188,0.3684,0.5000,-0.2000,-1.4652,0.9322,-1.1742,-0.3787,0.2000,1.3022,-1.0839,1.4432,122.6580,-4.5114,5.0327,-6.6153,5.0801,0.2126,6.3159,-2.3143,14.1987,7.0982,0.3889,0.21
2.0898,0.1000,0.0000,0.0000,0.0000,0.0000,0.0000,0.3812,0.6109,2.6876,-0.3668,-0.0069,-0.9303,0.4903,-0.2055,-1.3245,0.9667,-1.2716,-0.3409,0.1961,1.5001,-1.0017,1.3994,-0.0931,-0.0388,-0.9538,-0.1590,0.1357,-0.1163,-0.1784,-1.4812,-0.2288,0.3373,0.5000,-0.2000,-1.4856,0.9295,-1.1641,-0.3844,0.2000,1.2717,-1.0461,1.4456,122.4367,-4.5893,5.0999,-6.6887,5.1115,0.1556,6.2555,-2.2562,14.1407,7.1412,0.4167,0.20
2.1137,0.1000,0.0000,0.0000,0.0000,0.0000,0.0000,0.5458,0.7973,2.8688,-0.3531,0.0084,-0.9356,0.4895,-0.2069,-1.3471,0.9627,-1.2680,-0.3445,0.1914,1.4617,-1.0036,1.4069,-0.0194,-0.0155,-0.9926,-0.1551,0.1551,-0.1784,-0.2055,-1.5044,0.0155,0.2753,0.5000,-0.2000,-1.5059,0.9262,-1.1541,-0.3914,0.2000,1.2411,-1.0014,1.4472,122.1716,-4.5843,5.1345,-6.7354,5.1134,0.0856,6.2278,-2.2260,14.0955,7.1522,0.4444,0.18
2.1368,0.1000,0.0000,0.0000,0.0000,0.0000,0.0000,0.6950,0.9913,2.9875,-0.3334,0.0207,-0.9426,0.4888,-0.2080,-1.3690,0.9572,-1.2632,-0.3482,0.1873,1.4286,-0.9996,1.4125,0.0271,-0.0349,-1.0546,-0.2598,0.2559,-0.1241,-0.2365,-1.8224,0.3722,0.2482,0.5000,-0.2000,-1.5263,0.9223,-1.1440,-0.3983,0.2000,1.2106,-0.9519,1.4483,121.8842,-4.5767,5.1665,-6.7746,5.1021,0.0173,6.1970,-2.1876,14.0325,7.1656,0.4722,0.18
2.1608,0.1000,0.0000,0.0000,0.0000,0.0000,0.0000,0.8396,1.1373,3.0674,-0.3108,0.0285,-0.9500,0.4878,-0.2085,-1.3950,0.9500,-1.2572,-0.3517,0.1843,1.3882,-0.9878,1.4167,0.0039,-0.0271,-1.0973,-0.2326,0.2675,-0.1008,-0.1202,-1.8728,0.6902,0.1628,0.5000,-0.2000,-1.5467,0.9180,-1.1340,-0.4077,0.2000,1.1800,-0.9000,1.4770,121.5350,-4.4959,5.1608,-6.7792,5.0701,-0.0767,6.2012,-2.1760,13.9762,7.1398,0.5000,0.18
2.1848,0.1000,0.0000,0.0000,0.0000,0.0000,0.0000,0.9587,1.3685,3.0652,-0.2816,0.0320,-0.9590,0.4871,-0.2084,-1.4221,0.9405,-1.2490,-0.3561,0.1826,1.3464,-0.9704,1.4224,0.0039,0.0039,-1.1710,-0.4459,0.3218,-0.1163,-0.0659,-1.7952,1.0546,0.2986,0.5000,-0.2000,-1.5670,0.9133,-1.1239,-0.4178,0.2000,1.2004,-0.9052,1.4699,121.1338,-4.3867,5.1430,-6.7688,5.0210,-0.1783,6.2186,-2.1695,13.9048,7.1042,0.5278,0.18
2.2098,0.1000,0.0000,0.0000,0.0000,0.0000,0.0000,1.0689,1.6223,3.0414,-0.2455,0.0272,-0.9690,0.4871,-0.2080,-1.4511,0.9303,-1.2396,-0.3614,0.1822,1.3079,-0.9523,1.4291,-0.0039,0.0853,-1.3183,-0.4226,0.4885,-0.2443,-0.0388,-1.3338,0.5661,0.1551,0.5000,-0.2000,-1.5874,0.9083,-1.1139,-0.4305,0.2000,1.2207,-0.9103,1.4627,120.6817,-4.2417,5.0844,-6.7145,5.0003,-0.3047,6.2533,-2.1850,13.8497,7.0219,0.5556,0.19
2.2328,0.1000,0.0000,0.0000,0.0000,0.0000,0.0000,1.0754,1.7228,2.9363,-0.2043,0.0183,-0.9787,0.4873,-0.2071,-1.4808,0.9185,-1.2284,-0.3697,0.1827,1.2823,-0.9423,1.4315,0.0388,0.1512,-1.2136,-0.4769,0.5622,-0.3877,0.0310,-0.9383,0.4614,0.0349,0.5000,-0.2000,-1.6078,0.9031,-1.1038,-0.4400,0.2000,1.2411,-0.9152,1.4556,120.1609,-4.0663,5.0085,-6.6464,4.9251,-0.3998,6.2776,-2.1955,13.7856,6.9400,0.5833,0.18
2.2568,0.1000,0.0000,0.0000,0.0000,0.0000,0.0000,0.7770,1.7302,2.8425,-0.1654,0.0082,-0.9862,0.4877,-0.2065,-1.5091,0.9063,-1.2176,-0.3837,0.1836,1.2620,-0.9311,1.4364,0.0194,0.0194,-1.1787,-0.3528,0.4304,-0.7328,0.0349,-0.8142,0.4692,0.3839,0.5000,-0.2000,-1.6078,0.9209,-1.1562,-0.4463,0.2000,1.2615,-0.9198,1.4485,119.6061,-3.9227,4.9169,-6.5360,4.8391,-0.4629,6.2719,-2.1965,13.6843,6.8444,0.6111,0.18
2.2818,0.1000,0.0000,0.0000,0.0000,0.0000,0.0000,0.2510,1.8624,2.2377,-0.1178,0.0094,-0.9930,0.4895,-0.2074,-1.5363,0.8977,-1.2116,-0.4036,0.1863,1.2486,-0.9223,1.4449,0.1435,-0.0233,-1.0585,-0.2365,0.0969,-0.6940,0.1202,-0.3684,0.3063,0.2133,0.5000,-0.2000,-1.5772,0.9722,-1.1689,-0.4486,0.2000,1.2819,-0.9239,1.4414,119.2243,-3.7809,4.7860,-6.3338,4.7972,-0.4861,6.2893,-2.2461,13.6332,6.6866,0.6389,0.18
2.3067,0.1000,0.0000,0.0000,0.0000,0.0000,0.0000,0.2562,1.7201,1.5957,-0.0687,0.0058,-0.9976,0.4901,-0.2094,-1.5587,0.8981,-1.2062,-0.4162,0.1898,1.2419,-0.9158,1.4512,0.0310,-0.1086,-0.8181,0.2365,0.2830,-0.3412,0.1473,-0.2482,0.1667,0.1357,0.5000,-0.2000,-1.5467,1.0200,-1.1813,-0.4506,0.2000,1.3022,-0.9276,1.4342,118.9718,-3.5097,4.6448,-6.1654,4.6851,-0.5055,6.3773,-2.3083,13.6302,6.5147,0.6667,0.17
2.3297,0.1000,0.0000,0.0000,0.0000,0.0000,0.0000,0.2053,1.1701,0.9413,-0.0355,-0.0020,-0.9994,0.4897,-0.2123,-1.5733,0.9071,-1.2011,-0.4244,0.1935,1.2364,-0.9119,1.4565,0.0620,-0.1280,-0.4459,0.7755,0.1086,-0.3800,0.1861,-0.2249,0.1551,0.1435,0.5000,-0.2000,-1.5161,1.0621,-1.1931,-0.4460,0.2000,1.3226,-0.9306,1.4271,118.7524,-3.1558,4.4647,-5.9789,4.4696,-0.4600,6.4727,-2.3823,13.6230,6.3547,0.6944,0.17
2.3537,0.1000,0.0000,0.0000,0.0000,0.0000,0.0000,0.1950,0.9108,0.2136,-0.0117,-0.0123,-0.9999,0.4898,-0.2153,-1.5781,0.9245,-1.1993,-0.4310,0.1964,1.2319,-0.9097,1.4609,0.0039,-0.1086,0.0000,0.9422,0.0039,-0.1745,0.1396,-0.0388,0.0388,0.1280,0.5000,-0.2000,-1.4856,1.0966,-1.2039,-0.4382,0.2000,1.3430,-0.9331,1.4200,118.6218,-2.8240,4.2945,-5.7996,4.2572,-0.3817,6.6085,-2.4709,13.6055,6.2012,0.7222,0.17
2.3767,0.1000,0.0000,0.0000,0.0000,0.0000,0.0000,0.0305,0.8116,-0.5268,0.0113,-0.0198,-0.9997,0.4893,-0.2165,-1.5743,0.9502,-1.2001,-0.4337,0.1998,1.2326,-0.9098,1.4624,-0.0000,-0.0155,0.3412,1.1477,-0.0310,-0.0427,0.1047,0.0892,-0.0233,0.0310,0.5000,-0.2000,-1.4550,1.1217,-1.2136,-0.4272,0.2000,1.3633,-0.9348,1.4128,118.5999,-2.5753,4.1331,-5.6005,4.0889,-0.2718,6.7456,-2.5592,13.5601,6.0491,0.7500,0.17
2.4017,0.1000,0.0000,0.0000,0.0000,0.0000,0.0000,-0.0556,0.6428,-1.2133,0.0309,-0.0231,-0.9993,0.4890,-0.2163,-1.5622,0.9768,-1.2027,-0.4321,0.2041,1.2370,-0.9102,1.4619,0.0155,0.0853,0.6630,1.2175,-0.1241,0.2016,0.1124,0.1706,-0.0465,-0.0504,0.5000,-0.2000,-1.4244,1.1364,-1.2221,-0.4158,0.2000,1.3837,-0.9358,1.4057,118.6830,-2.3400,3.9852,-5.4254,3.9236,-0.1584,6.9036,-2.6505,13.5202,5.9222,0.7778,0.17
2.4258,0.1000,0.0000,0.0000,0.0000,0.0000,0.0000,-0.0511,0.4138,-1.6952,0.0465,-0.0193,-0.9987,0.4885,-0.2161,-1.5427,1.0002,-1.2062,-0.4274,0.2068,1.2448,-0.9101,1.4614,-0.0000,0.0194,0.8491,0.7677,-0.1861,0.1900,0.0233,0.3257,0.0271,-0.1047,0.5000,-0.2000,-1.3939,1.1398,-1.2293,-0.4053,0.2000,1.4041,-0.9360,1.3986,118.7986,-2.1669,3.8792,-5.3167,3.7696,-0.0532,7.0272,-2.7209,13.4979,5.8675,0.8056,0.17
2.4498,0.1000,0.0000,0.0000,0.0000,0.0000,0.0000,0.3517,0.2022,-1.9180,0.0561,-0.0282,-0.9980,0.4929,-0.2160,-1.5200,1.0162,-1.2054,-0.4237,0.2061,1.2549,-0.9104,1.4598,0.2792,0.0737,0.9189,0.5118,-0.0194,0.1667,-0.0582,0.5661,-0.0310,-0.2133,0.5000,-0.2000,-1.3633,1.1318,-1.2352,-0.4002,0.2000,1.4244,-0.9355,1.3914,118.9370,-1.9919,3.8023,-5.2947,3.6359,-0.0021,7.1642,-2.7898,13.5255,5.8583,0.8333,0.17
2.4728,0.1000,0.0000,0.0000,0.0000,0.0000,0.0000,0.2234,0.2439,-1.9499,0.0686,-0.0314,-0.9972,0.4954,-0.2159,-1.4966,1.0279,-1.2048,-0.4230,0.2053,1.2697,-0.9120,1.4540,0.0582,0.0310,1.0197,0.4304,-0.0233,0.0814,-0.0582,0.7677,0.0155,-0.3451,0.5000,-0.2000,-1.3328,1.1129,-1.2398,-0.3976,0.2000,1.4448,-0.9342,1.3842,118.9868,-2.0693,3.7799,-5.2492,3.6838,0.0239,7.1653,-2.8064,13.5041,5.8590,0.8611,0.17
2.4988,0.1000,0.0000,0.0000,0.0000,0.0000,0.0000,0.2519,0.1290,-2.1660,0.0783,-0.0349,-0.9963,0.4960,-0.2158,-1.4692,1.0349,-1.2050,-0.4188,0.2040,1.2905,-0.9132,1.4461,0.0582,0.0310,1.0973,0.1939,-0.0000,0.2249,-0.0737,0.7949,-0.0155,-0.3528,0.5000,-0.2000,-1.3022,1.0839,-1.2432,-0.3958,0.2000,1.4652,-0.9322,1.3742,119.1600,-2.1372,3.7592,-5.2111,3.7350,0.0416,7.2227,-2.8499,13.5174,5.8642,0.8889,0.17
2.5217,0.1000,0.0000,0.0000,0.0000,0.0000,0.0000,0.1237,0.0317,-2.2203,0.0855,-0.0346,-0.9957,0.4960,-0.2159,-1.4375,1.0362,-1.2058,-0.4153,0.2015,1.3111,-0.9130,1.4388,0.0427,0.0155,1.2524,-0.0233,0.0388,0.0582,-0.1280,0.9771,0.0465,-0.3063,0.5000,-0.2000,-1.2717,1.0461,-1.2456,-0.3956,0.2000,1.4856,-0.9295,1.3641,119.3615,-2.2987,3.7802,-5.2032,3.8496,0.0440,7.2200,-2.8684,13.5329,5.9007,0.9167,0.16
2.5447,0.1000,0.0000,0.0000,0.0000,0.0000,0.0000,0.0795,-0.0127,-2.3336,0.0913,-0.0319,-0.9953,0.4967,-0.2160,-1.4061,1.0307,-1.2072,-0.4133,0.1995,1.3343,-0.9117,1.4319,-0.0039,-0.0000,1.4114,-0.4188,-0.0349,0.1357,-0.0233,0.9693,0.1590,-0.3451,0.5000,-0.2000,-1.2411,1.0014,-1.2472,-0.3968,0.2000,1.5059,-0.9262,1.3541,119.6748,-2.5095,3.8300,-5.2236,4.0054,0.0320,7.2122,-2.8820,13.5757,5.9595,0.9444,0.16
2.5688,0.1000,0.0000,0.0000,0.0000,0.0000,0.0000,0.0599,-0.0270,-2.3239,0.0955,-0.0288,-0.9950,0.4974,-0.2162,-1.3716,1.0180,-1.2094,-0.4115,0.1978,1.3597,-0.9079,1.4239,0.0582,-0.0349,1.5083,-0.7328,-0.1202,0.0814,-0.0155,1.0236,0.1977,-0.4110,0.5000,-0.2000,-1.2106,0.9519,-1.2483,-0.4013,0.2000,1.5263,-0.9223,1.3440,120.0810,-2.7835,3.9228,-5.2921,4.2215,-0.0131,7.1703,-2.8762,13.6497,6.0452,0.9722,0.16
2.5937,0.1000,0.0000,0.0000,0.0000,0.0000,0.0000,0.0266,-0.0166,-2.2966,0.0995,-0.0260,-0.9947,0.4977,-0.2163,-1.3366,0.9995,-1.2125,-0.4097,0.1974,1.3883,-0.9017,1.4147,-0.0000,0.0078,1.3261,-0.8957,-0.0620,0.0543,-0.0349,1.1632,0.3257,-0.3800,0.5000,-0.2000,-1.1800,0.9000,-1.2770,-0.4085,0.2000,1.5467,-0.9180,1.3340,120.6132,-3.1161,4.0393,-5.3774,4.4761,-0.0850,7.1181,-2.8645,13.7441,6.1354,0.0000,0.16
2.6177,0.1000,0.0000,0.0000,0.0000,0.0000,0.0000,-0.0255,-0.0107,-2.2193,0.1020,-0.0221,-0.9945,0.4980,-0.2165,-1.2991,0.9724,-1.2199,-0.4088,0.1975,1.4155,-0.8935,1.4039,-0.0039,0.0388,1.4773,-1.2252,-0.4032,0.0620,-0.0271,1.1555,0.4304,-0.5118,0.5000,-0.2000,-1.2004,0.9052,-1.2699,-0.4185,0.2000,1.5670,-0.9133,1.3239,121.2394,-3.4938,4.1989,-5.5102,4.7797,-0.1852,7.0309,-2.8298,13.8631,6.2614,0.0278,0.17
2.6407,0.1000,0.0000,0.0000,0.0000,0.0000,0.0000,-0.0648,0.0313,-2.1016,0.1044,-0.0169,-0.9944,0.4981,-0.2167,-1.2734,0.9499,-1.2269,-0.4090,0.1977,1.4402,-0.8841,1.3905,0.0116,0.0271,0.9810,-0.8104,-0.1706,0.0155,-0.0969,1.1516,0.4537,-0.7212,0.5000,-0.2000,-1.2207,0.9103,-1.2627,-0.4303,0.2000,1.5874,-0.9083,1.3139,122.0129,-3.9089,4.3489,-5.6083,5.1179,-0.3026,6.9507,-2.8092,13.9984,6.3456,0.0556,0.16
2.6658,0.1000,0.0000,0.0000,0.0000,0.0000,0.0000,-0.0810,0.0943,-1.8115,0.1058,-0.0123,-0.9943,0.4983,-0.2168,-1.2545,0.9335,-1.2299,-0.4089,0.1978,1.4674,-0.8758,1.3733,-0.0194,-0.0000,0.6243,-0.5273,-0.0310,0.0039,0.0737,1.1477,0.2482,-0.8142,0.5000,-0.2000,-1.2411,0.9152,-1.2556,-0.4422,0.2000,1.6078,-0.9031,1.3038,122.7684,-4.2866,4.5083,-5.7261,5.4312,-0.4220,6.8591,-2.7693,14.1249,6.4440,0.0833,0.20
2.6898,0.1000,0.0000,0.0000,0.0000,0.0000,0.0000,-0.0155,0.1634,-1.3556,0.1088,-0.0095,-0.9940,0.4983,-0.2166,-1.2432,0.9207,-1.2309,-0.4108,0.1977,1.4997,-0.8697,1.3532,-0.0000,0.0078,0.1939,-0.3606,0.0078,-0.0620,-0.0039,1.1593,0.2133,-0.8685,0.5000,-0.2000,-1.2615,0.9198,-1.2485,-0.4540,0.2000,1.6078,-0.9209,1.3562,123.4126,-4.6201,4.6771,-5.8836,5.6978,-0.5404,6.7510,-2.7057,14.2435,6.5638,0.1111,0.19
2.7127,0.1000,0.0000,0.0000,0.0000,0.0000,0.0000,-0.0339,0.1747,-0.9424,0.1113,-0.0068,-0.9938,0.4987,-0.2160,-1.2403,0.9111,-1.2297,-0.4152,0.1973,1.5248,-0.8680,1.3421,0.0427,0.0620,0.0000,-0.4032,0.0814,-0.2326,0.0194,1.0197,0.0155,-0.2443,0.5000,-0.2000,-1.2819,0.9239,-1.2414,-0.4642,0.2000,1.5772,-0.9722,1.3689,123.9558,-4.9220,4.8292,-6.0275,5.9273,-0.6421,6.6303,-2.6331,14.3319,6.6896,0.1389,0.17
2.7367,0.1000,0.0000,0.0000,0.0000,0.0000,0.0000,-0.1206,0.1296,-0.5518,0.1122,-0.0023,-0.9937,0.4987,-0.2156,-1.2406,0.9032,-1.2256,-0.4219,0.1966,1.5417,-0.8733,1.3391,-0.0194,0.0504,-0.0737,-0.2830,0.2171,-0.3335,-0.0543,0.6359,-0.4188,-0.0659,0.5000,-0.2000,-1.3022,0.9276,-1.2342,-0.4737,0.2000,1.5467,-1.0200,1.3813,124.4648,-5.2590,4.9765,-6.1569,6.1955,-0.7369,6.4878,-2.5599,14.4272,6.8021,0.1667,0.17
2.7597,0.1000,0.0000,0.0000,0.0000,0.0000,0.0000,-0.1285,-0.0989,-0.1019,0.1097,0.0022,-0.9940,0.4999,-0.2151,-1.2437,0.8981,-1.2214,-0.4311,0.1958,1.5523,-0.8861,1.3407,0.1784,0.0039,-0.2598,-0.1396,0.2404,-0.3800,-0.0698,0.2869,-0.7522,0.0698,0.5000,-0.2000,-1.3226,0.9306,-1.2271,-0.4828,0.2000,1.5161,-1.0621,1.3931,124.9160,-5.5183,5.1151,-6.3027,6.4008,-0.8280,6.3614,-2.4888,14.5208,6.9213,0.1944,0.16
2.7827,0.1000,0.0000,0.0000,0.0000,0.0000,0.0000,-0.1286,-0.4412,0.4073,0.0992,0.0052,-0.9951,0.5015,-0.2145,-1.2479,0.8969,-1.2175,-0.4400,0.1945,1.5568,-0.9068,1.3447,0.0737,0.0620,-0.2133,0.0814,0.1706,-0.4343,-0.0543,0.0388,-0.9461,0.1706,0.5000,-0.2000,-1.3430,0.9331,-1.2200,-0.4903,0.2000,1.4856,-1.0966,1.4039,125.2141,-5.7106,5.2327,-6.4527,6.5409,-0.9030,6.2474,-2.4208,14.5890,7.0348,0.2222,0.17
2.8057,0.1000,0.0000,0.0000,0.0000,0.0000,0.0000,-0.1459,-0.6582,0.9268,0.0826,0.0085,-0.9965,0.5022,-0.2140,-1.2526,0.8979,-1.2137,-0.4495,0.1935,1.5538,-0.9321,1.3515,0.0388,0.0310,-0.1900,0.1318,0.1551,-0.4110,-0.0427,-0.2171,-1.1748,0.2908,0.5000,-0.2000,-1.3633,0.9348,-1.2128,-0.4960,0.2000,1.4550,-1.1217,1.4136,125.3887,-5.9050,5.3536,-6.6011,6.6614,-0.9598,6.1327,-2.3476,14.6227,7.1503,0.2500,0.17
2.8287,0.1000,0.0000,0.0000,0.0000,0.0000,0.0000,-0.1574,-0.6893,1.4023,0.0654,0.0113,-0.9978,0.5027,-0.2136,-1.2585,0.9001,-1.2092,-0.4597,0.1927,1.5453,-0.9584,1.3609,0.0504,0.0853,-0.4032,0.1784,0.2443,-0.5700,-0.0465,-0.5351,-1.1283,0.4459,0.5000,-0.2000,-1.3837,0.9358,-1.2057,-0.4992,0.2000,1.4244,-1.1364,1.4221,125.4970,-6.0889,5.4677,-6.7381,6.7556,-0.9918,6.0378,-2.2780,14.6298,7.2529,0.2778,0.17
2.8517,0.1000,0.0000,0.0000,0.0000,0.0000,0.0000,-0.1691,-0.6803,1.6991,0.0490,0.0150,-0.9987,0.5040,-0.2133,-1.2677,0.9020,-1.2041,-0.4724,0.1919,1.5314,-0.9826,1.3728,0.0814,0.0737,-0.5118,0.1202,0.3063,-0.5273,-0.0271,-0.6475,-1.0779,0.4614,0.5000,-0.2000,-1.4041,0.9360,-1.1986,-0.5000,0.2000,1.3939,-1.1398,1.4293,125.5900,-6.2262,5.5583,-6.8431,6.8252,-1.0099,5.9657,-2.2304,14.6471,7.3308,0.3056,0.17
2.8757,0.1000,0.0000,0.0000,0.0000,0.0000,0.0000,-0.1766,-0.5895,1.9473,0.0351,0.0190,-0.9992,0.5057,-0.2133,-1.2813,0.9033,-1.1980,-0.4829,0.1907,1.5121,-1.0041,1.3871,0.0853,0.0620,-0.6126,0.0698,0.2714,-0.3839,-0.0659,-1.0197,-0.8259,0.6514,0.5000,-0.2000,-1.4244,0.9355,-1.1914,-0.5000,0.2000,1.3633,-1.1318,1.4352,125.6639,-6.3294,5.6402,-6.9373,6.8642,-1.0088,5.9067,-2.1781,14.6390,7.3994,0.3333,0.17
2.8987,0.1000,0.0000,0.0000,0.0000,0.0000,0.0000,-0.1628,-0.4724,2.1645,0.0248,0.0229,-0.9994,0.5063,-0.2133,-1.2975,0.9033,-1.1917,-0.4915,0.1898,1.4897,-1.0197,1.4007,0.0039,0.0155,-0.8879,-0.0155,0.3141,-0.3528,-0.0194,-1.0042,-0.4885,0.6320,0.5000,-0.2000,-1.4448,0.9342,-1.1842,-0.5000,0.2000,1.3328,-1.1129,1.4398,125.6799,-6.3714,5.6963,-7.0122,6.8630,-1.0104,5.8736,-2.1425,14.6322,7.4423,0.3611,0.17
2.9227,0.1000,0.0000,0.0000,0.0000,0.0000,0.0000,-0.1435,-0.3755,2.3001,0.0180,0.0276,-0.9995,0.5065,-0.2132,-1.3185,0.9016,-1.1851,-0.4972,0.1891,1.4619,-1.0289,1.4150,0.0388,-0.0000,-0.9771,-0.0698,0.3024,-0.1822,-0.0582,-1.2214,-0.2133,0.5700,0.5000,-0.2000,-1.4652,0.9322,-1.1742,-0.5000,0.2000,1.3022,-1.0839,1.4432,125.6525,-6.3695,5.7309,-7.0634,6.8446,-1.0119,5.8495,-2.1157,14.6168,7.4702,0.3889,0.17
2.9457,0.1000,0.0000,0.0000,0.0000,0.0000,0.0000,-0.1095,-0.2948,2.3696,0.0133,0.0327,-0.9994,0.5063,-0.2132,-1.3394,0.8983,-1.1791,-0.5006,0.1885,1.4354,-1.0312,1.4274,-0.0194,-0.0233,-1.0042,-0.1086,0.1745,-0.0427,-0.0698,-1.3416,0.0388,0.4537,0.5000,-0.2000,-1.4856,0.9295,-1.1641,-0.5000,0.2000,1.2717,-1.0461,1.4456,125.5585,-6.3139,5.7442,-7.0960,6.7961,-1.0109,5.8386,-2.0970,14.5979,7.4770,0.4167,0.17
2.9687,0.1000,0.0000,0.0000,0.0000,0.0000,0.0000,-0.0027,-0.2660,2.3718,0.0097,0.0364,-0.9993,0.5055,-0.2131,-1.3634,0.8931,-1.1762,-0.5019,0.1878,1.4043,-1.0269,1.4382,-0.0194,0.0194,-1.1051,-0.2288,0.0737,-0.0504,-0.0388,-1.3842,0.3684,0.4498,0.5000,-0.2000,-1.5059,0.9262,-1.1541,-0.5000,0.2000,1.2411,-1.0014,1.4472,125.3771,-6.1541,5.7255,-7.1080,6.6777,-1.0095,5.8584,-2.0942,14.5721,7.4632,0.4444,0.16
2.9927,0.1000,0.0000,0.0000,0.0000,0.0000,0.0000,0.2211,-0.2492,2.2429,0.0049,0.0340,-0.9994,0.5026,-0.2133,-1.3874,0.8905,-1.1777,-0.5021,0.1863,1.3725,-1.0143,1.4469,-0.2637,0.0271,-1.1128,0.0310,-0.1008,0.1047,-0.0853,-1.4191,0.6747,0.3141,0.5000,-0.2000,-1.5263,0.9223,-1.1440,-0.5000,0.2000,1.2106,-0.9519,1.4483,125.1216,-5.9152,5.6776,-7.0942,6.5277,-1.0116,5.9112,-2.1087,14.5417,7.4082,0.4722,0.17
3.0167,0.1000,0.0000,0.0000,0.0000,0.0000,0.0000,0.2911,-0.2152,1.7717,-0.0008,0.0298,-0.9996,0.4979,-0.2136,-1.4131,0.8908,-1.1818,-0.5017,0.1852,1.3373,-0.9948,1.4531,-0.1086,-0.0349,-1.0895,0.0543,-0.1939,0.0620,0.0078,-1.4540,1.0546,0.2947,0.5000,-0.2000,-1.5467,0.9180,-1.1340,-0.4970,0.2000,1.1800,-0.9000,1.4770,124.9018,-5.6181,5.5916,-7.0083,6.3334,-0.9696,5.9774,-2.1488,14.5127,7.3218,0.5000,0.17
3.0407,0.1000,0.0000,0.0000,0.0000,0.0000,0.0000,0.3656,-0.1274,1.3840,-0.0057,0.0234,-0.9997,0.4964,-0.2142,-1.4345,0.8920,-1.1852,-0.5015,0.1840,1.3064,-0.9675,1.4616,-0.0465,0.0078,-1.0081,0.0620,-0.1241,-0.0194,-0.0155,-1.4967,1.3726,0.4885,0.5000,-0.2000,-1.5670,0.9133,-1.1239,-0.4930,0.2000,1.2004,-0.9052,1.4699,124.6846,-5.2813,5.4912,-6.9226,6.1131,-0.9296,6.0714,-2.1923,14.4724,7.2251,0.5278,0.17
3.0647,0.1000,0.0000,0.0000,0.0000,0.0000,0.0000,0.4404,0.0672,1.0411,-0.0071,0.0136,-0.9999,0.4954,-0.2152,-1.4572,0.8931,-1.1877,-0.5003,0.1827,1.2785,-0.9390,1.4729,-0.0582,-0.0349,-0.8414,0.0388,-0.0000,0.0465,-0.1435,-0.9538,1.1671,0.3490,0.5000,-0.2000,-1.5874,0.9083,-1.1139,-0.4919,0.2000,1.2207,-0.9103,1.4627,124.4182,-4.9357,5.3691,-6.8207,5.9202,-0.9193,6.1827,-2.2546,14.4490,7.1030,0.5556,0.18
3.0887,0.1000,0.0000,0.0000,0.0000,0.0000,0.0000,0.3357,0.3190,0.7099,-0.0025,0.0052,-1.0000,0.4952,-0.2164,-1.4789,0.8930,-1.1879,-0.5003,0.1826,1.2611,-0.9155,1.4802,0.0465,-0.0349,-0.9500,0.0465,0.1473,0.0388,-0.0116,-0.5002,0.9461,0.2830,0.5000,-0.2000,-1.6078,0.9031,-1.1038,-0.4892,0.2000,1.2411,-0.9152,1.4556,124.0954,-4.6272,5.2389,-6.6878,5.7279,-0.8924,6.2694,-2.3024,14.3923,6.9775,0.5833,0.18
3.1127,0.1000,0.0000,0.0000,0.0000,0.0000,0.0000,0.2856,0.5254,0.4124,0.0075,-0.0025,-1.0000,0.4951,-0.2175,-1.5020,0.8932,-1.1843,-0.5001,0.1837,1.2545,-0.8955,1.4847,-0.0465,-0.0116,-0.9306,0.0116,0.2908,0.0310,0.0349,-0.1008,0.7638,0.1047,0.5000,-0.2000,-1.6078,0.9209,-1.1562,-0.4856,0.2000,1.2615,-0.9198,1.4485,123.6957,-4.2921,5.0886,-6.5502,5.5125,-0.8559,6.3706,-2.3568,14.3453,6.8406,0.6111,0.17
3.1367,0.1000,0.0000,0.0000,0.0000,0.0000,0.0000,0.2519,0.6215,0.2343,0.0209,-0.0109,-0.9997,0.4952,-0.2186,-1.5204,0.8957,-1.1824,-0.4995,0.1864,1.2550,-0.8805,1.4867,0.0271,-0.0310,-0.8414,0.1473,-0.0931,-0.0194,0.1357,0.1086,0.6087,-0.0271,0.5000,-0.2000,-1.5772,0.9722,-1.1689,-0.4800,0.2000,1.2819,-0.9239,1.4414,123.1733,-3.9583,4.9416,-6.4266,5.2700,-0.8001,6.4468,-2.3864,14.2598,6.7218,0.6389,0.17
3.1607,0.1000,0.0000,0.0000,0.0000,0.0000,0.0000,0.1174,0.5210,0.1278,0.0332,-0.0165,-0.9993,0.4954,-0.2202,-1.5360,0.9052,-1.1844,-0.4989,0.1887,1.2597,-0.8681,1.4868,0.0310,-0.0427,-0.4226,0.6630,-0.0892,0.0543,0.1163,0.1396,0.4963,-0.0388,0.5000,-0.2000,-1.5467,1.0200,-1.1813,-0.4758,0.2000,1.3022,-0.9276,1.4342,122.5872,-3.6639,4.7774,-6.2841,5.0387,-0.7577,6.5159,-2.4246,14.1583,6.5956,0.6667,0.17
3.1857,0.1000,0.0000,0.0000,0.0000,0.0000,0.0000,0.0964,0.2427,-0.0177,0.0392,-0.0217,-0.9990,0.4951,-0.2219,-1.5424,0.9207,-1.1876,-0.4973,0.1909,1.2640,-0.8593,1.4862,0.0078,-0.1163,-0.2365,0.7949,-0.0775,0.1512,0.0659,0.1628,0.2792,-0.0620,0.5000,-0.2000,-1.5161,1.0621,-1.1931,-0.4713,0.2000,1.3226,-0.9306,1.4271,121.9801,-3.3461,4.6120,-6.1521,4.7771,-0.7127,6.6050,-2.4749,14.0765,6.4841,0.6944,0.18
3.2097,0.1000,0.0000,0.0000,0.0000,0.0000,0.0000,0.0521,-0.1288,-0.3493,0.0362,-0.0254,-0.9990,0.4947,-0.2245,-1.5448,0.9441,-1.1920,-0.4947,0.1931,1.2674,-0.8559,1.4837,-0.0388,-0.0892,0.0233,1.0430,-0.1202,0.1318,0.0775,0.0582,0.0504,-0.2016,0.5000,-0.2000,-1.4856,1.0966,-1.2039,-0.4618,0.2000,1.3430,-0.9331,1.4200,121.4095,-3.0143,4.4173,-5.9804,4.4964,-0.6183,6.7131,-2.5479,13.9996,6.3560,0.7222,0.19
3.2347,0.1000,0.0000,0.0000,0.0000,0.0000,0.0000,-0.0283,-0.2043,-0.7263,0.0303,-0.0272,-0.9992,0.4940,-0.2260,-1.5407,0.9691,-1.1967,-0.4900,0.1945,1.2704,-0.8574,1.4788,-0.0465,-0.0078,0.2598,1.0430,-0.1551,0.2520,-0.0737,0.1280,-0.0775,-0.2986,0.5000,-0.2000,-1.4550,1.1217,-1.2136,-0.4495,0.2000,1.3633,-0.9348,1.4128,120.9057,-2.7277,4.2436,-5.8064,4.2502,-0.4954,6.8320,-2.6224,13.9116,6.2306,0.7500,0.18
3.2587,0.1000,0.0000,0.0000,0.0000,0.0000,0.0000,-0.0513,-0.1446,-1.1464,0.0269,-0.0263,-0.9993,0.4934,-0.2269,-1.5317,0.9941,-1.2010,-0.4812,0.1952,1.2764,-0.8604,1.4728,0.0465,-0.0155,0.3877,0.9810,-0.0775,0.4963,-0.0039,0.2637,-0.1590,-0.2094,0.5000,-0.2000,-1.4244,1.1364,-1.2221,-0.4363,0.2000,1.3837,-0.9358,1.4057,120.5164,-2.4893,4.0938,-5.6407,4.0381,-0.3633,6.9520,-2.6925,13.8237,6.1196,0.7778,0.19
3.2827,0.1000,0.0000,0.0000,0.0000,0.0000,0.0000,0.0617,-0.1387,-1.2602,0.0238,-0.0272,-0.9993,0.4944,-0.2276,-1.5191,1.0138,-1.2028,-0.4692,0.1948,1.2841,-0.8640,1.4663,0.1241,0.0465,0.6592,0.7251,0.0388,0.4730,-0.0427,0.2792,-0.1706,-0.4188,0.5000,-0.2000,-1.3939,1.1398,-1.2293,-0.4259,0.2000,1.4041,-0.9360,1.3986,120.1360,-2.2965,3.9778,-5.5421,3.8618,-0.2590,7.0506,-2.7446,13.7578,6.0642,0.8056,0.18
3.3077,0.1000,0.0000,0.0000,0.0000,0.0000,0.0000,0.0485,-0.0949,-1.1262,0.0231,-0.0291,-0.9993,0.4968,-0.2276,-1.5025,1.0276,-1.2028,-0.4595,0.1941,1.2951,-0.8696,1.4584,0.0892,-0.0233,0.5855,0.4343,-0.0155,0.4498,-0.1241,0.4692,-0.3141,-0.3528,0.5000,-0.2000,-1.3633,1.1318,-1.2352,-0.4199,0.2000,1.4244,-0.9355,1.3914,119.6953,-2.2311,3.9102,-5.4736,3.7755,-0.1991,7.0757,-2.7594,13.6803,6.0396,0.8333,0.18
3.3317,0.1000,0.0000,0.0000,0.0000,0.0000,0.0000,-0.0054,-0.1208,-1.2001,0.0219,-0.0291,-0.9993,0.4977,-0.2275,-1.4843,1.0349,-1.2027,-0.4500,0.1928,1.3081,-0.8767,1.4487,0.0620,0.0582,0.8763,0.1241,0.0582,0.2947,-0.1008,0.4730,-0.2908,-0.5157,0.5000,-0.2000,-1.3328,1.1129,-1.2398,-0.4140,0.2000,1.4448,-0.9342,1.3842,119.3492,-2.2215,3.8420,-5.3970,3.7411,-0.1401,7.1109,-2.7969,13.6331,6.0186,0.8611,0.17
3.3557,0.1000,0.0000,0.0000,0.0000,0.0000,0.0000,-0.0148,-0.1020,-1.2627,0.0208,-0.0287,-0.9994,0.4987,-0.2276,-1.4630,1.0366,-1.2025,-0.4424,0.1909,1.3227,-0.8828,1.4394,0.0233,0.0504,0.9965,-0.0233,0.0078,0.2365,-0.1435,0.6940,-0.2365,-0.4614,0.5000,-0.2000,-1.3022,1.0839,-1.2432,-0.4095,0.2000,1.4652,-0.9322,1.3742,119.0907,-2.2551,3.8073,-5.3467,3.7549,-0.0955,7.1347,-2.8225,13.5972,6.0037,0.8889,0.17
3.3797,0.1000,0.0000,0.0000,0.0000,0.0000,0.0000,-0.0315,-0.0471,-1.3259,0.0207,-0.0285,-0.9994,0.4988,-0.2276,-1.4385,1.0324,-1.2026,-0.4363,0.1891,1.3395,-0.8878,1.4300,0.0388,0.0194,1.0120,-0.3102,0.0388,0.3024,-0.0892,0.6863,-0.1357,-0.4730,0.5000,-0.2000,-1.2717,1.0461,-1.2456,-0.4071,0.2000,1.4856,-0.9295,1.3641,118.9855,-2.3725,3.8145,-5.3265,3.8340,-0.0713,7.1311,-2.8329,13.5804,6.0221,0.9167,0.17
3.4047,0.1000,0.0000,0.0000,0.0000,0.0000,0.0000,-0.0658,0.0193,-1.4407,0.0227,-0.0274,-0.9994,0.4989,-0.2278,-1.4117,1.0221,-1.2031,-0.4303,0.1881,1.3574,-0.8904,1.4193,0.0116,-0.0039,1.1904,-0.5932,-0.0388,0.2792,-0.0620,0.7871,-0.0388,-0.4963,0.5000,-0.2000,-1.2411,1.0014,-1.2472,-0.4066,0.2000,1.5059,-0.9262,1.3541,119.0495,-2.5526,3.8505,-5.3270,3.9781,-0.0661,7.1177,-2.8441,13.5946,6.0500,0.9444,0.17
3.4297,0.1000,0.0000,0.0000,0.0000,0.0000,0.0000,-0.1039,0.0867,-1.5256,0.0259,-0.0266,-0.9993,0.4991,-0.2282,-1.3813,1.0056,-1.2036,-0.4256,0.1866,1.3791,-0.8906,1.4076,0.0582,-0.0543,1.1322,-0.8453,0.0039,0.2133,-0.0931,0.8142,-0.0465,-0.5273,0.5000,-0.2000,-1.2106,0.9519,-1.2483,-0.4087,0.2000,1.5263,-0.9223,1.3440,119.3154,-2.8115,3.9274,-5.3589,4.1878,-0.0872,7.0799,-2.8421,13.6406,6.1009,0.9722,0.17
3.4537,0.1000,0.0000,0.0000,0.0000,0.0000,0.0000,-0.1447,0.1400,-1.5548,0.0297,-0.0263,-0.9992,0.4992,-0.2289,-1.3494,0.9819,-1.2049,-0.4207,0.1859,1.4015,-0.8897,1.3942,0.0194,-0.0349,1.3028,-1.0895,-0.0620,0.2482,-0.0465,0.9538,0.0116,-0.5932,0.5000,-0.2000,-1.1800,0.9000,-1.2770,-0.4144,0.2000,1.5467,-0.9180,1.3340,119.7352,-3.1201,4.0388,-5.4306,4.4445,-0.1441,7.0299,-2.8328,13.7163,6.1738,0.0000,0.17
3.4777,0.1000,0.0000,0.0000,0.0000,0.0000,0.0000,-0.1985,0.2129,-1.4482,0.0344,-0.0240,-0.9991,0.4992,-0.2298,-1.3173,0.9540,-1.2103,-0.4166,0.1857,1.4243,-0.8881,1.3809,-0.0116,0.0271,1.3881,-1.3454,-0.3412,0.2326,-0.0078,0.8763,0.1357,-0.5545,0.5000,-0.2000,-1.2004,0.9052,-1.2699,-0.4229,0.2000,1.5670,-0.9133,1.3239,120.2522,-3.4822,4.1928,-5.5484,4.7378,-0.2290,6.9406,-2.7909,13.8017,6.2838,0.0278,0.18
3.5017,0.1000,0.0000,0.0000,0.0000,0.0000,0.0000,-0.1871,0.2474,-1.2687,0.0404,-0.0186,-0.9990,0.4995,-0.2309,-1.2916,0.9280,-1.2169,-0.4153,0.1855,1.4470,-0.8855,1.3676,0.1435,-0.0000,0.9500,-0.9849,-0.2288,0.0078,-0.0582,0.9383,0.1512,-0.6785,0.5000,-0.2000,-1.2207,0.9103,-1.2627,-0.4341,0.2000,1.5874,-0.9083,1.3139,120.9121,-3.8764,4.3511,-5.6652,5.0626,-0.3409,6.8450,-2.7546,13.9208,6.3781,0.0556,0.17
3.5257,0.1000,0.0000,0.0000,0.0000,0.0000,0.0000,-0.1488,0.3502,-1.0222,0.0481,-0.0137,-0.9987,0.4998,-0.2316,-1.2746,0.9076,-1.2193,-0.4161,0.1850,1.4707,-0.8834,1.3530,-0.0349,0.0271,0.5583,-0.6979,-0.0000,-0.0194,-0.0310,1.0081,0.0698,-0.6979,0.5000,-0.2000,-1.2411,0.9152,-1.2556,-0.4462,0.2000,1.6078,-0.9031,1.3038,121.6075,-4.2636,4.5132,-5.7849,5.3827,-0.4620,6.7538,-2.7129,14.0374,6.4684,0.0833,0.17
3.5507,0.1000,0.0000,0.0000,0.0000,0.0000,0.0000,-0.1115,0.4369,-0.7824,0.0580,-0.0093,-0.9983,0.5003,-0.2313,-1.2649,0.8911,-1.2190,-0.4190,0.1842,1.4976,-0.8820,1.3390,0.0349,0.0155,0.2598,-0.5312,0.0504,-0.2016,-0.1047,0.9538,0.0349,-0.6359,0.5000,-0.2000,-1.2615,0.9198,-1.2485,-0.4560,0.2000,1.6078,-0.9209,1.3562,122.3068,-4.6190,4.6759,-5.9164,5.6703,-0.5604,6.6494,-2.6587,14.1561,6.5736,0.1111,0.17
3.5746,0.1000,0.0000,0.0000,0.0000,0.0000,0.0000,-0.0890,0.4459,-0.5758,0.0692,-0.0041,-0.9976,0.5009,-0.2302,-1.2627,0.8807,-1.2166,-0.4252,0.1828,1.5191,-0.8826,1.3331,0.0310,0.1241,-0.0814,-0.3296,0.1512,-0.2094,0.0116,0.7677,-0.0582,0.0388,0.5000,-0.2000,-1.2819,0.9239,-1.2414,-0.4642,0.2000,1.5772,-0.9722,1.3689,122.9958,-4.9222,4.8190,-6.0298,5.9064,-0.6421,6.5552,-2.5997,14.2450,6.6739,0.1389,0.17
3.5977,0.1000,0.0000,0.0000,0.0000,0.0000,0.0000,-0.1010,0.3594,-0.3934,0.0780,0.0007,-0.9969,0.5016,-0.2282,-1.2643,0.8722,-1.2126,-0.4324,0.1813,1.5348,-0.8884,1.3350,0.0814,0.1512,-0.0737,-0.2830,0.2171,-0.3102,-0.0969,0.5467,-0.4614,0.0543,0.5000,-0.2000,-1.3022,0.9276,-1.2342,-0.4715,0.2000,1.5467,-1.0200,1.3813,123.6848,-5.2108,4.9498,-6.1463,6.1473,-0.7147,6.4502,-2.5510,14.3700,6.7771,0.1667,0.16
3.6207,0.1000,0.0000,0.0000,0.0000,0.0000,0.0000,-0.1718,0.1103,-0.1656,0.0815,0.0071,-0.9966,0.5020,-0.2272,-1.2677,0.8672,-1.2082,-0.4391,0.1808,1.5429,-0.9026,1.3397,0.0349,-0.0000,-0.1124,-0.0698,0.1977,-0.2482,0.0388,0.2288,-0.7328,0.2520,0.5000,-0.2000,-1.3226,0.9306,-1.2271,-0.4774,0.2000,1.5161,-1.0621,1.3931,124.3191,-5.4831,5.0800,-6.2620,6.3622,-0.7738,6.3308,-2.4874,14.4742,6.8812,0.1944,0.17
3.6456,0.1000,0.0000,0.0000,0.0000,0.0000,0.0000,-0.1190,-0.2182,0.2461,0.0775,0.0113,-0.9969,0.5030,-0.2263,-1.2719,0.8669,-1.2049,-0.4456,0.1804,1.5456,-0.9228,1.3473,0.0504,0.0504,-0.2482,0.0388,0.1900,-0.2094,-0.0039,-0.0310,-0.8802,0.2947,0.5000,-0.2000,-1.3430,0.9331,-1.2200,-0.4836,0.2000,1.4856,-1.0966,1.4039,124.8238,-5.6614,5.1987,-6.4093,6.4962,-0.8362,6.2412,-2.4299,14.5682,6.9954,0.2222,0.17
3.6696,0.1000,0.0000,0.0000,0.0000,0.0000,0.0000,-0.1311,-0.4145,0.7176,0.0664,0.0148,-0.9977,0.5033,-0.2257,-1.2770,0.8702,-1.2011,-0.4530,0.1800,1.5416,-0.9477,1.3581,0.0775,0.0155,-0.2133,0.1086,0.2016,-0.2908,-0.0194,-0.2598,-0.9422,0.4188,0.5000,-0.2000,-1.3633,0.9348,-1.2128,-0.4881,0.2000,1.4550,-1.1217,1.4136,125.1671,-5.8541,5.3208,-6.5605,6.6148,-0.8805,6.1345,-2.3606,14.6204,7.1154,0.2500,0.20
3.6927,0.1000,0.0000,0.0000,0.0000,0.0000,0.0000,-0.1502,-0.4565,1.1056,0.0556,0.0185,-0.9983,0.5035,-0.2254,-1.2836,0.8743,-1.1979,-0.4608,0.1799,1.5332,-0.9705,1.3698,0.0814,0.0155,-0.3373,0.1512,0.1590,-0.4885,0.0116,-0.4459,-0.9500,0.5583,0.5000,-0.2000,-1.3837,0.9358,-1.2057,-0.4904,0.2000,1.4244,-1.1364,1.4221,125.4107,-6.0331,5.4300,-6.6872,6.7134,-0.9041,6.0430,-2.2966,14.6480,7.2122,0.2778,0.19
3.7156,0.1000,0.0000,0.0000,0.0000,0.0000,0.0000,-0.1450,-0.4789,1.3176,0.0455,0.0214,-0.9987,0.5045,-0.2252,-1.2928,0.8787,-1.1944,-0.4709,0.1800,1.5200,-0.9919,1.3832,0.0775,-0.0155,-0.4730,0.1900,0.1784,-0.4343,0.0000,-0.6475,-0.8763,0.6087,0.5000,-0.2000,-1.4041,0.9360,-1.1986,-0.4916,0.2000,1.3939,-1.1398,1.4293,125.6368,-6.1649,5.5198,-6.7847,6.7863,-0.9161,5.9773,-2.2507,14.6780,7.2841,0.3056,0.18
3.7386,0.1000,0.0000,0.0000,0.0000,0.0000,0.0000,-0.1375,-0.4865,1.4946,0.0353,0.0241,-0.9991,0.5062,-0.2252,-1.3052,0.8835,-1.1906,-0.4801,0.1801,1.5016,-1.0095,1.3968,0.1047,-0.0000,-0.5583,0.1628,0.1822,-0.2753,0.0698,-0.9151,-0.6902,0.5816,0.5000,-0.2000,-1.4244,0.9355,-1.1914,-0.4920,0.2000,1.3633,-1.1318,1.4352,125.8217,-6.2384,5.5909,-6.8676,6.8164,-0.9196,5.9327,-2.2119,14.6938,7.3448,0.3333,0.17
3.7626,0.1000,0.0000,0.0000,0.0000,0.0000,0.0000,-0.1095,-0.4057,1.6376,0.0270,0.0266,-0.9993,0.5073,-0.2252,-1.3182,0.8864,-1.1867,-0.4884,0.1799,1.4818,-1.0222,1.4104,-0.0388,0.0194,-0.6592,0.1202,0.1745,-0.3335,-0.0388,-1.0585,-0.3916,0.6087,0.5000,-0.2000,-1.4448,0.9342,-1.1842,-0.4914,0.2000,1.3328,-1.1129,1.4398,125.9444,-6.2753,5.6491,-6.9453,6.8173,-0.9139,5.9031,-2.1769,14.6981,7.3906,0.3611,0.17
3.7867,0.1000,0.0000,0.0000,0.0000,0.0000,0.0000,-0.0885,-0.3068,1.7656,0.0211,0.0295,-0.9993,0.5075,-0.2252,-1.3354,0.8882,-1.1824,-0.4939,0.1796,1.4577,-1.0292,1.4240,0.0194,0.0388,-0.8569,0.0698,0.1241,-0.1280,-0.1124,-1.1477,-0.1667,0.5312,0.5000,-0.2000,-1.4652,0.9322,-1.1742,-0.4918,0.2000,1.3022,-1.0839,1.4432,126.0003,-6.2652,5.6862,-6.9990,6.7945,-0.9176,5.8884,-2.1520,14.6907,7.4183,0.3889,0.17
3.8116,0.1000,0.0000,0.0000,0.0000,0.0000,0.0000,-0.0544,-0.2327,1.8446,0.0178,0.0317,-0.9993,0.5073,-0.2252,-1.3554,0.8882,-1.1783,-0.4970,0.1789,1.4302,-1.0299,1.4367,-0.0000,0.0543,-0.8026,-0.0620,0.0969,-0.0000,-0.0698,-1.2524,0.0775,0.4226,0.5000,-0.2000,-1.4856,0.9295,-1.1641,-0.4924,0.2000,1.2717,-1.0461,1.4456,125.9643,-6.2039,5.7007,-7.0364,6.7425,-0.9244,5.8841,-2.1358,14.6761,7.4324,0.4167,0.17
3.8347,0.1000,0.0000,0.0000,0.0000,0.0000,0.0000,0.0543,-0.2007,1.8405,0.0149,0.0320,-0.9994,0.5061,-0.2252,-1.3761,0.8875,-1.1765,-0.4982,0.1780,1.4032,-1.0239,1.4468,-0.0271,0.0388,-0.8840,-0.0078,0.0814,-0.0000,-0.0465,-1.2214,0.4188,0.3839,0.5000,-0.2000,-1.5059,0.9262,-1.1541,-0.4928,0.2000,1.2411,-1.0014,1.4472,125.8348,-6.0588,5.6869,-7.0520,6.6367,-0.9280,5.9046,-2.1332,14.6549,7.4165,0.4444,0.17
3.8586,0.1000,0.0000,0.0000,0.0000,0.0000,0.0000,0.1678,-0.1803,1.7051,0.0105,0.0303,-0.9995,0.5037,-0.2253,-1.3981,0.8878,-1.1773,-0.4985,0.1769,1.3712,-1.0102,1.4543,-0.1861,0.0582,-0.8375,0.0698,-0.0155,0.0388,-0.0388,-1.3299,0.7328,0.2714,0.5000,-0.2000,-1.5263,0.9223,-1.1440,-0.4925,0.2000,1.2106,-0.9519,1.4483,125.6337,-5.8507,5.6422,-7.0316,6.5015,-0.9250,5.9481,-2.1461,14.6235,7.3693,0.4722,0.18
3.8826,0.1000,0.0000,0.0000,0.0000,0.0000,0.0000,0.2394,-0.0908,1.3509,0.0077,0.0268,-0.9996,0.5003,-0.2256,-1.4191,0.8889,-1.1796,-0.4981,0.1757,1.3400,-0.9902,1.4603,-0.0737,0.0039,-0.9500,0.1047,-0.1318,0.0582,-0.0814,-1.3959,1.0663,0.2559,0.5000,-0.2000,-1.5467,0.9180,-1.1340,-0.4898,0.2000,1.1800,-0.9000,1.4770,125.4506,-5.5995,5.5775,-6.9692,6.3395,-0.8976,6.0084,-2.1733,14.5904,7.2946,0.5000,0.18
3.9066,0.1000,0.0000,0.0000,0.0000,0.0000,0.0000,0.3359,0.0634,1.0740,0.0074,0.0207,-0.9998,0.4980,-0.2262,-1.4396,0.8908,-1.1813,-0.4975,0.1740,1.3100,-0.9599,1.4697,-0.0349,0.0271,-0.9073,0.1822,0.0039,0.0775,-0.0349,-1.3920,1.4695,0.5739,0.5000,-0.2000,-1.5670,0.9133,-1.1239,-0.4889,0.2000,1.2004,-0.9052,1.4699,125.2384,-5.3041,5.4962,-6.9052,6.1497,-0.8887,6.0961,-2.2057,14.5409,7.2087,0.5278,0.17
3.9296,0.1000,0.0000,0.0000,0.0000,0.0000,0.0000,0.4078,0.2648,0.7790,0.0106,0.0108,-0.9999,0.4968,-0.2268,-1.4588,0.8925,-1.1820,-0.4969,0.1728,1.2850,-0.9313,1.4798,-0.1086,-0.0465,-0.9500,0.0969,-0.0116,0.0388,-0.0698,-0.8802,1.2214,0.4071,0.5000,-0.2000,-1.5874,0.9083,-1.1139,-0.4890,0.2000,1.2207,-0.9103,1.4627,124.9614,-4.9961,5.3904,-6.8146,5.9797,-0.8904,6.1902,-2.2541,14.5111,7.0977,0.5556,0.17
3.9537,0.1000,0.0000,0.0000,0.0000,0.0000,0.0000,0.3087,0.4549,0.5038,0.0184,0.0032,-0.9998,0.4967,-0.2279,-1.4781,0.8928,-1.1816,-0.4973,0.1729,1.2699,-0.9068,1.4873,0.0543,-0.0349,-0.8840,0.0620,0.0388,0.0233,-0.0310,-0.4304,0.9073,0.2637,0.5000,-0.2000,-1.6078,0.9031,-1.1038,-0.4882,0.2000,1.2411,-0.9152,1.4556,124.6178,-4.7078,5.2680,-6.6960,5.8092,-0.8817,6.2656,-2.2973,14.4598,6.9827,0.5833,0.17
3.9786,0.1000,0.0000,0.0000,0.0000,0.0000,0.0000,0.2572,0.6276,0.2602,0.0305,-0.0041,-0.9995,0.4968,-0.2290,-1.5004,0.8937,-1.1782,-0.4975,0.1743,1.2636,-0.8860,1.4920,0.0039,-0.0194,-0.9500,0.0698,0.1939,-0.0078,0.0427,-0.0969,0.7212,0.1241,0.5000,-0.2000,-1.6078,0.9209,-1.1562,-0.4860,0.2000,1.2615,-0.9198,1.4485,124.1983,-4.3958,5.1258,-6.5672,5.6062,-0.8599,6.3563,-2.3440,14.4042,6.8538,0.6111,0.17
4.0016,0.1000,0.0000,0.0000,0.0000,0.0000,0.0000,0.2233,0.7065,0.1310,0.0462,-0.0127,-0.9989,0.4969,-0.2302,-1.5180,0.8974,-1.1778,-0.4974,0.1769,1.2640,-0.8700,1.4943,0.0271,-0.0078,-0.7832,0.1628,-0.0659,0.0116,0.1202,0.0698,0.6436,-0.0388,0.5000,-0.2000,-1.5772,0.9722,-1.1689,-0.4827,0.2000,1.2819,-0.9239,1.4414,123.6594,-4.0830,4.9859,-6.4562,5.3772,-0.8268,6.4317,-2.3722,14.3165,6.7438,0.6389,0.17
4.0246,0.1000,0.0000,0.0000,0.0000,0.0000,0.0000,0.1118,0.6352,0.0645,0.0606,-0.0192,-0.9980,0.4973,-0.2316,-1.5327,0.9073,-1.1806,-0.4973,0.1796,1.2678,-0.8580,1.4946,-0.0000,-0.0000,-0.4885,0.6049,-0.1086,-0.0969,0.0853,0.1784,0.4420,-0.0039,0.5000,-0.2000,-1.5467,1.0200,-1.1813,-0.4794,0.2000,1.3022,-0.9276,1.4342,123.0363,-3.7935,4.8268,-6.3213,5.1513,-0.7943,6.4975,-2.4064,14.2098,6.6221,0.6667,0.17
4.0486,0.1000,0.0000,0.0000,0.0000,0.0000,0.0000,0.0822,0.3927,-0.0659,0.0691,-0.0229,-0.9973,0.4973,-0.2332,-1.5384,0.9237,-1.1849,-0.4966,0.1829,1.2729,-0.8492,1.4943,-0.0000,-0.0659,-0.1784,0.8336,-0.1784,0.0388,0.1124,0.1784,0.2482,-0.0543,0.5000,-0.2000,-1.5161,1.0621,-1.1931,-0.4756,0.2000,1.3226,-0.9306,1.4271,122.3934,-3.4957,4.6678,-6.1921,4.9081,-0.7557,6.5747,-2.4499,14.1160,6.5138,0.6944,0.17
4.0736,0.1000,0.0000,0.0000,0.0000,0.0000,0.0000,0.0856,0.1215,-0.3394,0.0725,-0.0269,-0.9970,0.4972,-0.2345,-1.5407,0.9442,-1.1883,-0.4952,0.1852,1.2775,-0.8461,1.4932,0.0194,-0.0853,0.0271,0.8879,-0.0698,0.1745,0.0194,0.1280,-0.0000,-0.0698,0.5000,-0.2000,-1.4856,1.0966,-1.2039,-0.4691,0.2000,1.3430,-0.9331,1.4200,121.8100,-3.1960,4.4966,-6.0462,4.6558,-0.6906,6.6755,-2.5137,14.0381,6.4023,0.7222,0.18
4.0976,0.1000,0.0000,0.0000,0.0000,0.0000,0.0000,0.0613,-0.0435,-0.6094,0.0711,-0.0284,-0.9971,0.4976,-0.2353,-1.5370,0.9682,-1.1907,-0.4924,0.1863,1.2812,-0.8478,1.4899,0.1318,0.0116,0.2326,0.8840,-0.0233,0.1473,0.0233,0.1318,-0.0814,-0.2404,0.5000,-0.2000,-1.4550,1.1217,-1.2136,-0.4592,0.2000,1.3633,-0.9348,1.4128,121.2722,-2.9243,4.3300,-5.8970,4.4129,-0.5922,6.7786,-2.5800,13.9566,6.3005,0.7500,0.17
4.1216,0.1000,0.0000,0.0000,0.0000,0.0000,0.0000,0.1283,0.0087,-0.6964,0.0719,-0.0318,-0.9969,0.4995,-0.2355,-1.5291,0.9882,-1.1908,-0.4876,0.1862,1.2861,-0.8520,1.4852,0.0969,-0.0155,0.2869,0.7134,-0.0194,0.2171,-0.0233,0.2443,-0.1745,-0.2986,0.5000,-0.2000,-1.4244,1.1364,-1.2221,-0.4510,0.2000,1.3837,-0.9358,1.4057,120.7349,-2.7240,4.2095,-5.7886,4.2309,-0.5103,6.8590,-2.6216,13.8707,6.2239,0.7778,0.17
4.1456,0.1000,0.0000,0.0000,0.0000,0.0000,0.0000,0.0634,-0.0184,-0.7365,0.0726,-0.0327,-0.9968,0.5010,-0.2353,-1.5195,1.0043,-1.1908,-0.4825,0.1858,1.2938,-0.8589,1.4784,0.0271,0.0465,0.4381,0.5777,-0.0078,0.2482,-0.0853,0.3645,-0.2637,-0.4188,0.5000,-0.2000,-1.3939,1.1398,-1.2293,-0.4444,0.2000,1.4041,-0.9360,1.3986,120.2076,-2.5942,4.0960,-5.6749,4.1024,-0.4440,6.9191,-2.6634,13.7857,6.1578,0.8056,0.17
4.1696,0.1000,0.0000,0.0000,0.0000,0.0000,0.0000,0.0409,-0.0744,-0.8474,0.0720,-0.0323,-0.9969,0.5028,-0.2352,-1.5061,1.0155,-1.1906,-0.4771,0.1850,1.3030,-0.8666,1.4707,0.1280,0.0310,0.6049,0.3916,-0.0194,0.1822,-0.0349,0.3994,-0.2947,-0.3800,0.5000,-0.2000,-1.3633,1.1318,-1.2352,-0.4373,0.2000,1.4244,-0.9355,1.3914,119.7630,-2.5035,4.0049,-5.5769,4.0039,-0.3726,6.9685,-2.7023,13.7155,6.1144,0.8333,0.17
4.1926,0.1000,0.0000,0.0000,0.0000,0.0000,0.0000,0.0637,-0.0455,-1.0057,0.0723,-0.0321,-0.9969,0.5039,-0.2352,-1.4899,1.0228,-1.1906,-0.4716,0.1841,1.3128,-0.8735,1.4629,0.1280,0.0388,0.7522,0.2365,-0.0078,0.2365,-0.0465,0.4575,-0.2443,-0.3839,0.5000,-0.2000,-1.3328,1.1129,-1.2398,-0.4310,0.2000,1.4448,-0.9342,1.3842,119.4454,-2.4698,3.9395,-5.4957,3.9643,-0.3105,7.0178,-2.7407,13.6640,6.0773,0.8611,0.17
4.2166,0.1000,0.0000,0.0000,0.0000,0.0000,0.0000,0.0582,-0.0023,-1.2078,0.0732,-0.0321,-0.9968,0.5042,-0.2353,-1.4681,1.0247,-1.1912,-0.4672,0.1825,1.3283,-0.8794,1.4541,-0.0543,0.0775,0.9344,0.0349,-0.0155,0.2094,-0.0388,0.5622,-0.2210,-0.4692,0.5000,-0.2000,-1.3022,1.0839,-1.2432,-0.4254,0.2000,1.4652,-0.9322,1.3742,119.2662,-2.5040,3.9021,-5.4312,3.9856,-0.2543,7.0516,-2.7724,13.6326,6.0566,0.8889,0.19
4.2406,0.1000,0.0000,0.0000,0.0000,0.0000,0.0000,0.0470,0.0915,-1.4430,0.0770,-0.0313,-0.9965,0.5049,-0.2356,-1.4455,1.0220,-1.1921,-0.4618,0.1813,1.3450,-0.8825,1.4449,0.0427,-0.0271,1.0585,-0.2249,-0.0349,0.2792,-0.0155,0.8065,-0.0620,-0.3877,0.5000,-0.2000,-1.2717,1.0461,-1.2456,-0.4214,0.2000,1.4856,-0.9295,1.3641,119.2681,-2.5995,3.9007,-5.3921,4.0552,-0.2137,7.0735,-2.8002,13.6241,6.0561,0.9167,0.18
4.2656,0.1000,0.0000,0.0000,0.0000,0.0000,0.0000,0.0614,0.1739,-1.6328,0.0827,-0.0311,-0.9961,0.5055,-0.2359,-1.4172,1.0146,-1.1938,-0.4555,0.1804,1.3651,-0.8832,1.4357,0.0427,-0.0233,1.1399,-0.3412,-0.0233,0.2714,-0.0465,0.8298,0.0271,-0.3800,0.5000,-0.2000,-1.2411,1.0014,-1.2472,-0.4194,0.2000,1.5059,-0.9262,1.3541,119.4649,-2.7735,3.9360,-5.3839,4.1955,-0.1942,7.0742,-2.8146,13.6418,6.0774,0.9444,0.18
4.2896,0.1000,0.0000,0.0000,0.0000,0.0000,0.0000,0.0478,0.2468,-1.7982,0.0902,-0.0308,-0.9954,0.5058,-0.2362,-1.3863,1.0014,-1.1966,-0.4496,0.1792,1.3857,-0.8823,1.4265,0.0427,0.0310,1.1981,-0.6824,-0.0465,0.2637,-0.0775,1.0275,0.0582,-0.4032,0.5000,-0.2000,-1.2106,0.9519,-1.2483,-0.4206,0.2000,1.5263,-0.9223,1.3440,119.8347,-3.0045,4.0047,-5.4083,4.3827,-0.2062,7.0637,-2.8251,13.6917,6.1227,0.9722,0.18
4.3146,0.1000,0.0000,0.0000,0.0000,0.0000,0.0000,0.0117,0.2949,-1.9081,0.0991,-0.0283,-0.9947,0.5060,-0.2364,-1.3521,0.9820,-1.1999,-0.4452,0.1787,1.4115,-0.8802,1.4160,0.0582,-0.0078,1.4269,-0.9034,-0.1163,0.1667,-0.0582,0.9693,0.1163,-0.4692,0.5000,-0.2000,-1.1800,0.9000,-1.2770,-0.4241,0.2000,1.5467,-0.9180,1.3340,120.3756,-3.3298,4.1208,-5.4780,4.6441,-0.2414,7.0032,-2.8090,13.7749,6.2064,0.0000,0.17
4.3386,0.1000,0.0000,0.0000,0.0000,0.0000,0.0000,-0.0381,0.4042,-1.9346,0.1099,-0.0246,-0.9936,0.5061,-0.2365,-1.3156,0.9549,-1.2071,-0.4420,0.1787,1.4366,-0.8762,1.4045,0.0078,-0.0000,1.4812,-1.2485,-0.4498,0.1241,0.0271,1.1399,0.2559,-0.5506,0.5000,-0.2000,-1.2004,0.9052,-1.2699,-0.4313,0.2000,1.5670,-0.9133,1.3239,121.0463,-3.7112,4.2772,-5.5871,4.9452,-0.3132,6.9231,-2.7743,13.8848,6.3110,0.0278,0.17
4.3636,0.1000,0.0000,0.0000,0.0000,0.0000,0.0000,-0.0440,0.4544,-1.8547,0.1210,-0.0200,-0.9925,0.5063,-0.2363,-1.2859,0.9314,-1.2148,-0.4403,0.1787,1.4645,-0.8701,1.3913,0.0698,0.0388,1.0469,-0.8802,-0.1939,0.0737,-0.0194,1.1361,0.2520,-0.5894,0.5000,-0.2000,-1.2207,0.9103,-1.2627,-0.4417,0.2000,1.5874,-0.9083,1.3139,121.8848,-4.1291,4.4348,-5.6887,5.2770,-0.4167,6.8439,-2.7443,14.0133,6.4026,0.0556,0.16
4.3876,0.1000,0.0000,0.0000,0.0000,0.0000,0.0000,-0.0397,0.5024,-1.7005,0.1326,-0.0139,-0.9911,0.5064,-0.2358,-1.2655,0.9127,-1.2189,-0.4408,0.1786,1.4902,-0.8646,1.3778,0.0504,0.0504,0.8259,-0.6049,-0.0892,0.0078,-0.0465,1.1322,0.1900,-0.6204,0.5000,-0.2000,-1.2411,0.9152,-1.2556,-0.4524,0.2000,1.6078,-0.9031,1.3038,122.7656,-4.5269,4.5976,-5.8033,5.5993,-0.5238,6.7581,-2.7076,14.1531,6.5006,0.0833,0.16
4.4116,0.1000,0.0000,0.0000,0.0000,0.0000,0.0000,-0.0272,0.6594,-1.5039,0.1461,-0.0073,-0.9892,0.5067,-0.2346,-1.2511,0.9010,-1.2194,-0.4432,0.1786,1.5174,-0.8607,1.3636,0.0388,0.1551,0.3606,-0.4149,0.0271,-0.0969,-0.0116,1.0740,0.1628,-0.6902,0.5000,-0.2000,-1.2615,0.9198,-1.2485,-0.4613,0.2000,1.6078,-0.9209,1.3562,123.6390,-4.9192,4.7634,-5.9193,5.9051,-0.6135,6.6606,-2.6555,14.2843,6.6020,0.1111,0.17
4.4346,0.1000,0.0000,0.0000,0.0000,0.0000,0.0000,-0.0063,0.7764,-1.2593,0.1631,-0.0007,-0.9866,0.5068,-0.2324,-1.2448,0.8928,-1.2183,-0.4463,0.1786,1.5432,-0.8593,1.3575,-0.0388,0.1280,0.1590,-0.2792,0.0892,-0.1667,-0.0039,1.0624,0.0039,0.0504,0.5000,-0.2000,-1.2819,0.9239,-1.2414,-0.4697,0.2000,1.5772,-0.9722,1.3689,124.4445,-5.2655,4.9270,-6.0456,6.1690,-0.6971,6.5547,-2.5853,14.3934,6.7119,0.1389,0.17
4.4596,0.1000,0.0000,0.0000,0.0000,0.0000,0.0000,-0.0168,0.7025,-0.9873,0.1774,0.0055,-0.9841,0.5069,-0.2299,-1.2423,0.8880,-1.2159,-0.4506,0.1783,1.5629,-0.8634,1.3600,0.0737,0.1667,0.0465,-0.0543,0.1822,-0.2016,-0.0582,0.7212,-0.2830,0.1202,0.5000,-0.2000,-1.3022,0.9276,-1.2342,-0.4783,0.2000,1.5467,-1.0200,1.3813,125.2289,-5.5963,5.0741,-6.1772,6.4317,-0.7832,6.4364,-2.5198,14.5237,6.8316,0.1667,0.17
4.4826,0.1000,0.0000,0.0000,0.0000,0.0000,0.0000,-0.0978,0.4806,-0.6059,0.1878,0.0130,-0.9821,0.5074,-0.2272,-1.2412,0.8867,-1.2123,-0.4552,0.1780,1.5757,-0.8739,1.3655,0.0194,0.1590,-0.0271,0.0388,0.2559,-0.1396,-0.0310,0.3606,-0.6010,0.2637,0.5000,-0.2000,-1.3226,0.9306,-1.2271,-0.4878,0.2000,1.5161,-1.0621,1.3931,125.9119,-5.9146,5.2223,-6.3221,6.6766,-0.8779,6.3032,-2.4434,14.6408,6.9613,0.1944,0.17
4.5066,0.1000,0.0000,0.0000,0.0000,0.0000,0.0000,-0.1339,0.2467,-0.1133,0.1917,0.0183,-0.9813,0.5083,-0.2249,-1.2412,0.8886,-1.2091,-0.4611,0.1780,1.5805,-0.8918,1.3748,0.0737,0.0775,-0.0155,0.1473,0.2171,-0.2947,-0.0427,0.0620,-0.8491,0.4963,0.5000,-0.2000,-1.3430,0.9331,-1.2200,-0.4970,0.2000,1.4856,-1.0966,1.4039,126.4468,-6.1893,5.3735,-6.4892,6.8846,-0.9697,6.1656,-2.3612,14.7408,7.0967,0.2222,0.17
4.5296,0.1000,0.0000,0.0000,0.0000,0.0000,0.0000,-0.2028,0.0893,0.4081,0.1920,0.0222,-0.9812,0.5099,-0.2236,-1.2432,0.8928,-1.2062,-0.4688,0.1783,1.5787,-0.9129,1.3870,0.0620,0.0233,-0.2094,0.2171,0.1628,-0.3024,-0.0427,-0.1784,-0.9887,0.6087,0.5000,-0.2000,-1.3633,0.9348,-1.2128,-0.5000,0.2000,1.4550,-1.1217,1.4136,126.8451,-6.4576,5.5189,-6.6479,7.0696,-1.0573,6.0343,-2.2773,14.8066,7.2227,0.2500,0.17
4.5536,0.1000,0.0000,0.0000,0.0000,0.0000,0.0000,-0.2506,0.0939,0.8283,0.1922,0.0246,-0.9810,0.5110,-0.2229,-1.2483,0.8986,-1.2028,-0.4779,0.1786,1.5696,-0.9351,1.4018,0.1706,0.0388,-0.3063,0.3412,0.1047,-0.3994,-0.0814,-0.4692,-0.8104,0.5855,0.5000,-0.2000,-1.3837,0.9358,-1.2057,-0.5000,0.2000,1.4244,-1.1364,1.4221,127.1757,-6.7109,5.6543,-6.7944,7.2294,-1.1210,5.9248,-2.2032,14.8529,7.3340,0.2778,0.17
4.5776,0.1000,0.0000,0.0000,0.0000,0.0000,0.0000,-0.2842,0.1364,1.1433,0.1943,0.0268,-0.9806,0.5118,-0.2228,-1.2565,0.9049,-1.1991,-0.4884,0.1789,1.5563,-0.9551,1.4177,0.0543,-0.0039,-0.3916,0.3218,0.2288,-0.4459,-0.0969,-0.6359,-0.8491,0.6553,0.5000,-0.2000,-1.4041,0.9360,-1.1986,-0.5000,0.2000,1.3939,-1.1398,1.4293,127.4526,-6.9261,5.7676,-6.9116,7.3686,-1.1763,5.8355,-2.1411,14.8915,7.4203,0.3056,0.16
4.6006,0.1000,0.0000,0.0000,0.0000,0.0000,0.0000,-0.2899,0.1785,1.3736,0.1971,0.0277,-0.9800,0.5140,-0.2233,-1.2673,0.9104,-1.1956,-0.4971,0.1788,1.5390,-0.9711,1.4321,0.1551,-0.0659,-0.6204,0.3024,0.2016,-0.3528,-0.0543,-1.0120,-0.6165,0.5583,0.5000,-0.2000,-1.4244,0.9355,-1.1914,-0.5000,0.2000,1.3633,-1.1318,1.4352,127.7071,-7.0857,5.8699,-7.0169,7.4627,-1.2151,5.7634,-2.0822,14.9173,7.4988,0.3333,0.16
4.6236,0.1000,0.0000,0.0000,0.0000,0.0000,0.0000,-0.3279,0.3342,1.5932,0.2032,0.0276,-0.9787,0.5156,-0.2244,-1.2817,0.9143,-1.1914,-0.5034,0.1783,1.5179,-0.9833,1.4462,0.0737,-0.0116,-0.7212,0.2171,0.2404,-0.2443,-0.0814,-1.0081,-0.4459,0.5777,0.5000,-0.2000,-1.4448,0.9342,-1.1842,-0.5000,0.2000,1.3328,-1.1129,1.4398,127.8786,-7.1937,5.9445,-7.0975,7.5257,-1.2550,5.7178,-2.0366,14.9259,7.5492,0.3611,0.16
4.6466,0.1000,0.0000,0.0000,0.0000,0.0000,0.0000,-0.3394,0.5145,1.7783,0.2135,0.0268,-0.9766,0.5171,-0.2260,-1.2992,0.9163,-1.1863,-0.5083,0.1772,1.4936,-0.9895,1.4583,0.0155,-0.0659,-0.9073,0.1008,0.2792,-0.1163,-0.1008,-1.1826,-0.0853,0.5312,0.5000,-0.2000,-1.4652,0.9322,-1.1742,-0.5000,0.2000,1.3022,-1.0839,1.4432,127.9781,-7.2765,6.0138,-7.1722,7.5686,-1.2937,5.6770,-1.9881,14.9154,7.5927,0.3889,0.17
4.6716,0.1000,0.0000,0.0000,0.0000,0.0000,0.0000,-0.3475,0.7081,2.0093,0.2279,0.0249,-0.9734,0.5187,-0.2282,-1.3205,0.9161,-1.1794,-0.5130,0.1756,1.4654,-0.9905,1.4693,0.0698,-0.0698,-0.9228,0.0271,0.3645,-0.1086,-0.0737,-1.2834,0.0775,0.4459,0.5000,-0.2000,-1.4856,0.9295,-1.1641,-0.5000,0.2000,1.2717,-1.0461,1.4456,127.9754,-7.3206,6.0608,-7.2314,7.6032,-1.3481,5.6435,-1.9480,14.8934,7.6189,0.4167,0.20
4.6966,0.1000,0.0000,0.0000,0.0000,0.0000,0.0000,-0.3212,0.6909,2.1973,0.2534,0.0201,-0.9672,0.5195,-0.2299,-1.3463,0.9145,-1.1711,-0.5165,0.1730,1.4296,-0.9870,1.4782,-0.0194,-0.0388,-0.9732,-0.0233,0.3412,-0.0659,-0.1202,-1.5044,0.1900,0.2947,0.5000,-0.2000,-1.5059,0.9262,-1.1541,-0.5000,0.2000,1.2411,-1.0014,1.4472,127.8446,-7.3044,6.0808,-7.2684,7.6144,-1.4260,5.6225,-1.9158,14.8576,7.6198,0.4444,0.18
4.7216,0.1000,0.0000,0.0000,0.0000,0.0000,0.0000,-0.3022,0.5557,2.3576,0.2717,0.0121,-0.9623,0.5203,-0.2316,-1.3685,0.9124,-1.1629,-0.5190,0.1702,1.3953,-0.9802,1.4829,0.0465,-0.0737,-0.9732,-0.1163,0.3684,-0.0310,-0.1202,-1.6634,0.3800,0.1435,0.5000,-0.2000,-1.5263,0.9223,-1.1440,-0.5000,0.2000,1.2106,-0.9519,1.4483,127.6012,-7.2230,6.0819,-7.2942,7.5747,-1.5065,5.6144,-1.8962,14.8122,7.6139,0.4722,0.18
4.7446,0.1000,0.0000,0.0000,0.0000,0.0000,0.0000,-0.3456,0.3300,2.4528,0.2871,0.0024,-0.9579,0.5214,-0.2328,-1.3946,0.9097,-1.1537,-0.5195,0.1691,1.3522,-0.9699,1.4831,0.0078,-0.0349,-0.9577,-0.0543,0.2869,0.0543,-0.0155,-1.7022,0.6087,-0.0620,0.5000,-0.2000,-1.5467,0.9180,-1.1340,-0.5000,0.2000,1.1800,-0.9000,1.4770,127.2193,-7.0606,6.0350,-7.2687,7.4937,-1.5863,5.6400,-1.9040,14.7464,7.5583,0.5000,0.18
4.7696,0.1000,0.0000,0.0000,0.0000,0.0000,0.0000,-0.3488,-0.0072,2.5378,0.2953,-0.0096,-0.9554,0.5224,-0.2332,-1.4160,0.9073,-1.1451,-0.5175,0.1691,1.3127,-0.9583,1.4826,0.0698,-0.0465,-1.1051,-0.0698,0.4614,0.1008,0.0233,-1.9309,0.5312,-0.0388,0.5000,-0.2000,-1.5670,0.9133,-1.1239,-0.5000,0.2000,1.2004,-0.9052,1.4699,126.7437,-6.8254,5.9682,-7.2260,7.3602,-1.6587,5.6807,-1.9202,14.6617,7.4960,0.5278,0.17
4.7936,0.1000,0.0000,0.0000,0.0000,0.0000,0.0000,-0.3575,-0.2666,2.5767,0.2964,-0.0242,-0.9547,0.5231,-0.2328,-1.4415,0.9033,-1.1346,-0.5141,0.1698,1.2698,-0.9520,1.4810,0.0310,0.0155,-0.9616,-0.2016,0.4614,0.1357,0.0543,-1.4269,0.0271,-0.1202,0.5000,-0.2000,-1.5874,0.9083,-1.1139,-0.5000,0.2000,1.2207,-0.9103,1.4627,126.1065,-6.4892,5.8462,-7.1370,7.1838,-1.7160,5.7649,-1.9741,14.5814,7.3838,0.5556,0.17
4.8176,0.1000,0.0000,0.0000,0.0000,0.0000,0.0000,-0.4064,-0.3246,2.4873,0.2954,-0.0358,-0.9547,0.5230,-0.2316,-1.4625,0.8971,-1.1250,-0.5110,0.1708,1.2427,-0.9517,1.4778,0.0078,0.1008,-0.9616,-0.3567,0.4808,0.1706,-0.0194,-1.0081,-0.0039,-0.1822,0.5000,-0.2000,-1.6078,0.9031,-1.1038,-0.5000,0.2000,1.2411,-0.9152,1.4556,125.3773,-6.1552,5.7220,-7.0415,6.9614,-1.7139,5.8437,-2.0166,14.4745,7.2735,0.5833,0.17
4.8416,0.1000,0.0000,0.0000,0.0000,0.0000,0.0000,-0.5525,-0.3426,2.2522,0.2920,-0.0421,-0.9555,0.5225,-0.2288,-1.4890,0.8870,-1.1128,-0.5072,0.1729,1.2247,-0.9527,1.4732,0.0271,0.1822,-1.0702,-0.3257,0.5428,0.2094,0.1241,-0.5739,-0.0000,-0.2598,0.5000,-0.2000,-1.6078,0.9209,-1.1562,-0.5000,0.2000,1.2615,-0.9198,1.4485,124.6025,-5.7715,5.5491,-6.8816,6.6952,-1.6652,5.9376,-2.0847,14.3738,7.1217,0.6111,0.17
4.8656,0.1000,0.0000,0.0000,0.0000,0.0000,0.0000,-0.5560,-0.2480,1.9352,0.2892,-0.0425,-0.9563,0.5219,-0.2256,-1.5127,0.8783,-1.1091,-0.5030,0.1760,1.2169,-0.9532,1.4691,0.0427,0.2249,-1.0353,-0.2482,-0.2171,0.2133,0.1396,-0.2559,-0.0078,-0.1357,0.5000,-0.2000,-1.5772,0.9722,-1.1689,-0.5000,0.2000,1.2819,-0.9239,1.4414,123.7479,-5.3051,5.3676,-6.7193,6.3641,-1.5564,6.0375,-2.1372,14.2520,6.9617,0.6389,0.18
4.8906,0.1000,0.0000,0.0000,0.0000,0.0000,0.0000,-0.3171,-0.2936,1.5447,0.2837,-0.0412,-0.9580,0.5197,-0.2214,-1.5332,0.8739,-1.1189,-0.4998,0.1789,1.2162,-0.9527,1.4660,-0.2171,0.2133,-0.8685,-0.0155,-0.5622,0.1086,0.0116,0.1086,0.0078,-0.0853,0.5000,-0.2000,-1.5467,1.0200,-1.1813,-0.5000,0.2000,1.3022,-0.9276,1.4342,122.8610,-4.7610,5.1597,-6.5599,5.9725,-1.4387,6.1707,-2.2070,14.1522,6.7880,0.6667,0.17
4.9136,0.1000,0.0000,0.0000,0.0000,0.0000,0.0000,-0.1386,-0.8002,0.7889,0.2680,-0.0409,-0.9625,0.5127,-0.2164,-1.5475,0.8790,-1.1340,-0.4977,0.1790,1.2186,-0.9534,1.4623,-0.1745,0.2171,-0.5312,0.5002,-0.6902,0.1086,-0.0892,0.1512,-0.0775,-0.2365,0.5000,-0.2000,-1.5161,1.0621,-1.1931,-0.5000,0.2000,1.3226,-0.9306,1.4271,122.0878,-4.1621,4.8989,-6.3364,5.5244,-1.2696,6.3221,-2.3159,14.0833,6.5952,0.6944,0.17
4.9366,0.1000,0.0000,0.0000,0.0000,0.0000,0.0000,-0.3101,-1.3934,-0.1496,0.2393,-0.0288,-0.9705,0.5080,-0.2133,-1.5530,0.8936,-1.1497,-0.4971,0.1791,1.2226,-0.9579,1.4550,-0.0814,0.1086,-0.0465,0.7600,-0.7173,0.0039,0.0543,0.1939,-0.2094,-0.4110,0.5000,-0.2000,-1.4856,1.0966,-1.2039,-0.5000,0.2000,1.3430,-0.9331,1.4200,121.4973,-3.6295,4.6200,-6.0580,5.0699,-1.0216,6.4676,-2.4383,14.0026,6.4135,0.7222,0.20
4.9606,0.1000,0.0000,0.0000,0.0000,0.0000,0.0000,-0.1416,-1.5479,-0.9065,0.2051,-0.0169,-0.9786,0.5060,-0.2122,-1.5503,0.9182,-1.1652,-0.4972,0.1790,1.2304,-0.9616,1.4468,0.0078,-0.0078,0.1435,1.0973,-0.6320,0.0078,-0.0388,0.3684,-0.1241,-0.3722,0.5000,-0.2000,-1.4550,1.1217,-1.2136,-0.4766,0.2000,1.3633,-0.9348,1.4128,121.0850,-3.1107,4.3813,-5.8472,4.6239,-0.7662,6.6677,-2.5548,13.9374,6.2463,0.7500,0.19
4.9836,0.1000,0.0000,0.0000,0.0000,0.0000,0.0000,-0.0705,-1.5766,-1.5205,0.1682,-0.0062,-0.9857,0.5060,-0.2122,-1.5430,0.9440,-1.1760,-0.4960,0.1789,1.2400,-0.9622,1.4412,0.0388,-0.0116,0.4149,1.2252,-0.4188,0.0388,0.0000,0.5041,0.0233,-0.2598,0.5000,-0.2000,-1.4244,1.1364,-1.2221,-0.4523,0.2000,1.3837,-0.9358,1.4057,120.7957,-2.6954,4.1680,-5.6568,4.2418,-0.5231,6.8476,-2.6612,13.8679,6.1225,0.7778,0.18
5.0086,0.1000,0.0000,0.0000,0.0000,0.0000,0.0000,0.0454,-1.4533,-1.9689,0.1337,0.0025,-0.9910,0.5063,-0.2129,-1.5294,0.9693,-1.1843,-0.4921,0.1790,1.2546,-0.9600,1.4375,0.0388,0.0310,0.6514,1.0857,-0.2986,0.3296,-0.0659,0.5661,0.2016,-0.1163,0.5000,-0.2000,-1.3939,1.1398,-1.2293,-0.4312,0.2000,1.4041,-0.9360,1.3986,120.5964,-2.3818,4.0041,-5.5152,3.9423,-0.3122,7.0089,-2.7493,13.8088,6.0428,0.8056,0.19
5.0325,0.1000,0.0000,0.0000,0.0000,0.0000,0.0000,0.1361,-1.1209,-2.2678,0.1028,0.0055,-0.9947,0.5062,-0.2150,-1.5125,0.9942,-1.1895,-0.4825,0.1790,1.2735,-0.9538,1.4364,-0.0349,-0.0814,0.6204,0.8375,-0.1473,0.4498,-0.0233,0.7445,0.3994,0.0116,0.5000,-0.2000,-1.3633,1.1318,-1.2352,-0.4130,0.2000,1.4244,-0.9355,1.3914,120.4559,-2.1932,3.8872,-5.4037,3.7397,-0.1301,7.1294,-2.8163,13.7648,5.9887,0.8333,0.19
5.0555,0.1000,0.0000,0.0000,0.0000,0.0000,0.0000,0.2397,-0.9882,-2.5142,0.0778,0.0038,-0.9970,0.5063,-0.2178,-1.4965,1.0096,-1.1927,-0.4705,0.1794,1.2922,-0.9443,1.4363,0.0388,-0.1047,0.8491,0.6475,-0.1163,0.5816,-0.0233,0.8724,0.5661,-0.0388,0.5000,-0.2000,-1.3328,1.1129,-1.2398,-0.3991,0.2000,1.4448,-0.9342,1.3842,120.3900,-2.0479,3.7802,-5.3164,3.5950,0.0094,7.2499,-2.8885,13.7449,5.9537,0.8611,0.18
5.0795,0.1000,0.0000,0.0000,0.0000,0.0000,0.0000,0.2988,-0.8822,-2.6318,0.0555,-0.0026,-0.9985,0.5063,-0.2210,-1.4746,1.0209,-1.1965,-0.4572,0.1799,1.3152,-0.9312,1.4361,-0.0233,-0.1396,0.9344,0.3800,-0.1473,0.6630,-0.0078,0.9500,0.6243,-0.0233,0.5000,-0.2000,-1.3022,1.0839,-1.2432,-0.3887,0.2000,1.4652,-0.9322,1.3742,120.3562,-1.9948,3.7167,-5.2649,3.5247,0.1133,7.3209,-2.9315,13.7297,5.9522,0.8889,0.19
5.1035,0.1000,0.0000,0.0000,0.0000,0.0000,0.0000,0.2763,-0.7375,-2.7138,0.0364,-0.0106,-0.9993,0.5062,-0.2245,-1.4491,1.0243,-1.2002,-0.4433,0.1807,1.3383,-0.9168,1.4337,-0.0194,-0.1977,1.0740,0.0078,-0.1435,0.5351,0.0233,0.9616,0.7057,-0.2133,0.5000,-0.2000,-1.2717,1.0461,-1.2456,-0.3816,0.2000,1.4856,-0.9295,1.3641,120.4101,-2.0536,3.6946,-5.2400,3.5505,0.1844,7.3549,-2.9638,13.7395,5.9728,0.9167,0.17
5.1276,0.1000,0.0000,0.0000,0.0000,0.0000,0.0000,0.1088,-0.6557,-2.6435,0.0200,-0.0164,-0.9997,0.5058,-0.2283,-1.4211,1.0213,-1.2044,-0.4284,0.1814,1.3622,-0.9021,1.4225,0.0233,-0.1745,1.1671,-0.2637,-0.0853,0.7600,0.0271,1.0508,0.5467,-0.7910,0.5000,-0.2000,-1.2411,1.0014,-1.2472,-0.3810,0.2000,1.5059,-0.9262,1.3541,120.5317,-2.2276,3.7071,-5.2285,3.6910,0.1900,7.3564,-2.9879,13.7631,5.9971,0.9444,0.17
5.1525,0.1000,0.0000,0.0000,0.0000,0.0000,0.0000,-0.1153,-0.6477,-2.1822,0.0014,-0.0167,-0.9999,0.5048,-0.2322,-1.3914,1.0119,-1.2087,-0.4118,0.1821,1.3880,-0.8938,1.4011,-0.0969,-0.1318,1.1904,-0.5583,-0.1977,0.7910,0.0000,0.9500,0.2482,-1.0004,0.5000,-0.2000,-1.2106,0.9519,-1.2483,-0.3857,0.2000,1.5263,-0.9223,1.3440,120.5474,-2.4758,3.7812,-5.2778,3.8830,0.1430,7.2832,-2.9582,13.7756,6.0675,0.9722,0.18
5.1765,0.1000,0.0000,0.0000,0.0000,0.0000,0.0000,-0.0704,-0.6775,-1.5041,-0.0204,-0.0212,-0.9996,0.5017,-0.2339,-1.3619,0.9947,-1.2134,-0.3996,0.1827,1.4129,-0.8908,1.3771,0.0427,-0.0000,1.1981,-0.9849,-0.1861,0.3722,0.0000,0.9034,-0.0039,-0.9887,0.5000,-0.2000,-1.1800,0.9000,-1.2770,-0.3948,0.2000,1.5467,-0.9180,1.3340,120.4484,-2.7015,3.8911,-5.4087,4.0506,0.0518,7.1915,-2.9087,13.8142,6.1850,0.0000,0.17
5.2006,0.1000,0.0000,0.0000,0.0000,0.0000,0.0000,-0.2684,-0.5554,-0.9765,-0.0407,-0.0205,-0.9990,0.5000,-0.2338,-1.3313,0.9685,-1.2199,-0.3935,0.1839,1.4316,-0.8910,1.3544,-0.0698,-0.0155,1.2795,-1.3959,-0.3451,0.0620,-0.0039,0.8375,0.0116,-0.8995,0.5000,-0.2000,-1.2004,0.9052,-1.2699,-0.4057,0.2000,1.5670,-0.9133,1.3239,120.3527,-3.0700,4.0431,-5.5314,4.3301,-0.0574,7.0329,-2.8397,13.8407,6.2978,0.0278,0.19
5.2255,0.1000,0.0000,0.0000,0.0000,0.0000,0.0000,-0.2472,-0.3688,-0.5517,-0.0543,-0.0165,-0.9984,0.4994,-0.2340,-1.3060,0.9395,-1.2267,-0.3928,0.1857,1.4527,-0.8902,1.3311,0.0582,0.0465,0.7096,-1.0081,-0.1396,0.0310,-0.0233,0.6281,0.1047,-1.0159,0.5000,-0.2000,-1.2207,0.9103,-1.2627,-0.4188,0.2000,1.5874,-0.9083,1.3139,120.4753,-3.4655,4.2054,-5.6477,4.6510,-0.1883,6.9113,-2.7842,13.8922,6.3812,0.0556,0.18
5.2495,0.1000,0.0000,0.0000,0.0000,0.0000,0.0000,-0.1755,-0.0893,-0.1207,-0.0605,-0.0141,-0.9981,0.4990,-0.2347,-1.2936,0.9170,-1.2286,-0.3944,0.1869,1.4694,-0.8889,1.3109,-0.0388,0.0233,0.3024,-0.7445,0.0388,-0.1124,0.0039,0.6281,0.0504,-0.7134,0.5000,-0.2000,-1.2411,0.9152,-1.2556,-0.4321,0.2000,1.6078,-0.9031,1.3038,120.6725,-3.8240,4.3707,-5.7686,4.9561,-0.3206,6.8024,-2.7250,13.9366,6.4577,0.0833,0.17
5.2735,0.1000,0.0000,0.0000,0.0000,0.0000,0.0000,-0.1122,0.1015,0.1746,-0.0606,-0.0129,-0.9981,0.4981,-0.2349,-1.2911,0.8989,-1.2281,-0.3997,0.1872,1.4850,-0.8888,1.2949,-0.0000,0.0116,-0.0427,-0.6553,0.0659,-0.2637,-0.0116,0.6514,0.0465,-0.6126,0.5000,-0.2000,-1.2615,0.9198,-1.2485,-0.4428,0.2000,1.6078,-0.9209,1.3562,120.9430,-4.1341,4.5182,-5.8806,5.2184,-0.4282,6.7009,-2.6732,13.9940,6.5361,0.1111,0.18
5.2986,0.1000,0.0000,0.0000,0.0000,0.0000,0.0000,-0.1371,0.1526,0.2673,-0.0584,-0.0095,-0.9983,0.4971,-0.2343,-1.2937,0.8852,-1.2263,-0.4055,0.1869,1.5006,-0.8915,1.2890,-0.0427,0.0853,-0.1435,-0.4614,0.1318,-0.2714,-0.0271,0.5118,-0.2055,-0.0427,0.5000,-0.2000,-1.2819,0.9239,-1.2414,-0.4496,0.2000,1.5772,-0.9722,1.3689,121.3175,-4.4033,4.6353,-5.9555,5.4477,-0.4955,6.6076,-2.6287,14.0480,6.6004,0.1389,0.17
5.3236,0.1000,0.0000,0.0000,0.0000,0.0000,0.0000,-0.1972,0.0803,0.2448,-0.0560,-0.0032,-0.9984,0.4963,-0.2333,-1.2995,0.8748,-1.2242,-0.4127,0.1864,1.5087,-0.9022,1.2920,-0.0039,0.1396,-0.2986,-0.3955,0.1512,-0.2714,-0.0931,0.2947,-0.5932,0.2482,0.5000,-0.2000,-1.3022,0.9276,-1.2342,-0.4527,0.2000,1.5467,-1.0200,1.3813,121.8140,-4.6303,4.7362,-6.0158,5.6474,-0.5268,6.5232,-2.5947,14.1267,6.6612,0.1667,0.17
5.3475,0.1000,0.0000,0.0000,0.0000,0.0000,0.0000,-0.1435,-0.1749,0.3006,-0.0598,0.0024,-0.9982,0.4960,-0.2322,-1.3046,0.8688,-1.2235,-0.4192,0.1859,1.5126,-0.9204,1.2989,0.0310,0.0543,-0.1396,-0.1202,0.0427,-0.1977,-0.0582,0.0349,-0.9577,0.3024,0.5000,-0.2000,-1.3226,0.9306,-1.2271,-0.4544,0.2000,1.5161,-1.0621,1.3931,122.3415,-4.7973,4.8359,-6.1073,5.8024,-0.5436,6.4412,-2.5552,14.2226,6.7359,0.1944,0.17
5.3705,0.1000,0.0000,0.0000,0.0000,0.0000,0.0000,-0.1335,-0.3896,0.3791,-0.0683,0.0073,-0.9976,0.4954,-0.2312,-1.3087,0.8683,-1.2234,-0.4234,0.1853,1.5129,-0.9436,1.3080,-0.0000,0.0698,-0.1163,0.0388,0.0427,-0.2094,-0.0388,-0.0969,-1.0895,0.4653,0.5000,-0.2000,-1.3430,0.9331,-1.2200,-0.4536,0.2000,1.4856,-1.0966,1.4039,122.8457,-4.9406,4.9286,-6.1984,5.9091,-0.5360,6.3675,-2.5143,14.3024,6.8132,0.2222,0.16
5.3935,0.1000,0.0000,0.0000,0.0000,0.0000,0.0000,-0.1198,-0.5800,0.4621,-0.0806,0.0132,-0.9967,0.4944,-0.2299,-1.3126,0.8693,-1.2235,-0.4274,0.1846,1.5093,-0.9695,1.3190,-0.0543,0.0814,-0.1396,0.1163,0.0543,-0.1163,-0.0078,-0.3102,-1.1399,0.4537,0.5000,-0.2000,-1.3633,0.9348,-1.2128,-0.4513,0.2000,1.4550,-1.1217,1.4136,123.3255,-5.0652,5.0175,-6.2909,5.9882,-0.5126,6.3028,-2.4756,14.3771,6.8915,0.2500,0.16
5.4175,0.1000,0.0000,0.0000,0.0000,0.0000,0.0000,-0.0814,-0.6975,0.4971,-0.0970,0.0174,-0.9951,0.4936,-0.2288,-1.3161,0.8729,-1.2235,-0.4305,0.1833,1.5008,-0.9966,1.3320,-0.0039,0.0233,-0.1745,0.3335,0.0349,-0.1086,-0.0155,-0.4537,-1.1089,0.5351,0.5000,-0.2000,-1.3837,0.9358,-1.2057,-0.4469,0.2000,1.4244,-1.1364,1.4221,123.7906,-5.1560,5.0997,-6.3766,6.0393,-0.4692,6.2524,-2.4429,14.4447,6.9566,0.2778,0.17
5.4415,0.1000,0.0000,0.0000,0.0000,0.0000,0.0000,-0.0441,-0.6402,0.5465,-0.1125,0.0223,-0.9934,0.4932,-0.2280,-1.3189,0.8791,-1.2237,-0.4326,0.1817,1.4899,-1.0203,1.3454,0.0853,0.0310,-0.1357,0.3761,0.0349,-0.0737,-0.0620,-0.4343,-0.9306,0.4885,0.5000,-0.2000,-1.4041,0.9360,-1.1986,-0.4423,0.2000,1.3939,-1.1398,1.4293,124.2166,-5.2341,5.1817,-6.4681,6.0707,-0.4230,6.2174,-2.4122,14.4987,7.0212,0.3056,0.16
5.4665,0.1000,0.0000,0.0000,0.0000,0.0000,0.0000,0.0186,-0.5602,0.6343,-0.1258,0.0260,-0.9917,0.4930,-0.2276,-1.3229,0.8866,-1.2240,-0.4334,0.1807,1.4769,-1.0387,1.3586,0.0582,0.0388,-0.2288,0.3335,-0.0310,0.0465,-0.0582,-0.6824,-0.6165,0.5467,0.5000,-0.2000,-1.4244,0.9355,-1.1914,-0.4378,0.2000,1.3633,-1.1318,1.4352,124.5781,-5.2928,5.2616,-6.5621,6.0731,-0.3777,6.1888,-2.3714,14.5252,7.0879,0.3333,0.18
5.4906,0.1000,0.0000,0.0000,0.0000,0.0000,0.0000,0.0698,-0.5161,0.7399,-0.1387,0.0286,-0.9899,0.4929,-0.2275,-1.3296,0.8944,-1.2244,-0.4330,0.1798,1.4615,-1.0513,1.3710,0.0698,0.0931,-0.3877,0.3218,0.0078,0.0427,-0.0233,-0.7483,-0.3141,0.4885,0.5000,-0.2000,-1.4448,0.9342,-1.1842,-0.4341,0.2000,1.3328,-1.1129,1.4398,124.8506,-5.2953,5.3117,-6.6357,6.0356,-0.3406,6.1775,-2.3458,14.5482,7.1352,0.3611,0.17
5.5155,0.1000,0.0000,0.0000,0.0000,0.0000,0.0000,0.1509,-0.4163,0.8441,-0.1490,0.0296,-0.9884,0.4927,-0.2273,-1.3391,0.9025,-1.2255,-0.4324,0.1789,1.4413,-1.0563,1.3834,0.0271,0.0620,-0.3877,0.3955,-0.0931,0.1008,-0.1124,-0.8414,0.0078,0.5312,0.5000,-0.2000,-1.4652,0.9322,-1.1742,-0.4316,0.2000,1.3022,-1.0839,1.4432,125.0141,-5.2656,5.3530,-6.7028,5.9839,-0.3159,6.1728,-2.3192,14.5470,7.1685,0.3889,0.17
5.5395,0.1000,0.0000,0.0000,0.0000,0.0000,0.0000,0.2094,-0.2952,0.8952,-0.1567,0.0295,-0.9872,0.4919,-0.2273,-1.3501,0.9095,-1.2263,-0.4316,0.1784,1.4176,-1.0538,1.3937,0.0620,0.0892,-0.5002,0.3063,-0.0388,0.1086,-0.0194,-0.9926,0.3024,0.3839,0.5000,-0.2000,-1.4856,0.9295,-1.1641,-0.4301,0.2000,1.2717,-1.0461,1.4456,125.1023,-5.2075,5.3739,-6.7438,5.9171,-0.3010,6.1771,-2.3030,14.5393,7.1880,0.4167,0.17
5.5645,0.1000,0.0000,0.0000,0.0000,0.0000,0.0000,0.2518,-0.2016,0.9061,-0.1624,0.0282,-0.9863,0.4912,-0.2274,-1.3647,0.9159,-1.2268,-0.4310,0.1780,1.3925,-1.0440,1.4025,-0.0155,0.0620,-0.5273,0.3024,0.0233,0.1086,-0.0582,-1.0391,0.6243,0.3684,0.5000,-0.2000,-1.5059,0.9262,-1.1541,-0.4296,0.2000,1.2411,-1.0014,1.4472,125.0966,-5.0976,5.3691,-6.7602,5.8257,-0.2963,6.1979,-2.2989,14.5236,7.1789,0.4444,0.19
5.5885,0.1000,0.0000,0.0000,0.0000,0.0000,0.0000,0.2863,-0.0434,0.9172,-0.1649,0.0259,-0.9860,0.4908,-0.2275,-1.3781,0.9207,-1.2267,-0.4305,0.1779,1.3690,-1.0281,1.4097,0.0233,0.0582,-0.6747,0.1939,0.0078,-0.0116,-0.0465,-1.1167,0.8763,0.2792,0.5000,-0.2000,-1.5263,0.9223,-1.1440,-0.4292,0.2000,1.2106,-0.9519,1.4483,125.0011,-4.9659,5.3537,-6.7636,5.7189,-0.2921,6.2195,-2.2921,14.4897,7.1625,0.4722,0.17
5.6135,0.1000,0.0000,0.0000,0.0000,0.0000,0.0000,0.3379,0.1504,0.9028,-0.1630,0.0220,-0.9864,0.4907,-0.2276,-1.3965,0.9247,-1.2260,-0.4301,0.1779,1.3386,-1.0019,1.4167,-0.0504,0.0349,-0.6669,0.1667,0.0582,0.0427,-0.0388,-1.1477,1.2408,0.2288,0.5000,-0.2000,-1.5467,0.9180,-1.1340,-0.4323,0.2000,1.1800,-0.9000,1.4770,124.8217,-4.8036,5.3184,-6.7475,5.6156,-0.3228,6.2663,-2.3005,14.4476,7.1187,0.5000,0.17
5.6385,0.1000,0.0000,0.0000,0.0000,0.0000,0.0000,0.3757,0.3189,0.8995,-0.1570,0.0170,-0.9874,0.4908,-0.2276,-1.4150,0.9267,-1.2239,-0.4301,0.1779,1.3087,-0.9698,1.4254,0.0659,0.0737,-0.7910,0.0659,0.1512,0.0271,-0.0116,-1.3222,1.4734,0.4575,0.5000,-0.2000,-1.5670,0.9133,-1.1239,-0.4369,0.2000,1.2004,-0.9052,1.4699,124.5678,-4.6170,5.2708,-6.7183,5.4949,-0.3692,6.3146,-2.3074,14.3840,7.0731,0.5278,0.17
5.6625,0.1000,0.0000,0.0000,0.0000,0.0000,0.0000,0.3974,0.5070,0.8953,-0.1472,0.0104,-0.9891,0.4909,-0.2276,-1.4345,0.9268,-1.2209,-0.4309,0.1780,1.2846,-0.9401,1.4344,-0.0000,0.0465,-0.8724,0.0271,0.2598,-0.0620,-0.0271,-0.8336,1.1167,0.2365,0.5000,-0.2000,-1.5874,0.9083,-1.1139,-0.4438,0.2000,1.2207,-0.9103,1.4627,124.1984,-4.4053,5.1885,-6.6583,5.3904,-0.4377,6.3740,-2.3364,14.3428,6.9910,0.5556,0.17
5.6875,0.1000,0.0000,0.0000,0.0000,0.0000,0.0000,0.3245,0.6780,0.9019,-0.1334,0.0052,-0.9910,0.4910,-0.2276,-1.4560,0.9256,-1.2161,-0.4335,0.1784,1.2705,-0.9172,1.4398,0.0039,0.0465,-0.9034,-0.0233,0.2520,-0.1396,0.0271,-0.4265,0.8569,0.1318,0.5000,-0.2000,-1.6078,0.9031,-1.1038,-0.4483,0.2000,1.2411,-0.9152,1.4556,123.6826,-4.1846,5.0901,-6.5778,5.2531,-0.4828,6.4164,-2.3540,14.2703,6.9059,0.5833,0.20
5.7105,0.1000,0.0000,0.0000,0.0000,0.0000,0.0000,0.3108,0.8294,0.8219,-0.1148,-0.0009,-0.9934,0.4913,-0.2277,-1.4772,0.9236,-1.2090,-0.4390,0.1793,1.2644,-0.9014,1.4435,-0.0039,-0.0000,-0.9732,-0.0116,0.3141,-0.2210,0.0271,-0.1590,0.6243,0.1280,0.5000,-0.2000,-1.6078,0.9209,-1.1562,-0.4502,0.2000,1.2615,-0.9198,1.4485,123.1062,-3.9482,4.9786,-6.4820,5.0939,-0.5024,6.4606,-2.3744,14.1992,6.8082,0.6111,0.18
5.7345,0.1000,0.0000,0.0000,0.0000,0.0000,0.0000,0.2555,0.9220,0.7769,-0.0947,-0.0058,-0.9955,0.4917,-0.2279,-1.4976,0.9227,-1.2054,-0.4450,0.1809,1.2635,-0.8892,1.4462,0.0775,0.0737,-0.8647,0.0427,-0.0194,-0.1822,0.0775,0.0582,0.4498,0.0504,0.5000,-0.2000,-1.5772,0.9722,-1.1689,-0.4503,0.2000,1.2819,-0.9239,1.4414,122.4260,-3.6785,4.8475,-6.3723,4.8999,-0.5034,6.5056,-2.3930,14.1067,6.7060,0.6389,0.19
5.7585,0.1000,0.0000,0.0000,0.0000,0.0000,0.0000,0.1356,0.8707,0.6759,-0.0728,-0.0099,-0.9973,0.4920,-0.2282,-1.5151,0.9275,-1.2059,-0.4490,0.1830,1.2663,-0.8808,1.4480,-0.0116,0.0504,-0.5506,0.3063,-0.0349,-0.1473,0.0310,0.1667,0.2482,0.0388,0.5000,-0.2000,-1.5467,1.0200,-1.1813,-0.4494,0.2000,1.3022,-0.9276,1.4342,121.7094,-3.4289,4.6989,-6.2348,4.7104,-0.4945,6.5452,-2.4190,14.0061,6.5889,0.6667,0.18
5.7825,0.1000,0.0000,0.0000,0.0000,0.0000,0.0000,0.0886,0.5579,0.4458,-0.0588,-0.0116,-0.9982,0.4920,-0.2288,-1.5251,0.9382,-1.2078,-0.4521,0.1852,1.2693,-0.8752,1.4495,-0.0233,-0.0271,-0.3102,0.6592,-0.1086,-0.1163,0.0737,0.0388,0.2288,0.0078,0.5000,-0.2000,-1.5161,1.0621,-1.1931,-0.4456,0.2000,1.3226,-0.9306,1.4271,121.0382,-3.1417,4.5355,-6.0874,4.4772,-0.4556,6.6066,-2.4620,13.9248,6.4679,0.6944,0.17
5.8075,0.1000,0.0000,0.0000,0.0000,0.0000,0.0000,0.0598,0.3714,0.0537,-0.0489,-0.0141,-0.9987,0.4917,-0.2298,-1.5304,0.9567,-1.2103,-0.4539,0.1866,1.2721,-0.8723,1.4503,-0.0194,-0.0000,-0.1784,0.8181,-0.0194,0.0271,-0.0427,0.0892,0.0349,-0.0388,0.5000,-0.2000,-1.4856,1.0966,-1.2039,-0.4389,0.2000,1.3430,-0.9331,1.4200,120.4762,-2.8488,4.3601,-5.9168,4.2446,-0.3888,6.7077,-2.5307,13.8550,6.3316,0.7222,0.17
5.8305,0.1000,0.0000,0.0000,0.0000,0.0000,0.0000,0.0016,0.1849,-0.4832,-0.0431,-0.0166,-0.9989,0.4911,-0.2311,-1.5309,0.9774,-1.2124,-0.4532,0.1876,1.2751,-0.8724,1.4500,0.0039,-0.0155,0.0349,1.0391,-0.0969,0.0737,0.0039,0.1241,-0.0078,0.0271,0.5000,-0.2000,-1.4550,1.1217,-1.2136,-0.4274,0.2000,1.3633,-0.9348,1.4128,120.0413,-2.5582,4.1817,-5.7293,4.0055,-0.2741,6.8242,-2.6076,13.7812,6.1928,0.7500,0.17
5.8545,0.1000,0.0000,0.0000,0.0000,0.0000,0.0000,-0.0497,0.1388,-0.9638,-0.0393,-0.0183,-0.9991,0.4904,-0.2322,-1.5258,0.9989,-1.2153,-0.4488,0.1885,1.2795,-0.8734,1.4489,-0.0116,-0.0388,0.3528,0.9538,-0.1357,0.3063,-0.0388,0.1977,-0.0582,-0.0465,0.5000,-0.2000,-1.4244,1.1364,-1.2221,-0.4155,0.2000,1.3837,-0.9358,1.4057,119.7184,-2.3163,4.0275,-5.5625,3.8071,-0.1547,6.9473,-2.6834,13.7109,6.0779,0.7778,0.17
5.8785,0.1000,0.0000,0.0000,0.0000,0.0000,0.0000,-0.0040,0.1087,-1.3625,-0.0351,-0.0194,-0.9992,0.4908,-0.2327,-1.5132,1.0190,-1.2165,-0.4401,0.1887,1.2858,-0.8747,1.4461,0.0931,0.0039,0.5971,0.7522,0.0233,0.4188,-0.0310,0.2637,-0.0931,-0.1706,0.5000,-0.2000,-1.3939,1.1398,-1.2293,-0.4046,0.2000,1.4041,-0.9360,1.3986,119.5125,-2.1320,3.9011,-5.4323,3.6512,-0.0464,7.0666,-2.7552,13.6594,5.9977,0.8056,0.18
5.9025,0.1000,0.0000,0.0000,0.0000,0.0000,0.0000,0.0883,0.0583,-1.2077,-0.0307,-0.0237,-0.9992,0.4939,-0.2329,-1.4968,1.0325,-1.2152,-0.4316,0.1882,1.2945,-0.8777,1.4421,0.1163,0.0775,0.6630,0.4924,0.1241,0.3451,0.0078,0.4149,-0.1435,-0.1861,0.5000,-0.2000,-1.3633,1.1318,-1.2352,-0.4001,0.2000,1.4244,-0.9355,1.3914,119.2069,-2.0336,3.8309,-5.3849,3.5465,-0.0006,7.1217,-2.7793,13.6013,5.9858,0.8333,0.18
5.9265,0.1000,0.0000,0.0000,0.0000,0.0000,0.0000,0.0102,0.0169,-1.0946,-0.0266,-0.0257,-0.9993,0.4952,-0.2329,-1.4798,1.0402,-1.2144,-0.4255,0.1871,1.3059,-0.8826,1.4367,-0.0194,-0.0000,0.7638,0.2016,0.0078,0.2792,-0.1163,0.5079,-0.1861,-0.3218,0.5000,-0.2000,-1.3328,1.1129,-1.2398,-0.3981,0.2000,1.4448,-0.9342,1.3842,118.8758,-2.0592,3.7875,-5.3392,3.5460,0.0191,7.1244,-2.7943,13.5557,5.9806,0.8611,0.17
5.9505,0.1000,0.0000,0.0000,0.0000,0.0000,0.0000,-0.0083,-0.0375,-1.1515,-0.0237,-0.0279,-0.9993,0.4959,-0.2330,-1.4578,1.0416,-1.2137,-0.4194,0.1859,1.3189,-0.8879,1.4302,0.0465,-0.0039,0.9655,-0.0465,0.0388,0.2559,-0.1280,0.5777,-0.2055,-0.3141,0.5000,-0.2000,-1.3022,1.0839,-1.2432,-0.3970,0.2000,1.4652,-0.9322,1.3742,118.6666,-2.1208,3.7609,-5.3035,3.5897,0.0305,7.1421,-2.8214,13.5344,5.9819,0.8889,0.16
5.9745,0.1000,0.0000,0.0000,0.0000,0.0000,0.0000,-0.0496,-0.0322,-1.1651,-0.0216,-0.0291,-0.9993,0.4961,-0.2332,-1.4347,1.0375,-1.2134,-0.4147,0.1850,1.3333,-0.8921,1.4221,-0.0039,-0.0039,1.0275,-0.2908,-0.0078,0.2249,-0.0620,0.6785,-0.1086,-0.4110,0.5000,-0.2000,-1.2717,1.0461,-1.2456,-0.3969,0.2000,1.4856,-0.9295,1.3641,118.5511,-2.2434,3.7664,-5.2899,3.6837,0.0313,7.1384,-2.8338,13.5239,5.9983,0.9167,0.17
6.0015,0.1000,0.0000,0.0000,0.0000,0.0000,0.0000,-0.0888,0.0065,-1.2240,-0.0187,-0.0296,-0.9994,0.4964,-0.2339,-1.4094,1.0273,-1.2135,-0.4106,0.1843,1.3513,-0.8946,1.4124,-0.0194,-0.0000,1.1128,-0.5467,0.0814,0.1745,-0.1008,0.6747,-0.0543,-0.4537,0.5000,-0.2000,-1.2411,1.0014,-1.2472,-0.3982,0.2000,1.5059,-0.9262,1.3541,118.6056,-2.4356,3.8040,-5.2967,3.8387,0.0184,7.1208,-2.8424,13.5393,6.0312,0.9444,0.42
6.0265,0.1000,0.0000,0.0000,0.0000,0.0000,0.0000,-0.1229,0.0730,-1.2715,-0.0137,-0.0287,-0.9995,0.4965,-0.2351,-1.3807,1.0097,-1.2138,-0.4064,0.1834,1.3715,-0.8951,1.4003,0.0427,-0.0078,1.0740,-0.8336,0.0620,0.2055,-0.0620,0.7057,0.0310,-0.5971,0.5000,-0.2000,-1.2106,0.9519,-1.2483,-0.4017,0.2000,1.5263,-0.9223,1.3440,118.8423,-2.6994,3.8847,-5.3381,4.0553,-0.0173,7.0805,-2.8374,13.5838,6.0878,0.9722,0.22
6.0505,0.1000,0.0000,0.0000,0.0000,0.0000,0.0000,-0.1727,0.0676,-1.2439,-0.0107,-0.0284,-0.9995,0.4965,-0.2362,-1.3512,0.9850,-1.2145,-0.4029,0.1824,1.3914,-0.8944,1.3872,0.0078,-0.0194,1.2020,-1.1399,-0.0271,0.1086,-0.1124,0.8259,0.0349,-0.6553,0.5000,-0.2000,-1.1800,0.9000,-1.2770,-0.4086,0.2000,1.5467,-0.9180,1.3340,119.2095,-3.0023,3.9951,-5.4170,4.3118,-0.0862,7.0238,-2.8260,13.6607,6.1645,0.0000,0.19
6.0745,0.1000,0.0000,0.0000,0.0000,0.0000,0.0000,-0.2191,0.1121,-1.1561,-0.0073,-0.0280,-0.9996,0.4966,-0.2369,-1.3230,0.9571,-1.2186,-0.4010,0.1820,1.4122,-0.8933,1.3742,0.0543,-0.0271,1.2446,-1.3610,-0.2171,0.1008,-0.0698,0.9267,0.0543,-0.5971,0.5000,-0.2000,-1.2004,0.9052,-1.2699,-0.4181,0.2000,1.5670,-0.9133,1.3239,119.6829,-3.3426,4.1376,-5.5261,4.5982,-0.1812,6.9435,-2.7959,13.7487,6.2629,0.0278,0.19
6.0985,0.1000,0.0000,0.0000,0.0000,0.0000,0.0000,-0.2510,0.1668,-1.0143,-0.0031,-0.0232,-0.9997,0.4967,-0.2373,-1.2986,0.9288,-1.2235,-0.4011,0.1816,1.4341,-0.8916,1.3599,0.0582,-0.0427,0.8142,-1.0236,-0.0620,-0.0388,-0.0194,0.8995,0.1241,-0.6669,0.5000,-0.2000,-1.2207,0.9103,-1.2627,-0.4290,0.2000,1.5874,-0.9083,1.3139,120.3078,-3.7407,4.2940,-5.6326,4.9252,-0.2897,6.8471,-2.7590,13.8540,6.3517,0.0556,0.18
6.1225,0.1000,0.0000,0.0000,0.0000,0.0000,0.0000,-0.1920,0.2829,-0.7868,0.0039,-0.0195,-0.9998,0.4973,-0.2372,-1.2833,0.9068,-1.2243,-0.4030,0.1808,1.4576,-0.8894,1.3456,0.0388,0.0775,0.5157,-0.8220,-0.0194,-0.1784,-0.1202,0.9461,0.1280,-0.6320,0.5000,-0.2000,-1.2411,0.9152,-1.2556,-0.4400,0.2000,1.6078,-0.9031,1.3038,120.9711,-4.0908,4.4505,-5.7575,5.2215,-0.4000,6.7676,-2.7216,13.9681,6.4432,0.0833,0.17
6.1465,0.1000,0.0000,0.0000,0.0000,0.0000,0.0000,-0.1536,0.3537,-0.5786,0.0125,-0.0153,-0.9998,0.4979,-0.2365,-1.2769,0.8898,-1.2231,-0.4075,0.1790,1.4820,-0.8885,1.3316,0.0271,0.1124,0.1977,-0.6514,0.1086,-0.2637,-0.0931,1.0314,0.0155,-0.5583,0.5000,-0.2000,-1.2615,0.9198,-1.2485,-0.4498,0.2000,1.6078,-0.9209,1.3562,121.6286,-4.4179,4.5973,-5.8737,5.4924,-0.4977,6.6759,-2.6777,14.0782,6.5348,0.1111,0.17
6.1715,0.1000,0.0000,0.0000,0.0000,0.0000,0.0000,-0.1350,0.3630,-0.4179,0.0220,-0.0100,-0.9997,0.4983,-0.2354,-1.2760,0.8774,-1.2199,-0.4142,0.1770,1.5063,-0.8901,1.3252,0.0233,0.0427,-0.1124,-0.4769,0.1939,-0.2908,-0.1086,0.8259,-0.0814,-0.0233,0.5000,-0.2000,-1.2819,0.9239,-1.2414,-0.4569,0.2000,1.5772,-0.9722,1.3689,122.2998,-4.7231,4.7428,-5.9888,5.7335,-0.5687,6.5732,-2.6181,14.1748,6.6346,0.1389,0.17
6.1955,0.1000,0.0000,0.0000,0.0000,0.0000,0.0000,-0.1808,0.2403,-0.2355,0.0286,-0.0028,-0.9996,0.4987,-0.2339,-1.2785,0.8667,-1.2151,-0.4214,0.1742,1.5206,-0.8980,1.3268,0.0814,0.0814,-0.1357,-0.3024,0.2016,-0.2365,-0.1047,0.4265,-0.5661,0.1008,0.5000,-0.2000,-1.3022,0.9276,-1.2342,-0.4636,0.2000,1.5467,-1.0200,1.3813,122.9862,-5.0154,4.8721,-6.0950,5.9819,-0.6365,6.4637,-2.5655,14.2862,6.7332,0.1667,0.17
6.2195,0.1000,0.0000,0.0000,0.0000,0.0000,0.0000,-0.1864,-0.0322,0.0360,0.0297,0.0050,-0.9995,0.4992,-0.2325,-1.2829,0.8604,-1.2105,-0.4280,0.1724,1.5303,-0.9147,1.3312,0.1008,0.1047,-0.1706,-0.1628,0.2288,-0.2210,-0.0427,0.2830,-0.7638,0.1706,0.5000,-0.2000,-1.3226,0.9306,-1.2271,-0.4693,0.2000,1.5161,-1.0621,1.3931,123.5868,-5.2379,4.9906,-6.2207,6.1559,-0.6932,6.3666,-2.5142,14.3961,6.8384,0.1944,0.19
6.2445,0.1000,0.0000,0.0000,0.0000,0.0000,0.0000,-0.1566,-0.4292,0.4184,0.0210,0.0110,-0.9997,0.4996,-0.2318,-1.2879,0.8588,-1.2067,-0.4355,0.1707,1.5322,-0.9378,1.3380,-0.0078,0.0698,-0.1435,0.0427,0.1396,-0.3179,-0.0504,-0.0194,-0.9383,0.2637,0.5000,-0.2000,-1.3430,0.9331,-1.2200,-0.4734,0.2000,1.4856,-1.0966,1.4039,124.0329,-5.4094,5.1012,-6.3597,6.2783,-0.7340,6.2642,-2.4536,14.4808,6.9485,0.2222,0.18
6.2685,0.1000,0.0000,0.0000,0.0000,0.0000,0.0000,-0.1361,-0.6529,0.7884,0.0046,0.0162,-0.9999,0.4996,-0.2316,-1.2926,0.8609,-1.2034,-0.4435,0.1700,1.5273,-0.9629,1.3466,0.0233,0.0698,-0.2482,0.1551,0.1784,-0.3877,-0.0155,-0.2792,-0.9189,0.3800,0.5000,-0.2000,-1.3633,0.9348,-1.2128,-0.4754,0.2000,1.4550,-1.1217,1.4136,124.3745,-5.5706,5.2100,-6.4917,6.3698,-0.7544,6.1735,-2.3956,14.5351,7.0536,0.2500,0.18
6.2925,0.1000,0.0000,0.0000,0.0000,0.0000,0.0000,-0.1074,-0.7071,1.0987,-0.0118,0.0205,-0.9997,0.4996,-0.2316,-1.2996,0.8649,-1.2008,-0.4516,0.1698,1.5184,-0.9878,1.3571,0.0078,-0.0000,-0.3606,0.2094,0.1318,-0.3722,-0.0194,-0.4304,-1.0081,0.4226,0.5000,-0.2000,-1.3837,0.9358,-1.2057,-0.4761,0.2000,1.4244,-1.1364,1.4221,124.6396,-5.7145,5.3108,-6.6075,6.4492,-0.7608,6.0979,-2.3432,14.5720,7.1396,0.2778,0.17
6.3154,0.1000,0.0000,0.0000,0.0000,0.0000,0.0000,-0.0710,-0.7094,1.2512,-0.0279,0.0253,-0.9993,0.4997,-0.2316,-1.3082,0.8692,-1.1991,-0.4590,0.1698,1.5052,-1.0094,1.3683,0.0427,0.0388,-0.4226,0.2326,0.0388,-0.3412,-0.0582,-0.6398,-0.8569,0.4614,0.5000,-0.2000,-1.4041,0.9360,-1.1986,-0.4744,0.2000,1.3939,-1.1398,1.4293,124.8761,-5.8038,5.3912,-6.6996,6.4878,-0.7439,6.0474,-2.3041,14.6018,7.2063,0.3056,0.17
6.3404,0.1000,0.0000,0.0000,0.0000,0.0000,0.0000,-0.0189,-0.7058,1.3161,-0.0427,0.0285,-0.9987,0.4996,-0.2316,-1.3189,0.8746,-1.1989,-0.4664,0.1699,1.4883,-1.0275,1.3810,-0.0194,0.0233,-0.5467,0.2520,0.0271,-0.1551,0.0155,-0.7832,-0.6010,0.5041,0.5000,-0.2000,-1.4244,0.9355,-1.1914,-0.4718,0.2000,1.3633,-1.1318,1.4352,125.0826,-5.8346,5.4521,-6.7711,6.4822,-0.7185,6.0200,-2.2737,14.6206,7.2542,0.3333,0.17
6.3654,0.1000,0.0000,0.0000,0.0000,0.0000,0.0000,0.0475,-0.6681,1.2862,-0.0583,0.0307,-0.9978,0.4992,-0.2318,-1.3326,0.8807,-1.1999,-0.4702,0.1698,1.4660,-1.0413,1.3935,0.0078,-0.0039,-0.6087,0.3528,-0.0349,-0.0853,-0.0465,-0.8685,-0.4149,0.4808,0.5000,-0.2000,-1.4448,0.9342,-1.1842,-0.4678,0.2000,1.3328,-1.1129,1.4398,125.2607,-5.7958,5.4849,-6.8147,6.4407,-0.6783,6.0157,-2.2610,14.6385,7.2753,0.3611,0.17
6.3894,0.1000,0.0000,0.0000,0.0000,0.0000,0.0000,0.1106,-0.6015,1.1717,-0.0734,0.0319,-0.9968,0.4976,-0.2319,-1.3466,0.8884,-1.2018,-0.4716,0.1696,1.4433,-1.0481,1.4049,-0.1086,-0.0000,-0.5506,0.4304,-0.1357,0.0310,-0.0582,-0.9267,-0.1202,0.4149,0.5000,-0.2000,-1.4652,0.9322,-1.1742,-0.4625,0.2000,1.3022,-1.0839,1.4432,125.3832,-5.6993,5.4945,-6.8372,6.3579,-0.6249,6.0315,-2.2562,14.6443,7.2756,0.3889,0.17
6.4144,0.1000,0.0000,0.0000,0.0000,0.0000,0.0000,0.1549,-0.4971,1.0238,-0.0856,0.0319,-0.9958,0.4964,-0.2321,-1.3600,0.8947,-1.2050,-0.4708,0.1694,1.4213,-1.0468,1.4150,-0.0504,0.0078,-0.6165,0.3451,-0.1241,0.0892,-0.0892,-1.0469,0.2869,0.3994,0.5000,-0.2000,-1.4856,0.9295,-1.1641,-0.4566,0.2000,1.2717,-1.0461,1.4456,125.4748,-5.5716,5.4932,-6.8494,6.2414,-0.5659,6.0555,-2.2526,14.6371,7.2730,0.4167,0.17
6.4374,0.1000,0.0000,0.0000,0.0000,0.0000,0.0000,0.2157,-0.3774,0.8822,-0.0958,0.0298,-0.9950,0.4944,-0.2324,-1.3742,0.9015,-1.2083,-0.4689,0.1691,1.3973,-1.0383,1.4231,-0.0698,0.0388,-0.6087,0.3063,-0.1047,0.1280,-0.0853,-1.0663,0.5079,0.3490,0.5000,-0.2000,-1.5059,0.9262,-1.1541,-0.4519,0.2000,1.2411,-1.0014,1.4472,125.5015,-5.3983,5.4681,-6.8413,6.1096,-0.5191,6.0972,-2.2607,14.6251,7.2462,0.4444,0.17
6.4604,0.1000,0.0000,0.0000,0.0000,0.0000,0.0000,0.2534,-0.2760,0.7304,-0.1037,0.0268,-0.9942,0.4934,-0.2326,-1.3891,0.9078,-1.2106,-0.4659,0.1689,1.3724,-1.0216,1.4291,-0.0000,0.0582,-0.7212,0.3528,-0.1667,0.2133,-0.0659,-1.2330,0.9693,0.3179,0.5000,-0.2000,-1.5263,0.9223,-1.1440,-0.4478,0.2000,1.2106,-0.9519,1.4483,125.4681,-5.1993,5.4315,-6.8186,5.9548,-0.4778,6.1458,-2.2692,14.5925,7.2076,0.4722,0.17
6.4845,0.1000,0.0000,0.0000,0.0000,0.0000,0.0000,0.2946,-0.1080,0.6486,-0.1082,0.0222,-0.9939,0.4928,-0.2327,-1.4052,0.9130,-1.2116,-0.4620,0.1689,1.3433,-0.9965,1.4343,0.0582,0.0504,-0.6398,0.1822,0.0155,0.2365,-0.0698,-1.1283,1.3261,0.2210,0.5000,-0.2000,-1.5467,0.9180,-1.1340,-0.4475,0.2000,1.1800,-0.9000,1.4770,125.3463,-4.9857,5.3815,-6.7936,5.8063,-0.4752,6.2113,-2.2912,14.5608,7.1613,0.5000,0.17
6.5095,0.1000,0.0000,0.0000,0.0000,0.0000,0.0000,0.3296,0.0712,0.6280,-0.1090,0.0165,-0.9939,0.4925,-0.2327,-1.4211,0.9164,-1.2117,-0.4575,0.1689,1.3133,-0.9634,1.4406,0.0233,0.1047,-0.6669,0.2094,0.0504,0.1900,-0.0659,-1.3183,1.5122,0.3490,0.5000,-0.2000,-1.5670,0.9133,-1.1239,-0.4497,0.2000,1.2004,-0.9052,1.4699,125.1211,-4.7791,5.3241,-6.7562,5.6745,-0.4974,6.2716,-2.3036,14.4963,7.1027,0.5278,0.17
6.5334,0.1000,0.0000,0.0000,0.0000,0.0000,0.0000,0.3714,0.2797,0.6493,-0.1054,0.0083,-0.9944,0.4924,-0.2327,-1.4392,0.9177,-1.2109,-0.4543,0.1693,1.2906,-0.9334,1.4467,0.0039,0.0698,-0.9112,0.0233,0.0892,0.1241,-0.0775,-0.8840,1.1244,0.1357,0.5000,-0.2000,-1.5874,0.9083,-1.1139,-0.4545,0.2000,1.2207,-0.9103,1.4627,124.7553,-4.5326,5.2388,-6.6968,5.5363,-0.5447,6.3430,-2.3319,14.4491,7.0224,0.5556,0.17
6.5565,0.1000,0.0000,0.0000,0.0000,0.0000,0.0000,0.2830,0.4743,0.7164,-0.0968,0.0030,-0.9953,0.4924,-0.2327,-1.4575,0.9176,-1.2086,-0.4535,0.1699,1.2773,-0.9115,1.4489,-0.0233,0.0582,-0.8259,-0.0931,0.2016,-0.0155,0.0271,-0.3684,0.8259,0.0582,0.5000,-0.2000,-1.6078,0.9031,-1.1038,-0.4580,0.2000,1.2411,-0.9152,1.4556,124.2147,-4.3075,5.1403,-6.6215,5.3846,-0.5803,6.3864,-2.3486,14.3664,6.9433,0.5833,0.17
6.5804,0.1000,0.0000,0.0000,0.0000,0.0000,0.0000,0.2783,0.6161,0.7138,-0.0855,-0.0029,-0.9963,0.4927,-0.2328,-1.4784,0.9170,-1.2029,-0.4553,0.1709,1.2716,-0.8956,1.4500,0.1435,0.0388,-0.9616,0.0504,0.2986,-0.1124,0.0775,-0.0775,0.6010,-0.0233,0.5000,-0.2000,-1.6078,0.9209,-1.1562,-0.4592,0.2000,1.2615,-0.9198,1.4485,123.5960,-4.0487,5.0191,-6.5237,5.2017,-0.5918,6.4380,-2.3736,14.2893,6.8433,0.6111,0.17
6.6044,0.1000,0.0000,0.0000,0.0000,0.0000,0.0000,0.2463,0.7805,0.6815,-0.0690,-0.0086,-0.9976,0.4931,-0.2330,-1.4982,0.9168,-1.1997,-0.4581,0.1723,1.2712,-0.8836,1.4506,-0.0078,0.0078,-0.8879,0.0349,-0.0969,-0.1086,0.0543,0.0620,0.4226,-0.0543,0.5000,-0.2000,-1.5772,0.9722,-1.1689,-0.4578,0.2000,1.2819,-0.9239,1.4414,122.8647,-3.7842,4.8929,-6.4175,5.0050,-0.5780,6.4809,-2.3849,14.1841,6.7402,0.6389,0.16
6.6274,0.1000,0.0000,0.0000,0.0000,0.0000,0.0000,0.1172,0.7648,0.6312,-0.0507,-0.0130,-0.9986,0.4935,-0.2331,-1.5149,0.9211,-1.2001,-0.4607,0.1747,1.2739,-0.8753,1.4512,-0.0233,0.0233,-0.6087,0.3645,0.0271,-0.1047,0.0427,0.1435,0.3528,0.0039,0.5000,-0.2000,-1.5467,1.0200,-1.1813,-0.4566,0.2000,1.3022,-0.9276,1.4342,122.1172,-3.5372,4.7445,-6.2830,4.8063,-0.5656,6.5241,-2.4103,14.0729,6.6238,0.6667,0.16
6.6504,0.1000,0.0000,0.0000,0.0000,0.0000,0.0000,0.0964,0.4796,0.4368,-0.0392,-0.0151,-0.9991,0.4935,-0.2335,-1.5254,0.9334,-1.2019,-0.4631,0.1772,1.2774,-0.8693,1.4514,-0.0194,-0.0155,-0.3335,0.7173,-0.1357,-0.1086,0.1241,0.0078,0.1590,0.0233,0.5000,-0.2000,-1.5161,1.0621,-1.1931,-0.4521,0.2000,1.3226,-0.9306,1.4271,121.3877,-3.2297,4.5743,-6.1316,4.5624,-0.5210,6.5887,-2.4528,13.9804,6.5005,0.6944,0.16
6.6744,0.1000,0.0000,0.0000,0.0000,0.0000,0.0000,0.0591,0.2560,0.1041,-0.0330,-0.0184,-0.9993,0.4932,-0.2342,-1.5306,0.9519,-1.2053,-0.4647,0.1790,1.2797,-0.8672,1.4513,-0.0116,0.0427,-0.1745,0.8879,-0.1202,-0.0194,0.0582,0.0853,0.0427,-0.0155,0.5000,-0.2000,-1.4856,1.0966,-1.2039,-0.4448,0.2000,1.3430,-0.9331,1.4200,120.7413,-2.9167,4.3933,-5.9629,4.3035,-0.4478,6.6876,-2.5177,13.8958,6.3672,0.7222,0.20
6.6974,0.1000,0.0000,0.0000,0.0000,0.0000,0.0000,-0.0038,0.0672,-0.4322,-0.0313,-0.0204,-0.9993,0.4928,-0.2352,-1.5311,0.9724,-1.2086,-0.4638,0.1803,1.2816,-0.8678,1.4505,0.0116,-0.0620,0.0427,0.9965,-0.1590,0.1047,0.0233,0.0853,-0.0931,-0.0698,0.5000,-0.2000,-1.4550,1.1217,-1.2136,-0.4333,0.2000,1.3633,-0.9348,1.4128,120.2547,-2.6294,4.2143,-5.7745,4.0676,-0.3331,6.7998,-2.5967,13.8232,6.2298,0.7500,0.19
6.7204,0.1000,0.0000,0.0000,0.0000,0.0000,0.0000,-0.0507,0.0273,-0.9227,-0.0307,-0.0217,-0.9993,0.4920,-0.2359,-1.5258,0.9946,-1.2125,-0.4592,0.1815,1.2852,-0.8693,1.4487,-0.0892,0.0155,0.3955,0.9732,-0.2210,0.3877,-0.0388,0.2133,-0.1008,-0.1357,0.5000,-0.2000,-1.4244,1.1364,-1.2221,-0.4211,0.2000,1.3837,-0.9358,1.4057,119.8759,-2.3685,4.0505,-5.6003,3.8572,-0.2113,6.9351,-2.6779,13.7458,6.1036,0.7778,0.18
6.7435,0.1000,0.0000,0.0000,0.0000,0.0000,0.0000,-0.0171,0.0546,-1.3563,-0.0290,-0.0223,-0.9993,0.4924,-0.2362,-1.5142,1.0137,-1.2148,-0.4503,0.1818,1.2912,-0.8712,1.4456,0.1202,0.0155,0.6320,0.7949,-0.1086,0.5583,0.0000,0.2637,-0.0775,-0.1396,0.5000,-0.2000,-1.3939,1.1398,-1.2293,-0.4092,0.2000,1.4041,-0.9360,1.3986,119.6389,-2.1756,3.9247,-5.4638,3.6908,-0.0915,7.0513,-2.7472,13.6822,6.0220,0.8056,0.18
6.7674,0.1000,0.0000,0.0000,0.0000,0.0000,0.0000,0.0647,0.1153,-1.2715,-0.0250,-0.0250,-0.9994,0.4953,-0.2362,-1.4972,1.0279,-1.2141,-0.4402,0.1814,1.3019,-0.8751,1.4413,0.2016,-0.0233,0.6863,0.5041,0.0388,0.3296,0.0000,0.5234,-0.2210,-0.2249,0.5000,-0.2000,-1.3633,1.1318,-1.2352,-0.4027,0.2000,1.4244,-0.9355,1.3914,119.3401,-2.0852,3.8545,-5.4056,3.5963,-0.0268,7.1035,-2.7747,13.6294,6.0015,0.8333,0.18
6.7914,0.1000,0.0000,0.0000,0.0000,0.0000,0.0000,0.0289,0.1236,-1.1303,-0.0193,-0.0271,-0.9994,0.4968,-0.2360,-1.4807,1.0352,-1.2130,-0.4324,0.1806,1.3146,-0.8803,1.4357,0.0155,0.0698,0.7367,0.2016,0.0427,0.3412,-0.1435,0.5777,-0.1745,-0.2714,0.5000,-0.2000,-1.3328,1.1129,-1.2398,-0.4004,0.2000,1.4448,-0.9342,1.3842,119.0126,-2.0985,3.8081,-5.3613,3.5799,-0.0036,7.1227,-2.7898,13.5757,5.9950,0.8611,0.17
6.8154,0.1000,0.0000,0.0000,0.0000,0.0000,0.0000,0.0101,0.0722,-1.2064,-0.0158,-0.0293,-0.9994,0.4983,-0.2360,-1.4603,1.0369,-1.2115,-0.4260,0.1790,1.3290,-0.8857,1.4297,0.0155,0.0543,0.9267,-0.0504,0.1202,0.2792,-0.1202,0.5506,-0.2365,-0.2404,0.5000,-0.2000,-1.3022,1.0839,-1.2432,-0.3982,0.2000,1.4652,-0.9322,1.3742,118.8136,-2.1613,3.7775,-5.3190,3.6192,0.0180,7.1378,-2.8161,13.5524,5.9964,0.8889,0.17
6.8384,0.1000,0.0000,0.0000,0.0000,0.0000,0.0000,-0.0291,0.1328,-1.2582,-0.0108,-0.0297,-0.9995,0.4991,-0.2361,-1.4379,1.0329,-1.2108,-0.4207,0.1774,1.3437,-0.8894,1.4221,0.0814,-0.0000,1.0624,-0.3218,0.0814,0.2637,-0.1086,0.6281,-0.1473,-0.4149,0.5000,-0.2000,-1.2717,1.0461,-1.2456,-0.3977,0.2000,1.4856,-0.9295,1.3641,118.7374,-2.2980,3.7872,-5.3049,3.7293,0.0232,7.1325,-2.8304,13.5482,6.0129,0.9167,0.17
6.8625,0.1000,0.0000,0.0000,0.0000,0.0000,0.0000,-0.0448,0.1906,-1.3192,-0.0047,-0.0305,-0.9995,0.4993,-0.2363,-1.4117,1.0223,-1.2108,-0.4162,0.1763,1.3614,-0.8912,1.4138,-0.0388,0.0039,1.1555,-0.5506,0.0582,0.1784,-0.0620,0.7716,-0.0775,-0.3916,0.5000,-0.2000,-1.2411,1.0014,-1.2472,-0.3992,0.2000,1.5059,-0.9262,1.3541,118.7982,-2.4868,3.8275,-5.3153,3.8852,0.0075,7.1176,-2.8362,13.5624,6.0422,0.9444,0.17
6.8874,0.1000,0.0000,0.0000,0.0000,0.0000,0.0000,-0.0900,0.2528,-1.3789,0.0031,-0.0310,-0.9995,0.4995,-0.2367,-1.3839,1.0057,-1.2110,-0.4121,0.1746,1.3822,-0.8914,1.4033,0.0271,-0.0000,1.2020,-0.8181,0.0349,0.1551,-0.1822,0.7910,0.0659,-0.5390,0.5000,-0.2000,-1.2106,0.9519,-1.2483,-0.4029,0.2000,1.5263,-0.9223,1.3440,119.0442,-2.7530,3.9071,-5.3566,4.1044,-0.0294,7.0774,-2.8330,13.6090,6.0974,0.9722,0.18
6.9124,0.1000,0.0000,0.0000,0.0000,0.0000,0.0000,-0.1257,0.2872,-1.4214,0.0116,-0.0309,-0.9995,0.4997,-0.2372,-1.3545,0.9832,-1.2114,-0.4094,0.1734,1.4011,-0.8902,1.3922,0.0969,-0.0155,1.2912,-1.0779,0.0931,0.0969,-0.1008,0.8104,0.0931,-0.4847,0.5000,-0.2000,-1.1800,0.9000,-1.2770,-0.4096,0.2000,1.5467,-0.9180,1.3340,119.4756,-3.0757,4.0202,-5.4259,4.3719,-0.0958,7.0219,-2.8225,13.6814,6.1739,0.0000,0.17
6.9354,0.1000,0.0000,0.0000,0.0000,0.0000,0.0000,-0.1829,0.3586,-1.3553,0.0210,-0.0303,-0.9993,0.4998,-0.2378,-1.3217,0.9540,-1.2158,-0.4071,0.1729,1.4237,-0.8883,1.3807,0.0310,-0.0039,1.3338,-1.2446,-0.2753,0.0388,-0.0310,0.8995,0.1745,-0.4769,0.5000,-0.2000,-1.2004,0.9052,-1.2699,-0.4190,0.2000,1.5670,-0.9133,1.3239,120.0105,-3.4463,4.1770,-5.5422,4.6837,-0.1902,6.9312,-2.7817,13.7723,6.2753,0.0278,0.17
6.9584,0.1000,0.0000,0.0000,0.0000,0.0000,0.0000,-0.1839,0.3982,-1.2200,0.0308,-0.0256,-0.9992,0.5000,-0.2383,-1.2964,0.9278,-1.2208,-0.4073,0.1725,1.4459,-0.8854,1.3690,0.0853,0.0194,0.8840,-0.9655,-0.1473,0.0233,-0.0620,0.9810,0.1706,-0.5234,0.5000,-0.2000,-1.2207,0.9103,-1.2627,-0.4313,0.2000,1.5874,-0.9083,1.3139,120.6982,-3.8477,4.3367,-5.6531,5.0183,-0.3135,6.8433,-2.7478,13.8868,6.3661,0.0556,0.17
6.9814,0.1000,0.0000,0.0000,0.0000,0.0000,0.0000,-0.1578,0.4905,-1.0412,0.0421,-0.0212,-0.9989,0.5012,-0.2382,-1.2795,0.9078,-1.2221,-0.4093,0.1715,1.4693,-0.8827,1.3567,0.0543,0.0620,0.5390,-0.7328,0.0582,-0.1008,-0.1202,1.0081,0.1241,-0.5700,0.5000,-0.2000,-1.2411,0.9152,-1.2556,-0.4432,0.2000,1.6078,-0.9031,1.3038,121.4521,-4.2380,4.4988,-5.7708,5.3438,-0.4319,6.7553,-2.7117,14.0125,6.4593,0.0833,0.17
7.0054,0.1000,0.0000,0.0000,0.0000,0.0000,0.0000,-0.1115,0.5807,-0.8372,0.0553,-0.0167,-0.9983,0.5021,-0.2375,-1.2705,0.8921,-1.2213,-0.4145,0.1700,1.4946,-0.8806,1.3437,0.0465,0.0814,0.2171,-0.5661,0.0853,-0.3218,-0.0853,1.0624,0.1357,-0.5894,0.5000,-0.2000,-1.2615,0.9198,-1.2485,-0.4530,0.2000,1.6078,-0.9209,1.3562,122.1904,-4.5894,4.6577,-5.8975,5.6301,-0.5302,6.6581,-2.6626,14.1364,6.5586,0.1111,0.16
7.0304,0.1000,0.0000,0.0000,0.0000,0.0000,0.0000,-0.0725,0.5912,-0.6377,0.0701,-0.0120,-0.9975,0.5027,-0.2359,-1.2672,0.8811,-1.2182,-0.4222,0.1693,1.5186,-0.8806,1.3385,-0.0039,0.0969,-0.0233,-0.2908,0.1396,-0.3102,-0.0427,0.9616,0.0194,0.0427,0.5000,-0.2000,-1.2819,0.9239,-1.2414,-0.4619,0.2000,1.5772,-0.9722,1.3689,122.9093,-4.9071,4.8094,-6.0198,5.8853,-0.6187,6.5559,-2.5992,14.2353,6.6600,0.1389,0.21
7.0554,0.1000,0.0000,0.0000,0.0000,0.0000,0.0000,-0.0905,0.4862,-0.4940,0.0833,-0.0073,-0.9965,0.5031,-0.2343,-1.2681,0.8722,-1.2133,-0.4313,0.1685,1.5357,-0.8864,1.3409,0.0504,0.0969,-0.0737,-0.3335,0.2637,-0.3645,-0.0349,0.5622,-0.4032,0.1086,0.5000,-0.2000,-1.3022,0.9276,-1.2342,-0.4695,0.2000,1.5467,-1.0200,1.3813,123.6608,-5.2245,4.9494,-6.1380,6.1429,-0.6945,6.4412,-2.5427,14.3637,6.7747,0.1667,0.19
7.0804,0.1000,0.0000,0.0000,0.0000,0.0000,0.0000,-0.1543,0.2167,-0.2786,0.0890,-0.0001,-0.9960,0.5036,-0.2329,-1.2706,0.8672,-1.2078,-0.4394,0.1679,1.5453,-0.9008,1.3462,0.0039,0.0310,-0.0892,-0.1047,0.1977,-0.2714,-0.0814,0.2986,-0.8104,0.2637,0.5000,-0.2000,-1.3226,0.9306,-1.2271,-0.4762,0.2000,1.5161,-1.0621,1.3931,124.3591,-5.4991,5.0782,-6.2543,6.3701,-0.7618,6.3289,-2.4862,14.4857,6.8754,0.1944,0.20
7.1044,0.1000,0.0000,0.0000,0.0000,0.0000,0.0000,-0.1191,-0.0827,0.2171,0.0876,0.0044,-0.9961,0.5051,-0.2321,-1.2733,0.8674,-1.2036,-0.4464,0.1675,1.5493,-0.9211,1.3551,0.0620,0.0388,-0.1900,0.1163,0.1435,-0.3179,-0.0388,-0.0465,-0.8530,0.4149,0.5000,-0.2000,-1.3430,0.9331,-1.2200,-0.4830,0.2000,1.4856,-1.0966,1.4039,124.8864,-5.7077,5.2141,-6.4193,6.5221,-0.8302,6.2203,-2.4114,14.5709,7.0037,0.2222,0.18
7.1294,0.1000,0.0000,0.0000,0.0000,0.0000,0.0000,-0.1486,-0.2541,0.6759,0.0816,0.0080,-0.9966,0.5060,-0.2318,-1.2777,0.8700,-1.2001,-0.4539,0.1674,1.5456,-0.9448,1.3666,0.0349,0.0349,-0.2675,0.1163,0.1977,-0.3373,-0.0194,-0.2482,-0.8491,0.4847,0.5000,-0.2000,-1.3633,0.9348,-1.2128,-0.4889,0.2000,1.4550,-1.1217,1.4136,125.2765,-5.9328,5.3436,-6.5715,6.6614,-0.8887,6.1108,-2.3415,14.6310,7.1269,0.2500,0.17
7.1534,0.1000,0.0000,0.0000,0.0000,0.0000,0.0000,-0.1542,-0.3110,1.0499,0.0740,0.0106,-0.9972,0.5063,-0.2318,-1.2843,0.8744,-1.1963,-0.4634,0.1678,1.5361,-0.9673,1.3801,0.1163,0.0698,-0.2598,0.2094,0.2055,-0.4808,0.0000,-0.5196,-0.8608,0.5932,0.5000,-0.2000,-1.3837,0.9358,-1.2057,-0.4927,0.2000,1.4244,-1.1364,1.4221,125.5833,-6.1267,5.4578,-6.7038,6.7800,-0.9267,6.0193,-2.2805,14.6729,7.2287,0.2778,0.18
7.1784,0.1000,0.0000,0.0000,0.0000,0.0000,0.0000,-0.1615,-0.3239,1.2705,0.0667,0.0139,-0.9977,0.5072,-0.2319,-1.2945,0.8793,-1.1928,-0.4738,0.1682,1.5220,-0.9884,1.3945,0.0659,0.0078,-0.5351,0.2016,0.1900,-0.4575,0.0155,-0.6049,-0.8142,0.5816,0.5000,-0.2000,-1.4041,0.9360,-1.1986,-0.4947,0.2000,1.3939,-1.1398,1.4293,125.8428,-6.2669,5.5494,-6.8008,6.8612,-0.9469,5.9528,-2.2346,14.7099,7.2993,0.3056,0.17
7.2034,0.1000,0.0000,0.0000,0.0000,0.0000,0.0000,-0.1399,-0.3141,1.4078,0.0594,0.0158,-0.9981,0.5092,-0.2320,-1.3072,0.8842,-1.1888,-0.4855,0.1688,1.5042,-1.0061,1.4099,0.1163,0.0078,-0.6010,0.2326,0.1977,-0.3839,0.0504,-0.7018,-0.7173,0.5583,0.5000,-0.2000,-1.4244,0.9355,-1.1914,-0.4955,0.2000,1.3633,-1.1318,1.4352,126.0635,-6.3364,5.6184,-6.8799,6.8991,-0.9553,5.9101,-2.2009,14.7388,7.3537,0.3333,0.19
7.2274,0.1000,0.0000,0.0000,0.0000,0.0000,0.0000,-0.1443,-0.2457,1.5568,0.0546,0.0183,-0.9983,0.5108,-0.2322,-1.3216,0.8876,-1.1844,-0.4949,0.1688,1.4834,-1.0179,1.4242,0.0582,-0.0194,-0.7057,0.1745,0.2753,-0.2171,-0.0388,-0.9887,-0.4110,0.4963,0.5000,-0.2000,-1.4448,0.9342,-1.1842,-0.4964,0.2000,1.3328,-1.1129,1.4398,126.2401,-6.4042,5.6856,-6.9586,6.9238,-0.9642,5.8729,-2.1618,14.7448,7.4073,0.3611,0.18
7.2514,0.1000,0.0000,0.0000,0.0000,0.0000,0.0000,-0.1309,-0.1521,1.6890,0.0520,0.0200,-0.9984,0.5117,-0.2322,-1.3389,0.8890,-1.1794,-0.4997,0.1687,1.4585,-1.0236,1.4370,0.0543,-0.0000,-0.7600,0.0775,0.2326,-0.1396,-0.0388,-1.0546,-0.0775,0.5428,0.5000,-0.2000,-1.4652,0.9322,-1.1742,-0.4976,0.2000,1.3022,-1.0839,1.4432,126.3237,-6.4020,5.7273,-7.0190,6.9068,-0.9756,5.8573,-2.1354,14.7412,7.4395,0.3889,0.17
7.2754,0.1000,0.0000,0.0000,0.0000,0.0000,0.0000,-0.1157,-0.0628,1.8137,0.0523,0.0216,-0.9984,0.5119,-0.2322,-1.3581,0.8887,-1.1738,-0.5033,0.1685,1.4332,-1.0232,1.4482,-0.0233,0.0388,-0.8763,0.0039,0.2869,-0.0620,-0.0892,-1.2059,0.1241,0.3839,0.5000,-0.2000,-1.4856,0.9295,-1.1641,-0.4994,0.2000,1.2717,-1.0461,1.4456,126.3128,-6.3710,5.7488,-7.0605,6.8791,-0.9941,5.8482,-2.1144,14.7253,7.4539,0.4167,0.18
7.2993,0.1000,0.0000,0.0000,0.0000,0.0000,0.0000,-0.0853,-0.0310,1.8949,0.0537,0.0225,-0.9983,0.5116,-0.2322,-1.3793,0.8874,-1.1678,-0.5052,0.1683,1.4032,-1.0168,1.4573,-0.0039,-0.0194,-0.9926,-0.0582,0.2365,-0.0194,-0.0039,-1.3144,0.4032,0.3955,0.5000,-0.2000,-1.5059,0.9262,-1.1541,-0.5000,0.2000,1.2411,-1.0014,1.4472,126.1961,-6.2765,5.7504,-7.0816,6.8107,-1.0152,5.8505,-2.0998,14.6918,7.4499,0.4444,0.17
7.3224,0.1000,0.0000,0.0000,0.0000,0.0000,0.0000,0.0033,0.0018,1.9091,0.0552,0.0219,-0.9982,0.5107,-0.2322,-1.4011,0.8852,-1.1641,-0.5067,0.1680,1.3732,-1.0050,1.4647,-0.0853,0.0582,-0.9422,-0.1628,0.0504,-0.0194,-0.0620,-1.4501,0.7134,0.3102,0.5000,-0.2000,-1.5263,0.9223,-1.1440,-0.5000,0.2000,1.2106,-0.9519,1.4483,125.9704,-6.1084,5.7237,-7.0881,6.6989,-1.0336,5.8784,-2.0989,14.6534,7.4258,0.4722,0.17
7.3464,0.1000,0.0000,0.0000,0.0000,0.0000,0.0000,0.1391,0.0695,1.7899,0.0573,0.0191,-0.9982,0.5089,-0.2323,-1.4237,0.8834,-1.1632,-0.5075,0.1674,1.3385,-0.9848,1.4705,-0.0931,0.0078,-1.0430,0.0039,0.0078,0.0659,-0.0698,-1.4540,0.9887,0.1473,0.5000,-0.2000,-1.5467,0.9180,-1.1340,-0.5000,0.2000,1.1800,-0.9000,1.4770,125.7031,-5.9026,5.6754,-7.0593,6.5820,-1.0620,5.9284,-2.1156,14.6117,7.3624,0.5000,0.17
7.3694,0.1000,0.0000,0.0000,0.0000,0.0000,0.0000,0.2261,0.1791,1.4681,0.0599,0.0139,-0.9981,0.5048,-0.2324,-1.4471,0.8832,-1.1637,-0.5074,0.1664,1.3075,-0.9592,1.4775,-0.1047,0.0388,-0.9461,0.0233,0.0310,0.0465,-0.0853,-1.4695,1.3532,0.4381,0.5000,-0.2000,-1.5670,0.9133,-1.1239,-0.5000,0.2000,1.2004,-0.9052,1.4699,125.4132,-5.6205,5.5935,-6.9893,6.4088,-1.0645,6.0049,-2.1492,14.5632,7.2740,0.5278,0.17
7.3944,0.1000,0.0000,0.0000,0.0000,0.0000,0.0000,0.3388,0.3236,1.1354,0.0644,0.0061,-0.9979,0.5021,-0.2326,-1.4683,0.8833,-1.1643,-0.5071,0.1661,1.2794,-0.9320,1.4869,0.0078,-0.0271,-1.0081,0.0078,-0.0698,-0.0116,0.0194,-0.8685,1.0624,0.3490,0.5000,-0.2000,-1.5874,0.9083,-1.1139,-0.5000,0.2000,1.2207,-0.9103,1.4627,125.0703,-5.2799,5.4793,-6.8875,6.2220,-1.0653,6.0997,-2.2006,14.5281,7.1528,0.5556,0.17
7.4184,0.1000,0.0000,0.0000,0.0000,0.0000,0.0000,0.2938,0.5530,0.7401,0.0749,-0.0022,-0.9972,0.5010,-0.2331,-1.4930,0.8835,-1.1641,-0.5079,0.1664,1.2629,-0.9075,1.4962,0.0233,0.0155,-0.9344,0.0388,0.0039,-0.0543,-0.0310,-0.5971,0.9228,0.3102,0.5000,-0.2000,-1.6078,0.9031,-1.1038,-0.5000,0.2000,1.2411,-0.9152,1.4556,124.6998,-4.9592,5.3449,-6.7531,6.0316,-1.0379,6.1884,-2.2481,14.4706,7.0184,0.5833,0.17
7.4433,0.1000,0.0000,0.0000,0.0000,0.0000,0.0000,0.2542,0.7779,0.3864,0.0904,-0.0102,-0.9959,0.5008,-0.2341,-1.5140,0.8839,-1.1620,-0.5080,0.1680,1.2559,-0.8882,1.5031,0.0271,-0.0155,-0.9189,0.0698,0.1900,-0.0465,0.0543,-0.1667,0.7910,0.1590,0.5000,-0.2000,-1.6078,0.9209,-1.1562,-0.5000,0.2000,1.2615,-0.9198,1.4485,124.3039,-4.6439,5.2045,-6.6168,5.8324,-1.0040,6.2815,-2.2966,14.4157,6.8803,0.6111,0.17
7.4664,0.1000,0.0000,0.0000,0.0000,0.0000,0.0000,0.2271,0.8901,0.1347,0.1102,-0.0189,-0.9937,0.5009,-0.2355,-1.5338,0.8866,-1.1626,-0.5079,0.1707,1.2557,-0.8718,1.5080,0.0039,0.0078,-0.8065,0.2249,-0.1551,0.0310,0.1008,0.0078,0.6747,0.1900,0.5000,-0.2000,-1.5772,0.9722,-1.1689,-0.4960,0.2000,1.2819,-0.9239,1.4414,123.8147,-4.3055,5.0573,-6.4880,5.5978,-0.9605,6.3701,-2.3292,14.3263,6.7507,0.6389,0.18
7.4894,0.1000,0.0000,0.0000,0.0000,0.0000,0.0000,0.1441,0.8385,0.0172,0.1286,-0.0240,-0.9914,0.5015,-0.2364,-1.5466,0.8959,-1.1668,-0.5079,0.1736,1.2592,-0.8581,1.5110,0.0465,0.0233,-0.4149,0.6087,-0.2443,0.0039,0.1628,0.1706,0.5894,0.0582,0.5000,-0.2000,-1.5467,1.0200,-1.1813,-0.4931,0.2000,1.3022,-0.9276,1.4342,123.2531,-4.0111,4.9053,-6.3639,5.3741,-0.9307,6.4417,-2.3645,14.2267,6.6353,0.6667,0.17
7.5134,0.1000,0.0000,0.0000,0.0000,0.0000,0.0000,0.1481,0.5848,-0.1167,0.1422,-0.0290,-0.9894,0.5019,-0.2369,-1.5546,0.9099,-1.1700,-0.5075,0.1763,1.2640,-0.8481,1.5131,-0.0233,-0.0155,-0.2520,0.6940,-0.1551,0.0194,0.0737,0.1667,0.3955,0.0310,0.5000,-0.2000,-1.5161,1.0621,-1.1931,-0.4903,0.2000,1.3226,-0.9306,1.4271,122.6691,-3.7098,4.7460,-6.2453,5.1295,-0.9031,6.5297,-2.4131,14.1459,6.5311,0.6944,0.17
7.5364,0.1000,0.0000,0.0000,0.0000,0.0000,0.0000,0.1738,0.2286,-0.2921,0.1480,-0.0331,-0.9884,0.5028,-0.2371,-1.5568,0.9295,-1.1720,-0.5071,0.1785,1.2679,-0.8447,1.5129,0.0465,-0.0116,-0.0155,0.7638,-0.0271,0.0155,0.0737,0.1628,-0.0698,-0.1241,0.5000,-0.2000,-1.4856,1.0966,-1.2039,-0.4857,0.2000,1.3430,-0.9331,1.4200,122.0870,-3.4110,4.5739,-6.1119,4.8864,-0.8571,6.6227,-2.4758,14.0739,6.4319,0.7222,0.17
7.5604,0.1000,0.0000,0.0000,0.0000,0.0000,0.0000,0.1706,0.1576,-0.4218,0.1514,-0.0371,-0.9878,0.5046,-0.2369,-1.5543,0.9481,-1.1725,-0.5063,0.1796,1.2714,-0.8471,1.5095,0.1280,0.0582,0.1745,0.8840,0.0388,0.0969,0.0349,0.1551,-0.2326,-0.2016,0.5000,-0.2000,-1.4550,1.1217,-1.2136,-0.4795,0.2000,1.3633,-0.9348,1.4128,121.5204,-3.1841,4.4315,-5.9872,4.6913,-0.7955,6.7029,-2.5251,13.9839,6.3400,0.7500,0.17
7.5844,0.1000,0.0000,0.0000,0.0000,0.0000,0.0000,0.1365,0.1125,-0.5683,0.1546,-0.0388,-0.9872,0.5063,-0.2367,-1.5476,0.9688,-1.1726,-0.5041,0.1798,1.2777,-0.8530,1.5027,0.0582,0.0543,0.2753,0.7251,-0.0000,0.0931,-0.0388,0.2443,-0.2404,-0.3567,0.5000,-0.2000,-1.4244,1.1364,-1.2221,-0.4721,0.2000,1.3837,-0.9358,1.4057,120.9756,-3.0005,4.3035,-5.8636,4.5202,-0.7206,6.7796,-2.5740,13.9005,6.2565,0.7778,0.17
7.6073,0.1000,0.0000,0.0000,0.0000,0.0000,0.0000,0.1435,0.0743,-0.7341,0.1571,-0.0396,-0.9868,0.5076,-0.2365,-1.5378,0.9848,-1.1728,-0.5011,0.1793,1.2839,-0.8601,1.4953,0.0698,0.0853,0.4847,0.6204,0.0543,0.1590,-0.0620,0.3490,-0.2482,-0.3839,0.5000,-0.2000,-1.3939,1.1398,-1.2293,-0.4650,0.2000,1.4041,-0.9360,1.3986,120.4976,-2.8519,4.1900,-5.7491,4.3837,-0.6497,6.8570,-2.6248,13.8236,6.1847,0.8056,0.16
7.6303,0.1000,0.0000,0.0000,0.0000,0.0000,0.0000,0.1770,0.0495,-0.9416,0.1583,-0.0405,-0.9866,0.5092,-0.2365,-1.5238,0.9972,-1.1736,-0.4988,0.1782,1.2929,-0.8675,1.4867,0.1047,0.0543,0.7134,0.5273,-0.0465,0.1047,0.0155,0.4498,-0.2675,-0.3994,0.5000,-0.2000,-1.3633,1.1318,-1.2352,-0.4571,0.2000,1.4244,-0.9355,1.3914,120.1057,-2.7456,4.0993,-5.6473,4.2867,-0.5712,6.9174,-2.6678,13.7578,6.1316,0.8333,0.17
7.6534,0.1000,0.0000,0.0000,0.0000,0.0000,0.0000,0.1744,0.1352,-1.1892,0.1616,-0.0404,-0.9860,0.5104,-0.2365,-1.5048,1.0069,-1.1756,-0.4962,0.1771,1.3057,-0.8744,1.4772,0.0427,0.0388,0.8569,0.3645,-0.0504,0.1590,-0.0465,0.6126,-0.2792,-0.4343,0.5000,-0.2000,-1.3328,1.1129,-1.2398,-0.4501,0.2000,1.4448,-0.9342,1.3842,119.8543,-2.7246,4.0399,-5.5553,4.2625,-0.5011,6.9669,-2.7064,13.7057,6.0870,0.8611,0.16
7.6773,0.1000,0.0000,0.0000,0.0000,0.0000,0.0000,0.1980,0.2358,-1.4696,0.1673,-0.0395,-0.9851,0.5112,-0.2367,-1.4829,1.0117,-1.1786,-0.4926,0.1754,1.3218,-0.8796,1.4681,0.0271,-0.0116,1.0314,0.1008,-0.0931,0.1784,-0.1086,0.8181,-0.1473,-0.3373,0.5000,-0.2000,-1.3022,1.0839,-1.2432,-0.4438,0.2000,1.4652,-0.9322,1.3742,119.7615,-2.7532,4.0116,-5.4899,4.2750,-0.4378,7.0109,-2.7404,13.6740,6.0668,0.8889,0.20
7.7013,0.1000,0.0000,0.0000,0.0000,0.0000,0.0000,0.2261,0.3762,-1.7492,0.1764,-0.0378,-0.9836,0.5118,-0.2369,-1.4560,1.0124,-1.1819,-0.4890,0.1731,1.3399,-0.8819,1.4593,0.0504,-0.0310,1.2485,-0.0349,-0.0620,0.2249,-0.1590,0.8220,-0.0000,-0.4071,0.5000,-0.2000,-1.2717,1.0461,-1.2456,-0.4393,0.2000,1.4856,-0.9295,1.3641,119.8743,-2.8846,4.0236,-5.4501,4.3765,-0.3932,7.0277,-2.7635,13.6685,6.0686,0.9167,0.18
7.7263,0.1000,0.0000,0.0000,0.0000,0.0000,0.0000,0.2415,0.5114,-2.0155,0.1888,-0.0356,-0.9814,0.5126,-0.2371,-1.4261,1.0087,-1.1856,-0.4852,0.1715,1.3638,-0.8816,1.4501,0.0310,-0.0194,1.3261,-0.2559,-0.1939,0.2249,-0.1551,0.9732,0.0271,-0.3877,0.5000,-0.2000,-1.2411,1.0014,-1.2472,-0.4365,0.2000,1.5059,-0.9262,1.3541,120.1668,-3.0696,4.0643,-5.4334,4.5206,-0.3653,7.0332,-2.7777,13.6888,6.0887,0.9444,0.18
7.7514,0.1000,0.0000,0.0000,0.0000,0.0000,0.0000,0.2147,0.6614,-2.2713,0.2056,-0.0308,-0.9782,0.5134,-0.2372,-1.3912,0.9984,-1.1909,-0.4811,0.1704,1.3881,-0.8796,1.4417,0.1008,0.0388,1.3842,-0.6010,-0.1318,0.2210,0.0078,1.1981,0.1590,-0.3877,0.5000,-0.2000,-1.2106,0.9519,-1.2483,-0.4365,0.2000,1.5263,-0.9223,1.3440,120.6707,-3.3471,4.1456,-5.4494,4.7222,-0.3648,7.0147,-2.7815,13.7396,6.1421,0.9722,0.17
7.7753,0.1000,0.0000,0.0000,0.0000,0.0000,0.0000,0.1706,0.7937,-2.4701,0.2248,-0.0254,-0.9741,0.5137,-0.2372,-1.3547,0.9818,-1.1964,-0.4762,0.1706,1.4180,-0.8748,1.4338,-0.0504,-0.0349,1.6014,-0.7522,-0.2094,0.2482,0.0155,1.1632,0.3412,-0.3606,0.5000,-0.2000,-1.1800,0.9000,-1.2770,-0.4388,0.2000,1.5467,-0.9180,1.3340,121.3712,-3.7245,4.2703,-5.5041,5.0033,-0.3881,6.9571,-2.7610,13.8297,6.2202,0.0000,0.17
7.8003,0.1000,0.0000,0.0000,0.0000,0.0000,0.0000,0.1218,0.9208,-2.5821,0.2459,-0.0161,-0.9692,0.5139,-0.2367,-1.3142,0.9593,-1.2050,-0.4718,0.1716,1.4459,-0.8669,1.4260,-0.0000,0.0659,1.5548,-1.1477,-0.5041,0.1784,0.0078,1.2175,0.3800,-0.3994,0.5000,-0.2000,-1.2004,0.9052,-1.2699,-0.4440,0.2000,1.5670,-0.9133,1.3239,122.2483,-4.1566,4.4273,-5.5908,5.3145,-0.4405,6.8807,-2.7232,13.9555,6.3287,0.0278,0.17
7.8243,0.1000,0.0000,0.0000,0.0000,0.0000,0.0000,0.0987,1.0216,-2.6478,0.2692,-0.0029,-0.9631,0.5140,-0.2358,-1.2785,0.9361,-1.2148,-0.4688,0.1736,1.4743,-0.8581,1.4180,-0.0194,0.0465,1.2408,-0.6320,-0.3218,0.0659,0.1241,1.1787,0.4110,-0.3839,0.5000,-0.2000,-1.2207,0.9103,-1.2627,-0.4519,0.2000,1.5874,-0.9083,1.3139,123.3378,-4.6619,4.5964,-5.6712,5.6845,-0.5191,6.7881,-2.6824,14.1073,6.4219,0.0556,0.17
7.8473,0.1000,0.0000,0.0000,0.0000,0.0000,0.0000,0.0995,1.1788,-2.5878,0.2951,0.0114,-0.9554,0.5143,-0.2338,-1.2528,0.9244,-1.2194,-0.4680,0.1760,1.5072,-0.8485,1.4092,0.0504,0.1318,0.9112,-0.3839,-0.1318,0.0737,0.0427,1.2912,0.4226,-0.4110,0.5000,-0.2000,-1.2411,0.9152,-1.2556,-0.4606,0.2000,1.6078,-0.9031,1.3038,124.4958,-5.1233,4.7647,-5.7679,6.0245,-0.6059,6.7174,-2.6484,14.2721,6.5186,0.0833,0.17
7.8724,0.1000,0.0000,0.0000,0.0000,0.0000,0.0000,0.1068,1.1846,-2.4555,0.3189,0.0269,-0.9474,0.5142,-0.2299,-1.2308,0.9180,-1.2224,-0.4684,0.1791,1.5386,-0.8406,1.3988,0.0310,0.2520,0.8763,-0.1163,-0.0427,0.0271,0.0310,1.2795,0.3761,-0.4537,0.5000,-0.2000,-1.2615,0.9198,-1.2485,-0.4692,0.2000,1.6078,-0.9209,1.3562,125.6147,-5.5444,4.9308,-5.8850,6.3427,-0.6922,6.6313,-2.6039,14.4361,6.6286,0.1111,0.18
7.8963,0.1000,0.0000,0.0000,0.0000,0.0000,0.0000,0.0594,1.0517,-2.2400,0.3433,0.0444,-0.9382,0.5143,-0.2235,-1.2140,0.9164,-1.2232,-0.4702,0.1825,1.5684,-0.8370,1.3936,-0.0194,0.2637,0.6204,0.0543,0.0659,-0.0853,0.0775,1.0973,0.0543,0.0737,0.5000,-0.2000,-1.2819,0.9239,-1.2414,-0.4780,0.2000,1.5772,-0.9722,1.3689,126.6486,-5.9339,5.0966,-6.0103,6.6361,-0.7799,6.5182,-2.5361,14.5736,6.7544,0.1389,0.18
7.9213,0.1000,0.0000,0.0000,0.0000,0.0000,0.0000,0.0661,0.6546,-1.9052,0.3598,0.0588,-0.9312,0.5142,-0.2164,-1.1997,0.9192,-1.2234,-0.4729,0.1858,1.5865,-0.8429,1.3962,-0.0310,0.3645,0.6475,0.1784,-0.0659,-0.1590,0.0853,0.5196,-0.3761,0.1706,0.5000,-0.2000,-1.3022,0.9276,-1.2342,-0.4880,0.2000,1.5467,-1.0200,1.3813,127.5714,-6.2566,5.2531,-6.1708,6.8993,-0.8801,6.3977,-2.4651,14.7253,6.9035,0.1667,0.17
7.9453,0.1000,0.0000,0.0000,0.0000,0.0000,0.0000,-0.0991,0.0255,-1.3531,0.3629,0.0755,-0.9288,0.5149,-0.2093,-1.1847,0.9282,-1.2236,-0.4774,0.1879,1.5946,-0.8591,1.4008,-0.0039,0.2986,0.6940,0.5777,0.0310,-0.2443,0.0349,0.1473,-0.8142,0.1706,0.5000,-0.2000,-1.3226,0.9306,-1.2271,-0.5000,0.2000,1.5161,-1.0621,1.3931,128.3087,-6.5809,5.4093,-6.3468,7.1715,-1.0152,6.2411,-2.3912,14.8691,7.0568,0.1944,0.16
7.9683,0.1000,0.0000,0.0000,0.0000,0.0000,0.0000,-0.1543,-0.4724,-0.6765,0.3551,0.0875,-0.9307,0.5152,-0.2039,-1.1696,0.9415,-1.2241,-0.4846,0.1889,1.5942,-0.8813,1.4069,0.0155,0.1706,0.4847,0.6049,0.0233,-0.2753,0.0116,-0.1512,-1.0779,0.2830,0.5000,-0.2000,-1.3430,0.9331,-1.2200,-0.5000,0.2000,1.4856,-1.0966,1.4039,128.8267,-6.8640,5.5878,-6.5645,7.4018,-1.1649,6.0838,-2.3026,14.9927,7.2289,0.2222,0.17
7.9913,0.1000,0.0000,0.0000,0.0000,0.0000,0.0000,-0.2065,-0.7091,0.0196,0.3440,0.0951,-0.9342,0.5163,-0.1998,-1.1605,0.9535,-1.2241,-0.4921,0.1892,1.5868,-0.9093,1.4142,0.1900,0.1822,0.1473,0.5816,0.0388,-0.3335,-0.0116,-0.4459,-1.2950,0.3606,0.5000,-0.2000,-1.3633,0.9348,-1.2128,-0.5000,0.2000,1.4550,-1.1217,1.4136,129.1614,-7.1505,5.7628,-6.7692,7.6101,-1.2970,5.9300,-2.2116,15.0691,7.3874,0.2500,0.16
8.0143,0.1000,0.0000,0.0000,0.0000,0.0000,0.0000,-0.2340,-0.7342,0.6573,0.3325,0.0985,-0.9379,0.5177,-0.1977,-1.1583,0.9658,-1.2238,-0.4982,0.1886,1.5755,-0.9383,1.4219,0.0271,0.0853,-0.0349,0.5312,0.1008,-0.1822,-0.0659,-0.5467,-1.2679,0.2986,0.5000,-0.2000,-1.3837,0.9358,-1.2057,-0.5000,0.2000,1.4244,-1.1364,1.4221,129.3473,-7.4312,5.9233,-6.9569,7.7916,-1.4095,5.8117,-2.1315,15.1115,7.5153,0.2778,0.17
8.0393,0.1000,0.0000,0.0000,0.0000,0.0000,0.0000,-0.2376,-0.6561,1.2428,0.3246,0.0977,-0.9408,0.5179,-0.1977,-1.1611,0.9751,-1.2228,-0.5024,0.1870,1.5617,-0.9669,1.4294,0.0504,-0.0310,-0.2637,0.3451,0.1086,-0.0775,-0.1357,-0.6592,-1.0857,0.3218,0.5000,-0.2000,-1.4041,0.9360,-1.1986,-0.5000,0.2000,1.3939,-1.1398,1.4293,129.4142,-7.6675,6.0699,-7.1324,7.9226,-1.4909,5.7076,-2.0475,15.1194,7.6367,0.3056,0.16
8.0633,0.1000,0.0000,0.0000,0.0000,0.0000,0.0000,-0.2036,-0.6633,1.7959,0.3163,0.0931,-0.9441,0.5176,-0.1998,-1.1725,0.9818,-1.2201,-0.5051,0.1842,1.5425,-0.9931,1.4369,0.0582,-0.1473,-0.6592,0.1939,0.1900,-0.0194,-0.1086,-0.8879,-0.8298,0.3218,0.5000,-0.2000,-1.4244,0.9355,-1.1914,-0.5000,0.2000,1.3633,-1.1318,1.4352,129.3620,-7.8100,6.1777,-7.2789,7.9828,-1.5520,5.6281,-1.9759,15.1045,7.7346,0.3333,0.19
8.0873,0.1000,0.0000,0.0000,0.0000,0.0000,0.0000,-0.1475,-0.6073,2.2179,0.3097,0.0834,-0.9472,0.5174,-0.2027,-1.1908,0.9837,-1.2159,-0.5076,0.1810,1.5190,-1.0117,1.4439,-0.0039,-0.1318,-0.8065,0.0969,0.2753,-0.1163,-0.1551,-0.9732,-0.6165,0.2482,0.5000,-0.2000,-1.4448,0.9342,-1.1842,-0.5000,0.2000,1.3328,-1.1129,1.4398,129.1971,-7.8691,6.2425,-7.3885,7.9995,-1.5950,5.5771,-1.9256,15.0798,7.7942,0.3611,0.19
8.1123,0.1000,0.0000,0.0000,0.0000,0.0000,0.0000,-0.1226,-0.4396,2.4737,0.3070,0.0709,-0.9491,0.5171,-0.2069,-1.2134,0.9828,-1.2107,-0.5098,0.1771,1.4925,-1.0227,1.4500,0.0388,-0.2055,-1.1128,-0.0078,0.2869,-0.0116,-0.1861,-1.0275,-0.3102,0.1900,0.5000,-0.2000,-1.4652,0.9322,-1.1742,-0.5000,0.2000,1.3022,-1.0839,1.4432,128.9763,-7.8892,6.2907,-7.4600,7.9913,-1.6206,5.5370,-1.8796,15.0341,7.8249,0.3889,0.18
8.1363,0.1000,0.0000,0.0000,0.0000,0.0000,0.0000,-0.1631,-0.2845,2.6944,0.3077,0.0566,-0.9498,0.5172,-0.2110,-1.2426,0.9788,-1.2015,-0.5108,0.1730,1.4663,-1.0260,1.4553,-0.0000,-0.1396,-1.3416,-0.1473,0.4226,-0.0116,-0.1551,-1.2020,0.0543,0.2249,0.5000,-0.2000,-1.4856,0.9295,-1.1641,-0.5000,0.2000,1.2717,-1.0461,1.4456,128.6730,-7.8348,6.2996,-7.4912,7.9347,-1.6386,5.5178,-1.8483,14.9708,7.8280,0.4167,0.17
8.1603,0.1000,0.0000,0.0000,0.0000,0.0000,0.0000,-0.0926,-0.3026,2.8660,0.3085,0.0389,-0.9504,0.5173,-0.2148,-1.2761,0.9722,-1.1918,-0.5107,0.1698,1.4360,-1.0222,1.4599,0.0271,-0.1551,-1.5199,-0.3684,0.4381,0.0039,-0.1008,-1.3532,0.2830,0.1784,0.5000,-0.2000,-1.5059,0.9262,-1.1541,-0.5000,0.2000,1.2411,-1.0014,1.4472,128.2569,-7.6535,6.2734,-7.5023,7.8045,-1.6611,5.5265,-1.8364,14.9065,7.8119,0.4444,0.17
8.1843,0.1000,0.0000,0.0000,0.0000,0.0000,0.0000,-0.1419,-0.4036,2.9881,0.3052,0.0207,-0.9521,0.5174,-0.2177,-1.3116,0.9626,-1.1814,-0.5108,0.1680,1.4039,-1.0118,1.4639,0.0775,-0.1047,-1.5897,-0.3994,0.4692,0.0155,-0.0659,-1.5897,0.6243,0.1473,0.5000,-0.2000,-1.5263,0.9223,-1.1440,-0.5000,0.2000,1.2106,-0.9519,1.4483,127.7361,-7.4255,6.2121,-7.4778,7.6378,-1.6785,5.5440,-1.8375,14.8149,7.7717,0.4722,0.18
8.2084,0.1000,0.0000,0.0000,0.0000,0.0000,0.0000,-0.2380,-0.4295,3.0534,0.2995,0.0045,-0.9541,0.5177,-0.2197,-1.3467,0.9522,-1.1694,-0.5108,0.1664,1.3656,-0.9949,1.4667,0.0310,-0.1124,-1.5626,-0.4614,0.5002,0.0155,-0.0582,-1.6711,0.8608,0.0271,0.5000,-0.2000,-1.5467,0.9180,-1.1340,-0.5000,0.2000,1.1800,-0.9000,1.4770,127.1362,-7.1833,6.1283,-7.4240,7.4809,-1.7003,5.5814,-1.8558,14.7180,7.6986,0.5000,0.19
8.2323,0.1000,0.0000,0.0000,0.0000,0.0000,0.0000,-0.3043,-0.3572,3.0867,0.2940,-0.0115,-0.9557,0.5179,-0.2206,-1.3849,0.9378,-1.1564,-0.5103,0.1665,1.3255,-0.9725,1.4708,0.0427,0.0543,-1.6673,-0.5545,0.6243,0.1086,0.0194,-1.5858,0.9965,0.2637,0.5000,-0.2000,-1.5670,0.9133,-1.1239,-0.5000,0.2000,1.2004,-0.9052,1.4699,126.4532,-6.8643,6.0152,-7.3377,7.2869,-1.7351,5.6556,-1.8918,14.6060,7.5941,0.5278,0.18
8.2573,0.1000,0.0000,0.0000,0.0000,0.0000,0.0000,-0.3760,-0.4025,3.0297,0.2864,-0.0251,-0.9578,0.5178,-0.2204,-1.4211,0.9234,-1.1434,-0.5089,0.1678,1.2944,-0.9517,1.4756,0.0582,0.0349,-1.6401,-0.5932,0.5971,0.0388,0.0620,-1.1981,0.7057,0.1086,0.5000,-0.2000,-1.5874,0.9083,-1.1139,-0.5000,0.2000,1.2207,-0.9103,1.4627,125.6809,-6.4928,5.8662,-7.2205,7.0688,-1.7479,5.7327,-1.9449,14.5114,7.4647,0.5556,0.17
8.2823,0.1000,0.0000,0.0000,0.0000,0.0000,0.0000,-0.5555,-0.4608,2.8962,0.2743,-0.0346,-0.9610,0.5175,-0.2193,-1.4599,0.9053,-1.1280,-0.5083,0.1704,1.2690,-0.9377,1.4791,-0.1124,0.1280,-1.5044,-0.7522,0.5816,-0.0427,0.1241,-0.8336,0.4924,0.0078,0.5000,-0.2000,-1.6078,0.9031,-1.1038,-0.5000,0.2000,1.2411,-0.9152,1.4556,124.8029,-6.0765,5.6796,-7.0651,6.8040,-1.7206,5.8205,-2.0110,14.4075,7.3143,0.5833,0.18
8.3064,0.1000,0.0000,0.0000,0.0000,0.0000,0.0000,-0.6836,-0.3430,2.6920,0.2643,-0.0366,-0.9637,0.5174,-0.2174,-1.4959,0.8872,-1.1146,-0.5074,0.1742,1.2519,-0.9281,1.4808,0.0078,0.0814,-1.5044,-0.6747,0.4188,0.1241,0.1977,-0.5622,0.2986,0.0271,0.5000,-0.2000,-1.6078,0.9209,-1.1562,-0.5000,0.2000,1.2615,-0.9198,1.4485,123.9076,-5.6742,5.4994,-6.8994,6.5316,-1.6579,5.8989,-2.0654,14.2869,7.1579,0.6111,0.18
8.3313,0.1000,0.0000,0.0000,0.0000,0.0000,0.0000,-0.4723,-0.3670,2.4719,0.2534,-0.0353,-0.9667,0.5154,-0.2161,-1.5271,0.8713,-1.1196,-0.5063,0.1785,1.2433,-0.9217,1.4812,-0.1590,0.0194,-1.3299,-0.3994,-0.7638,0.0388,0.0116,-0.3839,0.2094,-0.0543,0.5000,-0.2000,-1.5772,0.9722,-1.1689,-0.5000,0.2000,1.2819,-0.9239,1.4414,122.8973,-5.1209,5.3014,-6.7595,6.1556,-1.5589,6.0102,-2.1154,14.1744,6.9899,0.6389,0.17
8.3553,0.1000,0.0000,0.0000,0.0000,0.0000,0.0000,-0.0680,-0.5907,1.7134,0.2350,-0.0448,-0.9710,0.5083,-0.2152,-1.5548,0.8700,-1.1376,-0.5039,0.1802,1.2382,-0.9205,1.4796,-0.2094,0.0814,-0.9616,0.2288,-0.5777,0.1784,0.0504,-0.1280,-0.1047,-0.1628,0.5000,-0.2000,-1.5467,1.0200,-1.1813,-0.5000,0.2000,1.3022,-0.9276,1.4342,122.0183,-4.4598,5.0348,-6.5374,5.7068,-1.4197,6.1854,-2.2312,14.1162,6.7703,0.6667,0.17
8.3793,0.1000,0.0000,0.0000,0.0000,0.0000,0.0000,-0.2894,-1.0073,0.8538,0.2101,-0.0401,-0.9769,0.5044,-0.2139,-1.5696,0.8785,-1.1507,-0.5029,0.1816,1.2370,-0.9239,1.4736,-0.0349,0.0116,-0.4808,0.5971,-0.6630,0.0853,0.0155,-0.1086,-0.2094,-0.3373,0.5000,-0.2000,-1.5161,1.0621,-1.1931,-0.5000,0.2000,1.3226,-0.9306,1.4271,121.2897,-3.9268,4.7638,-6.2569,5.2703,-1.1880,6.3051,-2.3342,14.0108,6.5757,0.6944,0.17
8.4033,0.1000,0.0000,0.0000,0.0000,0.0000,0.0000,-0.1432,-1.2646,0.0908,0.1774,-0.0344,-0.9835,0.5020,-0.2134,-1.5754,0.8971,-1.1670,-0.5034,0.1824,1.2370,-0.9287,1.4677,-0.0659,0.0427,-0.0969,1.0275,-0.6553,-0.0039,-0.0194,0.0000,-0.1435,-0.2016,0.5000,-0.2000,-1.4856,1.0966,-1.2039,-0.4943,0.2000,1.3430,-0.9331,1.4200,120.7179,-3.3342,4.5004,-6.0262,4.7858,-0.9434,6.5129,-2.4550,13.9324,6.3815,0.7222,0.17
8.4283,0.1000,0.0000,0.0000,0.0000,0.0000,0.0000,-0.1110,-1.3096,-0.7413,0.1436,-0.0266,-0.9893,0.4996,-0.2135,-1.5731,0.9218,-1.1816,-0.5024,0.1825,1.2400,-0.9327,1.4624,-0.0931,0.0775,0.0814,1.1167,-0.5002,0.1047,-0.0388,0.1745,-0.0931,-0.2171,0.5000,-0.2000,-1.4550,1.1217,-1.2136,-0.4685,0.2000,1.3633,-0.9348,1.4128,120.3401,-2.8520,4.2607,-5.7948,4.3610,-0.6850,6.7082,-2.5731,13.8544,6.2160,0.7500,0.18
8.4523,0.1000,0.0000,0.0000,0.0000,0.0000,0.0000,-0.0622,-1.2438,-1.5253,0.1109,-0.0164,-0.9937,0.4977,-0.2139,-1.5636,0.9485,-1.1946,-0.4974,0.1826,1.2480,-0.9346,1.4566,0.0233,0.0233,0.4459,1.1516,-0.4575,0.2559,0.0465,0.3567,-0.0349,-0.2404,0.5000,-0.2000,-1.4244,1.1364,-1.2221,-0.4426,0.2000,1.3837,-0.9358,1.4057,120.1426,-2.4491,4.0515,-5.5882,4.0047,-0.4260,6.9011,-2.6878,13.7917,6.0822,0.7778,0.17
8.4773,0.1000,0.0000,0.0000,0.0000,0.0000,0.0000,0.0465,-1.0855,-2.1716,0.0822,-0.0108,-0.9966,0.4976,-0.2147,-1.5467,0.9762,-1.2016,-0.4896,0.1827,1.2609,-0.9336,1.4521,0.0698,-0.0659,0.7212,1.0275,-0.1047,0.4614,0.0233,0.5428,0.1047,-0.1822,0.5000,-0.2000,-1.3939,1.1398,-1.2293,-0.4199,0.2000,1.4041,-0.9360,1.3986,120.1169,-2.1554,3.8887,-5.4281,3.7336,-0.1993,7.0821,-2.7923,13.7530,5.9847,0.8056,0.18
8.5013,0.1000,0.0000,0.0000,0.0000,0.0000,0.0000,0.1949,-0.9098,-2.5652,0.0591,-0.0106,-0.9982,0.4996,-0.2163,-1.5251,0.9989,-1.2048,-0.4765,0.1828,1.2773,-0.9292,1.4493,0.1551,-0.0853,0.9577,0.8840,-0.0271,0.5661,0.0000,0.6553,0.2714,-0.1318,0.5000,-0.2000,-1.3633,1.1318,-1.2352,-0.4015,0.2000,1.4244,-0.9355,1.3914,120.1569,-1.9513,3.7724,-5.3223,3.5435,-0.0147,7.2255,-2.8699,13.7264,5.9316,0.8333,0.18
8.5263,0.1000,0.0000,0.0000,0.0000,0.0000,0.0000,0.2173,-0.7008,-2.6550,0.0427,-0.0141,-0.9990,0.5023,-0.2181,-1.4996,1.0157,-1.2056,-0.4650,0.1828,1.2991,-0.9219,1.4467,0.1241,-0.1047,1.0353,0.5273,-0.0271,0.6398,0.0000,0.8763,0.3257,-0.0853,0.5000,-0.2000,-1.3328,1.1129,-1.2398,-0.3898,0.2000,1.4448,-0.9342,1.3842,120.1669,-1.8848,3.7109,-5.2629,3.4594,0.1019,7.3006,-2.9120,13.7018,5.9226,0.8611,0.17
8.5513,0.1000,0.0000,0.0000,0.0000,0.0000,0.0000,0.2338,-0.5840,-2.7150,0.0286,-0.0203,-0.9994,0.5032,-0.2211,-1.4730,1.0256,-1.2066,-0.4481,0.1827,1.3214,-0.9118,1.4425,0.0388,-0.0892,1.1710,0.2830,0.0310,0.6902,0.0194,0.8879,0.3877,-0.2133,0.5000,-0.2000,-1.3022,1.0839,-1.2432,-0.3825,0.2000,1.4652,-0.9322,1.3742,120.2173,-1.9081,3.6714,-5.2231,3.4575,0.1752,7.3583,-2.9514,13.6997,5.9266,0.8889,0.17
8.5773,0.1000,0.0000,0.0000,0.0000,0.0000,0.0000,0.1607,-0.4841,-2.6100,0.0176,-0.0269,-0.9995,0.5034,-0.2249,-1.4437,1.0298,-1.2082,-0.4333,0.1825,1.3457,-0.9021,1.4341,-0.0194,-0.1473,1.0934,-0.0000,-0.0233,0.6708,0.0000,0.9189,0.3955,-0.5390,0.5000,-0.2000,-1.2717,1.0461,-1.2456,-0.3795,0.2000,1.4856,-0.9295,1.3641,120.2696,-2.0347,3.6793,-5.2175,3.5444,0.2046,7.3609,-2.9628,13.7097,5.9553,0.9167,0.17
8.6023,0.1000,0.0000,0.0000,0.0000,0.0000,0.0000,-0.0499,-0.4720,-2.3498,0.0055,-0.0297,-0.9995,0.5030,-0.2296,-1.4117,1.0264,-1.2109,-0.4156,0.1823,1.3710,-0.8955,1.4164,-0.0427,-0.1086,1.2097,-0.2133,-0.1280,0.7600,-0.0078,0.9383,0.1706,-0.7949,0.5000,-0.2000,-1.2411,1.0014,-1.2472,-0.3814,0.2000,1.5059,-0.9262,1.3541,120.3004,-2.2520,3.7210,-5.2295,3.7125,0.1864,7.3181,-2.9558,13.7164,6.0002,0.9444,0.17
8.6273,0.1000,0.0000,0.0000,0.0000,0.0000,0.0000,-0.0488,-0.5446,-1.7441,-0.0090,-0.0331,-0.9994,0.5023,-0.2336,-1.3807,1.0157,-1.2142,-0.4009,0.1821,1.3957,-0.8930,1.3960,0.0271,-0.0504,1.1632,-0.6165,-0.0775,0.4653,-0.0465,0.8336,0.0388,-0.8840,0.5000,-0.2000,-1.2106,0.9519,-1.2483,-0.3884,0.2000,1.5263,-0.9223,1.3440,120.2273,-2.4778,3.8126,-5.3328,3.8714,0.1163,7.2407,-2.9144,13.7442,6.1051,0.9722,0.17
8.6528,0.1000,0.0000,0.0000,0.0000,0.0000,0.0000,-0.2013,-0.4989,-1.2782,-0.0245,-0.0337,-0.9991,0.5017,-0.2358,-1.3495,0.9963,-1.2169,-0.3914,0.1817,1.4147,-0.8934,1.3743,0.0194,-0.1163,1.3106,-0.9500,-0.0853,0.3024,-0.0853,0.7677,-0.0543,-0.8530,0.5000,-0.2000,-1.1800,0.9000,-1.2770,-0.3984,0.2000,1.5467,-0.9180,1.3340,120.1769,-2.8246,3.9408,-5.4339,4.1408,0.0162,7.1104,-2.8652,13.7775,6.2053,0.0000,0.17
8.6763,0.1000,0.0000,0.0000,0.0000,0.0000,0.0000,-0.2249,-0.3391,-0.7890,-0.0365,-0.0331,-0.9988,0.5009,-0.2370,-1.3177,0.9655,-1.2222,-0.3876,0.1814,1.4342,-0.8935,1.3540,0.0814,0.0271,1.1826,-1.3959,-0.2869,0.1008,-0.0737,0.6785,0.0427,-0.7910,0.5000,-0.2000,-1.2004,0.9052,-1.2699,-0.4111,0.2000,1.5670,-0.9133,1.3239,120.1967,-3.1856,4.1071,-5.5820,4.4230,-0.1111,6.9869,-2.8014,13.8206,6.3271,0.0278,0.20
8.7003,0.1000,0.0000,0.0000,0.0000,0.0000,0.0000,-0.2456,-0.1918,-0.4019,-0.0439,-0.0292,-0.9986,0.5005,-0.2377,-1.2975,0.9386,-1.2267,-0.3877,0.1810,1.4517,-0.8934,1.3353,0.0620,-0.0000,0.7173,-1.0546,-0.0814,-0.0349,-0.0039,0.6940,0.0620,-0.8220,0.5000,-0.2000,-1.2207,0.9103,-1.2627,-0.4250,0.2000,1.5874,-0.9083,1.3139,120.3641,-3.5840,4.2615,-5.6910,4.7488,-0.2496,6.8643,-2.7510,13.8770,6.4068,0.0556,0.19
8.7233,0.1000,0.0000,0.0000,0.0000,0.0000,0.0000,-0.2148,0.0222,-0.0517,-0.0465,-0.0245,-0.9986,0.5001,-0.2379,-1.2858,0.9142,-1.2272,-0.3907,0.1799,1.4677,-0.8935,1.3194,0.0892,0.0155,0.2365,-0.9655,0.0814,-0.1784,-0.1241,0.6940,0.0194,-0.6669,0.5000,-0.2000,-1.2411,0.9152,-1.2556,-0.4379,0.2000,1.6078,-0.9031,1.3038,120.6448,-3.9479,4.4217,-5.8092,5.0530,-0.3788,6.7596,-2.7012,13.9410,6.4906,0.0833,0.19
8.7473,0.1000,0.0000,0.0000,0.0000,0.0000,0.0000,-0.1897,0.2308,0.2055,-0.0437,-0.0196,-0.9989,0.4996,-0.2373,-1.2838,0.8936,-1.2258,-0.3973,0.1780,1.4856,-0.8937,1.3060,-0.0543,0.1086,-0.0969,-0.7367,0.1318,-0.2792,-0.1047,0.7212,0.0543,-0.4963,0.5000,-0.2000,-1.2615,0.9198,-1.2485,-0.4481,0.2000,1.6078,-0.9209,1.3562,120.9865,-4.2754,4.5648,-5.9127,5.3244,-0.4814,6.6612,-2.6511,14.0008,6.5622,0.1111,0.18
8.7703,0.1000,0.0000,0.0000,0.0000,0.0000,0.0000,-0.1586,0.3236,0.2910,-0.0373,-0.0132,-0.9992,0.4987,-0.2364,-1.2879,0.8783,-1.2227,-0.4054,0.1765,1.5018,-0.8962,1.3010,-0.0271,-0.0116,-0.2482,-0.5661,0.2133,-0.2830,-0.0465,0.5545,-0.2520,0.0078,0.5000,-0.2000,-1.2819,0.9239,-1.2414,-0.4553,0.2000,1.5772,-0.9722,1.3689,121.4395,-4.5673,4.6973,-6.0001,5.5752,-0.5532,6.5579,-2.6003,14.0713,6.6360,0.1389,0.17
8.7933,0.1000,0.0000,0.0000,0.0000,0.0000,0.0000,-0.2063,0.2591,0.2798,-0.0320,-0.0057,-0.9995,0.4980,-0.2354,-1.2944,0.8655,-1.2195,-0.4135,0.1746,1.5124,-0.9051,1.3041,0.0582,-0.0116,-0.3528,-0.4304,0.1706,-0.3451,-0.0465,0.3839,-0.5700,0.1822,0.5000,-0.2000,-1.3022,0.9276,-1.2342,-0.4591,0.2000,1.5467,-1.0200,1.3813,121.9978,-4.8130,4.8052,-6.0714,5.7887,-0.5911,6.4654,-2.5634,14.1666,6.7036,0.1667,0.17
8.8183,0.1000,0.0000,0.0000,0.0000,0.0000,0.0000,-0.1767,0.0484,0.3131,-0.0310,0.0023,-0.9995,0.4980,-0.2345,-1.3018,0.8584,-1.2176,-0.4207,0.1736,1.5188,-0.9214,1.3108,0.0039,0.0737,-0.3567,-0.1241,0.0737,-0.3102,-0.0310,0.1202,-0.7716,0.2675,0.5000,-0.2000,-1.3226,0.9306,-1.2271,-0.4605,0.2000,1.5161,-1.0621,1.3931,122.5763,-4.9894,4.8995,-6.1546,5.9413,-0.6049,6.3904,-2.5255,14.2628,6.7725,0.1944,0.17
8.8423,0.1000,0.0000,0.0000,0.0000,0.0000,0.0000,-0.1097,-0.1896,0.4557,-0.0365,0.0076,-0.9993,0.4979,-0.2337,-1.3097,0.8575,-1.2164,-0.4282,0.1732,1.5204,-0.9435,1.3211,0.0349,0.0078,-0.3218,0.1202,0.0620,-0.2288,-0.0078,-0.0504,-0.9655,0.3839,0.5000,-0.2000,-1.3430,0.9331,-1.2200,-0.4611,0.2000,1.4856,-1.0966,1.4039,123.1039,-5.1256,4.9956,-6.2583,6.0494,-0.6111,6.3156,-2.4812,14.3489,6.8557,0.2222,0.17
8.8653,0.1000,0.0000,0.0000,0.0000,0.0000,0.0000,-0.1142,-0.3382,0.5871,-0.0455,0.0127,-0.9989,0.4976,-0.2333,-1.3152,0.8594,-1.2156,-0.4332,0.1730,1.5167,-0.9667,1.3329,0.0078,0.0582,-0.3218,0.1784,0.0737,-0.1977,0.0194,-0.2404,-0.9965,0.5351,0.5000,-0.2000,-1.3633,0.9348,-1.2128,-0.4599,0.2000,1.4550,-1.1217,1.4136,123.5796,-5.2642,5.0898,-6.3569,6.1357,-0.5995,6.2445,-2.4353,14.4129,6.9402,0.2500,0.18
8.8893,0.1000,0.0000,0.0000,0.0000,0.0000,0.0000,-0.0801,-0.4093,0.6836,-0.0560,0.0170,-0.9983,0.4974,-0.2331,-1.3227,0.8638,-1.2149,-0.4390,0.1730,1.5089,-0.9906,1.3464,0.0775,0.0582,-0.3839,0.2908,0.0388,-0.2830,-0.0271,-0.3839,-0.9577,0.5971,0.5000,-0.2000,-1.3837,0.9358,-1.2057,-0.4570,0.2000,1.4244,-1.1364,1.4221,124.0166,-5.3661,5.1740,-6.4491,6.1924,-0.5704,6.1899,-2.3976,14.4734,7.0111,0.2778,0.17
8.9143,0.1000,0.0000,0.0000,0.0000,0.0000,0.0000,-0.0373,-0.4291,0.7587,-0.0678,0.0205,-0.9975,0.4974,-0.2331,-1.3308,0.8706,-1.2147,-0.4439,0.1730,1.4972,-1.0121,1.3607,0.0039,0.0388,-0.2986,0.3218,0.0155,-0.1861,0.0000,-0.4885,-0.8453,0.4885,0.5000,-0.2000,-1.4041,0.9360,-1.1986,-0.4540,0.2000,1.3939,-1.1398,1.4293,124.3943,-5.4397,5.2479,-6.5357,6.2255,-0.5397,6.1502,-2.3654,14.5243,7.0733,0.3056,0.17
8.9383,0.1000,0.0000,0.0000,0.0000,0.0000,0.0000,0.0158,-0.3242,0.7837,-0.0771,0.0223,-0.9968,0.4975,-0.2331,-1.3393,0.8779,-1.2139,-0.4482,0.1727,1.4827,-1.0292,1.3757,0.0969,0.0116,-0.3412,0.3412,0.0465,-0.1745,0.0000,-0.6747,-0.5157,0.5932,0.5000,-0.2000,-1.4244,0.9355,-1.1914,-0.4499,0.2000,1.3633,-1.1318,1.4352,124.7451,-5.4972,5.3214,-6.6177,6.2360,-0.4988,6.1187,-2.3296,14.5542,7.1316,0.3333,0.17
8.9642,0.1000,0.0000,0.0000,0.0000,0.0000,0.0000,0.0040,-0.2361,0.7950,-0.0834,0.0255,-0.9962,0.4976,-0.2330,-1.3475,0.8846,-1.2128,-0.4505,0.1721,1.4654,-1.0410,1.3907,-0.0000,0.0155,-0.3373,0.2753,0.1202,-0.0504,-0.0698,-0.8026,-0.3373,0.6243,0.5000,-0.2000,-1.4448,0.9342,-1.1842,-0.4472,0.2000,1.3328,-1.1129,1.4398,125.0566,-5.5408,5.3780,-6.6793,6.2450,-0.4725,6.0969,-2.3030,14.5793,7.1732,0.3611,0.17
8.9873,0.1000,0.0000,0.0000,0.0000,0.0000,0.0000,0.0766,-0.0969,0.8185,-0.0864,0.0264,-0.9959,0.4977,-0.2330,-1.3573,0.8912,-1.2110,-0.4511,0.1713,1.4472,-1.0455,1.4041,0.0504,0.0194,-0.4537,0.3451,0.1163,0.0310,0.0039,-0.8414,-0.0155,0.6165,0.5000,-0.2000,-1.4652,0.9322,-1.1742,-0.4454,0.2000,1.3022,-1.0839,1.4432,125.2966,-5.5280,5.4229,-6.7377,6.2171,-0.4543,6.0929,-2.2787,14.5924,7.2011,0.3889,0.17
9.0112,0.1000,0.0000,0.0000,0.0000,0.0000,0.0000,0.1126,0.0358,0.8594,-0.0861,0.0268,-0.9959,0.4976,-0.2330,-1.3681,0.8962,-1.2095,-0.4510,0.1705,1.4270,-1.0429,1.4165,-0.0039,0.0116,-0.4692,0.2210,0.1667,0.0194,-0.0659,-1.0236,0.2520,0.5196,0.5000,-0.2000,-1.4856,0.9295,-1.1641,-0.4450,0.2000,1.2717,-1.0461,1.4456,125.4570,-5.5076,5.4570,-6.7899,6.1842,-0.4495,6.0863,-2.2545,14.5945,7.2281,0.4167,0.17
9.0342,0.1000,0.0000,0.0000,0.0000,0.0000,0.0000,0.1513,0.1501,0.8736,-0.0824,0.0262,-0.9963,0.4975,-0.2329,-1.3807,0.9003,-1.2067,-0.4506,0.1700,1.4040,-1.0332,1.4285,0.0039,-0.0039,-0.5816,0.1822,0.1202,0.0271,-0.0155,-1.0197,0.6281,0.4420,0.5000,-0.2000,-1.5059,0.9262,-1.1541,-0.4459,0.2000,1.2411,-1.0014,1.4472,125.5238,-5.4413,5.4696,-6.8211,6.1269,-0.4585,6.0939,-2.2411,14.5884,7.2310,0.4444,0.17
9.0583,0.1000,0.0000,0.0000,0.0000,0.0000,0.0000,0.2048,0.2777,0.8763,-0.0772,0.0247,-0.9967,0.4975,-0.2329,-1.3950,0.9034,-1.2042,-0.4501,0.1697,1.3794,-1.0156,1.4387,0.0582,0.0155,-0.7173,0.1784,0.2404,0.1047,-0.0737,-1.1671,0.9383,0.4459,0.5000,-0.2000,-1.5263,0.9223,-1.1440,-0.4487,0.2000,1.2106,-0.9519,1.4483,125.5234,-5.3430,5.4656,-6.8349,6.0592,-0.4866,6.1166,-2.2356,14.5693,7.2183,0.4722,0.16
9.0823,0.1000,0.0000,0.0000,0.0000,0.0000,0.0000,0.2530,0.4499,0.8361,-0.0674,0.0211,-0.9975,0.4972,-0.2328,-1.4108,0.9050,-1.2010,-0.4499,0.1695,1.3515,-0.9907,1.4472,0.0078,0.0388,-0.6863,0.0659,0.1357,0.0543,-0.0543,-1.1904,1.2524,0.2443,0.5000,-0.2000,-1.5467,0.9180,-1.1340,-0.4527,0.2000,1.1800,-0.9000,1.4770,125.4200,-5.2132,5.4429,-6.8321,5.9868,-0.5273,6.1515,-2.2389,14.5447,7.1865,0.5000,0.18
9.1082,0.1000,0.0000,0.0000,0.0000,0.0000,0.0000,0.2964,0.5990,0.7644,-0.0541,0.0163,-0.9984,0.4970,-0.2326,-1.4286,0.9057,-1.1975,-0.4501,0.1694,1.3212,-0.9566,1.4580,0.0194,0.0427,-0.6475,0.0233,0.1318,0.0814,-0.0931,-1.2873,1.4036,0.6669,0.5000,-0.2000,-1.5670,0.9133,-1.1239,-0.4591,0.2000,1.2004,-0.9052,1.4699,125.2373,-5.0473,5.4031,-6.8054,5.9022,-0.5909,6.1964,-2.2458,14.4929,7.1353,0.5278,0.17
9.1322,0.1000,0.0000,0.0000,0.0000,0.0000,0.0000,0.3505,0.7528,0.6976,-0.0368,0.0077,-0.9993,0.4969,-0.2324,-1.4475,0.9055,-1.1939,-0.4511,0.1694,1.2988,-0.9258,1.4696,-0.0039,0.0892,-0.8336,-0.0349,0.1241,-0.0427,0.0233,-0.8569,1.2059,0.3451,0.5000,-0.2000,-1.5874,0.9083,-1.1139,-0.4661,0.2000,1.2207,-0.9103,1.4627,124.9365,-4.8284,5.3238,-6.7502,5.7960,-0.6607,6.2590,-2.2729,14.4628,7.0553,0.5556,0.17
9.1573,0.1000,0.0000,0.0000,0.0000,0.0000,0.0000,0.2695,0.8628,0.6230,-0.0174,0.0015,-0.9998,0.4970,-0.2325,-1.4666,0.9048,-1.1895,-0.4543,0.1699,1.2842,-0.9019,1.4775,0.0427,0.0116,-0.8763,0.0349,0.2171,-0.2559,0.0853,-0.4614,0.9151,0.3218,0.5000,-0.2000,-1.6078,0.9031,-1.1038,-0.4707,0.2000,1.2411,-0.9152,1.4556,124.5282,-4.6237,5.2300,-6.6662,5.6783,-0.7066,6.2956,-2.2917,14.4019,6.9668,0.5833,0.17
9.1822,0.1000,0.0000,0.0000,0.0000,0.0000,0.0000,0.2299,0.9631,0.4857,0.0051,-0.0051,-1.0000,0.4973,-0.2329,-1.4871,0.9048,-1.1819,-0.4598,0.1711,1.2784,-0.8830,1.4832,0.0078,0.0582,-0.8685,0.0388,0.3024,-0.1667,0.0737,-0.1047,0.6204,0.1357,0.5000,-0.2000,-1.6078,0.9209,-1.1562,-0.4740,0.2000,1.2615,-0.9198,1.4485,124.0466,-4.3791,5.1103,-6.5616,5.5358,-0.7401,6.3572,-2.3260,14.3510,6.8570,0.6111,0.17
9.2062,0.1000,0.0000,0.0000,0.0000,0.0000,0.0000,0.1762,1.0619,0.4147,0.0300,-0.0122,-0.9995,0.4975,-0.2334,-1.5074,0.9073,-1.1799,-0.4649,0.1733,1.2781,-0.8681,1.4875,0.0582,-0.0310,-0.6902,0.1628,-0.0427,-0.1357,0.0620,0.0116,0.5506,0.1280,0.5000,-0.2000,-1.5772,0.9722,-1.1689,-0.4745,0.2000,1.2819,-0.9239,1.4414,123.4511,-4.1278,4.9925,-6.4627,5.3589,-0.7448,6.4005,-2.3382,14.2555,6.7585,0.6389,0.18
9.2303,0.1000,0.0000,0.0000,0.0000,0.0000,0.0000,0.0669,0.9981,0.3456,0.0551,-0.0160,-0.9984,0.4981,-0.2339,-1.5227,0.9137,-1.1807,-0.4700,0.1762,1.2801,-0.8571,1.4905,0.0504,0.0543,-0.5312,0.3412,-0.0116,-0.1745,0.1047,0.0582,0.3606,0.0737,0.5000,-0.2000,-1.5467,1.0200,-1.1813,-0.4748,0.2000,1.3022,-0.9276,1.4342,122.8162,-3.8839,4.8495,-6.3379,5.1717,-0.7480,6.4517,-2.3658,14.1565,6.6510,0.6667,0.18
9.2543,0.1000,0.0000,0.0000,0.0000,0.0000,0.0000,0.1103,0.7114,0.2157,0.0738,-0.0194,-0.9971,0.4983,-0.2346,-1.5313,0.9255,-1.1813,-0.4742,0.1791,1.2830,-0.8493,1.4927,0.0388,-0.0620,-0.2288,0.7018,0.0271,-0.0969,0.0310,0.1086,0.1900,0.0620,0.5000,-0.2000,-1.5161,1.0621,-1.1931,-0.4745,0.2000,1.3226,-0.9306,1.4271,122.1845,-3.6124,4.7021,-6.2225,4.9672,-0.7453,6.5226,-2.4088,14.0799,6.5401,0.6944,0.17
9.2783,0.1000,0.0000,0.0000,0.0000,0.0000,0.0000,0.1178,0.4592,0.0769,0.0868,-0.0245,-0.9959,0.4993,-0.2347,-1.5332,0.9428,-1.1814,-0.4776,0.1812,1.2856,-0.8475,1.4930,0.0931,0.1086,-0.0892,0.8453,0.0853,-0.1396,0.0775,0.1047,-0.0349,0.0388,0.5000,-0.2000,-1.4856,1.0966,-1.2039,-0.4714,0.2000,1.3430,-0.9331,1.4200,121.5557,-3.3423,4.5449,-6.0937,4.7442,-0.7143,6.6025,-2.4568,13.9910,6.4402,0.7222,0.18
9.3023,0.1000,0.0000,0.0000,0.0000,0.0000,0.0000,0.1003,0.2352,-0.1072,0.0947,-0.0268,-0.9951,0.5004,-0.2346,-1.5314,0.9608,-1.1811,-0.4799,0.1825,1.2885,-0.8509,1.4906,0.0620,0.0310,0.1086,0.7600,0.0465,-0.0349,-0.0155,0.0388,-0.2288,-0.1628,0.5000,-0.2000,-1.4550,1.1217,-1.2136,-0.4662,0.2000,1.3633,-0.9348,1.4128,120.9696,-3.1250,4.4049,-5.9681,4.5578,-0.6624,6.6719,-2.5058,13.9139,6.3518,0.7500,0.17
9.3273,0.1000,0.0000,0.0000,0.0000,0.0000,0.0000,0.0703,0.0707,-0.3284,0.0989,-0.0275,-0.9947,0.5020,-0.2342,-1.5263,0.9783,-1.1806,-0.4805,0.1827,1.2914,-0.8580,1.4860,0.1435,-0.0000,0.3141,0.7600,-0.0116,-0.0000,-0.0582,0.1435,-0.3528,-0.2869,0.5000,-0.2000,-1.4244,1.1364,-1.2221,-0.4595,0.2000,1.3837,-0.9358,1.4057,120.4471,-2.9282,4.2675,-5.8348,4.3911,-0.5954,6.7524,-2.5644,13.8424,6.2597,0.7778,0.17
9.3512,0.1000,0.0000,0.0000,0.0000,0.0000,0.0000,0.1055,-0.0186,-0.5088,0.1013,-0.0287,-0.9944,0.5030,-0.2340,-1.5165,0.9949,-1.1804,-0.4797,0.1824,1.2960,-0.8661,1.4795,-0.0078,0.0504,0.4381,0.5545,0.0543,0.0427,-0.0116,0.1822,-0.3490,-0.3528,0.5000,-0.2000,-1.3939,1.1398,-1.2293,-0.4524,0.2000,1.4041,-0.9360,1.3986,119.9767,-2.7672,4.1527,-5.7226,4.2424,-0.5239,6.8330,-2.6139,13.7699,6.1903,0.8056,0.17
9.3752,0.1000,0.0000,0.0000,0.0000,0.0000,0.0000,0.1047,-0.0875,-0.7191,0.1026,-0.0300,-0.9943,0.5037,-0.2339,-1.5033,1.0078,-1.1808,-0.4786,0.1820,1.3027,-0.8743,1.4721,0.0931,0.0853,0.5932,0.5312,-0.0078,0.1008,-0.0271,0.2947,-0.3877,-0.3528,0.5000,-0.2000,-1.3633,1.1318,-1.2352,-0.4452,0.2000,1.4244,-0.9355,1.3914,119.6045,-2.6550,4.0551,-5.6138,4.1435,-0.4521,6.9004,-2.6631,13.7054,6.1291,0.8333,0.18
9.3982,0.1000,0.0000,0.0000,0.0000,0.0000,0.0000,0.0931,-0.1232,-0.9836,0.1032,-0.0307,-0.9942,0.5045,-0.2339,-1.4854,1.0181,-1.1821,-0.4763,0.1815,1.3118,-0.8820,1.4643,0.1163,-0.0078,0.7716,0.2675,-0.0233,0.1706,-0.0388,0.3761,-0.2326,-0.3528,0.5000,-0.2000,-1.3328,1.1129,-1.2398,-0.4380,0.2000,1.4448,-0.9342,1.3842,119.3739,-2.6117,3.9916,-5.5277,4.0928,-0.3803,6.9553,-2.7071,13.6616,6.0940,0.8611,0.17
9.4212,0.1000,0.0000,0.0000,0.0000,0.0000,0.0000,0.1123,-0.1185,-1.2142,0.1034,-0.0316,-0.9941,0.5053,-0.2343,-1.4652,1.0228,-1.1846,-0.4730,0.1809,1.3234,-0.8875,1.4565,0.0388,-0.0659,1.0430,0.1551,-0.0814,0.1202,-0.1241,0.4885,-0.1473,-0.3373,0.5000,-0.2000,-1.3022,1.0839,-1.2432,-0.4321,0.2000,1.4652,-0.9322,1.3742,119.2720,-2.6206,3.9516,-5.4631,4.1013,-0.3211,7.0031,-2.7471,13.6384,6.0695,0.8889,0.17
9.4463,0.1000,0.0000,0.0000,0.0000,0.0000,0.0000,0.1068,-0.0236,-1.4539,0.1063,-0.0318,-0.9938,0.5058,-0.2349,-1.4414,1.0222,-1.1881,-0.4686,0.1803,1.3376,-0.8902,1.4478,0.0116,-0.0078,1.1206,-0.1241,-0.1241,0.2210,-0.0155,0.7173,0.0194,-0.3684,0.5000,-0.2000,-1.2717,1.0461,-1.2456,-0.4280,0.2000,1.4856,-0.9295,1.3641,119.3194,-2.6994,3.9451,-5.4197,4.1589,-0.2802,7.0389,-2.7786,13.6272,6.0674,0.9167,0.17
9.4703,0.1000,0.0000,0.0000,0.0000,0.0000,0.0000,0.1047,0.0310,-1.6891,0.1104,-0.0330,-0.9933,0.5060,-0.2357,-1.4127,1.0164,-1.1920,-0.4638,0.1793,1.3565,-0.8901,1.4393,-0.0000,-0.0388,1.3106,-0.2714,-0.1008,0.2171,-0.0582,0.8065,0.0931,-0.3839,0.5000,-0.2000,-1.2411,1.0014,-1.2472,-0.4260,0.2000,1.5059,-0.9262,1.3541,119.5568,-2.8624,3.9773,-5.4077,4.2928,-0.2597,7.0469,-2.8004,13.6504,6.0876,0.9444,0.18
9.4942,0.1000,0.0000,0.0000,0.0000,0.0000,0.0000,0.1046,0.0731,-1.8672,0.1154,-0.0337,-0.9927,0.5060,-0.2362,-1.3815,1.0045,-1.1963,-0.4591,0.1786,1.3784,-0.8883,1.4312,0.0310,-0.0155,1.3610,-0.5894,-0.1396,0.2055,-0.0388,0.8530,0.1939,-0.3684,0.5000,-0.2000,-1.2106,0.9519,-1.2483,-0.4263,0.2000,1.5263,-0.9223,1.3440,119.9702,-3.0833,4.0458,-5.4363,4.4643,-0.2628,7.0375,-2.8087,13.7033,6.1429,0.9722,0.18
9.5182,0.1000,0.0000,0.0000,0.0000,0.0000,0.0000,0.0675,0.0909,-2.0051,0.1210,-0.0327,-0.9921,0.5060,-0.2363,-1.3515,0.9879,-1.2011,-0.4540,0.1785,1.4002,-0.8853,1.4224,-0.0388,0.0116,1.3842,-0.8840,-0.1939,0.1551,-0.0543,1.0353,0.2171,-0.4420,0.5000,-0.2000,-1.1800,0.9000,-1.2770,-0.4291,0.2000,1.5467,-0.9180,1.3340,120.5248,-3.3546,4.1345,-5.4841,4.6804,-0.2914,7.0130,-2.8144,13.7890,6.2062,0.0000,0.17
9.5422,0.1000,0.0000,0.0000,0.0000,0.0000,0.0000,0.0128,0.1176,-2.0527,0.1269,-0.0321,-0.9914,0.5059,-0.2362,-1.3125,0.9614,-1.2105,-0.4500,0.1788,1.4279,-0.8808,1.4112,-0.0194,0.0271,1.5548,-1.1477,-0.4575,0.1280,0.0000,1.0004,0.2753,-0.5002,0.5000,-0.2000,-1.2004,0.9052,-1.2699,-0.4350,0.2000,1.5670,-0.9133,1.3239,121.2209,-3.7125,4.2844,-5.5934,4.9624,-0.3498,6.9331,-2.7792,13.8982,6.3203,0.0278,0.20
9.5652,0.1000,0.0000,0.0000,0.0000,0.0000,0.0000,0.0045,0.1306,-2.0047,0.1325,-0.0266,-0.9908,0.5059,-0.2360,-1.2847,0.9401,-1.2191,-0.4473,0.1790,1.4528,-0.8750,1.3993,0.0349,0.1086,0.9771,-0.8918,-0.2404,0.0620,-0.0427,1.1244,0.2365,-0.6359,0.5000,-0.2000,-1.2207,0.9103,-1.2627,-0.4439,0.2000,1.5874,-0.9083,1.3139,122.0662,-4.0845,4.4212,-5.6823,5.2560,-0.4387,6.8764,-2.7649,14.0334,6.4025,0.0556,0.16
9.5892,0.1000,0.0000,0.0000,0.0000,0.0000,0.0000,0.0264,0.1350,-1.8424,0.1364,-0.0212,-0.9904,0.5060,-0.2355,-1.2624,0.9235,-1.2236,-0.4465,0.1791,1.4815,-0.8682,1.3845,0.1163,0.0892,0.7561,-0.5079,-0.0775,0.0078,-0.0388,1.1942,0.2753,-0.6398,0.5000,-0.2000,-1.2411,0.9152,-1.2556,-0.4531,0.2000,1.6078,-0.9031,1.3038,122.9357,-4.4424,4.5757,-5.8019,5.5432,-0.5311,6.7993,-2.7337,14.1748,6.5030,0.0833,0.16
9.6132,0.1000,0.0000,0.0000,0.0000,0.0000,0.0000,0.0361,0.2506,-1.5821,0.1430,-0.0160,-0.9896,0.5059,-0.2341,-1.2484,0.9131,-1.2248,-0.4474,0.1791,1.5098,-0.8627,1.3680,-0.0271,0.1008,0.4537,-0.3024,-0.0116,-0.0039,-0.0427,1.2873,0.2404,-0.8065,0.5000,-0.2000,-1.2615,0.9198,-1.2485,-0.4624,0.2000,1.6078,-0.9209,1.3562,123.7359,-4.8075,4.7353,-5.9256,5.8338,-0.6242,6.7020,-2.6850,14.3087,6.6019,0.1111,0.16
9.6372,0.1000,0.0000,0.0000,0.0000,0.0000,0.0000,0.0202,0.3004,-1.2415,0.1504,-0.0102,-0.9886,0.5057,-0.2319,-1.2422,0.9060,-1.2241,-0.4486,0.1790,1.5362,-0.8619,1.3583,0.0349,0.1008,0.1861,-0.2094,0.0465,-0.0582,-0.0039,0.9926,-0.0349,-0.0892,0.5000,-0.2000,-1.2819,0.9239,-1.2414,-0.4708,0.2000,1.5772,-0.9722,1.3689,124.4541,-5.1310,4.8948,-6.0576,6.0840,-0.7078,6.5868,-2.6094,14.4035,6.7237,0.1389,0.17
9.6622,0.1000,0.0000,0.0000,0.0000,0.0000,0.0000,-0.0019,0.1894,-0.7835,0.1550,-0.0053,-0.9879,0.5055,-0.2296,-1.2402,0.9014,-1.2224,-0.4507,0.1787,1.5555,-0.8669,1.3566,0.0659,0.1086,0.0349,-0.1745,0.1318,-0.1163,-0.0271,0.6592,-0.2986,-0.1202,0.5000,-0.2000,-1.3022,0.9276,-1.2342,-0.4805,0.2000,1.5467,-1.0200,1.3813,125.0744,-5.4387,5.0441,-6.2112,6.3224,-0.8049,6.4595,-2.5372,14.5203,6.8562,0.1667,0.19
9.6862,0.1000,0.0000,0.0000,0.0000,0.0000,0.0000,-0.0830,-0.0920,-0.2269,0.1527,0.0001,-0.9883,0.5056,-0.2275,-1.2412,0.8996,-1.2196,-0.4546,0.1787,1.5646,-0.8796,1.3580,0.0504,0.0892,-0.0931,-0.0039,0.1512,-0.1241,-0.0078,0.2094,-0.7289,0.1086,0.5000,-0.2000,-1.3226,0.9306,-1.2271,-0.4908,0.2000,1.5161,-1.0621,1.3931,125.5442,-5.7202,5.1860,-6.3615,6.5436,-0.9080,6.3186,-2.4566,14.6061,6.9827,0.1944,0.20
9.7112,0.1000,0.0000,0.0000,0.0000,0.0000,0.0000,-0.0785,-0.4131,0.4184,0.1427,0.0022,-0.9898,0.5057,-0.2263,-1.2448,0.9013,-1.2177,-0.4600,0.1788,1.5674,-0.9015,1.3624,0.0233,0.1241,-0.2365,0.1861,0.1008,-0.3412,-0.0737,-0.0620,-0.8995,0.1745,0.5000,-0.2000,-1.3430,0.9331,-1.2200,-0.4997,0.2000,1.4856,-1.0966,1.4039,125.8160,-5.9167,5.3133,-6.5288,6.6873,-0.9972,6.1993,-2.3821,14.6697,7.1046,0.2222,0.18
9.7362,0.1000,0.0000,0.0000,0.0000,0.0000,0.0000,-0.1199,-0.5900,1.0170,0.1269,0.0034,-0.9919,0.5057,-0.2258,-1.2515,0.9056,-1.2158,-0.4683,0.1791,1.5619,-0.9280,1.3703,0.0349,0.0194,-0.4071,0.2637,0.1202,-0.3722,0.0000,-0.3296,-1.0546,0.4265,0.5000,-0.2000,-1.3633,0.9348,-1.2128,-0.5000,0.2000,1.4550,-1.1217,1.4136,125.9389,-6.1166,5.4393,-6.6793,6.8070,-1.0633,6.0788,-2.3011,14.6828,7.2213,0.2500,0.18
9.7592,0.1000,0.0000,0.0000,0.0000,0.0000,0.0000,-0.1303,-0.6486,1.4110,0.1107,0.0023,-0.9939,0.5061,-0.2259,-1.2609,0.9102,-1.2137,-0.4794,0.1797,1.5515,-0.9517,1.3808,0.1473,-0.0504,-0.4575,0.2637,0.1202,-0.4304,0.0116,-0.6592,-0.9926,0.4692,0.5000,-0.2000,-1.3837,0.9358,-1.2057,-0.5000,0.2000,1.4244,-1.1364,1.4221,126.0322,-6.2833,5.5463,-6.8050,6.8978,-1.0988,5.9847,-2.2400,14.6994,7.3187,0.2778,0.17
9.7822,0.1000,0.0000,0.0000,0.0000,0.0000,0.0000,-0.1985,-0.6489,1.6488,0.0957,0.0035,-0.9954,0.5074,-0.2261,-1.2738,0.9138,-1.2106,-0.4898,0.1802,1.5349,-0.9742,1.3928,0.1318,0.0078,-0.6049,0.1163,0.1551,-0.3877,0.0000,-0.8375,-0.8685,0.5079,0.5000,-0.2000,-1.4041,0.9360,-1.1986,-0.5000,0.2000,1.3939,-1.1398,1.4293,126.1085,-6.3972,5.6217,-6.8882,6.9493,-1.1073,5.9206,-2.1977,14.7087,7.3845,0.3056,0.18
9.8062,0.1000,0.0000,0.0000,0.0000,0.0000,0.0000,-0.1760,-0.5470,1.8008,0.0837,0.0037,-0.9965,0.5090,-0.2269,-1.2895,0.9165,-1.2062,-0.4984,0.1800,1.5145,-0.9937,1.4066,0.1396,-0.0039,-0.7173,0.1473,0.2365,-0.2249,-0.0388,-0.8995,-0.5700,0.6087,0.5000,-0.2000,-1.4244,0.9355,-1.1914,-0.5000,0.2000,1.3633,-1.1318,1.4352,126.1795,-6.4573,5.6866,-6.9628,6.9679,-1.1035,5.8829,-2.1624,14.7101,7.4299,0.3333,0.18
9.8312,0.1000,0.0000,0.0000,0.0000,0.0000,0.0000,-0.2056,-0.4613,1.9603,0.0729,0.0050,-0.9973,0.5103,-0.2278,-1.3078,0.9168,-1.2005,-0.5038,0.1793,1.4903,-1.0084,1.4211,0.1202,-0.0388,-0.8802,0.0698,0.2520,-0.1086,-0.0775,-1.0004,-0.5041,0.6165,0.5000,-0.2000,-1.4448,0.9342,-1.1842,-0.5000,0.2000,1.3328,-1.1129,1.4398,126.2069,-6.4812,5.7312,-7.0162,6.9675,-1.0964,5.8499,-2.1308,14.6996,7.4628,0.3611,0.17
9.8542,0.1000,0.0000,0.0000,0.0000,0.0000,0.0000,-0.2256,-0.3519,2.1201,0.0652,0.0075,-0.9978,0.5111,-0.2283,-1.3268,0.9151,-1.1925,-0.5074,0.1780,1.4668,-1.0164,1.4336,-0.0155,0.0504,-1.0275,-0.1124,0.3257,-0.1047,-0.0465,-1.1477,-0.0969,0.5157,0.5000,-0.2000,-1.4652,0.9322,-1.1742,-0.5000,0.2000,1.3022,-1.0839,1.4432,126.1566,-6.4688,5.7607,-7.0690,6.9283,-1.0859,5.8312,-2.1021,14.6782,7.4902,0.3889,0.18
9.8782,0.1000,0.0000,0.0000,0.0000,0.0000,0.0000,-0.1999,-0.2805,2.2506,0.0604,0.0096,-0.9981,0.5113,-0.2285,-1.3503,0.9107,-1.1836,-0.5101,0.1770,1.4370,-1.0183,1.4448,-0.0039,0.0039,-1.0275,-0.1008,0.4459,-0.0698,-0.0931,-1.1904,-0.0233,0.4071,0.5000,-0.2000,-1.4856,0.9295,-1.1641,-0.5000,0.2000,1.2717,-1.0461,1.4456,126.0359,-6.4149,5.7676,-7.0973,6.8922,-1.0954,5.8208,-2.0889,14.6584,7.4907,0.4167,0.19
9.9022,0.1000,0.0000,0.0000,0.0000,0.0000,0.0000,-0.2152,-0.2584,2.3338,0.0565,0.0125,-0.9983,0.5113,-0.2283,-1.3733,0.9051,-1.1743,-0.5124,0.1759,1.4081,-1.0143,1.4534,-0.0000,0.0465,-1.0159,-0.2404,0.4265,-0.0000,-0.0504,-1.3106,0.3102,0.3490,0.5000,-0.2000,-1.5059,0.9262,-1.1541,-0.5000,0.2000,1.2411,-1.0014,1.4472,125.8216,-6.3109,5.7573,-7.1120,6.8082,-1.1025,5.8205,-2.0772,14.6193,7.4848,0.4444,0.18
9.9252,0.1000,0.0000,0.0000,0.0000,0.0000,0.0000,-0.1720,-0.2359,2.3569,0.0529,0.0166,-0.9985,0.5109,-0.2282,-1.3974,0.8974,-1.1668,-0.5131,0.1746,1.3771,-1.0049,1.4599,-0.0078,0.0775,-1.0702,-0.3567,0.2520,0.0388,-0.0853,-1.4501,0.6398,0.2365,0.5000,-0.2000,-1.5263,0.9223,-1.1440,-0.5000,0.2000,1.2106,-0.9519,1.4483,125.5260,-6.1490,5.7252,-7.1092,6.6904,-1.1065,5.8391,-2.0767,14.5754,7.4580,0.4722,0.19
9.9492,0.1000,0.0000,0.0000,0.0000,0.0000,0.0000,0.0617,-0.1790,2.2652,0.0499,0.0181,-0.9986,0.5090,-0.2282,-1.4235,0.8885,-1.1656,-0.5127,0.1731,1.3412,-0.9871,1.4652,-0.0814,-0.0039,-1.0314,-0.1706,-0.0349,0.0620,-0.1241,-1.5742,0.9810,0.2133,0.5000,-0.2000,-1.5467,0.9180,-1.1340,-0.5000,0.2000,1.1800,-0.9000,1.4770,125.1684,-5.9024,5.6736,-7.0926,6.5418,-1.1188,5.8903,-2.0894,14.5297,7.3966,0.5000,0.18
9.9742,0.1000,0.0000,0.0000,0.0000,0.0000,0.0000,0.2639,-0.1402,1.7948,0.0454,0.0119,-0.9989,0.5026,-0.2282,-1.4477,0.8862,-1.1686,-0.5110,0.1703,1.3077,-0.9629,1.4717,-0.2094,-0.0000,-1.0353,0.0504,-0.1357,0.1318,-0.1318,-1.5005,1.1710,0.3684,0.5000,-0.2000,-1.5670,0.9133,-1.1239,-0.5000,0.2000,1.2004,-0.9052,1.4699,124.8358,-5.5561,5.5697,-7.0010,6.3392,-1.1042,5.9844,-2.1398,14.4984,7.2802,0.5278,0.18
9.9982,0.1000,0.0000,0.0000,0.0000,0.0000,0.0000,0.2923,-0.0636,1.2449,0.0410,0.0057,-0.9991,0.4996,-0.2283,-1.4717,0.8856,-1.1714,-0.5095,0.1685,1.2797,-0.9389,1.4794,-0.0582,0.0543,-0.9887,-0.0194,-0.0543,0.0116,-0.0775,-0.9887,0.8957,0.2171,0.5000,-0.2000,-1.5874,0.9083,-1.1139,-0.5000,0.2000,1.2207,-0.9103,1.4627,124.5110,-5.1560,5.4191,-6.8528,6.1041,-1.0565,6.0951,-2.2149,14.4768,7.1376,0.5556,0.18
10.0222,0.1000,0.0000,0.0000,0.0000,0.0000,0.0000,0.2875,0.1404,0.8061,0.0412,-0.0016,-0.9991,0.4983,-0.2285,-1.4939,0.8852,-1.1729,-0.5097,0.1680,1.2637,-0.9188,1.4859,0.0233,0.0582,-0.9693,0.0310,-0.0504,0.0039,-0.0388,-0.5234,0.7755,0.2482,0.5000,-0.2000,-1.6078,0.9031,-1.1038,-0.4988,0.2000,1.2411,-0.9152,1.4556,124.1408,-4.7639,5.2718,-6.7121,5.8494,-0.9884,6.2025,-2.2700,14.4200,6.9973,0.5833,0.21
10.0452,0.1000,0.0000,0.0000,0.0000,0.0000,0.0000,0.2266,0.3642,0.3459,0.0471,-0.0075,-0.9989,0.4982,-0.2290,-1.5126,0.8851,-1.1718,-0.5095,0.1686,1.2577,-0.9027,1.4903,0.0504,0.0582,-0.7949,0.0078,0.1706,0.0271,0.0349,-0.1939,0.6553,0.1357,0.5000,-0.2000,-1.6078,0.9209,-1.1562,-0.4912,0.2000,1.2615,-0.9198,1.4485,123.7815,-4.4215,5.1204,-6.5634,5.6163,-0.9117,6.3025,-2.3270,14.3683,6.8604,0.6111,0.20
10.0692,0.1000,0.0000,0.0000,0.0000,0.0000,0.0000,0.2222,0.4926,0.0592,0.0568,-0.0140,-0.9983,0.4982,-0.2297,-1.5303,0.8872,-1.1731,-0.5085,0.1704,1.2589,-0.8881,1.4932,0.0853,0.0039,-0.8026,0.1435,-0.2133,0.0969,0.0698,0.1241,0.5079,0.1047,0.5000,-0.2000,-1.5772,0.9722,-1.1689,-0.4837,0.2000,1.2819,-0.9239,1.4414,123.3299,-4.0501,4.9653,-6.4304,5.3491,-0.8371,6.4058,-2.3695,14.2927,6.7266,0.6389,0.19
10.0932,0.1000,0.0000,0.0000,0.0000,0.0000,0.0000,0.1245,0.4263,-0.1447,0.0675,-0.0197,-0.9975,0.4983,-0.2307,-1.5441,0.8971,-1.1788,-0.5055,0.1725,1.2640,-0.8760,1.4946,-0.0039,-0.0737,-0.4265,0.5816,-0.2520,0.1784,0.0620,0.2016,0.4963,0.0698,0.5000,-0.2000,-1.5467,1.0200,-1.1813,-0.4773,0.2000,1.3022,-0.9276,1.4342,122.8176,-3.7295,4.8002,-6.2894,5.0941,-0.7734,6.4911,-2.4123,14.1979,6.6001,0.6667,0.18
10.1162,0.1000,0.0000,0.0000,0.0000,0.0000,0.0000,0.0822,0.1657,-0.3304,0.0720,-0.0228,-0.9971,0.4981,-0.2324,-1.5491,0.9134,-1.1849,-0.5009,0.1753,1.2703,-0.8671,1.4941,0.0271,-0.0116,-0.1745,0.7794,-0.2520,0.2249,0.0582,0.3024,0.3063,-0.1551,0.5000,-0.2000,-1.5161,1.0621,-1.1931,-0.4709,0.2000,1.3226,-0.9306,1.4271,122.2724,-3.3938,4.6214,-6.1493,4.8166,-0.7093,6.5957,-2.4724,14.1201,6.4851,0.6944,0.17
10.1402,0.1000,0.0000,0.0000,0.0000,0.0000,0.0000,0.0876,-0.1663,-0.6412,0.0691,-0.0259,-0.9973,0.4979,-0.2338,-1.5500,0.9367,-1.1905,-0.4951,0.1775,1.2763,-0.8626,1.4927,-0.0504,-0.0427,0.0310,1.0120,-0.2288,0.2210,0.0543,0.1822,0.0814,-0.0737,0.5000,-0.2000,-1.4856,1.0966,-1.2039,-0.4607,0.2000,1.3430,-0.9331,1.4200,121.7486,-3.0572,4.4330,-5.9906,4.5232,-0.6065,6.7073,-2.5391,14.0386,6.3683,0.7222,0.17
10.1652,0.1000,0.0000,0.0000,0.0000,0.0000,0.0000,0.0457,-0.3383,-0.9583,0.0610,-0.0272,-0.9978,0.4978,-0.2351,-1.5449,0.9619,-1.1951,-0.4886,0.1788,1.2808,-0.8627,1.4883,0.0349,-0.0620,0.3024,1.0663,-0.1241,0.3451,0.0931,0.1512,0.0465,-0.2210,0.5000,-0.2000,-1.4550,1.1217,-1.2136,-0.4487,0.2000,1.3633,-0.9348,1.4128,121.2895,-2.7738,4.2606,-5.8342,4.2634,-0.4869,6.8215,-2.6117,13.9610,6.2639,0.7500,0.17
10.1892,0.1000,0.0000,0.0000,0.0000,0.0000,0.0000,0.0928,-0.3366,-1.1407,0.0534,-0.0281,-0.9982,0.4987,-0.2358,-1.5340,0.9855,-1.1974,-0.4801,0.1788,1.2861,-0.8647,1.4815,0.1280,0.0039,0.4769,1.0120,0.0155,0.4847,-0.0620,0.2404,-0.0814,-0.3179,0.5000,-0.2000,-1.4244,1.1364,-1.2221,-0.4385,0.2000,1.3837,-0.9358,1.4057,120.8650,-2.5470,4.1218,-5.7079,4.0639,-0.3847,6.9329,-2.6760,13.8876,6.1763,0.7778,0.17
10.2142,0.1000,0.0000,0.0000,0.0000,0.0000,0.0000,0.1012,-0.3033,-1.0023,0.0475,-0.0317,-0.9984,0.5012,-0.2359,-1.5218,1.0038,-1.1977,-0.4713,0.1783,1.2935,-0.8685,1.4736,0.0969,0.0039,0.5661,0.7483,0.0620,0.4071,-0.0116,0.3800,-0.1628,-0.4071,0.5000,-0.2000,-1.3939,1.1398,-1.2293,-0.4317,0.2000,1.4041,-0.9360,1.3986,120.3432,-2.4029,4.0230,-5.6238,3.9143,-0.3168,6.9887,-2.7056,13.8019,6.1352,0.8056,0.18
10.2382,0.1000,0.0000,0.0000,0.0000,0.0000,0.0000,0.0413,-0.3302,-1.0334,0.0414,-0.0322,-0.9986,0.5026,-0.2359,-1.5060,1.0188,-1.1977,-0.4646,0.1776,1.3043,-0.8742,1.4646,0.0427,0.0892,0.7173,0.4343,0.0388,0.2869,-0.0775,0.4188,-0.2714,-0.4265,0.5000,-0.2000,-1.3633,1.1318,-1.2352,-0.4246,0.2000,1.4244,-0.9355,1.3914,119.8591,-2.3216,3.9298,-5.5272,3.8168,-0.2464,7.0343,-2.7439,13.7290,6.0957,0.8333,0.17
10.2632,0.1000,0.0000,0.0000,0.0000,0.0000,0.0000,0.0184,-0.3187,-1.0909,0.0356,-0.0316,-0.9989,0.5033,-0.2361,-1.4874,1.0271,-1.1977,-0.4572,0.1764,1.3157,-0.8802,1.4543,0.0465,-0.0000,0.8065,0.1784,0.0116,0.3179,-0.0892,0.4188,-0.1590,-0.5196,0.5000,-0.2000,-1.3328,1.1129,-1.2398,-0.4184,0.2000,1.4448,-0.9342,1.3842,119.4742,-2.3065,3.8726,-5.4562,3.7780,-0.1841,7.0644,-2.7728,13.6750,6.0709,0.8611,0.17
10.2862,0.1000,0.0000,0.0000,0.0000,0.0000,0.0000,0.0208,-0.2805,-1.1609,0.0301,-0.0321,-0.9990,0.5035,-0.2364,-1.4670,1.0302,-1.1981,-0.4502,0.1746,1.3292,-0.8850,1.4441,0.0814,0.0116,0.8802,0.0388,-0.0000,0.2753,-0.0775,0.5390,-0.1939,-0.5234,0.5000,-0.2000,-1.3022,1.0839,-1.2432,-0.4137,0.2000,1.4652,-0.9322,1.3742,119.2067,-2.3262,3.8311,-5.3976,3.7851,-0.1371,7.0955,-2.8029,13.6379,6.0523,0.8889,0.19
10.3112,0.1000,0.0000,0.0000,0.0000,0.0000,0.0000,-0.0121,-0.2063,-1.2659,0.0273,-0.0318,-0.9991,0.5034,-0.2369,-1.4438,1.0278,-1.1989,-0.4434,0.1729,1.3456,-0.8884,1.4334,0.0310,-0.0000,0.9616,-0.1590,-0.0582,0.3645,-0.1008,0.7096,-0.0969,-0.4188,0.5000,-0.2000,-1.2717,1.0461,-1.2456,-0.4105,0.2000,1.4856,-0.9295,1.3641,119.0735,-2.4153,3.8268,-5.3621,3.8490,-0.1047,7.1059,-2.8212,13.6130,6.0517,0.9167,0.17
10.3342,0.1000,0.0000,0.0000,0.0000,0.0000,0.0000,-0.0367,-0.1506,-1.3308,0.0248,-0.0321,-0.9992,0.5033,-0.2376,-1.4183,1.0194,-1.2001,-0.4379,0.1712,1.3615,-0.8897,1.4225,0.0349,-0.0155,1.1128,-0.4963,-0.0194,0.2482,-0.1163,0.7755,0.0582,-0.5816,0.5000,-0.2000,-1.2411,1.0014,-1.2472,-0.4097,0.2000,1.5059,-0.9262,1.3541,119.0974,-2.5742,3.8573,-5.3640,3.9721,-0.0970,7.0977,-2.8354,13.6263,6.0807,0.9444,0.18
10.3582,0.1000,0.0000,0.0000,0.0000,0.0000,0.0000,-0.0693,-0.0705,-1.3884,0.0250,-0.0313,-0.9992,0.5033,-0.2386,-1.3906,1.0054,-1.2014,-0.4324,0.1699,1.3802,-0.8895,1.4100,-0.0000,-0.0698,1.1283,-0.7367,-0.0349,0.3024,-0.0698,0.6979,0.0931,-0.6049,0.5000,-0.2000,-1.2106,0.9519,-1.2483,-0.4115,0.2000,1.5263,-0.9223,1.3440,119.2999,-2.8213,3.9299,-5.3915,4.1726,-0.1151,7.0579,-2.8302,13.6586,6.1290,0.9722,0.18
10.3822,0.1000,0.0000,0.0000,0.0000,0.0000,0.0000,-0.1159,-0.0279,-1.4166,0.0253,-0.0311,-0.9992,0.5031,-0.2400,-1.3612,0.9832,-1.2038,-0.4274,0.1694,1.4021,-0.8889,1.3954,-0.0969,-0.0155,1.2446,-1.0197,-0.0814,0.2016,-0.0659,0.8220,0.0388,-0.6902,0.5000,-0.2000,-1.1800,0.9000,-1.2770,-0.4160,0.2000,1.5467,-0.9180,1.3340,119.6550,-3.1016,4.0256,-5.4488,4.4063,-0.1598,7.0148,-2.8258,13.7268,6.1914,0.0000,0.18
10.4072,0.1000,0.0000,0.0000,0.0000,0.0000,0.0000,-0.2036,0.0499,-1.3178,0.0273,-0.0280,-0.9992,0.5030,-0.2412,-1.3302,0.9556,-1.2096,-0.4223,0.1693,1.4239,-0.8878,1.3807,-0.0271,-0.0194,1.2563,-1.4307,-0.3800,0.2016,-0.0194,0.8647,0.1008,-0.6243,0.5000,-0.2000,-1.2004,0.9052,-1.2699,-0.4234,0.2000,1.5670,-0.9133,1.3239,120.1065,-3.4429,4.1735,-5.5582,4.6802,-0.2344,6.9249,-2.7852,13.8029,6.2980,0.0278,0.19
10.4311,0.1000,0.0000,0.0000,0.0000,0.0000,0.0000,-0.1714,0.0762,-1.1323,0.0296,-0.0234,-0.9993,0.5030,-0.2421,-1.3036,0.9284,-1.2169,-0.4201,0.1691,1.4462,-0.8855,1.3658,0.0659,0.0039,0.8724,-0.9965,-0.1745,0.0427,-0.0814,0.8840,0.1667,-0.6126,0.5000,-0.2000,-1.2207,0.9103,-1.2627,-0.4343,0.2000,1.5874,-0.9083,1.3139,120.7167,-3.8201,4.3281,-5.6734,4.9903,-0.3431,6.8369,-2.7503,13.9098,6.3879,0.0556,0.17
10.4552,0.1000,0.0000,0.0000,0.0000,0.0000,0.0000,-0.1607,0.1878,-0.8676,0.0337,-0.0188,-0.9993,0.5030,-0.2424,-1.2857,0.9071,-1.2201,-0.4202,0.1684,1.4682,-0.8840,1.3504,-0.0000,-0.0116,0.5196,-0.7600,-0.0271,-0.0271,-0.0698,0.8530,0.0698,-0.6475,0.5000,-0.2000,-1.2411,0.9152,-1.2556,-0.4461,0.2000,1.6078,-0.9031,1.3038,121.3695,-4.2063,4.4949,-5.7965,5.3132,-0.4608,6.7359,-2.7037,14.0202,6.4836,0.0833,0.17
10.4792,0.1000,0.0000,0.0000,0.0000,0.0000,0.0000,-0.1138,0.2756,-0.6299,0.0400,-0.0143,-0.9991,0.5032,-0.2419,-1.2780,0.8917,-1.2198,-0.4228,0.1671,1.4918,-0.8832,1.3356,0.1124,0.0775,0.1590,-0.5661,0.0388,-0.2171,-0.0853,0.9965,0.1163,-0.6863,0.5000,-0.2000,-1.2615,0.9198,-1.2485,-0.4556,0.2000,1.6078,-0.9209,1.3562,122.0163,-4.5256,4.6410,-5.9160,5.5739,-0.5562,6.6511,-2.6646,14.1355,6.5741,0.1111,0.18
10.5032,0.1000,0.0000,0.0000,0.0000,0.0000,0.0000,-0.0928,0.3233,-0.4167,0.0480,-0.0098,-0.9988,0.5032,-0.2406,-1.2766,0.8805,-1.2177,-0.4283,0.1658,1.5136,-0.8843,1.3291,0.0931,0.1008,-0.0853,-0.3722,0.1202,-0.2171,-0.1086,0.8336,-0.0388,-0.0737,0.5000,-0.2000,-1.2819,0.9239,-1.2414,-0.4633,0.2000,1.5772,-0.9722,1.3689,122.6450,-4.8232,4.7848,-6.0307,5.8129,-0.6328,6.5514,-2.6039,14.2207,6.6706,0.1389,0.17
10.5282,0.1000,0.0000,0.0000,0.0000,0.0000,0.0000,-0.1420,0.2355,-0.2089,0.0542,-0.0037,-0.9985,0.5032,-0.2392,-1.2794,0.8717,-1.2142,-0.4344,0.1651,1.5281,-0.8912,1.3304,-0.0000,0.0427,-0.1861,-0.2830,0.1590,-0.1900,-0.0388,0.5351,-0.4459,0.0349,0.5000,-0.2000,-1.3022,0.9276,-1.2342,-0.4702,0.2000,1.5467,-1.0200,1.3813,123.2688,-5.1167,4.9157,-6.1371,6.0544,-0.7022,6.4386,-2.5472,14.3239,6.7676,0.1667,0.18
10.5522,0.1000,0.0000,0.0000,0.0000,0.0000,0.0000,-0.1654,-0.0218,0.1081,0.0542,0.0032,-0.9985,0.5034,-0.2378,-1.2840,0.8663,-1.2101,-0.4420,0.1650,1.5366,-0.9078,1.3346,0.0931,0.0931,-0.2288,-0.0543,0.1473,-0.3335,0.0465,0.1706,-0.7755,0.1900,0.5000,-0.2000,-1.3226,0.9306,-1.2271,-0.4756,0.2000,1.5161,-1.0621,1.3931,123.8184,-5.3420,5.0334,-6.2573,6.2353,-0.7560,6.3314,-2.4878,14.4170,6.8714,0.1944,0.17
10.5762,0.1000,0.0000,0.0000,0.0000,0.0000,0.0000,-0.1514,-0.3481,0.5042,0.0471,0.0081,-0.9989,0.5034,-0.2370,-1.2898,0.8654,-1.2067,-0.4474,0.1652,1.5381,-0.9279,1.3410,0.0504,0.0388,-0.3916,0.0504,0.2365,-0.1977,0.0000,-0.0698,-0.9616,0.3179,0.5000,-0.2000,-1.3430,0.9331,-1.2200,-0.4812,0.2000,1.4856,-1.0966,1.4039,124.2542,-5.5287,5.1484,-6.3905,6.3692,-0.8118,6.2346,-2.4288,14.4941,6.9781,0.2222,0.17
10.6011,0.1000,0.0000,0.0000,0.0000,0.0000,0.0000,-0.1488,-0.6233,0.8379,0.0321,0.0122,-0.9994,0.5033,-0.2368,-1.2970,0.8674,-1.2035,-0.4542,0.1654,1.5325,-0.9545,1.3505,-0.0000,-0.0000,-0.3877,0.1822,0.1590,-0.2753,0.0194,-0.3528,-0.9965,0.3916,0.5000,-0.2000,-1.3633,0.9348,-1.2128,-0.4830,0.2000,1.4550,-1.1217,1.4136,124.5769,-5.6760,5.2483,-6.5130,6.4586,-0.8304,6.1445,-2.3747,14.5514,7.0759,0.2500,0.17
10.6242,0.1000,0.0000,0.0000,0.0000,0.0000,0.0000,-0.1383,-0.6461,1.1474,0.0157,0.0164,-0.9997,0.5037,-0.2368,-1.3048,0.8713,-1.2006,-0.4626,0.1658,1.5216,-0.9779,1.3613,0.0388,-0.0465,-0.4110,0.1590,0.1706,-0.3994,0.0233,-0.5041,-1.0740,0.4188,0.5000,-0.2000,-1.3837,0.9358,-1.2057,-0.4835,0.2000,1.4244,-1.1364,1.4221,124.8269,-5.8206,5.3472,-6.6272,6.5394,-0.8347,6.0667,-2.3230,14.5869,7.1627,0.2778,0.17
10.6481,0.1000,0.0000,0.0000,0.0000,0.0000,0.0000,-0.1365,-0.6079,1.3221,0.0028,0.0206,-0.9998,0.5047,-0.2366,-1.3139,0.8750,-1.1980,-0.4718,0.1660,1.5086,-1.0004,1.3737,0.0931,0.0659,-0.4071,0.1784,0.1745,-0.3257,-0.0039,-0.7251,-0.8259,0.5234,0.5000,-0.2000,-1.4041,0.9360,-1.1986,-0.4825,0.2000,1.3939,-1.1398,1.4293,125.0561,-5.9305,5.4317,-6.7226,6.5879,-0.8245,6.0126,-2.2798,14.6085,7.2339,0.3056,0.17
10.6712,0.1000,0.0000,0.0000,0.0000,0.0000,0.0000,-0.1082,-0.6149,1.3862,-0.0108,0.0246,-0.9996,0.5054,-0.2366,-1.3255,0.8790,-1.1952,-0.4791,0.1661,1.4909,-1.0184,1.3875,0.0853,0.0116,-0.5467,0.2598,0.1551,-0.1590,-0.0116,-0.8763,-0.7134,0.5894,0.5000,-0.2000,-1.4244,0.9355,-1.1914,-0.4806,0.2000,1.3633,-1.1318,1.4352,125.2757,-5.9789,5.4932,-6.7888,6.6059,-0.8061,5.9787,-2.2515,14.6332,7.2776,0.3333,0.20
10.6951,0.1000,0.0000,0.0000,0.0000,0.0000,0.0000,-0.0369,-0.5567,1.4505,-0.0230,0.0276,-0.9994,0.5054,-0.2365,-1.3394,0.8826,-1.1942,-0.4840,0.1660,1.4699,-1.0317,1.4008,-0.0194,0.0969,-0.6281,0.1357,0.0853,-0.2016,-0.0233,-0.8840,-0.4032,0.5234,0.5000,-0.2000,-1.4448,0.9342,-1.1842,-0.4777,0.2000,1.3328,-1.1129,1.4398,125.4090,-5.9460,5.5313,-6.8522,6.5577,-0.7768,5.9723,-2.2304,14.6470,7.3120,0.3611,0.18
10.7201,0.1000,0.0000,0.0000,0.0000,0.0000,0.0000,0.0276,-0.4839,1.3971,-0.0335,0.0299,-0.9990,0.5046,-0.2365,-1.3539,0.8848,-1.1947,-0.4863,0.1656,1.4472,-1.0390,1.4136,-0.0465,-0.0116,-0.6747,0.1202,-0.0814,-0.0000,-0.0310,-1.0081,-0.1667,0.5467,0.5000,-0.2000,-1.4652,0.9322,-1.1742,-0.4740,0.2000,1.3022,-1.0839,1.4432,125.5077,-5.8961,5.5610,-6.8927,6.5008,-0.7397,5.9633,-2.2090,14.6442,7.3321,0.3889,0.19
10.7441,0.1000,0.0000,0.0000,0.0000,0.0000,0.0000,0.0808,-0.4069,1.2592,-0.0442,0.0312,-0.9985,0.5023,-0.2365,-1.3707,0.8884,-1.1958,-0.4865,0.1653,1.4222,-1.0398,1.4254,-0.2133,0.0233,-0.6320,0.1667,-0.0582,0.0814,-0.1008,-0.9306,0.1590,0.4692,0.5000,-0.2000,-1.4856,0.9295,-1.1641,-0.4704,0.2000,1.2717,-1.0461,1.4456,125.5557,-5.7678,5.5495,-6.8985,6.4044,-0.7043,5.9933,-2.2172,14.6514,7.3133,0.4167,0.18
10.7681,0.1000,0.0000,0.0000,0.0000,0.0000,0.0000,0.1513,-0.2525,0.9957,-0.0514,0.0302,-0.9982,0.4995,-0.2365,-1.3847,0.8917,-1.1975,-0.4845,0.1647,1.4005,-1.0329,1.4351,-0.0388,0.0310,-0.6514,0.2133,-0.0969,0.1241,-0.0310,-1.0779,0.5273,0.4110,0.5000,-0.2000,-1.5059,0.9262,-1.1541,-0.4644,0.2000,1.2411,-1.0014,1.4472,125.6044,-5.6132,5.5327,-6.8881,6.2840,-0.6444,6.0221,-2.2196,14.6420,7.2896,0.4444,0.17
10.7911,0.1000,0.0000,0.0000,0.0000,0.0000,0.0000,0.2193,-0.0773,0.7817,-0.0553,0.0279,-0.9981,0.4971,-0.2365,-1.4005,0.8957,-1.1992,-0.4811,0.1642,1.3764,-1.0165,1.4430,-0.0116,0.0814,-0.6747,0.2094,-0.0233,0.3063,-0.0931,-1.0779,0.8918,0.2947,0.5000,-0.2000,-1.5263,0.9223,-1.1440,-0.4613,0.2000,1.2106,-0.9519,1.4483,125.6173,-5.4194,5.4948,-6.8646,6.1516,-0.6130,6.0819,-2.2375,14.6314,7.2431,0.4722,0.17
10.8151,0.1000,0.0000,0.0000,0.0000,0.0000,0.0000,0.2406,0.0635,0.5889,-0.0560,0.0253,-0.9981,0.4955,-0.2365,-1.4157,0.8992,-1.1999,-0.4763,0.1637,1.3499,-0.9919,1.4486,-0.0349,-0.0078,-0.6747,0.2598,-0.0504,0.2753,-0.0814,-1.1051,1.2175,0.2210,0.5000,-0.2000,-1.5467,0.9180,-1.1340,-0.4594,0.2000,1.1800,-0.9000,1.4770,125.5582,-5.2235,5.4481,-6.8262,6.0233,-0.5944,6.1346,-2.2525,14.6011,7.1852,0.5000,0.17
10.8382,0.1000,0.0000,0.0000,0.0000,0.0000,0.0000,0.2985,0.2102,0.4695,-0.0530,0.0196,-0.9984,0.4944,-0.2364,-1.4313,0.9026,-1.1997,-0.4714,0.1636,1.3254,-0.9616,1.4556,-0.0155,0.0078,-0.6630,0.1590,0.0039,0.2171,-0.0388,-1.1012,1.4501,0.4188,0.5000,-0.2000,-1.5670,0.9133,-1.1239,-0.4600,0.2000,1.2004,-0.9052,1.4699,125.3965,-4.9813,5.3845,-6.7859,5.8647,-0.5997,6.2043,-2.2716,14.5577,7.1243,0.5278,0.20
10.8632,0.1000,0.0000,0.0000,0.0000,0.0000,0.0000,0.3217,0.3983,0.4103,-0.0478,0.0133,-0.9988,0.4942,-0.2362,-1.4484,0.9052,-1.1988,-0.4672,0.1638,1.3023,-0.9317,1.4636,0.0698,0.0194,-0.7755,0.1318,0.0853,0.2016,0.0233,-0.6824,1.1787,0.2326,0.5000,-0.2000,-1.5874,0.9083,-1.1139,-0.4632,0.2000,1.2207,-0.9103,1.4627,125.1102,-4.7314,5.2940,-6.7173,5.7236,-0.6319,6.2782,-2.3048,14.5137,7.0386,0.5556,0.19
10.8881,0.1000,0.0000,0.0000,0.0000,0.0000,0.0000,0.2266,0.6280,0.3735,-0.0352,0.0073,-0.9994,0.4942,-0.2362,-1.4679,0.9061,-1.1958,-0.4657,0.1649,1.2910,-0.9076,1.4680,0.0504,-0.0543,-0.7600,0.0814,0.1473,0.0504,0.0349,-0.3218,0.8220,0.1396,0.5000,-0.2000,-1.6078,0.9031,-1.1038,-0.4651,0.2000,1.2411,-0.9152,1.4556,124.6814,-4.5101,5.1943,-6.6290,5.5875,-0.6515,6.3247,-2.3242,14.4429,6.9481,0.5833,0.18
10.9112,0.1000,0.0000,0.0000,0.0000,0.0000,0.0000,0.2187,0.7466,0.3719,-0.0192,0.0002,-0.9998,0.4944,-0.2362,-1.4864,0.9071,-1.1906,-0.4653,0.1666,1.2872,-0.8903,1.4704,0.0775,-0.0155,-0.8336,0.0388,0.2482,0.0775,0.0543,-0.1202,0.6514,0.0465,0.5000,-0.2000,-1.6078,0.9209,-1.1562,-0.4666,0.2000,1.2615,-0.9198,1.4485,124.1454,-4.2539,5.0801,-6.5434,5.4077,-0.6664,6.3847,-2.3459,14.3698,6.8575,0.6111,0.17
10.9361,0.1000,0.0000,0.0000,0.0000,0.0000,0.0000,0.1785,0.8384,0.3783,-0.0022,-0.0068,-1.0000,0.4946,-0.2362,-1.5044,0.9092,-1.1888,-0.4662,0.1687,1.2883,-0.8787,1.4715,0.0388,0.0039,-0.7445,0.1008,-0.0543,-0.0465,0.0853,0.0698,0.4808,0.0155,0.5000,-0.2000,-1.5772,0.9722,-1.1689,-0.4654,0.2000,1.2819,-0.9239,1.4414,123.4674,-3.9811,4.9496,-6.4431,5.1982,-0.6536,6.4325,-2.3609,14.2684,6.7614,0.6389,0.17
10.9611,0.1000,0.0000,0.0000,0.0000,0.0000,0.0000,0.0623,0.7939,0.3499,0.0176,-0.0112,-0.9998,0.4948,-0.2363,-1.5186,0.9162,-1.1913,-0.4682,0.1706,1.2919,-0.8695,1.4724,0.0349,-0.0620,-0.5390,0.3412,-0.0620,-0.0620,0.0271,0.1008,0.2753,0.0194,0.5000,-0.2000,-1.5467,1.0200,-1.1813,-0.4642,0.2000,1.3022,-0.9276,1.4342,122.7536,-3.7443,4.8094,-6.3195,5.0048,-0.6417,6.4698,-2.3806,14.1566,6.6565,0.6667,0.16
10.9851,0.1000,0.0000,0.0000,0.0000,0.0000,0.0000,0.0563,0.5666,0.1379,0.0321,-0.0135,-0.9994,0.4947,-0.2364,-1.5290,0.9306,-1.1944,-0.4687,0.1720,1.2952,-0.8649,1.4726,0.0698,-0.0116,-0.2443,0.7483,-0.1784,-0.0543,0.0271,0.1473,0.0931,-0.0892,0.5000,-0.2000,-1.5161,1.0621,-1.1931,-0.4603,0.2000,1.3226,-0.9306,1.4271,122.0553,-3.4352,4.6354,-6.1686,4.7680,-0.6025,6.5522,-2.4332,14.0691,6.5246,0.6944,0.17
11.0101,0.1000,0.0000,0.0000,0.0000,0.0000,0.0000,0.0646,0.4076,-0.1542,0.0428,-0.0160,-0.9990,0.4947,-0.2362,-1.5309,0.9491,-1.1962,-0.4688,0.1733,1.3001,-0.8643,1.4720,0.0388,-0.0349,-0.0737,0.8840,0.0310,0.0582,-0.0194,0.1706,-0.0271,-0.1008,0.5000,-0.2000,-1.4856,1.0966,-1.2039,-0.4538,0.2000,1.3430,-0.9331,1.4200,121.4398,-3.1663,4.4768,-6.0217,4.5401,-0.5375,6.6379,-2.4854,13.9807,6.4088,0.7222,0.17
