t,vx_cmd,vy_cmd,wz_cmd,lin_vx,lin_vy,lin_vz,gyro_x,gyro_y,gyro_z,projg_x,projg_y,projg_z,jpos_hip_yaw_l,jpos_hip_roll_l,jpos_hip_pitch_l,jpos_knee_pitch_l,jpos_ankle_pitch_l,jpos_hip_yaw_r,jpos_hip_roll_r,jpos_hip_pitch_r,jpos_knee_pitch_r,jpos_ankle_pitch_r,jvel_hip_yaw_l,jvel_hip_roll_l,jvel_hip_pitch_l,jvel_knee_pitch_l,jvel_ankle_pitch_l,jvel_hip_yaw_r,jvel_hip_roll_r,jvel_hip_pitch_r,jvel_knee_pitch_r,jvel_ankle_pitch_r,jtgt_hip_yaw_l,jtgt_hip_roll_l,jtgt_hip_pitch_l,jtgt_knee_pitch_l,jtgt_ankle_pitch_l,jtgt_hip_yaw_r,jtgt_hip_roll_r,jtgt_hip_pitch_r,jtgt_knee_pitch_r,jtgt_ankle_pitch_r,act_0,act_1,act_2,act_3,act_4,act_5,act_6,act_7,act_8,act_9,gait_phase,infer_ms
0.0000,0.0000,0.0000,0.0000,0.0000,0.0000,0.0000,-0.0011,-0.0152,-0.0010,-0.1862,-0.0184,-0.9823,0.4110,-0.0984,-1.4706,0.9908,-1.2969,-0.4031,0.0872,1.4923,-1.0154,1.3007,0.0620,0.0194,-0.0233,-0.0310,0.0388,0.0039,-0.0543,-0.0931,0.0465,-0.0078,0.5000,-0.2000,-1.3493,1.0937,-1.2699,-0.3307,0.2000,1.6423,-1.0296,1.2362,12.2928,-1.0888,-0.4892,0.8850,1.0110,0.6932,1.0055,-0.2477,-0.1629,0.1232,0.0278,0.60
0.0199,0.0000,0.0000,0.0000,0.0000,0.0000,0.0000,-0.1061,-0.0812,-0.2921,-0.1855,-0.0199,-0.9824,0.3992,-0.0917,-1.4815,0.9798,-1.3449,-0.4005,0.1132,1.4842,-0.9820,1.2458,0.0349,0.0698,-0.0388,0.0388,0.0543,-0.0194,-0.0427,-0.0116,-0.0620,0.0504,0.5000,-0.1264,-1.3400,1.0308,-1.2627,-0.3528,0.2000,1.5874,-0.9083,1.2836,35.2585,-0.2644,-0.1921,0.2047,1.0825,0.4716,2.9003,-1.3186,2.1077,0.6974,0.0556,0.22
0.0410,0.0000,0.0000,0.0000,0.0000,0.0000,0.0000,0.0117,-0.4156,-0.8645,-0.1933,-0.0205,-0.9809,0.4150,-0.1106,-1.4597,0.9901,-1.3393,-0.3897,0.1321,1.5055,-0.9922,1.2350,0.8453,-0.8647,0.8104,0.3451,0.4071,0.5196,0.9500,0.8569,-0.6708,-0.6049,0.5000,-0.2000,-1.2411,0.9152,-1.2684,-0.3000,0.2000,1.6078,-0.9031,1.3038,54.4878,-1.2017,1.2660,-1.2470,0.8716,1.2983,3.4991,-1.1939,4.8534,2.6791,0.0833,0.19
0.0600,0.0000,0.0000,0.0000,0.0000,0.0000,0.0000,-0.2855,-0.3429,-1.3000,-0.2021,-0.0193,-0.9792,0.4281,-0.1117,-1.4454,0.9865,-1.3313,-0.3818,0.1470,1.5075,-0.9839,1.2328,0.5739,-0.0504,0.7134,-0.0931,0.3877,0.3994,0.6630,-0.0659,0.3761,-0.1977,0.5000,-0.2000,-1.2615,0.9198,-1.2485,-0.3000,0.2000,1.6078,-0.9209,1.3562,70.3394,-1.4238,1.7486,-1.9645,1.4220,1.5398,4.5025,-1.7060,7.0460,3.3986,0.1111,0.17
0.0800,0.0000,0.0000,0.0000,0.0000,0.0000,0.0000,-0.4233,-0.0615,-1.7048,-0.2038,-0.0179,-0.9789,0.4395,-0.1270,-1.4112,0.9613,-1.3254,-0.3673,0.1594,1.5085,-0.9771,1.2319,0.5506,-0.7018,1.5277,-1.2097,0.1977,0.7600,0.5777,0.0116,0.4459,-0.1280,0.5000,-0.2000,-1.2819,0.9239,-1.2414,-0.3000,0.2000,1.5772,-0.9722,1.3689,82.7149,-1.8893,2.4060,-2.7871,2.2247,1.4688,5.0563,-1.9314,8.6607,4.1485,0.1389,0.20
0.0999,0.0000,0.0000,0.0000,0.0000,0.0000,0.0000,-0.3242,-0.0029,-1.5978,-0.2028,-0.0190,-0.9790,0.4514,-0.1405,-1.3860,0.9424,-1.3207,-0.3517,0.1693,1.5112,-0.9722,1.2353,0.5661,-0.6475,1.1671,-0.8802,0.2016,0.7755,0.4304,0.1784,0.3296,0.0427,0.5000,-0.2000,-1.3022,0.9276,-1.2342,-0.3000,0.2000,1.5467,-1.0200,1.3813,92.3759,-2.3406,2.9799,-3.5612,2.9617,1.2190,5.4646,-2.0764,10.0226,4.7409,0.1667,0.18
0.1209,0.0000,0.0000,0.0000,0.0000,0.0000,0.0000,-0.3511,-0.0992,-1.4358,-0.2031,-0.0200,-0.9790,0.4608,-0.1530,-1.3673,0.9290,-1.3132,-0.3396,0.1772,1.5122,-0.9729,1.2400,0.3916,-0.5971,0.8608,-0.5002,0.3916,0.5157,0.3528,0.1124,0.0388,0.2908,0.5000,-0.2000,-1.3226,0.9306,-1.2271,-0.3053,0.2000,1.5161,-1.0621,1.3931,99.9045,-2.8302,3.4485,-4.1757,3.6081,0.9470,5.7091,-2.1765,11.0898,5.2190,0.1944,0.16
0.1399,0.0000,0.0000,0.0000,0.0000,0.0000,0.0000,-0.3479,-0.2832,-1.2231,-0.2070,-0.0196,-0.9782,0.4691,-0.1626,-1.3549,0.9237,-1.3045,-0.3311,0.1850,1.5125,-0.9798,1.2492,0.3567,-0.3567,0.6126,-0.1977,0.4575,0.3335,0.3722,0.0698,-0.2986,0.3645,0.5000,-0.2000,-1.3430,0.9331,-1.2200,-0.3289,0.2000,1.4856,-1.0966,1.4039,105.7500,-3.2050,3.8018,-4.6594,4.0946,0.7109,5.9056,-2.2672,11.9289,5.5931,0.2222,0.18
0.1609,0.0000,0.0000,0.0000,0.0000,0.0000,0.0000,-0.2244,-0.4548,-0.8374,-0.2153,-0.0191,-0.9764,0.4758,-0.1707,-1.3450,0.9226,-1.2951,-0.3257,0.1908,1.5115,-0.9906,1.2594,0.2830,-0.3451,0.4304,-0.0233,0.3955,0.2830,0.1822,0.0116,-0.4808,0.4110,0.5000,-0.2000,-1.3633,0.9348,-1.2128,-0.3486,0.2000,1.4550,-1.1217,1.4136,110.2073,-3.5263,4.1154,-5.0961,4.4668,0.5142,6.0209,-2.3085,12.5661,5.9182,0.2500,0.17
0.1799,0.0000,0.0000,0.0000,0.0000,0.0000,0.0000,-0.1300,-0.4892,-0.3341,-0.2247,-0.0195,-0.9742,0.4821,-0.1780,-1.3371,0.9247,-1.2872,-0.3257,0.1950,1.5072,-1.0056,1.2704,0.3684,-0.3257,0.3994,0.2288,0.3296,-0.0194,0.1473,-0.1551,-0.6708,0.4963,0.5000,-0.2000,-1.3837,0.9358,-1.2057,-0.3638,0.2000,1.4244,-1.1364,1.4221,113.5798,-3.8460,4.3871,-5.4634,4.7735,0.3616,6.0675,-2.3131,13.0206,6.1964,0.2778,0.16
0.1999,0.0000,0.0000,0.0000,0.0000,0.0000,0.0000,-0.0694,-0.4708,0.2190,-0.2344,-0.0174,-0.9720,0.4877,-0.1834,-1.3313,0.9299,-1.2801,-0.3292,0.1978,1.4996,-1.0201,1.2821,0.2133,-0.2404,0.3490,0.2947,0.3102,-0.1784,0.1241,-0.2908,-0.6785,0.5157,0.5000,-0.2000,-1.4041,0.9360,-1.1986,-0.3770,0.2000,1.3939,-1.1398,1.4293,116.0939,-4.1348,4.6148,-5.7736,5.0104,0.2296,6.0962,-2.3030,13.3441,6.4289,0.3056,0.16
0.2199,0.0000,0.0000,0.0000,0.0000,0.0000,0.0000,0.0329,-0.4185,0.7234,-0.2433,-0.0145,-0.9699,0.4917,-0.1873,-1.3284,0.9352,-1.2746,-0.3349,0.1993,1.4899,-1.0345,1.2958,0.1628,-0.1357,0.1280,0.2598,0.2598,-0.2404,0.0000,-0.4188,-0.7057,0.6165,0.5000,-0.2000,-1.4244,0.9355,-1.1914,-0.3877,0.2000,1.3633,-1.1318,1.4352,117.9510,-4.3524,4.8011,-6.0339,5.1731,0.1227,6.1143,-2.2847,13.5760,6.6232,0.3333,0.15
0.2399,0.0000,0.0000,0.0000,0.0000,0.0000,0.0000,0.1375,-0.3611,1.0929,-0.2521,-0.0113,-0.9676,0.4935,-0.1898,-1.3284,0.9392,-1.2706,-0.3427,0.2004,1.4777,-1.0473,1.3091,0.0543,-0.0116,0.0465,0.1977,0.2055,-0.3722,0.0310,-0.6243,-0.5312,0.5855,0.5000,-0.2000,-1.4448,0.9342,-1.1842,-0.3947,0.2000,1.3328,-1.1129,1.4398,119.3082,-4.5022,4.9432,-6.2426,5.2664,0.0531,6.1238,-2.2651,13.7441,6.7795,0.3611,0.15
0.2599,0.0000,0.0000,0.0000,0.0000,0.0000,0.0000,0.2254,-0.2738,1.2559,-0.2596,-0.0082,-0.9657,0.4935,-0.1909,-1.3312,0.9428,-1.2683,-0.3504,0.2009,1.4611,-1.0559,1.3225,-0.0775,0.0194,-0.0814,0.1861,0.0582,-0.2675,0.0427,-0.8026,-0.3955,0.5545,0.5000,-0.2000,-1.4652,0.9322,-1.1742,-0.3991,0.2000,1.3022,-1.0839,1.4432,120.3271,-4.5867,5.0453,-6.3868,5.3216,0.0088,6.1375,-2.2546,13.8683,6.8819,0.3889,0.14
0.2809,0.0000,0.0000,0.0000,0.0000,0.0000,0.0000,0.3937,-0.1703,1.4989,-0.2646,-0.0069,-0.9643,0.4932,-0.1918,-1.3374,0.9456,-1.2673,-0.3572,0.2010,1.4414,-1.0592,1.3353,-0.0000,-0.0116,-0.3179,0.1318,0.0969,-0.2520,0.0000,-0.9810,-0.1241,0.6010,0.5000,-0.2000,-1.4856,0.9295,-1.1641,-0.4036,0.2000,1.2717,-1.0461,1.4456,121.0481,-4.5998,5.1282,-6.5223,5.3135,-0.0360,6.1581,-2.2361,13.9467,6.9710,0.4167,0.14
0.2999,0.0000,0.0000,0.0000,0.0000,0.0000,0.0000,0.5111,-0.0490,1.6808,-0.2684,-0.0073,-0.9633,0.4936,-0.1925,-1.3458,0.9476,-1.2659,-0.3636,0.2008,1.4198,-1.0572,1.3470,0.0543,-0.0039,-0.4537,0.0853,0.1396,-0.2326,0.0078,-1.1167,0.0310,0.4730,0.5000,-0.2000,-1.5059,0.9262,-1.1541,-0.4081,0.2000,1.2411,-1.0014,1.4472,121.5306,-4.5791,5.1774,-6.6157,5.2901,-0.0809,6.1777,-2.2272,13.9984,7.0295,0.4444,0.14
0.3199,0.0000,0.0000,0.0000,0.0000,0.0000,0.0000,0.5844,0.1290,1.8585,-0.2687,-0.0071,-0.9632,0.4937,-0.1926,-1.3574,0.9484,-1.2645,-0.3696,0.2006,1.3941,-1.0495,1.3568,-0.0000,-0.0039,-0.5196,0.0233,0.0892,-0.2210,-0.0504,-1.2601,0.3528,0.4459,0.5000,-0.2000,-1.5263,0.9223,-1.1440,-0.4131,0.2000,1.2106,-0.9519,1.4483,121.7839,-4.5278,5.2067,-6.6835,5.2464,-0.1311,6.2030,-2.2177,14.0100,7.0622,0.4722,0.14
0.3409,0.0000,0.0000,0.0000,0.0000,0.0000,0.0000,0.6777,0.3233,1.9659,-0.2655,-0.0084,-0.9641,0.4942,-0.1923,-1.3717,0.9481,-1.2631,-0.3752,0.2003,1.3646,-1.0371,1.3659,0.1047,0.0582,-0.7600,0.0116,0.1357,-0.2016,-0.0078,-1.4928,0.6126,0.3490,0.5000,-0.2000,-1.5467,0.9180,-1.1340,-0.4189,0.2000,1.1800,-0.9000,1.4770,121.8899,-4.4311,5.2079,-6.7141,5.1835,-0.1886,6.2430,-2.2198,14.0044,7.0659,0.5000,0.14
0.3619,0.0000,0.0000,0.0000,0.0000,0.0000,0.0000,0.7039,0.5178,2.0082,-0.2589,-0.0086,-0.9659,0.4944,-0.1917,-1.3876,0.9464,-1.2616,-0.3809,0.1992,1.3358,-1.0160,1.3754,0.0155,0.0775,-1.0042,-0.1124,0.1396,-0.1590,-0.1357,-1.4307,1.0430,0.4885,0.5000,-0.2000,-1.5670,0.9133,-1.1239,-0.4256,0.2000,1.2004,-0.9052,1.4699,121.8443,-4.2921,5.1849,-6.7191,5.0879,-0.2559,6.2982,-2.2312,13.9797,7.0434,0.5278,0.15
0.3809,0.0000,0.0000,0.0000,0.0000,0.0000,0.0000,0.6646,0.6540,2.0316,-0.2487,-0.0085,-0.9686,0.4948,-0.1904,-1.4072,0.9424,-1.2594,-0.3870,0.1982,1.3001,-0.9891,1.3902,0.0233,0.1008,-0.9306,-0.2443,0.2133,-0.2869,-0.0620,-1.3687,1.2291,0.6514,0.5000,-0.2000,-1.5874,0.9083,-1.1139,-0.4340,0.2000,1.2207,-0.9103,1.4627,121.6574,-4.1249,5.1287,-6.6894,4.9918,-0.3399,6.3507,-2.2549,13.9421,7.0012,0.5556,0.15
0.4009,0.0000,0.0000,0.0000,0.0000,0.0000,0.0000,0.6308,0.8658,1.9617,-0.2343,-0.0093,-0.9721,0.4954,-0.1891,-1.4276,0.9368,-1.2558,-0.3940,0.1978,1.2798,-0.9707,1.4005,0.0659,0.0155,-0.9228,-0.2908,0.2482,-0.2908,-0.0349,-1.0275,0.8724,0.4304,0.5000,-0.2000,-1.6078,0.9031,-1.1038,-0.4410,0.2000,1.2411,-0.9152,1.4556,121.3678,-3.9487,5.0502,-6.6269,4.9083,-0.4096,6.3985,-2.2865,13.9172,6.9312,0.5833,0.16
0.4209,0.0000,0.0000,0.0000,0.0000,0.0000,0.0000,0.5000,1.0822,1.8421,-0.2145,-0.0084,-0.9767,0.4961,-0.1882,-1.4494,0.9307,-1.2509,-0.4022,0.1976,1.2651,-0.9566,1.4086,0.0388,0.0427,-1.0430,-0.2792,0.2947,-0.3528,-0.0620,-0.6708,0.5894,0.3218,0.5000,-0.2000,-1.6078,0.9209,-1.1562,-0.4457,0.2000,1.2615,-0.9198,1.4485,120.9936,-3.7612,4.9479,-6.5271,4.8068,-0.4570,6.4482,-2.3194,13.8742,6.8341,0.6111,0.15
0.4409,0.0000,0.0000,0.0000,0.0000,0.0000,0.0000,0.4417,1.1741,1.5792,-0.1907,-0.0083,-0.9816,0.4968,-0.1879,-1.4720,0.9233,-1.2436,-0.4114,0.1976,1.2569,-0.9459,1.4155,0.0620,0.0388,-1.0895,-0.2947,0.3761,-0.4304,-0.0349,-0.3412,0.6010,0.3451,0.5000,-0.2000,-1.5772,0.9722,-1.1689,-0.4473,0.2000,1.2819,-0.9239,1.4414,120.5890,-3.5152,4.8245,-6.4123,4.6470,-0.4729,6.5126,-2.3633,13.8444,6.7251,0.6389,0.15
0.4609,0.0000,0.0000,0.0000,0.0000,0.0000,0.0000,0.3259,1.0646,1.3718,-0.1674,-0.0089,-0.9858,0.4977,-0.1878,-1.4935,0.9183,-1.2427,-0.4208,0.1981,1.2548,-0.9367,1.4210,0.0698,0.0155,-1.1555,-0.1745,0.1435,-0.3761,0.0039,-0.1473,0.3722,0.2482,0.5000,-0.2000,-1.5467,1.0200,-1.1813,-0.4472,0.2000,1.3022,-0.9276,1.4342,120.1100,-3.2371,4.6763,-6.2730,4.4531,-0.4720,6.5690,-2.4031,13.7948,6.6077,0.6667,0.15
0.4819,0.0000,0.0000,0.0000,0.0000,0.0000,0.0000,0.2734,0.7680,1.0694,-0.1486,-0.0113,-0.9888,0.4980,-0.1883,-1.5102,0.9214,-1.2420,-0.4287,0.1986,1.2555,-0.9297,1.4254,0.0349,0.0078,-0.7871,0.2249,0.0233,-0.2947,0.0775,-0.0310,0.3490,0.1977,0.5000,-0.2000,-1.5161,1.0621,-1.1931,-0.4447,0.2000,1.3226,-0.9306,1.4271,119.6013,-2.9215,4.5059,-6.1195,4.2268,-0.4474,6.6389,-2.4591,13.7537,6.4780,0.6944,0.15
0.5009,0.0000,0.0000,0.0000,0.0000,0.0000,0.0000,0.2210,0.3711,0.5664,-0.1391,-0.0165,-0.9901,0.4978,-0.1891,-1.5224,0.9307,-1.2413,-0.4358,0.1998,1.2565,-0.9241,1.4284,-0.0310,-0.0349,-0.6281,0.4769,0.1047,-0.3451,0.0931,-0.1241,0.2753,0.0969,0.5000,-0.2000,-1.4856,1.0966,-1.2039,-0.4377,0.2000,1.3430,-0.9331,1.4200,119.1811,-2.5880,4.3134,-5.9355,3.9722,-0.3766,6.7367,-2.5390,13.7312,6.3359,0.7222,0.15
0.5219,0.0000,0.0000,0.0000,0.0000,0.0000,0.0000,0.1148,0.1353,-0.0409,-0.1350,-0.0219,-0.9906,0.4966,-0.1908,-1.5310,0.9446,-1.2402,-0.4413,0.2019,1.2564,-0.9211,1.4299,-0.0543,-0.0620,-0.4459,0.6669,0.1822,-0.1473,0.1047,-0.1202,0.1745,0.0659,0.5000,-0.2000,-1.4550,1.1217,-1.2136,-0.4274,0.2000,1.3633,-0.9348,1.4128,118.8931,-2.2789,4.1218,-5.7339,3.7340,-0.2738,6.8682,-2.6348,13.6966,6.1851,0.7500,0.15
0.5419,0.0000,0.0000,0.0000,0.0000,0.0000,0.0000,0.0815,0.0382,-0.6479,-0.1330,-0.0290,-0.9907,0.4950,-0.1934,-1.5337,0.9625,-1.2384,-0.4442,0.2044,1.2562,-0.9207,1.4300,-0.0737,-0.0737,-0.0582,0.9189,0.1396,-0.0853,0.1396,-0.0427,-0.0155,-0.0039,0.5000,-0.2000,-1.4244,1.1364,-1.2221,-0.4149,0.2000,1.3837,-0.9358,1.4057,118.7072,-1.9913,3.9451,-5.5429,3.5317,-0.1487,7.0163,-2.7325,13.6563,6.0408,0.7778,0.15
0.5609,0.0000,0.0000,0.0000,0.0000,0.0000,0.0000,0.0011,0.0118,-1.2002,-0.1318,-0.0370,-0.9906,0.4935,-0.1966,-1.5319,0.9828,-1.2366,-0.4434,0.2073,1.2575,-0.9205,1.4293,-0.0814,-0.1241,0.0155,0.9849,0.1396,0.1861,0.1280,0.0271,0.1124,0.0543,0.5000,-0.2000,-1.3939,1.1398,-1.2293,-0.4022,0.2000,1.4041,-0.9360,1.3986,118.6409,-1.7706,3.7976,-5.3682,3.3568,-0.0216,7.1621,-2.8213,13.6068,5.9179,0.8056,0.15
0.5819,0.0000,0.0000,0.0000,0.0000,0.0000,0.0000,-0.1187,0.0630,-1.6889,-0.1301,-0.0454,-0.9905,0.4914,-0.1994,-1.5244,1.0047,-1.2350,-0.4389,0.2105,1.2607,-0.9198,1.4271,-0.1280,-0.1163,0.3296,1.0275,0.0892,0.2133,0.1900,0.0775,0.0814,-0.0775,0.5000,-0.2000,-1.3633,1.1318,-1.2352,-0.3893,0.2000,1.4244,-0.9355,1.3914,118.6534,-1.6137,3.6660,-5.2020,3.2500,0.1072,7.2940,-2.9071,13.5593,5.8118,0.8333,0.15
0.6009,0.0000,0.0000,0.0000,0.0000,0.0000,0.0000,-0.3331,0.1690,-1.9775,-0.1260,-0.0490,-0.9908,0.4892,-0.2021,-1.5117,1.0228,-1.2349,-0.4293,0.2145,1.2667,-0.9181,1.4232,-0.0775,-0.0465,0.6243,0.8879,0.0039,0.5622,0.1241,0.2869,0.1202,-0.2482,0.5000,-0.2000,-1.3328,1.1129,-1.2398,-0.3802,0.2000,1.4448,-0.9342,1.3842,118.6921,-1.5550,3.5765,-5.0704,3.2210,0.1977,7.3939,-2.9731,13.5020,5.7377,0.8611,0.16
0.6209,0.0000,0.0000,0.0000,0.0000,0.0000,0.0000,-0.4286,0.2712,-2.2409,-0.1182,-0.0467,-0.9919,0.4866,-0.2042,-1.4921,1.0385,-1.2353,-0.4186,0.2179,1.2784,-0.9162,1.4175,-0.0853,-0.0504,0.9383,0.6863,-0.0233,0.5506,0.1822,0.6281,0.1551,-0.3528,0.5000,-0.2000,-1.3022,1.0839,-1.2432,-0.3728,0.2000,1.4652,-0.9322,1.3742,118.7606,-1.5625,3.5251,-4.9828,3.2421,0.2723,7.4632,-3.0233,13.4675,5.6962,0.8889,0.17
0.6419,0.0000,0.0000,0.0000,0.0000,0.0000,0.0000,-0.1573,0.2051,-2.3090,-0.1110,-0.0499,-0.9926,0.4854,-0.2050,-1.4703,1.0439,-1.2355,-0.4070,0.2217,1.2917,-0.9134,1.4101,-0.0233,-0.0388,1.0042,0.1822,-0.0155,0.5312,0.0775,0.6902,0.2016,-0.3490,0.5000,-0.2000,-1.2717,1.0461,-1.2456,-0.3697,0.2000,1.4856,-0.9295,1.3641,118.8516,-1.5620,3.5194,-4.9931,3.2529,0.3034,7.5257,-3.0505,13.4782,5.7211,0.9167,0.16
0.6619,0.0000,0.0000,0.0000,0.0000,0.0000,0.0000,-0.1637,0.3284,-2.0432,-0.1027,-0.0539,-0.9933,0.4868,-0.2066,-1.4447,1.0420,-1.2346,-0.3959,0.2232,1.3078,-0.9106,1.4009,0.1977,-0.0737,1.1593,-0.1590,0.0582,0.5157,0.0078,0.6824,0.1047,-0.4381,0.5000,-0.2000,-1.2411,1.0014,-1.2472,-0.3733,0.2000,1.5059,-0.9262,1.3541,118.9028,-1.7694,3.5846,-5.0460,3.4302,0.2671,7.4638,-3.0270,13.4838,5.7927,0.9444,0.15
0.6809,0.0000,0.0000,0.0000,0.0000,0.0000,0.0000,-0.2557,0.4123,-1.9303,-0.0925,-0.0543,-0.9942,0.4880,-0.2080,-1.4174,1.0338,-1.2341,-0.3871,0.2229,1.3261,-0.9097,1.3903,0.0310,-0.0194,1.1865,-0.4265,0.0310,0.3761,-0.0465,0.8918,-0.0504,-0.4692,0.5000,-0.2000,-1.2106,0.9519,-1.2483,-0.3796,0.2000,1.5263,-0.9223,1.3440,119.0261,-2.0549,3.6610,-5.0837,3.6740,0.2039,7.4049,-3.0155,13.5115,5.8399,0.9722,0.15
0.7029,0.0000,0.0000,0.0000,0.0000,0.0000,0.0000,-0.3443,0.4178,-1.8492,-0.0818,-0.0524,-0.9953,0.4881,-0.2090,-1.3900,1.0184,-1.2337,-0.3806,0.2215,1.3474,-0.9096,1.3799,-0.0271,-0.0000,1.2563,-0.7483,0.0698,0.3335,-0.0659,1.0275,0.0582,-0.5157,0.5000,-0.2000,-1.1800,0.9000,-1.2770,-0.3871,0.2000,1.5467,-0.9180,1.3340,119.2662,-2.3800,3.7670,-5.1517,3.9344,0.1292,7.3333,-2.9974,13.5630,5.9144,0.0000,0.15
0.7219,0.0000,0.0000,0.0000,0.0000,0.0000,0.0000,-0.4182,0.4465,-1.6895,-0.0710,-0.0465,-0.9964,0.4884,-0.2098,-1.3600,0.9941,-1.2328,-0.3763,0.2194,1.3703,-0.9088,1.3683,0.1086,0.0078,1.3183,-1.1012,0.0814,0.1280,-0.1473,0.9228,0.0620,-0.4963,0.5000,-0.2000,-1.2004,0.9052,-1.2699,-0.3966,0.2000,1.5670,-0.9133,1.3239,119.6420,-2.7776,3.9200,-5.2676,4.2541,0.0336,7.2187,-2.9534,13.6414,6.0291,0.0278,0.15
0.7419,0.0000,0.0000,0.0000,0.0000,0.0000,0.0000,-0.3532,0.5082,-1.5003,-0.0594,-0.0415,-0.9974,0.4891,-0.2107,-1.3282,0.9622,-1.2356,-0.3750,0.2169,1.3938,-0.9076,1.3569,0.1396,0.0039,1.4230,-1.4114,-0.1047,0.1047,-0.1822,1.0353,0.0582,-0.5739,0.5000,-0.2000,-1.2207,0.9103,-1.2627,-0.4106,0.2000,1.5874,-0.9083,1.3139,120.1389,-3.2010,4.1130,-5.4389,4.6103,-0.1061,7.0958,-2.8971,13.7590,6.1646,0.0556,0.15
0.7619,0.0000,0.0000,0.0000,0.0000,0.0000,0.0000,-0.2558,0.6045,-1.2650,-0.0459,-0.0372,-0.9983,0.4902,-0.2115,-1.3058,0.9377,-1.2356,-0.3756,0.2143,1.4174,-0.9056,1.3451,0.1124,-0.1008,0.9422,-1.1361,-0.0543,-0.0116,-0.1784,1.1012,0.0504,-0.5816,0.5000,-0.2000,-1.2411,0.9152,-1.2556,-0.4253,0.2000,1.6078,-0.9031,1.3038,120.7496,-3.6530,4.3084,-5.5933,4.9877,-0.2525,6.9605,-2.8330,13.8825,6.2789,0.0833,0.14
0.7829,0.0000,0.0000,0.0000,0.0000,0.0000,0.0000,-0.1685,0.6594,-1.0213,-0.0315,-0.0337,-0.9989,0.4914,-0.2115,-1.2910,0.9180,-1.2346,-0.3788,0.2124,1.4415,-0.9038,1.3332,0.0620,-0.0194,0.6514,-0.8608,0.0543,-0.1086,-0.0620,1.1787,0.0233,-0.6669,0.5000,-0.2000,-1.2615,0.9198,-1.2485,-0.4391,0.2000,1.6078,-0.9209,1.3562,121.4174,-4.0554,4.4846,-5.7370,5.3222,-0.3906,6.8474,-2.7790,14.0080,6.3853,0.1111,0.14
0.8019,0.0000,0.0000,0.0000,0.0000,0.0000,0.0000,-0.1903,0.6450,-0.8457,-0.0173,-0.0298,-0.9994,0.4924,-0.2110,-1.2830,0.9031,-1.2325,-0.3852,0.2097,1.4658,-0.9016,1.3215,0.0814,0.1124,0.3373,-0.7251,0.1977,-0.2908,-0.1784,1.1477,0.0349,-0.5118,0.5000,-0.2000,-1.2819,0.9239,-1.2414,-0.4498,0.2000,1.5772,-0.9722,1.3689,122.1187,-4.4182,4.6438,-5.8620,5.6099,-0.4980,6.7401,-2.7262,14.1225,6.4881,0.1389,0.16
0.8219,0.0000,0.0000,0.0000,0.0000,0.0000,0.0000,-0.2745,0.5326,-0.6151,-0.0043,-0.0211,-0.9998,0.4934,-0.2100,-1.2801,0.8902,-1.2281,-0.3928,0.2070,1.4893,-0.9025,1.3208,0.1008,0.0853,0.1784,-0.5894,0.3218,-0.2869,-0.2288,1.0430,-0.0310,-0.0310,0.5000,-0.2000,-1.3022,0.9276,-1.2342,-0.4593,0.2000,1.5467,-1.0200,1.3813,122.8111,-4.7601,4.7994,-5.9956,5.8692,-0.5926,6.6173,-2.6584,14.2279,6.6064,0.1667,0.15
0.8419,0.0000,0.0000,0.0000,0.0000,0.0000,0.0000,-0.2649,0.1789,-0.3797,0.0020,-0.0120,-0.9999,0.4940,-0.2088,-1.2807,0.8809,-1.2223,-0.4017,0.2041,1.5043,-0.9115,1.3231,0.0775,0.0427,-0.0737,-0.3916,0.3645,-0.3877,-0.1357,0.7677,-0.3606,0.1784,0.5000,-0.2000,-1.3226,0.9306,-1.2271,-0.4670,0.2000,1.5161,-1.0621,1.3931,123.4709,-5.0244,4.9307,-6.1266,6.0772,-0.6702,6.5033,-2.5988,14.3486,6.7204,0.1944,0.14
0.8629,0.0000,0.0000,0.0000,0.0000,0.0000,0.0000,-0.2214,-0.2227,-0.0634,-0.0004,-0.0028,-1.0000,0.4945,-0.2077,-1.2835,0.8745,-1.2164,-0.4105,0.2011,1.5141,-0.9272,1.3282,0.0349,0.0698,-0.0349,-0.3257,0.2830,-0.4381,-0.1124,0.5079,-0.7794,0.2365,0.5000,-0.2000,-1.3430,0.9331,-1.2200,-0.4730,0.2000,1.4856,-1.0966,1.4039,124.0140,-5.2237,5.0486,-6.2713,6.2303,-0.7300,6.3936,-2.5381,14.4611,6.8416,0.2222,0.18
0.8828,0.0000,0.0000,0.0000,0.0000,0.0000,0.0000,-0.1887,-0.4384,0.3623,-0.0081,0.0055,-1.0000,0.4960,-0.2068,-1.2846,0.8723,-1.2118,-0.4199,0.1980,1.5186,-0.9482,1.3360,0.0892,0.1202,0.0271,0.0271,0.2598,-0.3567,-0.1435,0.1939,-0.9189,0.2792,0.5000,-0.2000,-1.3633,0.9348,-1.2128,-0.4783,0.2000,1.4550,-1.1217,1.4136,124.4481,-5.4484,5.1802,-6.4275,6.3826,-0.7825,6.2770,-2.4632,14.5318,6.9638,0.2500,0.16
0.9019,0.0000,0.0000,0.0000,0.0000,0.0000,0.0000,-0.1372,-0.5214,0.8148,-0.0184,0.0124,-0.9998,0.4976,-0.2058,-1.2851,0.8729,-1.2074,-0.4283,0.1957,1.5184,-0.9704,1.3451,0.0465,0.1008,0.0233,0.1473,0.1900,-0.3839,-0.1396,-0.0078,-0.9849,0.3839,0.5000,-0.2000,-1.3837,0.9358,-1.2057,-0.4828,0.2000,1.4244,-1.1364,1.4221,124.7680,-5.6576,5.3125,-6.5884,6.5058,-0.8278,6.1765,-2.3884,14.5783,7.0830,0.2778,0.15
0.9228,0.0000,0.0000,0.0000,0.0000,0.0000,0.0000,-0.0930,-0.5576,1.2018,-0.0293,0.0190,-0.9994,0.4980,-0.2050,-1.2873,0.8750,-1.2035,-0.4358,0.1940,1.5133,-0.9916,1.3551,-0.0543,0.0737,-0.1008,0.1551,0.1280,-0.4381,-0.0853,-0.2675,-0.9616,0.5079,0.5000,-0.2000,-1.4041,0.9360,-1.1986,-0.4855,0.2000,1.3939,-1.1398,1.4293,124.9935,-5.8351,5.4293,-6.7301,6.5944,-0.8554,6.0892,-2.3178,14.6029,7.1891,0.3056,0.14
0.9418,0.0000,0.0000,0.0000,0.0000,0.0000,0.0000,-0.0381,-0.5812,1.5190,-0.0400,0.0242,-0.9989,0.4981,-0.2047,-1.2918,0.8779,-1.1999,-0.4449,0.1928,1.5044,-1.0127,1.3664,0.0155,0.0931,-0.2365,0.1784,0.1706,-0.3761,-0.0504,-0.4653,-0.9151,0.4265,0.5000,-0.2000,-1.4244,0.9355,-1.1914,-0.4876,0.2000,1.3633,-1.1318,1.4352,125.1626,-5.9592,5.5224,-6.8504,6.6479,-0.8759,6.0238,-2.2636,14.6251,7.2770,0.3333,0.14
0.9638,0.0000,0.0000,0.0000,0.0000,0.0000,0.0000,0.0389,-0.5360,1.6993,-0.0496,0.0277,-0.9984,0.4983,-0.2046,-1.3001,0.8815,-1.1970,-0.4527,0.1921,1.4898,-1.0277,1.3778,0.0310,0.0465,-0.3916,0.2714,0.0775,-0.4304,-0.0775,-0.6592,-0.6669,0.4963,0.5000,-0.2000,-1.4448,0.9342,-1.1842,-0.4874,0.2000,1.3328,-1.1129,1.4398,125.2822,-6.0205,5.5942,-6.9441,6.6600,-0.8744,5.9795,-2.2185,14.6326,7.3364,0.3611,0.14
0.9839,0.0000,0.0000,0.0000,0.0000,0.0000,0.0000,0.1308,-0.4814,1.7909,-0.0583,0.0297,-0.9979,0.4984,-0.2046,-1.3109,0.8846,-1.1957,-0.4621,0.1915,1.4715,-1.0399,1.3905,-0.0155,-0.0000,-0.5777,0.1357,-0.0194,-0.3412,-0.1202,-0.8763,-0.4885,0.5661,0.5000,-0.2000,-1.4652,0.9322,-1.1742,-0.4866,0.2000,1.3022,-1.0839,1.4432,125.3584,-6.0094,5.6436,-7.0160,6.6253,-0.8662,5.9591,-2.1852,14.6337,7.3811,0.3889,0.14
1.0042,0.0000,0.0000,0.0000,0.0000,0.0000,0.0000,0.2349,-0.4435,1.8089,-0.0677,0.0290,-0.9973,0.4983,-0.2047,-1.3242,0.8874,-1.1959,-0.4684,0.1912,1.4500,-1.0449,1.4007,-0.0000,-0.0698,-0.6320,0.2908,-0.0504,-0.3063,-0.0388,-1.1710,-0.1590,0.5002,0.5000,-0.2000,-1.4856,0.9295,-1.1641,-0.4851,0.2000,1.2717,-1.0461,1.4456,125.3926,-5.9394,5.6657,-7.0607,6.5576,-0.8508,5.9568,-2.1660,14.6266,7.3983,0.4167,0.29
1.0229,0.0000,0.0000,0.0000,0.0000,0.0000,0.0000,0.2944,-0.3652,1.6772,-0.0752,0.0270,-0.9968,0.4974,-0.2050,-1.3411,0.8923,-1.1971,-0.4735,0.1908,1.4258,-1.0437,1.4112,-0.0892,-0.0271,-0.7483,0.3528,-0.0737,-0.1396,-0.0543,-1.3299,0.1318,0.5002,0.5000,-0.2000,-1.5059,0.9262,-1.1541,-0.4828,0.2000,1.2411,-1.0014,1.4472,125.3875,-5.7926,5.6488,-7.0578,6.4473,-0.8282,5.9890,-2.1707,14.6147,7.3771,0.4444,0.25
1.0428,0.0000,0.0000,0.0000,0.0000,0.0000,0.0000,0.3816,-0.2433,1.5531,-0.0810,0.0226,-0.9965,0.4964,-0.2055,-1.3581,0.8964,-1.1994,-0.4757,0.1903,1.3983,-1.0358,1.4201,-0.0543,-0.0582,-0.7910,0.2326,-0.1318,-0.1241,-0.0388,-1.2059,0.4769,0.3606,0.5000,-0.2000,-1.5263,0.9223,-1.1440,-0.4805,0.2000,1.2106,-0.9519,1.4483,125.2987,-5.5863,5.6151,-7.0491,6.2958,-0.8045,6.0390,-2.1828,14.5942,7.3461,0.4722,0.19
1.0629,0.0000,0.0000,0.0000,0.0000,0.0000,0.0000,0.4509,-0.0768,1.3497,-0.0843,0.0151,-0.9963,0.4954,-0.2066,-1.3763,0.9009,-1.2018,-0.4773,0.1899,1.3701,-1.0190,1.4278,-0.0504,-0.0465,-0.8957,0.1861,-0.1318,-0.1124,-0.0116,-1.4618,0.8414,0.3839,0.5000,-0.2000,-1.5467,0.9180,-1.1340,-0.4778,0.2000,1.1800,-0.9000,1.4770,125.1768,-5.3659,5.5651,-7.0133,6.1364,-0.7776,6.0961,-2.1968,14.5531,7.2974,0.5000,0.16
1.0829,0.0000,0.0000,0.0000,0.0000,0.0000,0.0000,0.4675,0.0694,1.1802,-0.0853,0.0072,-0.9963,0.4946,-0.2079,-1.3961,0.9049,-1.2035,-0.4781,0.1895,1.3409,-0.9955,1.4346,0.0078,-0.0504,-0.9344,0.1241,-0.1473,0.0388,-0.0271,-1.3610,1.1361,0.3412,0.5000,-0.2000,-1.5670,0.9133,-1.1239,-0.4777,0.2000,1.2004,-0.9052,1.4699,124.9831,-5.1054,5.4902,-6.9567,5.9644,-0.7768,6.1755,-2.2284,14.5112,7.2246,0.5278,0.15
1.1029,0.0000,0.0000,0.0000,0.0000,0.0000,0.0000,0.4608,0.2817,1.0458,-0.0831,-0.0006,-0.9965,0.4944,-0.2088,-1.4160,0.9082,-1.2041,-0.4785,0.1893,1.3110,-0.9659,1.4444,-0.0000,-0.0039,-0.9344,0.1667,-0.1047,-0.0000,-0.0504,-1.5005,1.4889,0.4575,0.5000,-0.2000,-1.5874,0.9083,-1.1139,-0.4787,0.2000,1.2207,-0.9103,1.4627,124.7187,-4.8550,5.4072,-6.8915,5.8003,-0.7869,6.2536,-2.2557,14.4453,7.1446,0.5556,0.15
1.1229,0.0000,0.0000,0.0000,0.0000,0.0000,0.0000,0.3692,0.4810,0.9337,-0.0765,-0.0069,-0.9970,0.4944,-0.2094,-1.4358,0.9096,-1.2038,-0.4790,0.1893,1.2901,-0.9414,1.4498,-0.0000,-0.0582,-1.0740,0.0737,-0.0039,-0.0659,-0.0155,-0.9306,1.1361,0.2326,0.5000,-0.2000,-1.6078,0.9031,-1.1038,-0.4812,0.2000,1.2411,-0.9152,1.4556,124.3436,-4.5928,5.2930,-6.7876,5.6479,-0.8118,6.3313,-2.3002,14.3952,7.0363,0.5833,0.16
1.1428,0.0000,0.0000,0.0000,0.0000,0.0000,0.0000,0.3332,0.6554,0.8264,-0.0667,-0.0129,-0.9977,0.4947,-0.2101,-1.4561,0.9097,-1.2019,-0.4809,0.1896,1.2771,-0.9211,1.4531,0.0465,-0.0271,-0.9461,0.0194,0.1202,-0.1086,-0.0039,-0.5467,0.9306,0.1241,0.5000,-0.2000,-1.6078,0.9209,-1.1562,-0.4827,0.2000,1.2615,-0.9198,1.4485,123.8558,-4.3081,5.1691,-6.6861,5.4682,-0.8272,6.4087,-2.3400,14.3338,6.9301,0.6111,0.19
1.1628,0.0000,0.0000,0.0000,0.0000,0.0000,0.0000,0.2832,0.7844,0.7367,-0.0526,-0.0196,-0.9984,0.4947,-0.2110,-1.4772,0.9096,-1.1970,-0.4834,0.1903,1.2718,-0.9055,1.4548,0.0194,-0.0271,-1.0353,-0.0194,0.3761,-0.0969,0.0310,-0.3179,0.7212,0.0582,0.5000,-0.2000,-1.5772,0.9722,-1.1689,-0.4830,0.2000,1.2819,-0.9239,1.4414,123.2934,-4.0408,5.0341,-6.5705,5.2778,-0.8303,6.4756,-2.3747,14.2606,6.8205,0.6389,0.17
1.1828,0.0000,0.0000,0.0000,0.0000,0.0000,0.0000,0.1677,0.6786,0.6364,-0.0382,-0.0235,-0.9990,0.4949,-0.2120,-1.4963,0.9114,-1.1984,-0.4864,0.1913,1.2716,-0.8940,1.4553,-0.0310,-0.0194,-1.0275,0.1473,0.0078,-0.1939,0.0659,-0.0543,0.5506,0.0310,0.5000,-0.2000,-1.5467,1.0200,-1.1813,-0.4806,0.2000,1.3022,-0.9276,1.4342,122.6093,-3.7202,4.8700,-6.4277,5.0351,-0.8059,6.5378,-2.4107,14.1707,6.6947,0.6667,0.16
1.2028,0.0000,0.0000,0.0000,0.0000,0.0000,0.0000,0.1430,0.3657,0.4570,-0.0296,-0.0296,-0.9991,0.4949,-0.2130,-1.5107,0.9197,-1.1994,-0.4898,0.1931,1.2745,-0.8848,1.4554,0.0271,0.0155,-0.7251,0.3490,0.0039,-0.1435,0.0814,0.1551,0.3373,-0.0078,0.5000,-0.2000,-1.5161,1.0621,-1.1931,-0.4769,0.2000,1.3226,-0.9306,1.4271,121.8953,-3.3612,4.6830,-6.2775,4.7546,-0.7688,6.6232,-2.4685,14.0943,6.5672,0.6944,0.16
1.2239,0.0000,0.0000,0.0000,0.0000,0.0000,0.0000,0.1033,0.0297,0.1322,-0.0282,-0.0342,-0.9990,0.4948,-0.2142,-1.5185,0.9345,-1.2018,-0.4920,0.1947,1.2775,-0.8787,1.4553,0.0504,-0.0504,-0.5041,0.6824,-0.1163,-0.0892,0.1163,-0.0116,0.2869,-0.0349,0.5000,-0.2000,-1.4856,1.0966,-1.2039,-0.4686,0.2000,1.3430,-0.9331,1.4200,121.2448,-3.0352,4.4981,-6.1114,4.4775,-0.6861,6.7060,-2.5268,14.0103,6.4388,0.7222,0.17
1.2438,0.0000,0.0000,0.0000,0.0000,0.0000,0.0000,0.0560,-0.1301,-0.3328,-0.0313,-0.0393,-0.9987,0.4943,-0.2161,-1.5242,0.9546,-1.2043,-0.4930,0.1959,1.2791,-0.8760,1.4543,0.0310,-0.0504,-0.2908,0.9228,-0.0698,0.0388,0.0543,-0.0620,0.0853,-0.0543,0.5000,-0.2000,-1.4550,1.1217,-1.2136,-0.4577,0.2000,1.3633,-0.9348,1.4128,120.7283,-2.7183,4.3041,-5.9173,4.2248,-0.5775,6.8318,-2.6123,13.9380,6.2881,0.7500,0.16
1.2639,0.0000,0.0000,0.0000,0.0000,0.0000,0.0000,-0.0121,-0.1237,-0.8189,-0.0345,-0.0445,-0.9984,0.4936,-0.2176,-1.5245,0.9748,-1.2070,-0.4918,0.1976,1.2795,-0.8763,1.4524,-0.0775,0.0078,-0.0427,1.0004,-0.0775,0.0504,0.0271,-0.0310,0.0039,-0.1241,0.5000,-0.2000,-1.4244,1.1364,-1.2221,-0.4447,0.2000,1.3837,-0.9358,1.4057,120.3213,-2.4412,4.1298,-5.7280,4.0065,-0.4469,6.9658,-2.6957,13.8584,6.1482,0.7778,0.16
1.2838,0.0000,0.0000,0.0000,0.0000,0.0000,0.0000,-0.1395,-0.0512,-1.2786,-0.0349,-0.0454,-0.9984,0.4926,-0.2186,-1.5197,0.9984,-1.2103,-0.4878,0.1985,1.2816,-0.8771,1.4490,-0.0349,-0.0039,0.2171,1.0663,-0.1047,0.2675,0.1396,0.0349,-0.0194,-0.2133,0.5000,-0.2000,-1.3939,1.1398,-1.2293,-0.4319,0.2000,1.4041,-0.9360,1.3986,120.0313,-2.2422,3.9826,-5.5448,3.8473,-0.3186,7.0828,-2.7713,13.7718,6.0267,0.8056,0.15
1.3039,0.0000,0.0000,0.0000,0.0000,0.0000,0.0000,-0.0233,-0.0496,-1.6084,-0.0351,-0.0459,-0.9983,0.4911,-0.2189,-1.5091,1.0171,-1.2135,-0.4795,0.1992,1.2866,-0.8783,1.4444,-0.0427,0.0427,0.4226,0.8104,-0.1435,0.5079,0.0543,0.2365,-0.0775,-0.2249,0.5000,-0.2000,-1.3633,1.1318,-1.2352,-0.4218,0.2000,1.4244,-0.9355,1.3914,119.8056,-2.0418,3.8667,-5.4260,3.6948,-0.2180,7.2154,-2.8423,13.7148,5.9471,0.8333,0.15
1.3238,0.0000,0.0000,0.0000,0.0000,0.0000,0.0000,0.0681,0.0142,-1.4718,-0.0334,-0.0513,-0.9981,0.4914,-0.2196,-1.4950,1.0307,-1.2154,-0.4670,0.1993,1.2939,-0.8791,1.4394,0.0737,-0.0349,0.6359,0.6126,0.0969,0.6669,0.0233,0.3722,0.0310,-0.2016,0.5000,-0.2000,-1.3328,1.1129,-1.2398,-0.4181,0.2000,1.4448,-0.9342,1.3842,119.5228,-1.9907,3.8196,-5.3857,3.6368,-0.1808,7.2546,-2.8620,13.6538,5.9426,0.8611,0.15
1.3438,0.0000,0.0000,0.0000,0.0000,0.0000,0.0000,-0.0242,0.0756,-1.4159,-0.0299,-0.0523,-0.9982,0.4934,-0.2199,-1.4784,1.0377,-1.2153,-0.4543,0.1990,1.3035,-0.8812,1.4335,0.1202,0.0194,0.7794,0.3528,0.0116,0.5002,-0.0853,0.4692,-0.2249,-0.2210,0.5000,-0.2000,-1.3022,1.0839,-1.2432,-0.4157,0.2000,1.4652,-0.9322,1.3742,119.2626,-2.0476,3.7824,-5.3257,3.6826,-0.1568,7.2589,-2.8828,13.6053,5.9343,0.8889,0.14
1.3638,0.0000,0.0000,0.0000,0.0000,0.0000,0.0000,-0.0668,0.0856,-1.4944,-0.0268,-0.0533,-0.9982,0.4940,-0.2199,-1.4597,1.0392,-1.2152,-0.4453,0.1985,1.3166,-0.8850,1.4266,0.0388,0.0504,0.9306,0.0853,0.0853,0.4614,-0.0388,0.6243,-0.1163,-0.4032,0.5000,-0.2000,-1.2717,1.0461,-1.2456,-0.4136,0.2000,1.4856,-0.9295,1.3641,119.1208,-2.1416,3.7640,-5.2828,3.7515,-0.1364,7.2762,-2.9127,13.5887,5.9306,0.9167,0.14
1.3838,0.0000,0.0000,0.0000,0.0000,0.0000,0.0000,-0.1474,0.1394,-1.5073,-0.0227,-0.0517,-0.9984,0.4943,-0.2201,-1.4381,1.0346,-1.2150,-0.4377,0.1978,1.3319,-0.8881,1.4181,0.0310,-0.0078,0.9965,-0.2714,0.0388,0.2947,-0.0427,0.7018,-0.1280,-0.4032,0.5000,-0.2000,-1.2411,1.0014,-1.2472,-0.4124,0.2000,1.5059,-0.9262,1.3541,119.0776,-2.3090,3.7895,-5.2709,3.8794,-0.1245,7.2476,-2.9159,13.5804,5.9570,0.9444,0.15
1.4038,0.0000,0.0000,0.0000,0.0000,0.0000,0.0000,-0.1801,0.2231,-1.5325,-0.0167,-0.0491,-0.9987,0.4945,-0.2203,-1.4137,1.0231,-1.2150,-0.4317,0.1971,1.3483,-0.8901,1.4089,0.0853,-0.0000,1.1555,-0.6010,0.0620,0.2598,-0.0465,0.7910,-0.0310,-0.4420,0.5000,-0.2000,-1.2106,0.9519,-1.2483,-0.4143,0.2000,1.5263,-0.9223,1.3440,119.1995,-2.5421,3.8524,-5.2949,4.0662,-0.1426,7.2101,-2.9164,13.6042,6.0025,0.9722,0.15
1.4238,0.0000,0.0000,0.0000,0.0000,0.0000,0.0000,-0.2337,0.2729,-1.5161,-0.0102,-0.0445,-0.9990,0.4946,-0.2205,-1.3861,1.0049,-1.2150,-0.4265,0.1964,1.3673,-0.8912,1.3982,-0.0116,-0.0116,1.1089,-0.8259,0.0155,0.3412,-0.0814,0.8685,-0.0310,-0.5273,0.5000,-0.2000,-1.1800,0.9000,-1.2770,-0.4195,0.2000,1.5467,-0.9180,1.3340,119.4783,-2.8509,3.9542,-5.3485,4.3220,-0.1947,7.1442,-2.9003,13.6556,6.0637,0.0000,0.16
1.4438,0.0000,0.0000,0.0000,0.0000,0.0000,0.0000,-0.2863,0.3300,-1.4871,-0.0027,-0.0388,-0.9992,0.4946,-0.2207,-1.3585,0.9809,-1.2152,-0.4224,0.1953,1.3871,-0.8914,1.3866,0.0388,0.0698,1.2873,-1.0081,0.0504,0.2133,-0.1396,0.9306,0.0078,-0.5855,0.5000,-0.2000,-1.2004,0.9052,-1.2699,-0.4269,0.2000,1.5670,-0.9133,1.3239,119.9226,-3.2064,4.0837,-5.4334,4.6163,-0.2686,7.0664,-2.8815,13.7388,6.1465,0.0278,0.15
1.4648,0.0000,0.0000,0.0000,0.0000,0.0000,0.0000,-0.2702,0.3979,-1.3983,0.0062,-0.0335,-0.9994,0.4947,-0.2210,-1.3289,0.9513,-1.2204,-0.4198,0.1942,1.4082,-0.8908,1.3752,-0.0000,0.0582,1.3028,-1.2757,-0.2365,0.0853,-0.1202,1.0508,0.0543,-0.5894,0.5000,-0.2000,-1.2207,0.9103,-1.2627,-0.4365,0.2000,1.5874,-0.9083,1.3139,120.4748,-3.5836,4.2544,-5.5692,4.9279,-0.3646,6.9620,-2.8332,13.8455,6.2605,0.0556,0.14
1.4838,0.0000,0.0000,0.0000,0.0000,0.0000,0.0000,-0.2002,0.5113,-1.2167,0.0172,-0.0284,-0.9994,0.4950,-0.2213,-1.3078,0.9286,-1.2228,-0.4192,0.1931,1.4291,-0.8893,1.3624,0.0194,0.0349,0.9771,-1.0857,-0.0737,0.0310,-0.0853,1.0430,0.0620,-0.5777,0.5000,-0.2000,-1.2411,0.9152,-1.2556,-0.4481,0.2000,1.6078,-0.9031,1.3038,121.1494,-3.9999,4.4323,-5.7017,5.2688,-0.4815,6.8505,-2.7817,13.9631,6.3664,0.0833,0.14
1.5048,0.0000,0.0000,0.0000,0.0000,0.0000,0.0000,-0.1404,0.5948,-1.0178,0.0293,-0.0240,-0.9993,0.4960,-0.2212,-1.2920,0.9087,-1.2228,-0.4201,0.1919,1.4541,-0.8875,1.3502,0.0465,0.0388,0.7328,-0.8530,-0.0310,0.0271,-0.0659,1.1012,0.1008,-0.5894,0.5000,-0.2000,-1.2615,0.9198,-1.2485,-0.4595,0.2000,1.6078,-0.9209,1.3562,121.8839,-4.3940,4.6086,-5.8412,5.5894,-0.5950,6.7414,-2.7276,14.0919,6.4742,0.1111,0.14
1.5248,0.0000,0.0000,0.0000,0.0000,0.0000,0.0000,-0.1200,0.6107,-0.8581,0.0420,-0.0188,-0.9989,0.4970,-0.2207,-1.2839,0.8948,-1.2217,-0.4233,0.1900,1.4777,-0.8859,1.3372,0.0349,0.0775,0.3451,-0.6514,0.0931,-0.1202,-0.0388,1.1322,0.0892,-0.6708,0.5000,-0.2000,-1.2819,0.9239,-1.2414,-0.4688,0.2000,1.5772,-0.9722,1.3689,122.6427,-4.7531,4.7647,-5.9608,5.8735,-0.6878,6.6387,-2.6779,14.2207,6.5708,0.1389,0.15
1.5438,0.0000,0.0000,0.0000,0.0000,0.0000,0.0000,-0.1560,0.4898,-0.6597,0.0536,-0.0129,-0.9985,0.4978,-0.2197,-1.2810,0.8842,-1.2188,-0.4286,0.1887,1.4998,-0.8868,1.3362,0.0155,0.0853,0.0582,-0.4769,0.2171,-0.2520,-0.1977,1.0042,-0.0000,-0.0582,0.5000,-0.2000,-1.3022,0.9276,-1.2342,-0.4765,0.2000,1.5467,-1.0200,1.3813,123.3837,-5.0566,4.9091,-6.0857,6.1050,-0.7653,6.5360,-2.6166,14.3300,6.6786,0.1667,0.14
1.5638,0.0000,0.0000,0.0000,0.0000,0.0000,0.0000,-0.2196,0.1448,-0.3719,0.0589,-0.0048,-0.9983,0.4984,-0.2186,-1.2816,0.8768,-1.2146,-0.4346,0.1875,1.5163,-0.8952,1.3374,0.0543,0.1396,-0.0116,-0.2869,0.2598,-0.3451,-0.0853,0.7716,-0.4071,0.0775,0.5000,-0.2000,-1.3226,0.9306,-1.2271,-0.4837,0.2000,1.5161,-1.0621,1.3931,124.0414,-5.3082,5.0301,-6.2103,6.3019,-0.8366,6.4233,-2.5573,14.4428,6.7933,0.1944,0.14
1.5838,0.0000,0.0000,0.0000,0.0000,0.0000,0.0000,-0.1712,-0.2620,0.0056,0.0555,0.0024,-0.9985,0.4989,-0.2175,-1.2838,0.8712,-1.2098,-0.4411,0.1862,1.5252,-0.9107,1.3414,0.0582,0.0698,-0.0039,-0.1318,0.2171,-0.2753,-0.0543,0.4420,-0.6940,0.2133,0.5000,-0.2000,-1.3430,0.9331,-1.2200,-0.4903,0.2000,1.4856,-1.0966,1.4039,124.5776,-5.5136,5.1575,-6.3655,6.4567,-0.9030,6.3097,-2.4893,14.5467,6.9210,0.2222,0.14
1.6048,0.0000,0.0000,0.0000,0.0000,0.0000,0.0000,-0.1632,-0.5011,0.4573,0.0456,0.0082,-0.9989,0.5000,-0.2166,-1.2856,0.8705,-1.2058,-0.4479,0.1853,1.5289,-0.9308,1.3481,0.1512,0.0931,0.0465,0.0388,0.1628,-0.2559,-0.0349,0.1667,-0.9422,0.3296,0.5000,-0.2000,-1.3633,0.9348,-1.2128,-0.4956,0.2000,1.4550,-1.1217,1.4136,124.9780,-5.7170,5.2826,-6.5182,6.5943,-0.9564,6.1953,-2.4168,14.6153,7.0450,0.2500,0.16
1.6258,0.0000,0.0000,0.0000,0.0000,0.0000,0.0000,-0.1688,-0.5227,0.9079,0.0346,0.0140,-0.9993,0.5017,-0.2163,-1.2872,0.8727,-1.2021,-0.4542,0.1846,1.5272,-0.9545,1.3572,0.0969,0.0078,-0.0155,0.1280,0.1163,-0.2171,-0.0543,-0.1512,-0.9965,0.4188,0.5000,-0.2000,-1.3837,0.9358,-1.2057,-0.4995,0.2000,1.4244,-1.1364,1.4221,125.2853,-5.9506,5.4183,-6.6711,6.7313,-0.9946,6.0871,-2.3369,14.6508,7.1630,0.2778,0.17
1.6448,0.0000,0.0000,0.0000,0.0000,0.0000,0.0000,-0.1468,-0.5057,1.3186,0.0249,0.0180,-0.9995,0.5023,-0.2161,-1.2902,0.8756,-1.1983,-0.4615,0.1839,1.5212,-0.9780,1.3680,0.0388,0.0388,-0.1977,0.1745,0.2055,-0.2675,-0.1163,-0.2830,-0.9732,0.5234,0.5000,-0.2000,-1.4041,0.9360,-1.1986,-0.5000,0.2000,1.3939,-1.1398,1.4293,125.5109,-6.1282,5.5315,-6.8083,6.8269,-1.0298,6.0107,-2.2735,14.6778,7.2600,0.3056,0.16
1.6648,0.0000,0.0000,0.0000,0.0000,0.0000,0.0000,-0.1216,-0.5125,1.5390,0.0156,0.0220,-0.9996,0.5027,-0.2160,-1.2966,0.8792,-1.1942,-0.4694,0.1834,1.5103,-0.9969,1.3796,0.0271,-0.0155,-0.3412,0.1667,0.2133,-0.4265,-0.0465,-0.5196,-0.7483,0.5739,0.5000,-0.2000,-1.4244,0.9355,-1.1914,-0.5000,0.2000,1.3633,-1.1318,1.4352,125.6888,-6.2472,5.6200,-6.9153,6.8751,-1.0334,5.9452,-2.2205,14.6981,7.3390,0.3333,0.15
1.6848,0.0000,0.0000,0.0000,0.0000,0.0000,0.0000,-0.1005,-0.4530,1.7334,0.0074,0.0254,-0.9997,0.5036,-0.2160,-1.3061,0.8825,-1.1902,-0.4790,0.1830,1.4955,-1.0133,1.3919,0.0737,-0.0543,-0.5118,0.2055,0.1628,-0.3800,-0.0233,-0.6708,-0.8065,0.5390,0.5000,-0.2000,-1.4448,0.9342,-1.1842,-0.5000,0.2000,1.3328,-1.1129,1.4398,125.8195,-6.3122,5.6856,-6.9944,6.9023,-1.0353,5.8991,-2.1780,14.7068,7.3916,0.3611,0.14
1.7048,0.0000,0.0000,0.0000,0.0000,0.0000,0.0000,-0.0233,-0.3651,1.8762,0.0011,0.0269,-0.9996,0.5044,-0.2160,-1.3176,0.8849,-1.1864,-0.4865,0.1829,1.4765,-1.0244,1.4037,-0.0194,0.0271,-0.6281,0.0931,0.1900,-0.3296,-0.0271,-0.9383,-0.4381,0.5583,0.5000,-0.2000,-1.4652,0.9322,-1.1742,-0.5000,0.2000,1.3022,-1.0839,1.4432,125.8879,-6.3136,5.7368,-7.0733,6.8749,-1.0344,5.8820,-2.1426,14.7015,7.4379,0.3889,0.14
1.7248,0.0000,0.0000,0.0000,0.0000,0.0000,0.0000,0.0412,-0.2760,1.9550,-0.0030,0.0274,-0.9996,0.5046,-0.2160,-1.3321,0.8862,-1.1833,-0.4925,0.1827,1.4544,-1.0296,1.4157,0.0620,0.0388,-0.7328,0.0388,0.1435,-0.2404,-0.0116,-1.1322,-0.1706,0.6010,0.5000,-0.2000,-1.4856,0.9295,-1.1641,-0.5000,0.2000,1.2717,-1.0461,1.4456,125.8959,-6.2674,5.7652,-7.1250,6.8220,-1.0317,5.8729,-2.1173,14.6844,7.4646,0.4167,0.14
1.7448,0.0000,0.0000,0.0000,0.0000,0.0000,0.0000,0.1531,-0.2312,1.9455,-0.0063,0.0260,-0.9996,0.5044,-0.2160,-1.3481,0.8866,-1.1810,-0.4966,0.1825,1.4312,-1.0286,1.4268,-0.0116,0.0349,-0.8104,0.0310,0.0155,-0.1124,0.0349,-1.2252,-0.0116,0.4885,0.5000,-0.2000,-1.5059,0.9262,-1.1541,-0.5000,0.2000,1.2411,-1.0014,1.4472,125.8293,-6.1448,5.7620,-7.1492,6.7332,-1.0314,5.8886,-2.1102,14.6721,7.4601,0.4444,0.15
1.7648,0.0000,0.0000,0.0000,0.0000,0.0000,0.0000,0.2538,-0.1898,1.8159,-0.0109,0.0220,-0.9997,0.5033,-0.2161,-1.3679,0.8868,-1.1806,-0.4985,0.1820,1.4033,-1.0207,1.4366,-0.0271,0.0388,-0.9655,0.1628,-0.0349,-0.0775,-0.0775,-1.3028,0.3839,0.4614,0.5000,-0.2000,-1.5263,0.9223,-1.1440,-0.5000,0.2000,1.2106,-0.9519,1.4483,125.7113,-5.9476,5.7260,-7.1383,6.5972,-1.0219,5.9341,-2.1226,14.6509,7.4212,0.4722,0.14
1.7848,0.0000,0.0000,0.0000,0.0000,0.0000,0.0000,0.3441,-0.0891,1.5426,-0.0141,0.0163,-0.9998,0.5006,-0.2162,-1.3863,0.8881,-1.1816,-0.4993,0.1814,1.3763,-1.0065,1.4447,-0.1590,0.0349,-0.8647,0.1318,-0.0582,-0.0737,-0.1008,-1.2989,0.7367,0.4149,0.5000,-0.2000,-1.5467,0.9180,-1.1340,-0.4998,0.2000,1.1800,-0.9000,1.4770,125.5491,-5.7063,5.6658,-7.0988,6.4350,-0.9976,5.9968,-2.1476,14.6268,7.3616,0.5000,0.15
1.8048,0.0000,0.0000,0.0000,0.0000,0.0000,0.0000,0.4254,0.0289,1.3268,-0.0164,0.0094,-0.9998,0.4980,-0.2164,-1.4062,0.8899,-1.1839,-0.4992,0.1807,1.3468,-0.9850,1.4507,-0.0659,-0.0271,-0.9655,0.0853,-0.1124,0.0465,-0.0853,-1.3997,1.0081,0.2637,0.5000,-0.2000,-1.5670,0.9133,-1.1239,-0.4985,0.2000,1.2004,-0.9052,1.4699,125.3389,-5.4363,5.5931,-7.0446,6.2586,-0.9849,6.0715,-2.1753,14.5862,7.2903,0.5278,0.15
1.8248,0.0000,0.0000,0.0000,0.0000,0.0000,0.0000,0.4479,0.2400,1.0908,-0.0151,0.0012,-0.9999,0.4968,-0.2168,-1.4276,0.8924,-1.1856,-0.4993,0.1799,1.3147,-0.9573,1.4612,-0.0271,0.0271,-0.9965,0.1202,-0.0427,-0.0271,-0.1163,-1.4656,1.2989,0.6436,0.5000,-0.2000,-1.5874,0.9083,-1.1139,-0.4981,0.2000,1.2207,-0.9103,1.4627,125.0822,-5.1445,5.4988,-6.9640,6.0716,-0.9807,6.1622,-2.2114,14.5222,7.1965,0.5556,0.15
1.8458,0.0000,0.0000,0.0000,0.0000,0.0000,0.0000,0.3409,0.4636,0.8446,-0.0085,-0.0057,-0.9999,0.4959,-0.2173,-1.4479,0.8937,-1.1864,-0.4994,0.1790,1.2932,-0.9335,1.4697,-0.0194,0.0039,-0.9849,0.0271,-0.0698,-0.0155,-0.0388,-0.9306,1.1283,0.3839,0.5000,-0.2000,-1.6078,0.9031,-1.1038,-0.4981,0.2000,1.2411,-0.9152,1.4556,124.7381,-4.8581,5.3775,-6.8485,5.9012,-0.9807,6.2480,-2.2615,14.4731,7.0801,0.5833,0.15
1.8648,0.0000,0.0000,0.0000,0.0000,0.0000,0.0000,0.3003,0.6428,0.6176,0.0016,-0.0123,-0.9999,0.4955,-0.2181,-1.4672,0.8940,-1.1860,-0.5005,0.1791,1.2802,-0.9115,1.4759,-0.0465,-0.0194,-1.0081,0.0155,0.0543,-0.0659,0.0427,-0.5390,0.9926,0.3063,0.5000,-0.2000,-1.6078,0.9209,-1.1562,-0.4976,0.2000,1.2615,-0.9198,1.4485,124.3176,-4.5556,5.2472,-6.7317,5.7098,-0.9760,6.3356,-2.3068,14.4172,6.9590,0.6111,0.18
1.8858,0.0000,0.0000,0.0000,0.0000,0.0000,0.0000,0.2558,0.7375,0.4597,0.0149,-0.0199,-0.9997,0.4955,-0.2194,-1.4892,0.8946,-1.1826,-0.5011,0.1801,1.2743,-0.8961,1.4791,0.0194,-0.0582,-0.9693,0.0853,0.2055,-0.0271,0.0775,-0.1745,0.7445,0.0931,0.5000,-0.2000,-1.5772,0.9722,-1.1689,-0.4966,0.2000,1.2819,-0.9239,1.4414,123.8097,-4.2485,5.0986,-6.6041,5.5067,-0.9659,6.4185,-2.3545,14.3570,6.8342,0.6389,0.17
1.9058,0.0000,0.0000,0.0000,0.0000,0.0000,0.0000,0.1494,0.6179,0.3282,0.0278,-0.0254,-0.9993,0.4955,-0.2208,-1.5084,0.8980,-1.1848,-0.5017,0.1822,1.2744,-0.8824,1.4807,-0.0155,-0.0388,-0.9538,0.2094,-0.0620,-0.0698,0.1008,-0.0078,0.5971,0.0892,0.5000,-0.2000,-1.5467,1.0200,-1.1813,-0.4932,0.2000,1.3022,-0.9276,1.4342,123.1857,-3.9108,4.9307,-6.4631,5.2477,-0.9325,6.4959,-2.3947,14.2652,6.7101,0.6667,0.15
1.9268,0.0000,0.0000,0.0000,0.0000,0.0000,0.0000,0.1380,0.3161,0.1493,0.0355,-0.0317,-0.9989,0.4955,-0.2221,-1.5212,0.9094,-1.1870,-0.5029,0.1849,1.2767,-0.8723,1.4810,-0.0000,-0.1008,-0.7134,0.5661,-0.1590,-0.0194,0.0737,0.0233,0.5661,-0.0271,0.5000,-0.2000,-1.5161,1.0621,-1.1931,-0.4886,0.2000,1.3226,-0.9306,1.4271,122.5383,-3.5654,4.7520,-6.3225,4.9710,-0.8857,6.5854,-2.4491,14.1842,6.5831,0.6944,0.17
1.9458,0.0000,0.0000,0.0000,0.0000,0.0000,0.0000,0.1007,-0.0675,-0.1886,0.0346,-0.0379,-0.9987,0.4953,-0.2241,-1.5303,0.9272,-1.1905,-0.5030,0.1871,1.2802,-0.8642,1.4807,0.0310,-0.0814,-0.4847,0.8298,-0.1124,-0.0039,0.1396,-0.0465,0.3567,-0.0039,0.5000,-0.2000,-1.4856,1.0966,-1.2039,-0.4802,0.2000,1.3430,-0.9331,1.4200,121.9356,-3.2031,4.5472,-6.1468,4.6687,-0.8016,6.6972,-2.5242,14.1060,6.4489,0.7222,0.19
1.9658,0.0000,0.0000,0.0000,0.0000,0.0000,0.0000,0.0123,-0.2040,-0.5948,0.0299,-0.0418,-0.9987,0.4947,-0.2260,-1.5335,0.9485,-1.1942,-0.5024,0.1890,1.2817,-0.8608,1.4793,-0.0310,-0.0698,-0.0892,0.9965,-0.1163,-0.0000,0.0543,-0.0078,0.0155,-0.1086,0.5000,-0.2000,-1.4550,1.1217,-1.2136,-0.4688,0.2000,1.3633,-0.9348,1.4128,121.4025,-2.8972,4.3556,-5.9573,4.4254,-0.6879,6.8138,-2.6048,14.0215,6.3090,0.7500,0.17
1.9858,0.0000,0.0000,0.0000,0.0000,0.0000,0.0000,0.0244,-0.1627,-0.9528,0.0268,-0.0435,-0.9987,0.4943,-0.2278,-1.5311,0.9699,-1.1982,-0.4996,0.1906,1.2829,-0.8612,1.4762,-0.0349,-0.0543,0.0969,1.0236,-0.1396,0.2443,0.0543,-0.0271,-0.0737,-0.1396,0.5000,-0.2000,-1.4244,1.1364,-1.2221,-0.4576,0.2000,1.3837,-0.9358,1.4057,120.9610,-2.6412,4.2035,-5.7989,4.2182,-0.5761,6.9343,-2.6717,13.9326,6.1919,0.7778,0.16
2.0058,0.0000,0.0000,0.0000,0.0000,0.0000,0.0000,0.1490,-0.1329,-1.1567,0.0244,-0.0489,-0.9985,0.4943,-0.2289,-1.5243,0.9914,-1.2005,-0.4939,0.1913,1.2857,-0.8626,1.4719,0.0349,-0.0233,0.2714,0.9267,-0.0155,0.3296,0.0078,0.1163,-0.0349,-0.2404,0.5000,-0.2000,-1.3939,1.1398,-1.2293,-0.4488,0.2000,1.4041,-0.9360,1.3986,120.5678,-2.4192,4.0764,-5.6845,4.0349,-0.4880,7.0525,-2.7355,13.8648,6.1085,0.8056,0.16
2.0258,0.0000,0.0000,0.0000,0.0000,0.0000,0.0000,0.0635,-0.0619,-1.1214,0.0243,-0.0525,-0.9983,0.4951,-0.2298,-1.5127,1.0098,-1.2011,-0.4870,0.1912,1.2909,-0.8644,1.4670,0.0853,-0.0194,0.4730,0.8298,0.0155,0.4226,-0.0194,0.1822,-0.1086,-0.2249,0.5000,-0.2000,-1.3633,1.1318,-1.2352,-0.4431,0.2000,1.4244,-0.9355,1.3914,120.1486,-2.3450,3.9931,-5.5867,3.9590,-0.4309,7.0916,-2.7639,13.7734,6.0639,0.8333,0.25
2.0468,0.0000,0.0000,0.0000,0.0000,0.0000,0.0000,0.0249,-0.0587,-1.1802,0.0247,-0.0537,-0.9983,0.4965,-0.2300,-1.5002,1.0226,-1.2012,-0.4789,0.1908,1.2992,-0.8684,1.4606,0.0814,-0.0039,0.3877,0.5506,0.0620,0.3877,-0.0349,0.3916,-0.2288,-0.2869,0.5000,-0.2000,-1.3328,1.1129,-1.2398,-0.4384,0.2000,1.4448,-0.9342,1.3842,119.7990,-2.2984,3.9147,-5.4926,3.9074,-0.3836,7.1482,-2.8085,13.7173,6.0196,0.8611,0.19
2.0658,0.0000,0.0000,0.0000,0.0000,0.0000,0.0000,0.0159,-0.0760,-1.2728,0.0244,-0.0546,-0.9982,0.4970,-0.2304,-1.4855,1.0290,-1.2012,-0.4709,0.1901,1.3091,-0.8732,1.4528,0.0388,0.0582,0.7445,0.3567,0.0504,0.3179,-0.1435,0.4614,-0.1784,-0.3528,0.5000,-0.2000,-1.3022,1.0839,-1.2432,-0.4333,0.2000,1.4652,-0.9322,1.3742,119.5191,-2.2970,3.8616,-5.4235,3.9023,-0.3325,7.1848,-2.8452,13.6727,5.9974,0.8889,0.17
2.0858,0.0000,0.0000,0.0000,0.0000,0.0000,0.0000,-0.0341,0.0065,-1.3935,0.0260,-0.0534,-0.9982,0.4980,-0.2309,-1.4660,1.0300,-1.2013,-0.4653,0.1895,1.3222,-0.8772,1.4448,0.0504,0.0155,0.8840,-0.0155,0.0233,0.2714,-0.0737,0.6553,-0.2288,-0.4381,0.5000,-0.2000,-1.2717,1.0461,-1.2456,-0.4293,0.2000,1.4856,-0.9295,1.3641,119.3629,-2.3861,3.8493,-5.3749,3.9687,-0.2931,7.1872,-2.8669,13.6454,5.9968,0.9167,0.15
2.1068,0.0000,0.0000,0.0000,0.0000,0.0000,0.0000,-0.0686,0.0943,-1.5446,0.0291,-0.0503,-0.9983,0.4984,-0.2315,-1.4439,1.0258,-1.2016,-0.4597,0.1889,1.3364,-0.8807,1.4360,-0.0039,-0.0543,1.0275,-0.1667,-0.0000,0.2675,-0.0039,0.6359,-0.1008,-0.5157,0.5000,-0.2000,-1.2411,1.0014,-1.2472,-0.4267,0.2000,1.5059,-0.9262,1.3541,119.3977,-2.5564,3.8732,-5.3491,4.1044,-0.2670,7.1731,-2.8800,13.6439,6.0074,0.9444,0.14
2.1268,0.0000,0.0000,0.0000,0.0000,0.0000,0.0000,-0.1067,0.1847,-1.6564,0.0339,-0.0469,-0.9983,0.4987,-0.2321,-1.4203,1.0160,-1.2023,-0.4538,0.1880,1.3525,-0.8833,1.4261,0.0582,-0.0698,1.2020,-0.4614,0.0078,0.2986,-0.1008,0.7832,-0.0155,-0.4304,0.5000,-0.2000,-1.2106,0.9519,-1.2483,-0.4269,0.2000,1.5263,-0.9223,1.3440,119.6037,-2.7686,3.9295,-5.3574,4.2773,-0.2693,7.1561,-2.8914,13.6696,6.0399,0.9722,0.16
2.1468,0.0000,0.0000,0.0000,0.0000,0.0000,0.0000,-0.1613,0.2442,-1.7447,0.0397,-0.0430,-0.9983,0.4988,-0.2325,-1.3919,0.9999,-1.2034,-0.4487,0.1872,1.3732,-0.8843,1.4157,0.0233,0.0233,1.2252,-0.7910,-0.0427,0.2637,-0.0659,0.9538,0.0388,-0.4575,0.5000,-0.2000,-1.1800,0.9000,-1.2770,-0.4291,0.2000,1.5467,-0.9180,1.3340,119.9627,-3.0385,4.0171,-5.3985,4.4903,-0.2912,7.1143,-2.8876,13.7232,6.0993,0.0000,0.15
2.1658,0.0000,0.0000,0.0000,0.0000,0.0000,0.0000,-0.2229,0.3232,-1.7694,0.0468,-0.0368,-0.9982,0.4989,-0.2330,-1.3638,0.9774,-1.2046,-0.4444,0.1863,1.3920,-0.8841,1.4045,0.0388,-0.0388,1.3532,-1.0469,-0.0271,0.2016,-0.0853,0.9849,-0.0000,-0.5467,0.5000,-0.2000,-1.2004,0.9052,-1.2699,-0.4347,0.2000,1.5670,-0.9133,1.3239,120.4885,-3.3971,4.1489,-5.4762,4.7855,-0.3474,7.0342,-2.8671,13.8135,6.1814,0.0278,0.15
2.1868,0.0000,0.0000,0.0000,0.0000,0.0000,0.0000,-0.1931,0.4110,-1.6958,0.0555,-0.0323,-0.9979,0.4992,-0.2334,-1.3311,0.9479,-1.2120,-0.4418,0.1860,1.4159,-0.8828,1.3925,0.0465,0.0427,1.4850,-1.3144,-0.3179,0.1590,-0.0582,1.1012,0.0737,-0.6049,0.5000,-0.2000,-1.2207,0.9103,-1.2627,-0.4437,0.2000,1.5874,-0.9083,1.3139,121.1260,-3.7718,4.3210,-5.6146,5.0903,-0.4365,6.9398,-2.8210,13.9291,6.2997,0.0556,0.15
2.2068,0.0000,0.0000,0.0000,0.0000,0.0000,0.0000,-0.1194,0.5219,-1.4996,0.0661,-0.0279,-0.9974,0.5000,-0.2338,-1.3083,0.9269,-1.2160,-0.4400,0.1857,1.4380,-0.8806,1.3793,0.0814,0.0349,1.0779,-0.9732,-0.1086,0.0931,-0.0775,1.0740,0.1512,-0.6514,0.5000,-0.2000,-1.2411,0.9152,-1.2556,-0.4550,0.2000,1.6078,-0.9031,1.3038,121.8765,-4.1938,4.4993,-5.7462,5.4313,-0.5497,6.8314,-2.7709,14.0559,6.4042,0.0833,0.15
2.2268,0.0000,0.0000,0.0000,0.0000,0.0000,0.0000,-0.0717,0.5966,-1.2780,0.0786,-0.0236,-0.9966,0.5014,-0.2336,-1.2910,0.9097,-1.2174,-0.4401,0.1853,1.4656,-0.8781,1.3659,0.0620,0.0543,0.8026,-0.7096,-0.0194,-0.0349,-0.0349,1.2097,0.1435,-0.6243,0.5000,-0.2000,-1.2615,0.9198,-1.2485,-0.4658,0.2000,1.6078,-0.9209,1.3562,122.6490,-4.5838,4.6716,-5.8817,5.7416,-0.6580,6.7245,-2.7171,14.1886,6.5108,0.1111,0.15
2.2458,0.0000,0.0000,0.0000,0.0000,0.0000,0.0000,-0.0770,0.5792,-1.0967,0.0906,-0.0174,-0.9957,0.5023,-0.2329,-1.2815,0.8968,-1.2171,-0.4427,0.1846,1.4892,-0.8761,1.3524,0.0349,0.0737,0.3839,-0.5739,0.0698,-0.0931,-0.0620,1.2485,0.0582,-0.6320,0.5000,-0.2000,-1.2819,0.9239,-1.2414,-0.4753,0.2000,1.5772,-0.9722,1.3689,123.4275,-4.9436,4.8287,-6.0000,6.0235,-0.7528,6.6201,-2.6646,14.3187,6.6103,0.1389,0.15
2.2668,0.0000,0.0000,0.0000,0.0000,0.0000,0.0000,-0.1077,0.4702,-0.8965,0.1009,-0.0102,-0.9948,0.5027,-0.2318,-1.2776,0.8864,-1.2148,-0.4463,0.1839,1.5134,-0.8768,1.3509,-0.0039,0.0659,0.1590,-0.4226,0.1745,-0.2016,-0.0814,0.9887,0.0388,-0.0155,0.5000,-0.2000,-1.3022,0.9276,-1.2342,-0.4823,0.2000,1.5467,-1.0200,1.3813,124.1865,-5.2545,4.9771,-6.1305,6.2506,-0.8230,6.5109,-2.5968,14.4305,6.7300,0.1667,0.14
2.2868,0.0000,0.0000,0.0000,0.0000,0.0000,0.0000,-0.1440,0.2426,-0.5816,0.1071,-0.0027,-0.9942,0.5029,-0.2303,-1.2764,0.8804,-1.2114,-0.4510,0.1822,1.5280,-0.8848,1.3515,-0.0116,0.1008,0.0737,-0.1977,0.1939,-0.2171,-0.1008,0.7406,-0.3373,0.0078,0.5000,-0.2000,-1.3226,0.9306,-1.2271,-0.4902,0.2000,1.5161,-1.0621,1.3931,124.8711,-5.5414,5.1128,-6.2634,6.4780,-0.9016,6.3924,-2.5326,14.5516,6.8445,0.1944,0.14
2.3067,0.0000,0.0000,0.0000,0.0000,0.0000,0.0000,-0.1463,-0.1346,-0.0944,0.1050,0.0037,-0.9945,0.5036,-0.2285,-1.2762,0.8771,-1.2067,-0.4551,0.1809,1.5399,-0.8989,1.3552,0.0543,0.1318,0.0543,-0.0659,0.1784,-0.2055,-0.1435,0.5390,-0.6243,0.1706,0.5000,-0.2000,-1.3430,0.9331,-1.2200,-0.4984,0.2000,1.4856,-1.0966,1.4039,125.3880,-5.7584,5.2437,-6.4273,6.6398,-0.9840,6.2757,-2.4610,14.6522,6.9774,0.2222,0.14
2.3267,0.0000,0.0000,0.0000,0.0000,0.0000,0.0000,-0.1615,-0.3346,0.3940,0.0976,0.0096,-0.9952,0.5048,-0.2273,-1.2766,0.8773,-1.2032,-0.4603,0.1797,1.5448,-0.9184,1.3618,0.0659,0.0582,-0.0078,0.0427,0.1512,-0.2094,-0.0659,0.1396,-0.8763,0.2830,0.5000,-0.2000,-1.3633,0.9348,-1.2128,-0.5000,0.2000,1.4550,-1.1217,1.4136,125.7734,-6.0041,5.3835,-6.5877,6.8032,-1.0464,6.1414,-2.3748,14.7160,7.1117,0.2500,0.14
2.3467,0.0000,0.0000,0.0000,0.0000,0.0000,0.0000,-0.1919,-0.3800,0.8939,0.0893,0.0149,-0.9959,0.5061,-0.2262,-1.2773,0.8797,-1.1997,-0.4668,0.1782,1.5437,-0.9404,1.3707,0.0233,0.0892,-0.0233,0.1241,0.2559,-0.2947,-0.0504,-0.0620,-1.0120,0.4188,0.5000,-0.2000,-1.3837,0.9358,-1.2057,-0.5000,0.2000,1.4244,-1.1364,1.4221,126.0528,-6.2412,5.5140,-6.7395,6.9476,-1.1046,6.0323,-2.2984,14.7560,7.2279,0.2778,0.14
2.3667,0.0000,0.0000,0.0000,0.0000,0.0000,0.0000,-0.1703,-0.3674,1.2713,0.0817,0.0183,-0.9965,0.5068,-0.2253,-1.2803,0.8831,-1.1959,-0.4731,0.1774,1.5375,-0.9625,1.3819,-0.0388,0.0698,-0.1861,0.1628,0.1745,-0.2675,-0.0310,-0.3412,-0.9616,0.4847,0.5000,-0.2000,-1.4041,0.9360,-1.1986,-0.5000,0.2000,1.3939,-1.1398,1.4293,126.2644,-6.4331,5.6330,-6.8767,7.0536,-1.1406,5.9441,-2.2274,14.7807,7.3284,0.3056,0.15
2.3867,0.0000,0.0000,0.0000,0.0000,0.0000,0.0000,-0.1805,-0.3374,1.5174,0.0753,0.0208,-0.9969,0.5071,-0.2249,-1.2860,0.8866,-1.1920,-0.4806,0.1770,1.5265,-0.9818,1.3938,0.0814,0.0892,-0.2714,0.1822,0.1667,-0.3645,-0.0620,-0.5506,-0.8724,0.4885,0.5000,-0.2000,-1.4244,0.9355,-1.1914,-0.5000,0.2000,1.3633,-1.1318,1.4352,126.4470,-6.5715,5.7240,-6.9820,7.1246,-1.1556,5.8739,-2.1733,14.8027,7.4066,0.3333,0.15
2.4078,0.0000,0.0000,0.0000,0.0000,0.0000,0.0000,-0.1589,-0.2587,1.7263,0.0707,0.0223,-0.9973,0.5084,-0.2248,-1.2952,0.8895,-1.1877,-0.4895,0.1770,1.5120,-0.9975,1.4061,0.1784,0.0582,-0.5002,0.0892,0.1977,-0.4110,0.0155,-0.7716,-0.6281,0.5932,0.5000,-0.2000,-1.4448,0.9342,-1.1842,-0.5000,0.2000,1.3328,-1.1129,1.4398,126.5839,-6.6491,5.8014,-7.0765,7.1459,-1.1609,5.8247,-2.1221,14.8055,7.4737,0.3611,0.16
2.4278,0.0000,0.0000,0.0000,0.0000,0.0000,0.0000,-0.1422,-0.1503,1.9263,0.0685,0.0231,-0.9974,0.5100,-0.2248,-1.3078,0.8923,-1.1834,-0.4961,0.1768,1.4923,-1.0089,1.4195,0.0853,0.0582,-0.6824,0.1280,0.2404,-0.2210,0.0155,-0.9810,-0.4653,0.6010,0.5000,-0.2000,-1.4652,0.9322,-1.1742,-0.5000,0.2000,1.3022,-1.0839,1.4432,126.6580,-6.6902,5.8564,-7.1481,7.1566,-1.1795,5.7959,-2.0827,14.7940,7.5146,0.3889,0.16
2.4478,0.0000,0.0000,0.0000,0.0000,0.0000,0.0000,-0.1359,-0.0435,2.1011,0.0685,0.0226,-0.9974,0.5110,-0.2249,-1.3229,0.8935,-1.1786,-0.5006,0.1766,1.4696,-1.0139,1.4316,0.0775,-0.0116,-0.8220,0.0659,0.2133,-0.2016,-0.0155,-1.1399,-0.2520,0.5467,0.5000,-0.2000,-1.4856,0.9295,-1.1641,-0.5000,0.2000,1.2717,-1.0461,1.4456,126.6458,-6.6840,5.8940,-7.2059,7.1398,-1.1981,5.7746,-2.0502,14.7737,7.5426,0.4167,0.15
2.4677,0.0000,0.0000,0.0000,0.0000,0.0000,0.0000,-0.1154,0.0313,2.2473,0.0708,0.0217,-0.9973,0.5114,-0.2250,-1.3415,0.8934,-1.1728,-0.5036,0.1764,1.4438,-1.0134,1.4426,0.0388,0.0271,-0.9577,-0.0814,0.3218,-0.1086,-0.0271,-1.2330,0.0737,0.5234,0.5000,-0.2000,-1.5059,0.9262,-1.1541,-0.5000,0.2000,1.2411,-1.0014,1.4472,126.5293,-6.6128,5.9027,-7.2442,7.0791,-1.2270,5.7780,-2.0331,14.7424,7.5521,0.4444,0.15
2.4877,0.0000,0.0000,0.0000,0.0000,0.0000,0.0000,-0.0771,0.0793,2.3768,0.0737,0.0199,-0.9971,0.5116,-0.2251,-1.3622,0.8921,-1.1661,-0.5056,0.1763,1.4159,-1.0068,1.4517,0.0271,0.0233,-1.1012,-0.0582,0.3761,-0.1163,-0.0388,-1.2950,0.3645,0.4265,0.5000,-0.2000,-1.5263,0.9223,-1.1440,-0.5000,0.2000,1.2106,-0.9519,1.4483,126.2954,-6.4912,5.8864,-7.2609,6.9935,-1.2592,5.7928,-2.0258,14.6957,7.5368,0.4722,0.15
2.5067,0.0000,0.0000,0.0000,0.0000,0.0000,0.0000,0.0159,0.1670,2.4159,0.0778,0.0173,-0.9968,0.5115,-0.2251,-1.3849,0.8894,-1.1595,-0.5072,0.1761,1.3853,-0.9933,1.4593,0.0892,0.0310,-1.1167,-0.1551,0.2986,-0.0659,-0.0465,-1.4812,0.6281,0.2908,0.5000,-0.2000,-1.5467,0.9180,-1.1340,-0.5000,0.2000,1.1800,-0.9000,1.4770,125.9794,-6.3249,5.8520,-7.2594,6.8875,-1.2909,5.8213,-2.0268,14.6439,7.5064,0.5000,0.16
2.5268,0.0000,0.0000,0.0000,0.0000,0.0000,0.0000,0.2054,0.2856,2.3199,0.0830,0.0123,-0.9965,0.5108,-0.2251,-1.4102,0.8852,-1.1547,-0.5082,0.1759,1.3503,-0.9747,1.4655,-0.0000,-0.0543,-1.2252,-0.2404,0.1008,0.0039,0.0078,-1.5820,1.0353,0.3102,0.5000,-0.2000,-1.5670,0.9133,-1.1239,-0.5000,0.2000,1.2004,-0.9052,1.4699,125.5944,-6.0835,5.7957,-7.2346,6.7395,-1.3198,5.8812,-2.0422,14.5884,7.4435,0.5278,0.16
2.5467,0.0000,0.0000,0.0000,0.0000,0.0000,0.0000,0.3218,0.3498,2.0177,0.0871,0.0050,-0.9962,0.5091,-0.2251,-1.4344,0.8812,-1.1530,-0.5085,0.1750,1.3174,-0.9485,1.4758,-0.0039,0.0078,-1.1167,-0.0853,0.0155,0.1047,-0.1008,-1.5742,1.1981,0.4730,0.5000,-0.2000,-1.5874,0.9083,-1.1139,-0.5000,0.2000,1.2207,-0.9103,1.4627,125.2110,-5.7822,5.6943,-7.1530,6.5721,-1.3429,5.9668,-2.0871,14.5404,7.3364,0.5556,0.17
2.5677,0.0000,0.0000,0.0000,0.0000,0.0000,0.0000,0.2364,0.5094,1.5265,0.0939,-0.0018,-0.9956,0.5047,-0.2252,-1.4609,0.8795,-1.1533,-0.5084,0.1739,1.2907,-0.9293,1.4837,-0.1784,-0.0116,-1.1477,-0.0000,-0.0194,-0.0465,-0.0620,-1.2408,0.9655,0.3877,0.5000,-0.2000,-1.6078,0.9031,-1.1038,-0.5000,0.2000,1.2411,-0.9152,1.4556,124.8118,-5.4527,5.5473,-6.9902,6.3891,-1.3147,6.0595,-2.1499,14.4914,7.1792,0.5833,0.15
2.5877,0.0000,0.0000,0.0000,0.0000,0.0000,0.0000,0.2174,0.7371,1.1481,0.1050,-0.0084,-0.9944,0.5019,-0.2257,-1.4846,0.8791,-1.1535,-0.5089,0.1736,1.2739,-0.9121,1.4906,0.0078,0.0155,-1.1904,-0.0194,-0.0039,-0.0349,-0.0116,-0.7251,0.7483,0.2947,0.5000,-0.2000,-1.6078,0.9209,-1.1562,-0.5000,0.2000,1.2615,-0.9198,1.4485,124.3724,-5.0786,5.3967,-6.8390,6.1622,-1.2763,6.1677,-2.2075,14.4310,7.0278,0.6111,0.15
2.6078,0.0000,0.0000,0.0000,0.0000,0.0000,0.0000,0.2358,0.8943,0.8237,0.1195,-0.0170,-0.9927,0.5012,-0.2272,-1.5091,0.8789,-1.1527,-0.5096,0.1743,1.2641,-0.8989,1.4959,0.0078,-0.1008,-1.0353,-0.0310,0.0892,-0.0349,0.1047,-0.4459,0.6979,0.3257,0.5000,-0.2000,-1.5772,0.9722,-1.1689,-0.5000,0.2000,1.2819,-0.9239,1.4414,123.8827,-4.7194,5.2458,-6.7023,5.9201,-1.2295,6.2633,-2.2549,14.3586,6.8935,0.6389,0.18
2.6277,0.0000,0.0000,0.0000,0.0000,0.0000,0.0000,0.1390,0.8188,0.5583,0.1362,-0.0242,-0.9904,0.5009,-0.2289,-1.5324,0.8825,-1.1594,-0.5097,0.1757,1.2602,-0.8864,1.5004,0.0233,0.0078,-1.1128,0.2288,-0.2326,-0.0000,0.1202,-0.1628,0.5739,0.2830,0.5000,-0.2000,-1.5467,1.0200,-1.1813,-0.5000,0.2000,1.3022,-0.9276,1.4342,123.3034,-4.3201,5.0566,-6.5338,5.6324,-1.1801,6.3686,-2.3106,14.2652,6.7374,0.6667,0.17
2.6487,0.0000,0.0000,0.0000,0.0000,0.0000,0.0000,0.1170,0.4084,0.1951,0.1447,-0.0310,-0.9890,0.5007,-0.2304,-1.5478,0.8918,-1.1643,-0.5101,0.1782,1.2605,-0.8764,1.5035,0.0271,-0.0659,-0.9383,0.4575,-0.2520,0.0427,0.1086,-0.0388,0.5157,0.1473,0.5000,-0.2000,-1.5161,1.0621,-1.1931,-0.5000,0.2000,1.3226,-0.9306,1.4271,122.7336,-3.9096,4.8554,-6.3714,5.3117,-1.1142,6.4854,-2.3855,14.1964,6.5956,0.6944,0.15
2.6678,0.0000,0.0000,0.0000,0.0000,0.0000,0.0000,0.1282,0.1364,-0.1939,0.1465,-0.0355,-0.9886,0.5003,-0.2322,-1.5566,0.9058,-1.1688,-0.5104,0.1806,1.2614,-0.8686,1.5048,0.0116,-0.1280,-0.4032,0.6940,-0.1861,-0.0000,0.1202,0.0000,0.2869,0.0465,0.5000,-0.2000,-1.4856,1.0966,-1.2039,-0.5000,0.2000,1.3430,-0.9331,1.4200,122.1967,-3.5554,4.6629,-6.2103,5.0351,-1.0263,6.5983,-2.4617,14.1256,6.4659,0.7222,0.15
2.6877,0.0000,0.0000,0.0000,0.0000,0.0000,0.0000,0.2190,0.0650,-0.5935,0.1465,-0.0410,-0.9884,0.5002,-0.2334,-1.5584,0.9252,-1.1734,-0.5108,0.1830,1.2612,-0.8655,1.5046,0.0504,0.0388,-0.0504,0.8840,-0.1590,-0.0078,0.1318,-0.1008,0.0814,0.0078,0.5000,-0.2000,-1.4550,1.1217,-1.2136,-0.4925,0.2000,1.3633,-0.9348,1.4128,121.7341,-3.2324,4.4866,-6.0543,4.7874,-0.9248,6.7304,-2.5370,14.0473,6.3408,0.7500,0.15
2.7088,0.0000,0.0000,0.0000,0.0000,0.0000,0.0000,0.2461,0.0993,-0.7897,0.1482,-0.0472,-0.9878,0.5010,-0.2346,-1.5563,0.9453,-1.1753,-0.5109,0.1851,1.2622,-0.8652,1.5030,0.0853,-0.0271,0.0310,0.8957,-0.0504,0.0427,0.1163,0.0543,-0.0233,-0.1241,0.5000,-0.2000,-1.4244,1.1364,-1.2221,-0.4847,0.2000,1.3837,-0.9358,1.4057,121.3013,-3.0053,4.3498,-5.9259,4.6021,-0.8468,6.8312,-2.5946,13.9688,6.2416,0.7778,0.15
2.7288,0.0000,0.0000,0.0000,0.0000,0.0000,0.0000,0.2406,0.0780,-0.9964,0.1501,-0.0511,-0.9873,0.5026,-0.2350,-1.5506,0.9643,-1.1765,-0.5099,0.1863,1.2662,-0.8668,1.4990,0.0620,0.0465,0.2210,0.8220,-0.0000,0.0931,-0.0155,0.1977,-0.0853,-0.2404,0.5000,-0.2000,-1.3939,1.1398,-1.2293,-0.4778,0.2000,1.4041,-0.9360,1.3986,120.9134,-2.8252,4.2219,-5.7990,4.4561,-0.7782,6.9328,-2.6594,13.8997,6.1546,0.8056,0.15
2.7487,0.0000,0.0000,0.0000,0.0000,0.0000,0.0000,0.2479,0.0889,-1.2285,0.1520,-0.0535,-0.9869,0.5040,-0.2352,-1.5407,0.9813,-1.1775,-0.5083,0.1864,1.2732,-0.8699,1.4934,0.1280,0.0388,0.4188,0.7832,-0.0698,0.1047,-0.0969,0.3916,-0.1745,-0.3141,0.5000,-0.2000,-1.3633,1.1318,-1.2352,-0.4704,0.2000,1.4244,-0.9355,1.3914,120.5857,-2.7003,4.1196,-5.6821,4.3585,-0.7035,7.0118,-2.7149,13.8363,6.0849,0.8333,0.15
2.7677,0.0000,0.0000,0.0000,0.0000,0.0000,0.0000,0.2615,0.1669,-1.4769,0.1552,-0.0554,-0.9863,0.5056,-0.2356,-1.5275,0.9944,-1.1791,-0.5058,0.1860,1.2822,-0.8736,1.4867,0.1318,0.0078,0.6436,0.5855,-0.0659,0.1318,-0.0659,0.4343,-0.1396,-0.3102,0.5000,-0.2000,-1.3328,1.1129,-1.2398,-0.4628,0.2000,1.4448,-0.9342,1.3842,120.3653,-2.6482,4.0503,-5.5842,4.3109,-0.6285,7.0725,-2.7588,13.7798,6.0422,0.8611,0.15
2.7887,0.0000,0.0000,0.0000,0.0000,0.0000,0.0000,0.2519,0.2592,-1.7325,0.1605,-0.0551,-0.9855,0.5068,-0.2359,-1.5091,1.0034,-1.1808,-0.5026,0.1854,1.2941,-0.8771,1.4794,0.0698,-0.0388,0.8608,0.4343,-0.1008,0.1861,-0.0931,0.6436,-0.2404,-0.4265,0.5000,-0.2000,-1.3022,1.0839,-1.2432,-0.4569,0.2000,1.4652,-0.9322,1.3742,120.2729,-2.6745,4.0089,-5.4982,4.3398,-0.5687,7.1162,-2.8002,13.7456,6.0064,0.8889,0.14
2.8087,0.0000,0.0000,0.0000,0.0000,0.0000,0.0000,0.2309,0.3763,-2.0124,0.1680,-0.0533,-0.9843,0.5075,-0.2362,-1.4888,1.0074,-1.1829,-0.4986,0.1844,1.3086,-0.8801,1.4710,0.0155,-0.0078,1.0702,0.1939,-0.1280,0.1784,-0.0349,0.7173,-0.0853,-0.4110,0.5000,-0.2000,-1.2717,1.0461,-1.2456,-0.4508,0.2000,1.4856,-0.9295,1.3641,120.3331,-2.7638,3.9983,-5.4332,4.4014,-0.5076,7.1472,-2.8322,13.7220,5.9964,0.9167,0.15
2.8277,0.0000,0.0000,0.0000,0.0000,0.0000,0.0000,0.2221,0.4969,-2.2569,0.1780,-0.0502,-0.9828,0.5080,-0.2364,-1.4638,1.0070,-1.1856,-0.4948,0.1829,1.3275,-0.8818,1.4624,0.0465,0.0155,1.2252,0.0271,-0.0427,0.2016,-0.0543,0.8802,-0.1086,-0.3722,0.5000,-0.2000,-1.2411,1.0014,-1.2472,-0.4470,0.2000,1.5059,-0.9262,1.3541,120.5696,-2.9255,4.0215,-5.3955,4.5262,-0.4698,7.1597,-2.8576,13.7279,6.0044,0.9444,0.15
2.8477,0.0000,0.0000,0.0000,0.0000,0.0000,0.0000,0.1905,0.6295,-2.4717,0.1903,-0.0453,-0.9807,0.5089,-0.2366,-1.4338,1.0009,-1.1891,-0.4914,0.1816,1.3499,-0.8817,1.4537,0.0543,0.0271,1.3920,-0.1939,-0.0931,0.1396,-0.0427,1.0779,-0.0194,-0.3994,0.5000,-0.2000,-1.2106,0.9519,-1.2483,-0.4454,0.2000,1.5263,-0.9223,1.3440,120.9705,-3.1655,4.0879,-5.3986,4.7108,-0.4535,7.1407,-2.8647,13.7670,6.0424,0.9722,0.15
2.8677,0.0000,0.0000,0.0000,0.0000,0.0000,0.0000,0.1479,0.7729,-2.6469,0.2054,-0.0380,-0.9779,0.5100,-0.2368,-1.4018,0.9888,-1.1928,-0.4882,0.1809,1.3738,-0.8804,1.4446,0.0659,-0.0155,1.6014,-0.5157,-0.1590,0.1628,0.0078,1.0857,0.0931,-0.4459,0.5000,-0.2000,-1.1800,0.9000,-1.2770,-0.4465,0.2000,1.5467,-0.9180,1.3340,121.5556,-3.5019,4.1998,-5.4410,4.9653,-0.4651,7.0862,-2.8507,13.8407,6.1150,0.0000,0.17
2.8877,0.0000,0.0000,0.0000,0.0000,0.0000,0.0000,0.1074,0.8969,-2.7698,0.2227,-0.0283,-0.9745,0.5106,-0.2367,-1.3673,0.9714,-1.1969,-0.4852,0.1809,1.3998,-0.8773,1.4360,0.0310,-0.0194,1.6014,-0.7910,-0.1241,0.1861,0.0194,1.2679,0.1628,-0.4149,0.5000,-0.2000,-1.2004,0.9052,-1.2699,-0.4509,0.2000,1.5670,-0.9133,1.3239,122.3232,-3.9056,4.3402,-5.5099,5.2602,-0.5088,7.0196,-2.8287,13.9528,6.2028,0.0278,0.17
2.9087,0.0000,0.0000,0.0000,0.0000,0.0000,0.0000,0.1404,0.9715,-2.8046,0.2458,-0.0181,-0.9692,0.5110,-0.2365,-1.3306,0.9483,-1.2064,-0.4822,0.1813,1.4275,-0.8722,1.4274,-0.0582,-0.0078,1.6363,-1.0042,-0.4265,0.1939,0.0698,1.3377,0.3102,-0.4304,0.5000,-0.2000,-1.2207,0.9103,-1.2627,-0.4574,0.2000,1.5874,-0.9083,1.3139,123.2170,-4.3543,4.5177,-5.6252,5.5769,-0.5744,6.9170,-2.7710,14.0935,6.3273,0.0556,0.15
2.9277,0.0000,0.0000,0.0000,0.0000,0.0000,0.0000,0.2138,0.7628,-2.7841,0.2658,-0.0079,-0.9640,0.5114,-0.2358,-1.3034,0.9316,-1.2126,-0.4798,0.1820,1.4547,-0.8648,1.4181,0.0155,0.0931,1.3144,-0.8142,-0.1939,0.1435,-0.0078,1.2795,0.3257,-0.3877,0.5000,-0.2000,-1.2411,0.9152,-1.2556,-0.4663,0.2000,1.6078,-0.9031,1.3038,124.2558,-4.7599,4.6664,-5.7329,5.8651,-0.6627,6.8488,-2.7439,14.2596,6.4388,0.0833,0.15
2.9477,0.0000,0.0000,0.0000,0.0000,0.0000,0.0000,0.2587,0.5747,-2.7016,0.2823,0.0031,-0.9593,0.5119,-0.2344,-1.2780,0.9214,-1.2171,-0.4791,0.1827,1.4839,-0.8589,1.4085,0.0853,0.1977,1.1787,-0.3451,-0.1745,0.0194,0.0698,1.1516,0.2908,-0.5002,0.5000,-0.2000,-1.2615,0.9198,-1.2485,-0.4741,0.2000,1.6078,-0.9209,1.3562,125.3169,-5.1514,4.8242,-5.8571,6.1622,-0.7406,6.7524,-2.6986,14.4285,6.5571,0.1111,0.15
2.9677,0.0000,0.0000,0.0000,0.0000,0.0000,0.0000,0.2559,0.4208,-2.5805,0.2941,0.0162,-0.9556,0.5120,-0.2317,-1.2566,0.9177,-1.2200,-0.4799,0.1836,1.5109,-0.8541,1.3967,-0.0078,0.2326,1.1244,-0.0349,-0.0892,-0.0194,0.0931,1.2873,0.2559,-0.5700,0.5000,-0.2000,-1.2819,0.9239,-1.2414,-0.4821,0.2000,1.5772,-0.9722,1.3689,126.3329,-5.5260,4.9825,-5.9815,6.4471,-0.8212,6.6571,-2.6549,14.5968,6.6649,0.1389,0.14
2.9887,0.0000,0.0000,0.0000,0.0000,0.0000,0.0000,0.2401,0.2190,-2.3038,0.3024,0.0284,-0.9528,0.5120,-0.2277,-1.2391,0.9174,-1.2209,-0.4812,0.1848,1.5350,-0.8540,1.3955,0.0194,0.2171,0.8840,0.1163,-0.0155,-0.0194,0.0427,1.1516,-0.0194,0.0000,0.5000,-0.2000,-1.3022,0.9276,-1.2342,-0.4910,0.2000,1.5467,-1.0200,1.3813,127.2547,-5.8506,5.1485,-6.1330,6.7003,-0.9100,6.5466,-2.5860,14.7368,6.7998,0.1667,0.14
3.0097,0.0000,0.0000,0.0000,0.0000,0.0000,0.0000,0.1868,-0.1018,-1.9586,0.3027,0.0385,-0.9523,0.5124,-0.2221,-1.2231,0.9195,-1.2207,-0.4843,0.1862,1.5543,-0.8606,1.3977,0.0310,0.2908,0.7406,0.1939,-0.0000,-0.0737,0.0388,0.9267,-0.2016,0.0465,0.5000,-0.2000,-1.3226,0.9306,-1.2271,-0.5000,0.2000,1.5161,-1.0621,1.3931,128.0612,-6.1394,5.3031,-6.3021,6.9264,-1.0032,6.4277,-2.5199,14.8876,6.9471,0.1944,0.15
3.0287,0.0000,0.0000,0.0000,0.0000,0.0000,0.0000,0.0647,-0.4582,-1.3999,0.2956,0.0473,-0.9542,0.5132,-0.2161,-1.2104,0.9242,-1.2203,-0.4878,0.1870,1.5671,-0.8727,1.4020,0.0737,0.3412,0.8336,0.2675,0.0155,-0.0969,-0.0388,0.6863,-0.4924,0.2210,0.5000,-0.2000,-1.3430,0.9331,-1.2200,-0.5000,0.2000,1.4856,-1.0966,1.4039,128.6613,-6.4097,5.4586,-6.4923,7.1418,-1.1168,6.2850,-2.4396,15.0146,7.1049,0.2222,0.16
3.0497,0.0000,0.0000,0.0000,0.0000,0.0000,0.0000,-0.0172,-0.6949,-0.7527,0.2826,0.0553,-0.9576,0.5149,-0.2109,-1.1975,0.9319,-1.2193,-0.4918,0.1877,1.5754,-0.8893,1.4076,0.0969,0.1939,0.5196,0.3877,0.0931,-0.1977,0.0271,0.2753,-0.8414,0.2326,0.5000,-0.2000,-1.3633,0.9348,-1.2128,-0.5000,0.2000,1.4550,-1.1217,1.4136,129.0917,-6.7096,5.6307,-6.6880,7.3657,-1.2299,6.1156,-2.3432,15.1129,7.2634,0.2500,0.15
3.0697,0.0000,0.0000,0.0000,0.0000,0.0000,0.0000,-0.0774,-0.7635,-0.0566,0.2675,0.0605,-0.9617,0.5162,-0.2066,-1.1884,0.9400,-1.2185,-0.4949,0.1882,1.5769,-0.9122,1.4146,0.0620,0.2482,0.4730,0.4692,0.0349,-0.0698,-0.0388,0.0388,-1.0236,0.3179,0.5000,-0.2000,-1.3837,0.9358,-1.2057,-0.5000,0.2000,1.4244,-1.1364,1.4221,129.3421,-6.9772,5.7902,-6.8780,7.5491,-1.3371,5.9797,-2.2537,15.1705,7.4025,0.2778,0.15
3.0897,0.0000,0.0000,0.0000,0.0000,0.0000,0.0000,-0.1158,-0.7171,0.6217,0.2537,0.0633,-0.9652,0.5179,-0.2037,-1.1821,0.9480,-1.2170,-0.4970,0.1883,1.5737,-0.9350,1.4221,0.0931,0.1163,0.3684,0.4188,0.1396,-0.1047,-0.0039,-0.1667,-1.0430,0.3335,0.5000,-0.2000,-1.4041,0.9360,-1.1986,-0.5000,0.2000,1.3939,-1.1398,1.4293,129.4605,-7.2485,5.9479,-7.0693,7.7051,-1.4280,5.8532,-2.1607,15.1902,7.5422,0.3056,0.14
3.1087,0.0000,0.0000,0.0000,0.0000,0.0000,0.0000,-0.1114,-0.6370,1.2430,0.2421,0.0626,-0.9682,0.5188,-0.2024,-1.1809,0.9552,-1.2142,-0.4991,0.1880,1.5649,-0.9561,1.4301,0.0310,0.0659,-0.0310,0.3606,0.1357,-0.0349,-0.0465,-0.4459,-0.9577,0.3528,0.5000,-0.2000,-1.4244,0.9355,-1.1914,-0.5000,0.2000,1.3633,-1.1318,1.4352,129.4717,-7.4612,6.0802,-7.2387,7.8173,-1.5054,5.7600,-2.0772,15.1840,7.6552,0.3333,0.14
3.1287,0.0000,0.0000,0.0000,0.0000,0.0000,0.0000,-0.0901,-0.4736,1.7314,0.2342,0.0588,-0.9704,0.5188,-0.2023,-1.1858,0.9607,-1.2105,-0.5005,0.1872,1.5507,-0.9725,1.4384,0.0737,-0.0000,-0.3412,0.2249,0.1977,-0.0543,-0.1202,-0.6824,-0.7367,0.4459,0.5000,-0.2000,-1.4448,0.9342,-1.1842,-0.5000,0.2000,1.3328,-1.1129,1.4398,129.4111,-7.6178,6.1872,-7.3794,7.8891,-1.5606,5.6856,-2.0041,15.1616,7.7462,0.3611,0.14
3.1487,0.0000,0.0000,0.0000,0.0000,0.0000,0.0000,-0.0871,-0.3201,2.1667,0.2298,0.0520,-0.9718,0.5187,-0.2034,-1.1974,0.9640,-1.2062,-0.5023,0.1859,1.5328,-0.9854,1.4468,0.0388,-0.0504,-0.6592,0.1047,0.2249,-0.0349,-0.0504,-0.8336,-0.5467,0.4149,0.5000,-0.2000,-1.4652,0.9322,-1.1742,-0.5000,0.2000,1.3022,-1.0839,1.4432,129.2469,-7.6961,6.2573,-7.4843,7.9132,-1.6066,5.6320,-1.9439,15.1224,7.8061,0.3889,0.14
3.1687,0.0000,0.0000,0.0000,0.0000,0.0000,0.0000,-0.1015,-0.1634,2.5252,0.2288,0.0430,-0.9725,0.5187,-0.2054,-1.2126,0.9646,-1.2007,-0.5041,0.1841,1.5125,-0.9915,1.4542,-0.0737,-0.1086,-0.8530,-0.0543,0.3257,-0.0155,-0.1667,-1.1051,-0.2404,0.3994,0.5000,-0.2000,-1.4856,0.9295,-1.1641,-0.5000,0.2000,1.2717,-1.0461,1.4456,129.0060,-7.7399,6.3087,-7.5716,7.9185,-1.6483,5.5893,-1.8903,15.0693,7.8477,0.4167,0.14
3.1897,0.0000,0.0000,0.0000,0.0000,0.0000,0.0000,-0.1194,-0.0569,2.7883,0.2300,0.0325,-0.9726,0.5186,-0.2077,-1.2351,0.9632,-1.1935,-0.5055,0.1821,1.4859,-0.9917,1.4610,-0.0000,-0.1280,-1.0973,-0.0931,0.3839,-0.0427,-0.1784,-1.2563,-0.0194,0.3412,0.5000,-0.2000,-1.5059,0.9262,-1.1541,-0.5000,0.2000,1.2411,-1.0014,1.4472,128.6796,-7.6866,6.3165,-7.6093,7.8770,-1.6912,5.5731,-1.8631,15.0114,7.8493,0.4444,0.14
3.2087,0.0000,0.0000,0.0000,0.0000,0.0000,0.0000,-0.1338,0.0121,3.0093,0.2336,0.0199,-0.9721,0.5184,-0.2099,-1.2601,0.9600,-1.1852,-0.5071,0.1799,1.4587,-0.9864,1.4675,0.0155,-0.0465,-1.2369,-0.1784,0.4343,-0.0775,-0.1551,-1.4191,0.2559,0.2598,0.5000,-0.2000,-1.5263,0.9223,-1.1440,-0.5000,0.2000,1.2106,-0.9519,1.4483,128.2395,-7.5566,6.2939,-7.6240,7.7826,-1.7314,5.5761,-1.8456,14.9336,7.8329,0.4722,0.16
3.2287,0.0000,0.0000,0.0000,0.0000,0.0000,0.0000,-0.1343,0.0635,3.2009,0.2368,0.0052,-0.9715,0.5185,-0.2123,-1.2902,0.9542,-1.1750,-0.5085,0.1780,1.4257,-0.9758,1.4724,-0.0504,-0.1047,-1.4385,-0.2404,0.4459,-0.0582,-0.1551,-1.6673,0.5622,0.2598,0.5000,-0.2000,-1.5467,0.9180,-1.1340,-0.5000,0.2000,1.1800,-0.9000,1.4770,127.6935,-7.3777,6.2506,-7.6178,7.6629,-1.7759,5.5948,-1.8372,14.8359,7.7934,0.5000,0.15
3.2497,0.0000,0.0000,0.0000,0.0000,0.0000,0.0000,-0.1982,0.1436,3.3372,0.2411,-0.0088,-0.9705,0.5186,-0.2146,-1.3214,0.9473,-1.1653,-0.5096,0.1765,1.3916,-0.9578,1.4756,0.0504,-0.0582,-1.4734,-0.4188,0.4847,-0.0039,-0.0582,-1.6440,0.8414,0.0853,0.5000,-0.2000,-1.5670,0.9133,-1.1239,-0.5000,0.2000,1.2004,-0.9052,1.4699,127.0529,-7.1616,6.1760,-7.5777,7.5226,-1.8291,5.6302,-1.8478,14.7334,7.7310,0.5278,0.15
3.2697,0.0000,0.0000,0.0000,0.0000,0.0000,0.0000,-0.2814,0.2095,3.4316,0.2459,-0.0214,-0.9691,0.5186,-0.2165,-1.3534,0.9384,-1.1554,-0.5106,0.1752,1.3569,-0.9348,1.4830,0.0388,-0.0698,-1.7371,-0.4885,0.4730,0.0271,-0.1086,-1.8069,0.9500,0.2986,0.5000,-0.2000,-1.5874,0.9083,-1.1139,-0.5000,0.2000,1.2207,-0.9103,1.4627,126.3516,-6.9161,6.0837,-7.5108,7.3704,-1.8835,5.6737,-1.8615,14.6123,7.6433,0.5556,0.14
3.2887,0.0000,0.0000,0.0000,0.0000,0.0000,0.0000,-0.4523,0.2342,3.4026,0.2506,-0.0323,-0.9676,0.5186,-0.2171,-1.3896,0.9270,-1.1435,-0.5118,0.1748,1.3270,-0.9184,1.4889,0.0465,-0.0000,-1.7564,-0.5971,0.6087,-0.0000,0.0000,-1.3881,0.7794,0.3296,0.5000,-0.2000,-1.6078,0.9031,-1.1038,-0.5000,0.2000,1.2411,-0.9152,1.4556,125.5698,-6.5966,5.9346,-7.3803,7.1753,-1.9215,5.7429,-1.9129,14.5093,7.5147,0.5833,0.14
3.3097,0.0000,0.0000,0.0000,0.0000,0.0000,0.0000,-0.6535,0.2102,3.3372,0.2531,-0.0386,-0.9667,0.5185,-0.2172,-1.4268,0.9132,-1.1301,-0.5129,0.1756,1.3042,-0.9053,1.4941,0.0155,0.0349,-1.7448,-0.6592,0.6747,0.0271,0.0582,-1.0508,0.5971,0.2482,0.5000,-0.2000,-1.6078,0.9209,-1.1562,-0.5000,0.2000,1.2615,-0.9198,1.4485,124.7010,-6.2424,5.7613,-7.2279,6.9458,-1.9266,5.8149,-1.9681,14.3973,7.3712,0.6111,0.17
3.3297,0.0000,0.0000,0.0000,0.0000,0.0000,0.0000,-0.7653,0.2379,3.3035,0.2567,-0.0408,-0.9656,0.5186,-0.2171,-1.4666,0.8971,-1.1169,-0.5137,0.1780,1.2853,-0.8968,1.4973,0.0388,-0.0155,-1.7216,-0.7018,0.5583,0.0155,0.1667,-0.8530,0.3606,0.1163,0.5000,-0.2000,-1.5772,0.9722,-1.1689,-0.5000,0.2000,1.2819,-0.9239,1.4414,123.7441,-5.8681,5.5797,-7.0739,6.6941,-1.9063,5.8835,-2.0163,14.2759,7.2250,0.6389,0.16
3.3497,0.0000,0.0000,0.0000,0.0000,0.0000,0.0000,-0.4971,-0.0267,3.1185,0.2549,-0.0425,-0.9660,0.5184,-0.2168,-1.5001,0.8844,-1.1169,-0.5138,0.1813,1.2729,-0.8923,1.4976,-0.0620,0.0078,-1.7603,-0.6979,-0.0969,-0.0039,0.2133,-0.6281,0.1667,0.0543,0.5000,-0.2000,-1.5467,1.0200,-1.1813,-0.5000,0.2000,1.3022,-0.9276,1.4342,122.6906,-5.3132,5.3668,-6.9232,6.3075,-1.8503,5.9989,-2.0815,14.1791,7.0627,0.6667,0.17
3.3697,0.0000,0.0000,0.0000,0.0000,0.0000,0.0000,-0.0429,-0.4492,2.4730,0.2422,-0.0577,-0.9685,0.5160,-0.2166,-1.5291,0.8793,-1.1252,-0.5135,0.1848,1.2623,-0.8923,1.4968,-0.3063,0.0078,-1.4540,-0.0465,-0.5661,0.0737,0.1202,-0.5739,-0.0620,-0.0737,0.5000,-0.2000,-1.5161,1.0621,-1.1931,-0.5000,0.2000,1.3226,-0.9306,1.4271,121.7134,-4.6614,5.1051,-6.7176,5.8670,-1.7263,6.1595,-2.1866,14.1152,6.8445,0.6944,0.16
3.3897,0.0000,0.0000,0.0000,0.0000,0.0000,0.0000,-0.3104,-0.7883,1.5281,0.2236,-0.0621,-0.9727,0.5087,-0.2166,-1.5496,0.8867,-1.1370,-0.5114,0.1866,1.2526,-0.8962,1.4933,-0.3335,0.0388,-1.1322,0.4575,-0.4537,0.0931,0.0310,-0.5273,-0.3218,-0.2675,0.5000,-0.2000,-1.4856,1.0966,-1.2039,-0.5000,0.2000,1.3430,-0.9331,1.4200,120.9511,-4.1548,4.8181,-6.3913,5.4857,-1.5196,6.2896,-2.3058,14.0125,6.6085,0.7222,0.15
3.4107,0.0000,0.0000,0.0000,0.0000,0.0000,0.0000,-0.2266,-0.8698,0.6288,0.2025,-0.0595,-0.9775,0.5034,-0.2167,-1.5609,0.9031,-1.1477,-0.5115,0.1882,1.2464,-0.9051,1.4863,-0.1512,0.0271,-0.4226,0.9655,-0.4847,-0.0155,0.1163,-0.3335,-0.4653,-0.3296,0.5000,-0.2000,-1.4550,1.1217,-1.2136,-0.5000,0.2000,1.3633,-0.9348,1.4128,120.3841,-3.6148,4.5632,-6.1205,5.0919,-1.2792,6.4822,-2.4322,13.9292,6.3929,0.7500,0.16
3.4297,0.0000,0.0000,0.0000,0.0000,0.0000,0.0000,-0.0879,-0.7498,-0.0484,0.1852,-0.0571,-0.9810,0.5012,-0.2170,-1.5615,0.9228,-1.1573,-0.5114,0.1895,1.2425,-0.9134,1.4784,-0.0039,0.0271,0.0543,0.9034,-0.4071,0.0465,-0.0504,-0.1280,-0.2792,-0.3722,0.5000,-0.2000,-1.4244,1.1364,-1.2221,-0.5000,0.2000,1.3837,-0.9358,1.4057,119.9665,-3.1936,4.3759,-5.9317,4.7545,-1.0654,6.6540,-2.5273,13.8427,6.2455,0.7778,0.15
3.4497,0.0000,0.0000,0.0000,0.0000,0.0000,0.0000,0.0333,-0.7416,-0.6995,0.1697,-0.0549,-0.9840,0.4995,-0.2170,-1.5593,0.9415,-1.1658,-0.5111,0.1899,1.2426,-0.9181,1.4723,-0.0775,-0.0504,0.0853,0.7755,-0.4226,0.0116,-0.0388,-0.0039,-0.2288,-0.2830,0.5000,-0.2000,-1.3939,1.1398,-1.2293,-0.4868,0.2000,1.4041,-0.9360,1.3986,119.7010,-2.8433,4.1992,-5.7502,4.4595,-0.8683,6.8183,-2.6215,13.7793,6.1170,0.8056,0.15
3.4697,0.0000,0.0000,0.0000,0.0000,0.0000,0.0000,0.0256,-0.7636,-1.2928,0.1542,-0.0514,-0.9867,0.4985,-0.2170,-1.5533,0.9577,-1.1725,-0.5114,0.1896,1.2464,-0.9224,1.4659,-0.0504,0.0543,0.2986,0.7677,-0.2404,0.0388,-0.0388,0.1861,-0.1667,-0.3024,0.5000,-0.2000,-1.3633,1.1318,-1.2352,-0.4689,0.2000,1.4244,-0.9355,1.3914,119.5876,-2.5791,4.0341,-5.5710,4.2323,-0.6889,6.9767,-2.7237,13.7268,6.0091,0.8333,0.14
3.4897,0.0000,0.0000,0.0000,0.0000,0.0000,0.0000,0.0366,-0.6847,-1.7101,0.1409,-0.0463,-0.9889,0.4987,-0.2171,-1.5407,0.9721,-1.1770,-0.5090,0.1892,1.2542,-0.9267,1.4588,0.0078,0.0310,0.5894,0.7251,-0.1086,0.2016,-0.0349,0.2947,-0.2792,-0.3063,0.5000,-0.2000,-1.3328,1.1129,-1.2398,-0.4540,0.2000,1.4448,-0.9342,1.3842,119.5728,-2.4329,3.9277,-5.4361,4.1139,-0.5402,7.0881,-2.7980,13.6820,5.9446,0.8611,0.14
3.5097,0.0000,0.0000,0.0000,0.0000,0.0000,0.0000,0.1146,-0.5347,-2.0412,0.1298,-0.0426,-0.9906,0.4998,-0.2177,-1.5233,0.9831,-1.1803,-0.5036,0.1886,1.2650,-0.9296,1.4514,0.0931,-0.0698,0.7755,0.5273,-0.0620,0.2675,-0.0194,0.5428,-0.1241,-0.3567,0.5000,-0.2000,-1.3022,1.0839,-1.2432,-0.4422,0.2000,1.4652,-0.9322,1.3742,119.6542,-2.3697,3.8702,-5.3533,4.0587,-0.4218,7.1777,-2.8592,13.6686,5.9130,0.8889,0.14
3.5297,0.0000,0.0000,0.0000,0.0000,0.0000,0.0000,0.1652,-0.3086,-2.2899,0.1236,-0.0403,-0.9915,0.5016,-0.2193,-1.5014,0.9888,-1.1830,-0.4964,0.1876,1.2797,-0.9303,1.4445,0.0659,-0.0969,1.0546,0.3528,-0.1590,0.3722,-0.0620,0.6514,0.0233,-0.3141,0.5000,-0.2000,-1.2717,1.0461,-1.2456,-0.4335,0.2000,1.4856,-0.9295,1.3641,119.8193,-2.4164,3.8601,-5.3048,4.1004,-0.3346,7.2233,-2.8947,13.6626,5.9092,0.9167,0.15
3.5507,0.0000,0.0000,0.0000,0.0000,0.0000,0.0000,0.1705,-0.1647,-2.5213,0.1209,-0.0376,-0.9919,0.5026,-0.2216,-1.4767,0.9894,-1.1858,-0.4887,0.1863,1.2974,-0.9287,1.4384,0.0116,-0.1628,1.1942,0.0465,-0.0698,0.3102,-0.0504,0.9461,0.1163,-0.2365,0.5000,-0.2000,-1.2411,1.0014,-1.2472,-0.4279,0.2000,1.5059,-0.9262,1.3541,120.1066,-2.5424,3.8769,-5.2788,4.1924,-0.2794,7.2517,-2.9291,13.6863,5.9244,0.9444,0.14
3.5697,0.0000,0.0000,0.0000,0.0000,0.0000,0.0000,0.1715,-0.0531,-2.7394,0.1200,-0.0353,-0.9921,0.5032,-0.2245,-1.4502,0.9850,-1.1889,-0.4809,0.1853,1.3184,-0.9245,1.4324,-0.0000,-0.1241,1.3687,-0.2094,-0.1124,0.3955,-0.0388,1.1632,0.2326,-0.2482,0.5000,-0.2000,-1.2106,0.9519,-1.2483,-0.4248,0.2000,1.5263,-0.9223,1.3440,120.5236,-2.7216,3.9197,-5.2812,4.3314,-0.2485,7.2652,-2.9550,13.7336,5.9592,0.9722,0.14
3.5907,0.0000,0.0000,0.0000,0.0000,0.0000,0.0000,0.1458,0.0803,-2.9009,0.1220,-0.0325,-0.9920,0.5039,-0.2274,-1.4194,0.9744,-1.1926,-0.4735,0.1847,1.3432,-0.9181,1.4264,0.0892,-0.1396,1.4424,-0.4420,-0.1551,0.3877,-0.0969,1.2059,0.4459,-0.3373,0.5000,-0.2000,-1.1800,0.9000,-1.2770,-0.4243,0.2000,1.5467,-0.9180,1.3340,121.1009,-2.9981,4.0128,-5.3288,4.5443,-0.2432,7.2332,-2.9553,13.8132,6.0284,0.0000,0.14
3.6107,0.0000,0.0000,0.0000,0.0000,0.0000,0.0000,0.1495,0.1601,-2.9977,0.1266,-0.0281,-0.9916,0.5047,-0.2301,-1.3858,0.9573,-1.1963,-0.4668,0.1843,1.3701,-0.9092,1.4192,0.0775,-0.0543,1.4967,-0.7367,-0.0931,0.2675,-0.0233,1.2330,0.4924,-0.3761,0.5000,-0.2000,-1.2004,0.9052,-1.2699,-0.4274,0.2000,1.5670,-0.9133,1.3239,121.8321,-3.3362,4.1360,-5.4123,4.8010,-0.2740,7.1852,-2.9446,13.9257,6.1230,0.0278,0.17
3.6297,0.0000,0.0000,0.0000,0.0000,0.0000,0.0000,0.2249,0.2058,-3.0164,0.1323,-0.0264,-0.9909,0.5058,-0.2325,-1.3503,0.9342,-1.2055,-0.4611,0.1844,1.4019,-0.8998,1.4121,0.0969,-0.0582,1.6828,-1.0004,-0.3839,0.2792,0.0000,1.2950,0.5079,-0.3296,0.5000,-0.2000,-1.2207,0.9103,-1.2627,-0.4338,0.2000,1.5874,-0.9083,1.3139,122.6621,-3.6933,4.2997,-5.5540,5.0796,-0.3379,7.1076,-2.9054,14.0701,6.2538,0.0556,0.16
3.6497,0.0000,0.0000,0.0000,0.0000,0.0000,0.0000,0.2563,0.2926,-2.9087,0.1399,-0.0252,-0.9898,0.5073,-0.2336,-1.3206,0.9168,-1.2125,-0.4568,0.1846,1.4302,-0.8889,1.4038,0.0853,-0.0349,1.3959,-0.7445,-0.2365,0.3179,-0.0620,1.3803,0.6165,-0.4575,0.5000,-0.2000,-1.2411,0.9152,-1.2556,-0.4436,0.2000,1.6078,-0.9031,1.3038,123.5945,-4.1185,4.4725,-5.6849,5.4109,-0.4364,7.0135,-2.8659,14.2287,6.3653,0.0833,0.15
3.6707,0.0000,0.0000,0.0000,0.0000,0.0000,0.0000,0.2357,0.2680,-2.7684,0.1457,-0.0234,-0.9891,0.5087,-0.2336,-1.2993,0.9048,-1.2158,-0.4538,0.1847,1.4617,-0.8778,1.3925,0.0892,-0.0194,0.9887,-0.5041,-0.1280,0.1202,-0.0543,1.5277,0.5506,-0.5932,0.5000,-0.2000,-1.2615,0.9198,-1.2485,-0.4525,0.2000,1.6078,-0.9209,1.3562,124.5415,-4.4930,4.6249,-5.8021,5.6997,-0.5253,6.9298,-2.8333,14.3928,6.4662,0.1111,0.14
3.6907,0.0000,0.0000,0.0000,0.0000,0.0000,0.0000,0.1392,0.3208,-2.5300,0.1523,-0.0186,-0.9882,0.5095,-0.2331,-1.2837,0.8979,-1.2168,-0.4523,0.1847,1.4917,-0.8670,1.3773,0.0155,0.0388,0.8608,-0.3024,-0.0000,0.0931,-0.0892,1.5936,0.5273,-0.7949,0.5000,-0.2000,-1.2819,0.9239,-1.2414,-0.4611,0.2000,1.5772,-0.9722,1.3689,125.4186,-4.8836,4.7845,-5.9198,5.9953,-0.6111,6.8206,-2.7814,14.5378,6.5691,0.1389,0.14
3.7107,0.0000,0.0000,0.0000,0.0000,0.0000,0.0000,0.0477,0.1594,-1.9650,0.1552,-0.0124,-0.9878,0.5103,-0.2319,-1.2719,0.8937,-1.2167,-0.4517,0.1845,1.5224,-0.8632,1.3716,0.0349,0.0892,0.5661,-0.1900,0.0388,0.0892,-0.0427,1.4114,0.2094,-0.3955,0.5000,-0.2000,-1.3022,0.9276,-1.2342,-0.4723,0.2000,1.5467,-1.0200,1.3813,126.1136,-5.2011,4.9490,-6.0889,6.2363,-0.7228,6.6872,-2.6942,14.6490,6.7161,0.1667,0.14
3.7316,0.0000,0.0000,0.0000,0.0000,0.0000,0.0000,-0.0236,-0.1643,-1.3368,0.1512,-0.0049,-0.9885,0.5104,-0.2309,-1.2631,0.8924,-1.2157,-0.4507,0.1837,1.5459,-0.8676,1.3680,0.0388,0.0969,0.5234,-0.0116,0.1241,0.1086,-0.0853,1.0004,-0.2443,-0.1435,0.5000,-0.2000,-1.3226,0.9306,-1.2271,-0.4847,0.2000,1.5161,-1.0621,1.3931,126.6429,-5.5090,5.1105,-6.2745,6.4748,-0.8473,6.5247,-2.6004,14.7597,6.8763,0.1944,0.14
3.7516,0.0000,0.0000,0.0000,0.0000,0.0000,0.0000,-0.0578,-0.4044,-0.6951,0.1418,0.0006,-0.9899,0.5105,-0.2296,-1.2566,0.8933,-1.2144,-0.4530,0.1822,1.5618,-0.8804,1.3679,0.0969,0.1318,0.4110,0.0155,0.1473,-0.0388,-0.1086,0.5777,-0.5467,-0.0078,0.5000,-0.2000,-1.3430,0.9331,-1.2200,-0.4952,0.2000,1.4856,-1.0966,1.4039,127.0107,-5.7951,5.2706,-6.4631,6.6791,-0.9524,6.3611,-2.5042,14.8509,7.0329,0.2222,0.14
3.7707,0.0000,0.0000,0.0000,0.0000,0.0000,0.0000,-0.0626,-0.5301,0.0335,0.1293,0.0043,-0.9916,0.5122,-0.2281,-1.2521,0.8962,-1.2123,-0.4581,0.1811,1.5687,-0.8990,1.3705,0.1667,-0.0000,0.2598,0.2365,0.1163,-0.2598,-0.0814,0.2675,-0.9461,0.1473,0.5000,-0.2000,-1.3633,0.9348,-1.2128,-0.5000,0.2000,1.4550,-1.1217,1.4136,127.2107,-6.0712,5.4311,-6.6458,6.8758,-1.0502,6.1960,-2.4010,14.9025,7.1701,0.2500,0.14
3.7906,0.0000,0.0000,0.0000,0.0000,0.0000,0.0000,-0.0926,-0.5781,0.7683,0.1157,0.0064,-0.9933,0.5137,-0.2274,-1.2510,0.9013,-1.2098,-0.4642,0.1799,1.5695,-0.9197,1.3750,0.0931,0.0310,0.0194,0.2986,0.0814,-0.2443,-0.0543,0.0000,-0.9344,0.2094,0.5000,-0.2000,-1.3837,0.9358,-1.2057,-0.5000,0.2000,1.4244,-1.1364,1.4221,127.2611,-6.3174,5.5777,-6.8225,7.0174,-1.1410,6.0676,-2.3039,14.9081,7.2976,0.2778,0.14
3.8106,0.0000,0.0000,0.0000,0.0000,0.0000,0.0000,-0.1319,-0.5712,1.4107,0.1017,0.0083,-0.9948,0.5143,-0.2270,-1.2521,0.9065,-1.2067,-0.4703,0.1785,1.5643,-0.9427,1.3820,0.0310,-0.0000,-0.0310,0.2598,0.1357,-0.2792,-0.0543,-0.2947,-1.0469,0.3839,0.5000,-0.2000,-1.4041,0.9360,-1.1986,-0.5000,0.2000,1.3939,-1.1398,1.4293,127.2108,-6.5445,5.7081,-6.9808,7.1364,-1.2112,5.9512,-2.2138,14.8891,7.4154,0.3056,0.15
3.8306,0.0000,0.0000,0.0000,0.0000,0.0000,0.0000,-0.1258,-0.4961,1.8753,0.0900,0.0083,-0.9959,0.5141,-0.2269,-1.2568,0.9110,-1.2029,-0.4759,0.1775,1.5530,-0.9648,1.3913,-0.0078,0.0039,-0.1977,0.1977,0.1977,-0.2171,-0.1047,-0.5622,-0.9538,0.4537,0.5000,-0.2000,-1.4244,0.9355,-1.1914,-0.5000,0.2000,1.3633,-1.1318,1.4352,127.1294,-6.7178,5.8139,-7.1112,7.2181,-1.2577,5.8653,-2.1417,14.8704,7.5064,0.3333,0.14
3.8507,0.0000,0.0000,0.0000,0.0000,0.0000,0.0000,-0.1823,-0.3338,2.1990,0.0816,0.0086,-0.9966,0.5144,-0.2270,-1.2662,0.9138,-1.1983,-0.4836,0.1772,1.5357,-0.9824,1.4014,0.0388,0.0194,-0.5506,0.1008,0.2249,-0.3800,-0.0039,-0.9267,-0.8453,0.4343,0.5000,-0.2000,-1.4448,0.9342,-1.1842,-0.5000,0.2000,1.3328,-1.1129,1.4398,127.0406,-6.8444,5.8921,-7.1978,7.2710,-1.2736,5.7927,-2.0790,14.8383,7.5690,0.3611,0.14
3.8706,0.0000,0.0000,0.0000,0.0000,0.0000,0.0000,-0.1845,-0.1310,2.4458,0.0781,0.0083,-0.9969,0.5150,-0.2273,-1.2804,0.9151,-1.1929,-0.4916,0.1768,1.5139,-0.9947,1.4138,0.0582,0.0504,-0.7406,0.0543,0.2830,-0.3335,-0.0310,-1.1283,-0.4692,0.5545,0.5000,-0.2000,-1.4652,0.9322,-1.1742,-0.5000,0.2000,1.3022,-1.0839,1.4432,126.9358,-6.8963,5.9500,-7.2717,7.2801,-1.2920,5.7551,-2.0323,14.8031,7.6087,0.3889,0.18
3.8906,0.0000,0.0000,0.0000,0.0000,0.0000,0.0000,-0.1969,0.0259,2.6198,0.0788,0.0072,-0.9969,0.5149,-0.2278,-1.2990,0.9144,-1.1865,-0.4978,0.1762,1.4881,-1.0007,1.4264,-0.0310,-0.0543,-0.9887,-0.0853,0.3141,-0.3063,-0.1124,-1.2640,-0.2908,0.6320,0.5000,-0.2000,-1.4856,0.9295,-1.1641,-0.5000,0.2000,1.2717,-1.0461,1.4456,126.7881,-6.8993,5.9839,-7.3181,7.2689,-1.3130,5.7270,-1.9962,14.7640,7.6272,0.4167,0.16
3.9107,0.0000,0.0000,0.0000,0.0000,0.0000,0.0000,-0.2008,0.1252,2.7467,0.0817,0.0066,-0.9966,0.5150,-0.2281,-1.3213,0.9120,-1.1790,-0.5023,0.1750,1.4601,-1.0012,1.4381,-0.0039,-0.0427,-1.1322,-0.1241,0.3024,-0.2637,-0.1241,-1.3493,0.0116,0.5777,0.5000,-0.2000,-1.5059,0.9262,-1.1541,-0.5000,0.2000,1.2411,-1.0014,1.4472,126.5691,-6.8241,5.9853,-7.3408,7.2114,-1.3371,5.7220,-1.9782,14.7213,7.6230,0.4444,0.15
3.9306,0.0000,0.0000,0.0000,0.0000,0.0000,0.0000,-0.1912,0.1875,2.8527,0.0857,0.0047,-0.9963,0.5150,-0.2283,-1.3461,0.9079,-1.1704,-0.5053,0.1738,1.4295,-0.9957,1.4482,0.0116,0.0039,-1.2601,-0.1357,0.4226,-0.1357,-0.0582,-1.5354,0.2753,0.4071,0.5000,-0.2000,-1.5263,0.9223,-1.1440,-0.5000,0.2000,1.2106,-0.9519,1.4483,126.2718,-6.7024,5.9625,-7.3435,7.1294,-1.3712,5.7331,-1.9716,14.6670,7.6021,0.4722,0.15
3.9506,0.0000,0.0000,0.0000,0.0000,0.0000,0.0000,-0.1765,0.2583,2.9046,0.0912,0.0037,-0.9958,0.5149,-0.2283,-1.3726,0.9023,-1.1612,-0.5080,0.1730,1.3963,-0.9837,1.4563,-0.0543,0.0310,-1.2291,-0.3645,0.4575,-0.1822,-0.1163,-1.5626,0.5506,0.3722,0.5000,-0.2000,-1.5467,0.9180,-1.1340,-0.5000,0.2000,1.1800,-0.9000,1.4770,125.8758,-6.5343,5.9172,-7.3299,7.0187,-1.4052,5.7590,-1.9760,14.6066,7.5652,0.5000,0.16
3.9706,0.0000,0.0000,0.0000,0.0000,0.0000,0.0000,-0.1041,0.3474,2.8912,0.0978,0.0032,-0.9952,0.5147,-0.2282,-1.4005,0.8948,-1.1520,-0.5105,0.1726,1.3610,-0.9657,1.4630,-0.0310,0.0465,-1.3416,-0.4226,0.4304,-0.1202,-0.0233,-1.6440,0.8608,0.2520,0.5000,-0.2000,-1.5670,0.9133,-1.1239,-0.5000,0.2000,1.2004,-0.9052,1.4699,125.4156,-6.3252,5.8529,-7.2935,6.8903,-1.4439,5.8021,-1.9902,14.5386,7.5022,0.5278,0.16
3.9906,0.0000,0.0000,0.0000,0.0000,0.0000,0.0000,0.1391,0.4355,2.7682,0.1050,-0.0008,-0.9945,0.5141,-0.2280,-1.4289,0.8858,-1.1446,-0.5121,0.1725,1.3241,-0.9428,1.4735,-0.0000,0.0116,-1.3648,-0.3839,0.2404,-0.0504,0.0349,-1.6440,1.2175,0.5118,0.5000,-0.2000,-1.5874,0.9083,-1.1139,-0.5000,0.2000,1.2207,-0.9103,1.4627,124.9074,-6.0234,5.7703,-7.2497,6.7115,-1.4837,5.8770,-2.0171,14.4726,7.4168,0.5556,0.16
4.0116,0.0000,0.0000,0.0000,0.0000,0.0000,0.0000,0.2032,0.6319,2.3207,0.1138,-0.0090,-0.9935,0.5120,-0.2280,-1.4568,0.8775,-1.1426,-0.5125,0.1719,1.2961,-0.9241,1.4823,-0.1241,0.0349,-1.2485,-0.2908,-0.1163,-0.0078,-0.0969,-1.3338,0.9112,0.3994,0.5000,-0.2000,-1.6078,0.9031,-1.1038,-0.5000,0.2000,1.2411,-0.9152,1.4556,124.4188,-5.7012,5.6371,-7.1188,6.5463,-1.4786,5.9633,-2.0729,14.4267,7.2716,0.5833,0.15
4.0316,0.0000,0.0000,0.0000,0.0000,0.0000,0.0000,0.0993,0.7612,1.6785,0.1254,-0.0152,-0.9920,0.5066,-0.2282,-1.4859,0.8737,-1.1432,-0.5126,0.1713,1.2748,-0.9091,1.4894,-0.2714,-0.0271,-1.3454,-0.1086,-0.0194,0.0271,0.0116,-0.9267,0.6010,0.2986,0.5000,-0.2000,-1.6078,0.9209,-1.1562,-0.5000,0.2000,1.2615,-0.9198,1.4485,123.9795,-5.3335,5.4623,-6.9101,6.3407,-1.4304,6.0689,-2.1486,14.3806,7.0785,0.6111,0.15
4.0526,0.0000,0.0000,0.0000,0.0000,0.0000,0.0000,0.1376,0.7909,1.3598,0.1394,-0.0227,-0.9900,0.5034,-0.2287,-1.5138,0.8716,-1.1426,-0.5126,0.1717,1.2636,-0.8995,1.4936,-0.0194,-0.0543,-1.3183,-0.0814,0.0853,0.0155,0.0000,-0.5506,0.4924,0.1396,0.5000,-0.2000,-1.5772,0.9722,-1.1689,-0.5000,0.2000,1.2819,-0.9239,1.4414,123.4695,-4.8976,5.2891,-6.7566,6.0533,-1.3759,6.1854,-2.2101,14.3184,6.9272,0.6389,0.15
4.0716,0.0000,0.0000,0.0000,0.0000,0.0000,0.0000,0.1190,0.6179,0.9701,0.1510,-0.0316,-0.9880,0.5024,-0.2298,-1.5375,0.8726,-1.1486,-0.5124,0.1735,1.2581,-0.8899,1.4971,0.0271,-0.0078,-1.1012,0.0116,-0.2753,0.0465,0.0194,-0.3567,0.4847,0.1861,0.5000,-0.2000,-1.5467,1.0200,-1.1813,-0.5000,0.2000,1.3022,-0.9276,1.4342,122.8829,-4.4419,5.0932,-6.5896,5.7199,-1.2961,6.2948,-2.2714,14.2353,6.7798,0.6667,0.15
4.0917,0.0000,0.0000,0.0000,0.0000,0.0000,0.0000,0.0329,0.3224,0.4893,0.1573,-0.0369,-0.9869,0.5013,-0.2314,-1.5558,0.8822,-1.1555,-0.5124,0.1752,1.2552,-0.8834,1.4997,-0.0271,-0.0775,-0.8259,0.3567,-0.3063,-0.0000,0.1086,-0.1435,0.3063,0.1551,0.5000,-0.2000,-1.5161,1.0621,-1.1931,-0.5000,0.2000,1.3226,-0.9306,1.4271,122.3112,-4.0199,4.8761,-6.3899,5.3969,-1.1952,6.4106,-2.3518,14.1548,6.6141,0.6944,0.14
4.1116,0.0000,0.0000,0.0000,0.0000,0.0000,0.0000,0.0542,0.1100,-0.0207,0.1598,-0.0400,-0.9863,0.5007,-0.2329,-1.5647,0.8970,-1.1619,-0.5125,0.1778,1.2535,-0.8801,1.5008,0.0271,-0.0000,-0.4575,0.7134,-0.2094,-0.0698,0.1086,-0.1396,0.1318,0.0271,0.5000,-0.2000,-1.4856,1.0966,-1.2039,-0.5000,0.2000,1.3430,-0.9331,1.4200,121.8267,-3.6277,4.6707,-6.2035,5.0980,-1.0783,6.5488,-2.4387,14.0815,6.4583,0.7222,0.14
4.1317,0.0000,0.0000,0.0000,0.0000,0.0000,0.0000,0.2040,-0.0508,-0.4800,0.1600,-0.0450,-0.9861,0.5002,-0.2339,-1.5664,0.9156,-1.1680,-0.5125,0.1803,1.2523,-0.8793,1.5005,-0.0582,-0.0271,-0.0698,0.8879,-0.2171,0.0388,0.0582,-0.1241,0.0039,-0.0427,0.5000,-0.2000,-1.4550,1.1217,-1.2136,-0.4967,0.2000,1.3633,-0.9348,1.4128,121.4086,-3.2691,4.4943,-6.0522,4.8265,-0.9674,6.6927,-2.5179,14.0149,6.3273,0.7500,0.14
4.1526,0.0000,0.0000,0.0000,0.0000,0.0000,0.0000,0.2415,-0.1240,-0.7837,0.1594,-0.0506,-0.9859,0.5005,-0.2350,-1.5641,0.9363,-1.1713,-0.5123,0.1825,1.2524,-0.8798,1.4984,0.0465,-0.0543,0.0116,1.0042,-0.0775,0.0388,0.0039,-0.0078,-0.0310,-0.1667,0.5000,-0.2000,-1.4244,1.1364,-1.2221,-0.4871,0.2000,1.3837,-0.9358,1.4057,121.0511,-3.0057,4.3413,-5.9117,4.6092,-0.8708,6.8112,-2.5887,13.9473,6.2194,0.7778,0.14
4.1726,0.0000,0.0000,0.0000,0.0000,0.0000,0.0000,0.2257,-0.1838,-1.0573,0.1584,-0.0538,-0.9859,0.5019,-0.2355,-1.5577,0.9560,-1.1732,-0.5120,0.1836,1.2542,-0.8823,1.4940,0.1086,-0.0194,0.2986,1.0469,-0.0698,-0.0155,-0.0194,0.0582,-0.0620,-0.2443,0.5000,-0.2000,-1.3939,1.1398,-1.2293,-0.4777,0.2000,1.4041,-0.9360,1.3986,120.7392,-2.8073,4.2073,-5.7755,4.4472,-0.7774,6.9153,-2.6572,13.8808,6.1316,0.8056,0.14
4.1926,0.0000,0.0000,0.0000,0.0000,0.0000,0.0000,0.2286,-0.2403,-1.2830,0.1568,-0.0556,-0.9861,0.5033,-0.2358,-1.5467,0.9745,-1.1750,-0.5107,0.1837,1.2593,-0.8863,1.4880,0.1280,-0.0155,0.4963,0.8763,-0.0504,0.0427,0.0194,0.2443,-0.2094,-0.3257,0.5000,-0.2000,-1.3633,1.1318,-1.2352,-0.4697,0.2000,1.4244,-0.9355,1.3914,120.4671,-2.6635,4.0993,-5.6579,4.3282,-0.6966,7.0060,-2.7186,13.8220,6.0688,0.8333,0.14
4.2127,0.0000,0.0000,0.0000,0.0000,0.0000,0.0000,0.2300,-0.2297,-1.5128,0.1553,-0.0567,-0.9862,0.5051,-0.2362,-1.5314,0.9893,-1.1772,-0.5080,0.1831,1.2667,-0.8906,1.4807,0.0892,-0.0078,0.6630,0.7057,-0.1163,0.1667,-0.0504,0.4265,-0.2326,-0.3063,0.5000,-0.2000,-1.3328,1.1129,-1.2398,-0.4623,0.2000,1.4448,-0.9342,1.3842,120.2652,-2.5898,4.0240,-5.5586,4.2671,-0.6231,7.0777,-2.7697,13.7697,6.0212,0.8611,0.15
4.2316,0.0000,0.0000,0.0000,0.0000,0.0000,0.0000,0.1988,-0.1550,-1.7506,0.1556,-0.0568,-0.9862,0.5066,-0.2368,-1.5125,0.9999,-1.1801,-0.5042,0.1819,1.2776,-0.8952,1.4726,0.1047,-0.0969,0.8957,0.5002,-0.0504,0.1939,-0.0775,0.5428,-0.1822,-0.4381,0.5000,-0.2000,-1.3022,1.0839,-1.2432,-0.4557,0.2000,1.4652,-0.9322,1.3742,120.1889,-2.6141,3.9851,-5.4784,4.2827,-0.5572,7.1193,-2.8120,13.7387,5.9973,0.8889,0.15
4.2516,0.0000,0.0000,0.0000,0.0000,0.0000,0.0000,0.1744,-0.0993,-1.9603,0.1574,-0.0547,-0.9860,0.5073,-0.2375,-1.4894,1.0057,-1.1833,-0.4997,0.1808,1.2915,-0.8991,1.4646,-0.0000,-0.0775,1.1244,0.3063,-0.1241,0.2365,-0.1163,0.7522,-0.1357,-0.4420,0.5000,-0.2000,-1.2717,1.0461,-1.2456,-0.4506,0.2000,1.4856,-0.9295,1.3641,120.2206,-2.6904,3.9726,-5.4209,4.3424,-0.5060,7.1517,-2.8465,13.7214,5.9876,0.9167,0.14
4.2726,0.0000,0.0000,0.0000,0.0000,0.0000,0.0000,0.1326,-0.0483,-2.1519,0.1597,-0.0516,-0.9858,0.5076,-0.2383,-1.4653,1.0062,-1.1869,-0.4946,0.1787,1.3082,-0.9017,1.4555,-0.0504,-0.0427,1.2834,0.1008,-0.1822,0.1706,-0.1745,0.8336,-0.0388,-0.4847,0.5000,-0.2000,-1.2411,1.0014,-1.2472,-0.4462,0.2000,1.5059,-0.9262,1.3541,120.3840,-2.8295,3.9886,-5.3866,4.4451,-0.4624,7.1601,-2.8703,13.7249,6.0002,0.9444,0.14
4.2916,0.0000,0.0000,0.0000,0.0000,0.0000,0.0000,0.1083,0.0306,-2.3240,0.1632,-0.0463,-0.9855,0.5079,-0.2393,-1.4365,1.0012,-1.1904,-0.4904,0.1769,1.3289,-0.9019,1.4455,0.0388,-0.0310,1.3920,-0.2133,-0.1047,0.1667,-0.1124,0.9693,0.0465,-0.4343,0.5000,-0.2000,-1.2106,0.9519,-1.2483,-0.4442,0.2000,1.5263,-0.9223,1.3440,120.7165,-3.0421,4.0460,-5.3914,4.5984,-0.4425,7.1464,-2.8818,13.7583,6.0453,0.9722,0.14
4.3126,0.0000,0.0000,0.0000,0.0000,0.0000,0.0000,0.0975,0.1147,-2.4590,0.1685,-0.0403,-0.9849,0.5080,-0.2403,-1.4032,0.9890,-1.1948,-0.4866,0.1755,1.3531,-0.9009,1.4368,0.0039,0.0465,1.4928,-0.4847,-0.1551,0.2365,-0.1047,1.1865,0.0931,-0.4381,0.5000,-0.2000,-1.1800,0.9000,-1.2770,-0.4455,0.2000,1.5467,-0.9180,1.3340,121.2060,-3.3206,4.1404,-5.4366,4.8114,-0.4547,7.1114,-2.8790,13.8280,6.1112,0.0000,0.14
4.3316,0.0000,0.0000,0.0000,0.0000,0.0000,0.0000,0.0818,0.1741,-2.5636,0.1748,-0.0326,-0.9841,0.5083,-0.2408,-1.3715,0.9724,-1.1989,-0.4829,0.1741,1.3772,-0.8974,1.4278,0.0543,0.0737,1.5665,-0.7910,-0.1667,0.1667,-0.0659,1.2563,0.2482,-0.4692,0.5000,-0.2000,-1.2004,0.9052,-1.2699,-0.4485,0.2000,1.5670,-0.9133,1.3239,121.8584,-3.6585,4.2640,-5.5127,5.0610,-0.4853,7.0524,-2.8645,13.9323,6.2037,0.0278,0.14
4.3526,0.0000,0.0000,0.0000,0.0000,0.0000,0.0000,0.1529,0.2464,-2.6118,0.1823,-0.0271,-0.9829,0.5085,-0.2409,-1.3341,0.9477,-1.2091,-0.4800,0.1739,1.4053,-0.8918,1.4189,0.0659,-0.0039,1.5161,-0.9810,-0.4692,0.1939,-0.0388,1.2446,0.2908,-0.3877,0.5000,-0.2000,-1.2207,0.9103,-1.2627,-0.4545,0.2000,1.5874,-0.9083,1.3139,122.6688,-4.0437,4.4365,-5.6411,5.3548,-0.5445,6.9598,-2.8149,14.0687,6.3280,0.0556,0.14
4.3726,0.0000,0.0000,0.0000,0.0000,0.0000,0.0000,0.2296,0.2863,-2.5958,0.1911,-0.0220,-0.9813,0.5093,-0.2405,-1.3078,0.9309,-1.2155,-0.4779,0.1741,1.4320,-0.8837,1.4094,0.1280,0.0775,1.2989,-0.8414,-0.1124,0.1318,0.0155,1.3610,0.4304,-0.4575,0.5000,-0.2000,-1.2411,0.9152,-1.2556,-0.4625,0.2000,1.6078,-0.9031,1.3038,123.6249,-4.4398,4.5884,-5.7525,5.6430,-0.6251,6.8939,-2.7940,14.2308,6.4336,0.0833,0.15
4.3936,0.0000,0.0000,0.0000,0.0000,0.0000,0.0000,0.2818,0.3072,-2.4958,0.1988,-0.0171,-0.9799,0.5102,-0.2395,-1.2853,0.9167,-1.2190,-0.4767,0.1744,1.4649,-0.8751,1.3989,0.0814,0.1086,1.0469,-0.5196,-0.1784,0.0931,-0.0116,1.5161,0.4692,-0.5583,0.5000,-0.2000,-1.2615,0.9198,-1.2485,-0.4696,0.2000,1.6078,-0.9209,1.3562,124.5831,-4.8059,4.7452,-5.8777,5.9218,-0.6962,6.8081,-2.7521,14.3969,6.5387,0.1111,0.15
4.4137,0.0000,0.0000,0.0000,0.0000,0.0000,0.0000,0.2681,0.3445,-2.3673,0.2078,-0.0119,-0.9781,0.5106,-0.2372,-1.2706,0.9097,-1.2199,-0.4766,0.1750,1.4938,-0.8661,1.3862,0.0504,0.1706,0.7987,-0.2171,-0.0349,0.0620,-0.0427,1.4152,0.3839,-0.6010,0.5000,-0.2000,-1.2819,0.9239,-1.2414,-0.4765,0.2000,1.5772,-0.9722,1.3689,125.5369,-5.1750,4.8974,-5.9863,6.2066,-0.7653,6.7143,-2.7049,14.5450,6.6354,0.1389,0.15
4.4326,0.0000,0.0000,0.0000,0.0000,0.0000,0.0000,0.1924,0.1440,-2.0887,0.2132,-0.0069,-0.9770,0.5107,-0.2343,-1.2591,0.9053,-1.2195,-0.4771,0.1759,1.5219,-0.8616,1.3852,-0.0000,0.1900,0.5583,-0.1900,0.0271,0.0659,-0.0465,1.3493,0.2792,-0.0931,0.5000,-0.2000,-1.3022,0.9276,-1.2342,-0.4843,0.2000,1.5467,-1.0200,1.3813,126.3899,-5.4625,5.0430,-6.1280,6.4169,-0.8431,6.6199,-2.6447,14.6753,6.7636,0.1667,0.16
4.4536,0.0000,0.0000,0.0000,0.0000,0.0000,0.0000,0.0457,-0.2421,-1.6287,0.2091,0.0009,-0.9779,0.5107,-0.2315,-1.2502,0.9039,-1.2184,-0.4771,0.1763,1.5451,-0.8631,1.3846,-0.0504,0.1008,0.3955,-0.0271,0.0116,0.0620,-0.0620,0.9616,-0.0698,-0.1280,0.5000,-0.2000,-1.3226,0.9306,-1.2271,-0.4938,0.2000,1.5161,-1.0621,1.3931,127.0880,-5.7486,5.1867,-6.2909,6.6420,-0.9379,6.4787,-2.5689,14.8104,6.9095,0.1944,0.15
4.4726,0.0000,0.0000,0.0000,0.0000,0.0000,0.0000,-0.0159,-0.5731,-0.8354,0.1972,0.0072,-0.9803,0.5108,-0.2288,-1.2439,0.9050,-1.2170,-0.4768,0.1764,1.5600,-0.8735,1.3843,0.0931,0.2055,0.4032,0.1667,-0.0271,0.1086,-0.0775,0.7638,-0.4963,-0.0969,0.5000,-0.2000,-1.3430,0.9331,-1.2200,-0.5000,0.2000,1.4856,-1.0966,1.4039,127.5098,-5.9909,5.3369,-6.4916,6.8335,-1.0638,6.3290,-2.4809,14.9113,7.0668,0.2222,0.15
4.4926,0.0000,0.0000,0.0000,0.0000,0.0000,0.0000,0.0036,-0.7871,-0.0726,0.1809,0.0100,-0.9834,0.5112,-0.2270,-1.2384,0.9094,-1.2152,-0.4775,0.1763,1.5681,-0.8904,1.3859,0.0853,0.0620,0.3335,0.2792,0.0620,-0.0775,-0.0465,0.3102,-0.8453,0.0620,0.5000,-0.2000,-1.3633,0.9348,-1.2128,-0.5000,0.2000,1.4550,-1.1217,1.4136,127.7230,-6.2582,5.5012,-6.6945,7.0203,-1.1708,6.1589,-2.3762,14.9720,7.2237,0.2500,0.14
4.5136,0.0000,0.0000,0.0000,0.0000,0.0000,0.0000,-0.0815,-0.8797,0.6309,0.1618,0.0122,-0.9868,0.5120,-0.2254,-1.2355,0.9151,-1.2141,-0.4814,0.1761,1.5691,-0.9127,1.3895,0.0620,0.0931,0.0931,0.2753,0.0349,-0.1628,0.0039,0.0116,-1.0042,0.1008,0.5000,-0.2000,-1.3837,0.9358,-1.2057,-0.5000,0.2000,1.4244,-1.1364,1.4221,127.7831,-6.4979,5.6392,-6.8608,7.1615,-1.2535,6.0248,-2.2860,14.9890,7.3506,0.2778,0.14
4.5326,0.0000,0.0000,0.0000,0.0000,0.0000,0.0000,-0.1014,-0.8439,1.2856,0.1427,0.0123,-0.9897,0.5130,-0.2244,-1.2356,0.9207,-1.2121,-0.4851,0.1757,1.5641,-0.9370,1.3948,0.1163,0.0582,-0.0504,0.2792,0.1241,-0.0737,-0.0969,-0.3373,-1.0702,0.2559,0.5000,-0.2000,-1.4041,0.9360,-1.1986,-0.5000,0.2000,1.3939,-1.1398,1.4293,127.7555,-6.7100,5.7724,-7.0245,7.2730,-1.3209,5.9198,-2.2003,14.9740,7.4674,0.3056,0.15
4.5526,0.0000,0.0000,0.0000,0.0000,0.0000,0.0000,-0.0805,-0.7304,1.7105,0.1267,0.0103,-0.9919,0.5130,-0.2243,-1.2392,0.9263,-1.2089,-0.4894,0.1755,1.5530,-0.9576,1.4015,-0.0349,0.0349,-0.3063,0.2133,0.1318,-0.3684,0.0194,-0.5467,-0.9810,0.3373,0.5000,-0.2000,-1.4244,0.9355,-1.1914,-0.5000,0.2000,1.3633,-1.1318,1.4352,127.6649,-6.8529,5.8705,-7.1473,7.3351,-1.3466,5.8406,-2.1320,14.9543,7.5481,0.3333,0.14
4.5726,0.0000,0.0000,0.0000,0.0000,0.0000,0.0000,-0.1148,-0.5494,2.1064,0.1152,0.0073,-0.9933,0.5140,-0.2246,-1.2490,0.9306,-1.2051,-0.4955,0.1752,1.5367,-0.9749,1.4105,0.1396,0.0194,-0.5506,0.1900,0.2598,-0.1667,-0.0349,-0.8453,-0.8530,0.5002,0.5000,-0.2000,-1.4448,0.9342,-1.1842,-0.5000,0.2000,1.3328,-1.1129,1.4398,127.5614,-6.9641,5.9539,-7.2449,7.3781,-1.3747,5.7786,-2.0687,14.9097,7.6142,0.3611,0.14
4.5926,0.0000,0.0000,0.0000,0.0000,0.0000,0.0000,-0.1296,-0.3882,2.3892,0.1065,0.0045,-0.9943,0.5148,-0.2251,-1.2621,0.9327,-1.2001,-0.5001,0.1746,1.5170,-0.9880,1.4213,-0.0116,-0.0000,-0.7212,0.0582,0.2753,-0.1396,-0.0737,-0.9887,-0.5196,0.4963,0.5000,-0.2000,-1.4652,0.9322,-1.1742,-0.5000,0.2000,1.3022,-1.0839,1.4432,127.4048,-7.0048,6.0072,-7.3233,7.3750,-1.3913,5.7426,-2.0241,14.8736,7.6560,0.3889,0.15
4.6126,0.0000,0.0000,0.0000,0.0000,0.0000,0.0000,-0.1720,-0.2613,2.6190,0.1011,0.0020,-0.9949,0.5148,-0.2261,-1.2809,0.9328,-1.1944,-0.5033,0.1736,1.4925,-0.9943,1.4324,0.0078,-0.0310,-1.0159,-0.0116,0.2792,-0.1590,-0.0659,-1.2330,-0.2908,0.5041,0.5000,-0.2000,-1.4856,0.9295,-1.1641,-0.5000,0.2000,1.2717,-1.0461,1.4456,127.1868,-6.9859,6.0311,-7.3661,7.3393,-1.4005,5.7145,-1.9879,14.8198,7.6735,0.4167,0.18
4.6326,0.0000,0.0000,0.0000,0.0000,0.0000,0.0000,-0.1927,-0.1469,2.8018,0.0989,-0.0003,-0.9951,0.5149,-0.2275,-1.3044,0.9310,-1.1870,-0.5056,0.1727,1.4637,-0.9948,1.4428,0.0349,-0.0310,-1.1283,-0.0969,0.3916,-0.1318,-0.0155,-1.3532,0.0853,0.4498,0.5000,-0.2000,-1.5059,0.9262,-1.1541,-0.5000,0.2000,1.2411,-1.0014,1.4472,126.8918,-6.9017,6.0271,-7.3889,7.2650,-1.4172,5.7107,-1.9696,14.7618,7.6704,0.4444,0.16
4.6526,0.0000,0.0000,0.0000,0.0000,0.0000,0.0000,-0.2001,-0.1168,2.9343,0.0974,-0.0029,-0.9952,0.5149,-0.2285,-1.3295,0.9266,-1.1777,-0.5079,0.1712,1.4337,-0.9899,1.4514,-0.0039,0.0155,-1.2446,-0.2443,0.4692,-0.0659,-0.1202,-1.4501,0.2714,0.3916,0.5000,-0.2000,-1.5263,0.9223,-1.1440,-0.5000,0.2000,1.2106,-0.9519,1.4483,126.5093,-6.7570,5.9952,-7.3897,7.1618,-1.4416,5.7250,-1.9663,14.7000,7.6467,0.4722,0.15
4.6726,0.0000,0.0000,0.0000,0.0000,0.0000,0.0000,-0.2085,-0.0791,3.0337,0.0965,-0.0052,-0.9953,0.5149,-0.2288,-1.3555,0.9198,-1.1675,-0.5102,0.1700,1.4027,-0.9789,1.4587,-0.0078,0.0271,-1.2989,-0.3257,0.4692,-0.1086,-0.1008,-1.6479,0.5041,0.3102,0.5000,-0.2000,-1.5467,0.9180,-1.1340,-0.5000,0.2000,1.1800,-0.9000,1.4770,126.0399,-6.5823,5.9458,-7.3730,7.0396,-1.4633,5.7422,-1.9657,14.6232,7.6086,0.5000,0.15
4.6936,0.0000,0.0000,0.0000,0.0000,0.0000,0.0000,-0.1989,-0.0081,3.0441,0.0965,-0.0057,-0.9953,0.5148,-0.2287,-1.3852,0.9104,-1.1572,-0.5120,0.1696,1.3661,-0.9614,1.4644,-0.0233,0.0271,-1.2718,-0.5002,0.5390,-0.1047,-0.0814,-1.7138,0.7328,0.2986,0.5000,-0.2000,-1.5670,0.9133,-1.1239,-0.5000,0.2000,1.2004,-0.9052,1.4699,125.5124,-6.3650,5.8707,-7.3269,6.9024,-1.4951,5.7844,-1.9853,14.5499,7.5430,0.5278,0.15
4.7136,0.0000,0.0000,0.0000,0.0000,0.0000,0.0000,-0.0578,0.0612,2.9589,0.0976,-0.0049,-0.9952,0.5146,-0.2284,-1.4132,0.8999,-1.1478,-0.5131,0.1696,1.3310,-0.9391,1.4739,-0.0349,-0.0233,-1.4812,-0.5855,0.3606,-0.0194,0.0349,-1.8534,0.9965,0.4188,0.5000,-0.2000,-1.5874,0.9083,-1.1139,-0.5000,0.2000,1.2207,-0.9103,1.4627,124.9460,-6.0830,5.7829,-7.2707,6.7233,-1.5208,5.8459,-2.0083,14.4737,7.4605,0.5556,0.15
4.7336,0.0000,0.0000,0.0000,0.0000,0.0000,0.0000,0.2450,0.1413,2.5954,0.0973,-0.0119,-0.9952,0.5133,-0.2282,-1.4454,0.8849,-1.1440,-0.5133,0.1694,1.3005,-0.9221,1.4814,-0.1435,0.0349,-1.3997,-0.5932,-0.2133,-0.0388,-0.1047,-1.3067,0.7483,0.2637,0.5000,-0.2000,-1.6078,0.9031,-1.1038,-0.5000,0.2000,1.2411,-0.9152,1.4556,124.3301,-5.6388,5.6308,-7.1637,6.4771,-1.5149,5.9663,-2.0800,14.4487,7.3140,0.5833,0.15
4.7546,0.0000,0.0000,0.0000,0.0000,0.0000,0.0000,0.1304,0.2239,1.8091,0.0977,-0.0181,-0.9951,0.5076,-0.2283,-1.4744,0.8786,-1.1464,-0.5129,0.1686,1.2804,-0.9090,1.4870,-0.4071,-0.0116,-1.4036,-0.1435,-0.1047,0.0659,-0.0543,-0.9267,0.5428,0.2171,0.5000,-0.2000,-1.6078,0.9209,-1.1562,-0.5000,0.2000,1.2615,-0.9198,1.4485,123.8183,-5.2455,5.4369,-6.9354,6.2389,-1.4335,6.0711,-2.1633,14.3924,7.1079,0.6111,0.15
4.7746,0.0000,0.0000,0.0000,0.0000,0.0000,0.0000,0.0898,0.3225,1.4002,0.1035,-0.0221,-0.9944,0.5027,-0.2285,-1.5007,0.8766,-1.1473,-0.5127,0.1682,1.2692,-0.9015,1.4892,-0.0465,0.0582,-1.2912,-0.0814,-0.0969,-0.0116,0.0233,-0.4304,0.3412,0.0465,0.5000,-0.2000,-1.5772,0.9722,-1.1689,-0.5000,0.2000,1.2819,-0.9239,1.4414,123.2570,-4.7836,5.2441,-6.7482,5.9288,-1.3387,6.1902,-2.2332,14.3216,6.9406,0.6389,0.14
4.7946,0.0000,0.0000,0.0000,0.0000,0.0000,0.0000,0.0954,0.1569,1.0275,0.1068,-0.0277,-0.9939,0.5024,-0.2290,-1.5252,0.8768,-1.1558,-0.5131,0.1690,1.2660,-0.8959,1.4900,-0.0155,0.0039,-1.3106,0.0349,-0.3684,-0.0155,0.0155,-0.1861,0.3179,0.0737,0.5000,-0.2000,-1.5467,1.0200,-1.1813,-0.5000,0.2000,1.3022,-0.9276,1.4342,122.6281,-4.2910,5.0387,-6.5738,5.5525,-1.2316,6.3084,-2.2959,14.2351,6.7866,0.6667,0.14
4.8136,0.0000,0.0000,0.0000,0.0000,0.0000,0.0000,0.0634,-0.2054,0.4746,0.1032,-0.0327,-0.9941,0.5010,-0.2299,-1.5436,0.8843,-1.1640,-0.5126,0.1700,1.2652,-0.8907,1.4902,-0.0271,-0.0427,-0.8879,0.3684,-0.3335,-0.0078,0.0698,-0.1512,0.2404,-0.0233,0.5000,-0.2000,-1.5161,1.0621,-1.1931,-0.5000,0.2000,1.3226,-0.9306,1.4271,122.0526,-3.8217,4.8061,-6.3705,5.1823,-1.1002,6.4396,-2.3869,14.1664,6.6225,0.6944,0.15
4.8346,0.0000,0.0000,0.0000,0.0000,0.0000,0.0000,0.0801,-0.4582,-0.0891,0.0942,-0.0366,-0.9949,0.4991,-0.2316,-1.5552,0.8981,-1.1720,-0.5124,0.1709,1.2646,-0.8876,1.4900,-0.0427,-0.1086,-0.4885,0.6281,-0.2637,-0.0155,0.0853,-0.0659,0.1822,-0.0194,0.5000,-0.2000,-1.4856,1.0966,-1.2039,-0.4948,0.2000,1.3430,-0.9331,1.4200,121.5504,-3.3806,4.5835,-6.1761,4.8227,-0.9481,6.5894,-2.4809,14.0969,6.4659,0.7222,0.14
4.8536,0.0000,0.0000,0.0000,0.0000,0.0000,0.0000,0.0597,-0.5370,-0.7266,0.0832,-0.0403,-0.9957,0.4977,-0.2335,-1.5586,0.9177,-1.1791,-0.5125,0.1718,1.2644,-0.8865,1.4892,-0.0969,-0.0078,-0.0775,0.9422,-0.3257,-0.0582,0.0582,-0.1280,0.0427,-0.0310,0.5000,-0.2000,-1.4550,1.1217,-1.2136,-0.4773,0.2000,1.3633,-0.9348,1.4128,121.1717,-2.9998,4.3722,-5.9685,4.5197,-0.7734,6.7470,-2.5776,14.0194,6.3085,0.7500,0.15
4.8746,0.0000,0.0000,0.0000,0.0000,0.0000,0.0000,0.0209,-0.4922,-1.3006,0.0737,-0.0409,-0.9964,0.4962,-0.2350,-1.5565,0.9428,-1.1867,-0.5111,0.1732,1.2659,-0.8866,1.4869,-0.0931,-0.0233,0.1512,1.1942,-0.3335,0.1124,0.0388,0.1163,-0.0000,-0.1318,0.5000,-0.2000,-1.4244,1.1364,-1.2221,-0.4611,0.2000,1.3837,-0.9358,1.4057,120.9055,-2.6822,4.1871,-5.7726,4.2672,-0.6108,6.9101,-2.6738,13.9453,6.1588,0.7778,0.18
4.8946,0.0000,0.0000,0.0000,0.0000,0.0000,0.0000,0.1132,-0.5246,-1.7547,0.0646,-0.0409,-0.9971,0.4947,-0.2358,-1.5481,0.9654,-1.1927,-0.5050,0.1748,1.2715,-0.8867,1.4827,-0.0078,-0.0194,0.3335,1.0391,-0.1745,0.2714,0.0271,0.2520,0.0349,-0.1628,0.5000,-0.2000,-1.3939,1.1398,-1.2293,-0.4465,0.2000,1.4041,-0.9360,1.3986,120.7311,-2.4012,4.0341,-5.6290,4.0270,-0.4652,7.0699,-2.7607,13.8894,6.0673,0.8056,0.16
4.9146,0.0000,0.0000,0.0000,0.0000,0.0000,0.0000,0.1845,-0.5069,-1.8607,0.0566,-0.0446,-0.9974,0.4950,-0.2363,-1.5351,0.9865,-1.1967,-0.4955,0.1759,1.2789,-0.8867,1.4777,0.0737,0.0078,0.6436,0.9344,0.0155,0.4343,0.0504,0.3373,-0.0310,-0.2443,0.5000,-0.2000,-1.3633,1.1318,-1.2352,-0.4367,0.2000,1.4244,-0.9355,1.3914,120.5284,-2.2383,3.9277,-5.5332,3.8823,-0.3671,7.1671,-2.8165,13.8313,6.0234,0.8333,0.15
4.9336,0.0000,0.0000,0.0000,0.0000,0.0000,0.0000,0.1314,-0.4752,-1.9068,0.0491,-0.0470,-0.9977,0.4979,-0.2366,-1.5183,1.0029,-1.1985,-0.4866,0.1762,1.2888,-0.8868,1.4716,0.1473,0.0853,0.8298,0.8181,-0.0465,0.3955,-0.0039,0.5234,0.0388,-0.3102,0.5000,-0.2000,-1.3328,1.1129,-1.2398,-0.4293,0.2000,1.4448,-0.9342,1.3842,120.3179,-2.1746,3.8504,-5.4491,3.8142,-0.2927,7.2277,-2.8626,13.7808,5.9918,0.8611,0.15
4.9536,0.0000,0.0000,0.0000,0.0000,0.0000,0.0000,0.1041,-0.3960,-2.0235,0.0430,-0.0491,-0.9979,0.4996,-0.2369,-1.4975,1.0155,-1.1996,-0.4796,0.1763,1.3029,-0.8873,1.4640,0.0931,0.0155,0.8259,0.5506,0.0310,0.3567,0.0582,0.6747,-0.0000,-0.4226,0.5000,-0.2000,-1.3022,1.0839,-1.2432,-0.4231,0.2000,1.4652,-0.9322,1.3742,120.1894,-2.1927,3.8058,-5.3782,3.8147,-0.2307,7.2692,-2.9019,13.7523,5.9725,0.8889,0.15
4.9746,0.0000,0.0000,0.0000,0.0000,0.0000,0.0000,0.0438,-0.3175,-2.0208,0.0386,-0.0494,-0.9980,0.5013,-0.2374,-1.4746,1.0211,-1.2005,-0.4705,0.1755,1.3183,-0.8876,1.4546,0.1318,-0.0388,1.0391,0.2947,0.0698,0.4459,-0.0892,0.7406,0.0582,-0.5196,0.5000,-0.2000,-1.2717,1.0461,-1.2456,-0.4202,0.2000,1.4856,-0.9295,1.3641,120.1304,-2.2937,3.8039,-5.3458,3.8913,-0.2017,7.2792,-2.9254,13.7366,5.9807,0.9167,0.14
4.9946,0.0000,0.0000,0.0000,0.0000,0.0000,0.0000,-0.0185,-0.2625,-2.0147,0.0353,-0.0491,-0.9982,0.5022,-0.2382,-1.4502,1.0207,-1.2017,-0.4613,0.1742,1.3354,-0.8875,1.4430,0.1047,-0.0465,1.2524,-0.0194,-0.0931,0.4808,-0.1086,0.7832,0.0620,-0.5506,0.5000,-0.2000,-1.2411,1.0014,-1.2472,-0.4191,0.2000,1.5059,-0.9262,1.3541,120.1394,-2.4475,3.8309,-5.3374,4.0137,-0.1909,7.2643,-2.9349,13.7341,6.0082,0.9444,0.15
5.0146,0.0000,0.0000,0.0000,0.0000,0.0000,0.0000,-0.0970,-0.2064,-1.9867,0.0328,-0.0471,-0.9984,0.5027,-0.2393,-1.4227,1.0141,-1.2035,-0.4532,0.1731,1.3552,-0.8874,1.4311,0.0427,-0.0698,1.3028,-0.2443,-0.0620,0.3296,-0.0116,0.8802,0.0078,-0.5894,0.5000,-0.2000,-1.2106,0.9519,-1.2483,-0.4199,0.2000,1.5263,-0.9223,1.3440,120.2624,-2.6760,3.8884,-5.3514,4.1889,-0.1986,7.2205,-2.9327,13.7562,6.0512,0.9722,0.16
5.0346,0.0000,0.0000,0.0000,0.0000,0.0000,0.0000,-0.1753,-0.1501,-1.9052,0.0301,-0.0442,-0.9986,0.5027,-0.2405,-1.3934,1.0009,-1.2054,-0.4461,0.1718,1.3760,-0.8870,1.4171,0.0388,-0.0620,1.3648,-0.6165,-0.0892,0.3722,-0.0427,1.0314,0.0659,-0.6785,0.5000,-0.2000,-1.1800,0.9000,-1.2770,-0.4239,0.2000,1.5467,-0.9180,1.3340,120.4999,-2.9558,3.9843,-5.4078,4.4066,-0.2394,7.1629,-2.9219,13.8067,6.1193,0.0000,0.16
5.0546,0.0000,0.0000,0.0000,0.0000,0.0000,0.0000,-0.2466,-0.0856,-1.6723,0.0284,-0.0390,-0.9988,0.5026,-0.2415,-1.3612,0.9805,-1.2079,-0.4398,0.1704,1.3999,-0.8866,1.4017,0.0271,-0.0853,1.3803,-0.8142,-0.1280,0.4032,-0.0892,1.0314,0.0620,-0.7755,0.5000,-0.2000,-1.2004,0.9052,-1.2699,-0.4322,0.2000,1.5670,-0.9133,1.3239,120.8263,-3.3211,4.1303,-5.5150,4.6984,-0.3216,7.0540,-2.8782,13.8789,6.2211,0.0278,0.15
5.0746,0.0000,0.0000,0.0000,0.0000,0.0000,0.0000,-0.2046,-0.0010,-1.4223,0.0286,-0.0353,-0.9990,0.5025,-0.2425,-1.3309,0.9538,-1.2158,-0.4345,0.1695,1.4203,-0.8859,1.3853,0.0814,-0.0737,1.5238,-1.2175,-0.3567,0.2404,-0.0620,0.9965,0.0310,-0.7832,0.5000,-0.2000,-1.2207,0.9103,-1.2627,-0.4430,0.2000,1.5874,-0.9083,1.3139,121.2397,-3.6940,4.3063,-5.6663,5.0002,-0.4297,6.9367,-2.8222,13.9764,6.3505,0.0556,0.15
5.0956,0.0000,0.0000,0.0000,0.0000,0.0000,0.0000,-0.1727,0.1288,-1.0968,0.0304,-0.0318,-0.9990,0.5027,-0.2433,-1.3054,0.9302,-1.2206,-0.4321,0.1688,1.4456,-0.8849,1.3689,-0.0078,-0.0000,0.9655,-0.9344,-0.0582,0.1280,-0.0427,1.0081,0.0969,-0.8724,0.5000,-0.2000,-1.2411,0.9152,-1.2556,-0.4554,0.2000,1.6078,-0.9031,1.3038,121.7664,-4.1230,4.4853,-5.8047,5.3349,-0.5544,6.8119,-2.7625,14.0801,6.4581,0.0833,0.15
5.1146,0.0000,0.0000,0.0000,0.0000,0.0000,0.0000,-0.1448,0.2435,-0.7841,0.0347,-0.0277,-0.9990,0.5027,-0.2434,-1.2901,0.9137,-1.2218,-0.4320,0.1675,1.4700,-0.8838,1.3517,-0.0078,0.0931,0.6165,-0.8142,0.0116,0.0233,-0.1047,1.1322,0.0582,-0.7871,0.5000,-0.2000,-1.2615,0.9198,-1.2485,-0.4668,0.2000,1.6078,-0.9209,1.3562,122.3157,-4.4914,4.6514,-5.9362,5.6291,-0.6676,6.7050,-2.7088,14.1835,6.5570,0.1111,0.14
5.1345,0.0000,0.0000,0.0000,0.0000,0.0000,0.0000,-0.1407,0.2865,-0.4986,0.0399,-0.0223,-0.9990,0.5027,-0.2429,-1.2818,0.8986,-1.2210,-0.4343,0.1658,1.4925,-0.8834,1.3366,0.0310,0.0504,0.2792,-0.5971,0.0698,-0.1784,0.0078,1.0779,-0.0194,-0.7832,0.5000,-0.2000,-1.2819,0.9239,-1.2414,-0.4760,0.2000,1.5772,-0.9722,1.3689,122.8745,-4.8443,4.8120,-6.0629,5.9071,-0.7596,6.5796,-2.6425,14.2818,6.6590,0.1389,0.15
5.1545,0.0000,0.0000,0.0000,0.0000,0.0000,0.0000,-0.2130,0.2364,-0.2428,0.0454,-0.0146,-0.9989,0.5027,-0.2418,-1.2797,0.8870,-1.2184,-0.4394,0.1647,1.5129,-0.8855,1.3335,0.0388,0.0775,0.0543,-0.5506,0.1784,-0.3063,-0.0504,0.9655,-0.0698,-0.1551,0.5000,-0.2000,-1.3022,0.9276,-1.2342,-0.4834,0.2000,1.5467,-1.0200,1.3813,123.4333,-5.1493,4.9545,-6.1830,6.1303,-0.8342,6.4665,-2.5763,14.3652,6.7652,0.1667,0.14
5.1746,0.0000,0.0000,0.0000,0.0000,0.0000,0.0000,-0.2284,-0.0422,0.0499,0.0468,-0.0064,-0.9989,0.5028,-0.2403,-1.2813,0.8785,-1.2141,-0.4453,0.1633,1.5259,-0.8953,1.3337,0.0659,0.0582,-0.1318,-0.2908,0.2675,-0.2908,-0.0698,0.6049,-0.4071,-0.0194,0.5000,-0.2000,-1.3226,0.9306,-1.2271,-0.4904,0.2000,1.5161,-1.0621,1.3931,123.9781,-5.4104,5.0809,-6.3037,6.3356,-0.9043,6.3524,-2.5154,14.4617,6.8692,0.1944,0.14
5.1956,0.0000,0.0000,0.0000,0.0000,0.0000,0.0000,-0.2166,-0.4935,0.4541,0.0386,0.0012,-0.9993,0.5030,-0.2389,-1.2848,0.8724,-1.2095,-0.4511,0.1624,1.5339,-0.9121,1.3372,0.0737,0.0853,-0.1202,-0.2055,0.1784,-0.2559,-0.0853,0.4188,-0.7134,0.1396,0.5000,-0.2000,-1.3430,0.9331,-1.2200,-0.4964,0.2000,1.4856,-1.0966,1.4039,124.3861,-5.5764,5.1892,-6.4440,6.4568,-0.9641,6.2508,-2.4560,14.5484,6.9835,0.2222,0.14
5.2146,0.0000,0.0000,0.0000,0.0000,0.0000,0.0000,-0.1784,-0.7043,0.8419,0.0245,0.0075,-0.9997,0.5032,-0.2378,-1.2895,0.8702,-1.2056,-0.4572,0.1620,1.5356,-0.9344,1.3434,0.0504,0.0892,-0.1745,-0.0620,0.1202,-0.3218,0.0078,0.0194,-1.0430,0.2947,0.5000,-0.2000,-1.3633,0.9348,-1.2128,-0.4989,0.2000,1.4550,-1.1217,1.4136,124.6893,-5.7496,5.2999,-6.5766,6.5678,-0.9892,6.1424,-2.3852,14.5975,7.0929,0.2500,0.16
5.2345,0.0000,0.0000,0.0000,0.0000,0.0000,0.0000,-0.1696,-0.7374,1.2086,0.0094,0.0129,-0.9999,0.5033,-0.2370,-1.2934,0.8709,-1.2017,-0.4635,0.1618,1.5316,-0.9571,1.3505,0.0582,0.0116,-0.1435,0.0931,0.1745,-0.3024,-0.0271,-0.2404,-1.2136,0.3257,0.5000,-0.2000,-1.3837,0.9358,-1.2057,-0.5000,0.2000,1.4244,-1.1364,1.4221,124.9479,-5.9443,5.4150,-6.7047,6.6872,-1.0104,6.0483,-2.3210,14.6328,7.1887,0.2778,0.15
5.2545,0.0000,0.0000,0.0000,0.0000,0.0000,0.0000,-0.1553,-0.7126,1.4849,-0.0037,0.0188,-0.9998,0.5032,-0.2367,-1.2993,0.8728,-1.1982,-0.4704,0.1618,1.5231,-0.9802,1.3598,0.0310,-0.0000,-0.2559,0.0853,0.1241,-0.3916,-0.0388,-0.4692,-1.0314,0.4304,0.5000,-0.2000,-1.4041,0.9360,-1.1986,-0.5000,0.2000,1.3939,-1.1398,1.4293,125.1537,-6.0864,5.5155,-6.8207,6.7533,-1.0090,5.9781,-2.2630,14.6544,7.2734,0.3056,0.14
5.2756,0.0000,0.0000,0.0000,0.0000,0.0000,0.0000,-0.0927,-0.6717,1.6694,-0.0161,0.0230,-0.9996,0.5034,-0.2365,-1.3077,0.8749,-1.1952,-0.4782,0.1619,1.5106,-1.0009,1.3708,0.1124,0.0388,-0.4459,0.1318,0.0969,-0.3373,-0.0233,-0.5894,-1.0042,0.5855,0.5000,-0.2000,-1.4244,0.9355,-1.1914,-0.4999,0.2000,1.3633,-1.1318,1.4352,125.3251,-6.1513,5.5892,-6.9097,6.7748,-0.9992,5.9349,-2.2204,14.6688,7.3339,0.3333,0.14
5.2945,0.0000,0.0000,0.0000,0.0000,0.0000,0.0000,-0.0039,-0.6561,1.7973,-0.0282,0.0254,-0.9993,0.5036,-0.2363,-1.3179,0.8773,-1.1931,-0.4852,0.1622,1.4948,-1.0185,1.3832,0.0116,-0.0039,-0.5971,0.1551,0.0543,-0.2947,0.0155,-0.7987,-0.6824,0.5700,0.5000,-0.2000,-1.4448,0.9342,-1.1842,-0.4977,0.2000,1.3328,-1.1129,1.4398,125.4440,-6.1666,5.6482,-6.9937,6.7502,-0.9772,5.9067,-2.1816,14.6736,7.3864,0.3611,0.14
5.3145,0.0000,0.0000,0.0000,0.0000,0.0000,0.0000,0.0761,-0.5937,1.7858,-0.0389,0.0266,-0.9989,0.5031,-0.2363,-1.3313,0.8799,-1.1920,-0.4910,0.1623,1.4743,-1.0293,1.3944,-0.0078,0.0116,-0.7134,0.2559,-0.0039,-0.2559,-0.0427,-1.0275,-0.4885,0.5467,0.5000,-0.2000,-1.4652,0.9322,-1.1742,-0.4947,0.2000,1.3022,-1.0839,1.4432,125.5427,-6.1250,5.6767,-7.0379,6.7044,-0.9475,5.9003,-2.1632,14.6778,7.4063,0.3889,0.14
5.3345,0.0000,0.0000,0.0000,0.0000,0.0000,0.0000,0.1600,-0.5218,1.6557,-0.0502,0.0255,-0.9984,0.5024,-0.2363,-1.3474,0.8823,-1.1929,-0.4943,0.1624,1.4501,-1.0350,1.4054,0.0271,0.0116,-0.6863,0.2714,-0.1241,-0.1280,-0.0543,-1.1167,-0.1745,0.5312,0.5000,-0.2000,-1.4856,0.9295,-1.1641,-0.4907,0.2000,1.2717,-1.0461,1.4456,125.6039,-5.9958,5.6773,-7.0563,6.6037,-0.9072,5.9234,-2.1628,14.6804,7.4030,0.4167,0.14
5.3545,0.0000,0.0000,0.0000,0.0000,0.0000,0.0000,0.2569,-0.3810,1.4038,-0.0587,0.0226,-0.9980,0.5001,-0.2363,-1.3634,0.8860,-1.1944,-0.4954,0.1623,1.4256,-1.0346,1.4161,-0.1706,-0.0620,-0.6747,0.2288,-0.1628,0.0155,-0.0427,-1.1632,0.0116,0.5196,0.5000,-0.2000,-1.5059,0.9262,-1.1541,-0.4856,0.2000,1.2411,-1.0014,1.4472,125.6340,-5.8300,5.6572,-7.0455,6.4850,-0.8557,5.9617,-2.1704,14.6760,7.3740,0.4444,0.14
5.3746,0.0000,0.0000,0.0000,0.0000,0.0000,0.0000,0.3132,-0.2671,1.1893,-0.0659,0.0179,-0.9977,0.4971,-0.2363,-1.3786,0.8899,-1.1971,-0.4948,0.1620,1.4012,-1.0267,1.4254,-0.0892,0.0271,-0.8298,0.2869,-0.1163,0.0310,-0.0620,-1.2369,0.4304,0.4226,0.5000,-0.2000,-1.5263,0.9223,-1.1440,-0.4806,0.2000,1.2106,-0.9519,1.4483,125.6240,-5.6119,5.6137,-7.0197,6.3226,-0.8059,6.0207,-2.1867,14.6579,7.3309,0.4722,0.16
5.3955,0.0000,0.0000,0.0000,0.0000,0.0000,0.0000,0.3517,-0.1229,0.9921,-0.0706,0.0118,-0.9974,0.4946,-0.2364,-1.3958,0.8943,-1.1998,-0.4929,0.1618,1.3747,-1.0107,1.4336,-0.1008,0.0698,-0.7445,0.2443,-0.1086,0.0853,-0.0155,-1.0857,0.7794,0.3606,0.5000,-0.2000,-1.5467,0.9180,-1.1340,-0.4772,0.2000,1.1800,-0.9000,1.4770,125.5172,-5.3577,5.5487,-6.9783,6.1428,-0.7723,6.0931,-2.2129,14.6279,7.2721,0.5000,0.16
5.4165,0.0000,0.0000,0.0000,0.0000,0.0000,0.0000,0.4008,0.0436,0.8323,-0.0719,0.0058,-0.9974,0.4931,-0.2365,-1.4123,0.8982,-1.2009,-0.4905,0.1618,1.3447,-0.9864,1.4400,-0.0310,0.0620,-0.7794,0.1977,-0.0349,0.1357,-0.0271,-1.3299,1.1942,0.2443,0.5000,-0.2000,-1.5670,0.9133,-1.1239,-0.4759,0.2000,1.2004,-0.9052,1.4699,125.3624,-5.1302,5.4881,-6.9360,5.9852,-0.7592,6.1616,-2.2333,14.5801,7.2138,0.5278,0.17
5.4356,0.0000,0.0000,0.0000,0.0000,0.0000,0.0000,0.3977,0.2483,0.7327,-0.0708,-0.0006,-0.9975,0.4923,-0.2367,-1.4302,0.9018,-1.2011,-0.4877,0.1619,1.3181,-0.9554,1.4493,-0.0233,0.0194,-0.8298,0.1551,0.0465,0.2210,0.0116,-1.4036,1.3416,0.4343,0.5000,-0.2000,-1.5874,0.9083,-1.1139,-0.4775,0.2000,1.2207,-0.9103,1.4627,125.1238,-4.8898,5.4087,-6.8736,5.8312,-0.7751,6.2373,-2.2600,14.5214,7.1385,0.5556,0.16
5.4555,0.0000,0.0000,0.0000,0.0000,0.0000,0.0000,0.2928,0.4275,0.6866,-0.0656,-0.0054,-0.9978,0.4918,-0.2367,-1.4488,0.9043,-1.2003,-0.4855,0.1622,1.2971,-0.9323,1.4541,-0.0078,0.0388,-0.8995,0.1590,0.1163,0.2171,-0.0737,-0.8647,1.1593,0.2133,0.5000,-0.2000,-1.6078,0.9031,-1.1038,-0.4804,0.2000,1.2411,-0.9152,1.4556,124.7433,-4.6334,5.2973,-6.7793,5.6777,-0.8040,6.3184,-2.3037,14.4657,7.0342,0.5833,0.15
5.4755,0.0000,0.0000,0.0000,0.0000,0.0000,0.0000,0.2843,0.5851,0.6473,-0.0571,-0.0108,-0.9983,0.4916,-0.2369,-1.4670,0.9052,-1.1981,-0.4843,0.1630,1.2856,-0.9125,1.4567,0.0349,-0.0271,-0.9228,0.0969,0.1086,0.0853,0.0388,-0.4149,0.9151,0.1008,0.5000,-0.2000,-1.6078,0.9209,-1.1562,-0.4815,0.2000,1.2615,-0.9198,1.4485,124.2137,-4.3506,5.1783,-6.6866,5.4895,-0.8148,6.3869,-2.3351,14.3963,6.9357,0.6111,0.14
5.4956,0.0000,0.0000,0.0000,0.0000,0.0000,0.0000,0.2679,0.7106,0.6028,-0.0449,-0.0176,-0.9988,0.4917,-0.2372,-1.4863,0.9058,-1.1932,-0.4848,0.1646,1.2807,-0.8976,1.4582,0.0388,-0.0078,-0.9267,0.0737,0.2986,-0.0698,0.0620,-0.1551,0.7406,0.0465,0.5000,-0.2000,-1.5772,0.9722,-1.1689,-0.4811,0.2000,1.2819,-0.9239,1.4414,123.5957,-4.0747,5.0418,-6.5789,5.2880,-0.8106,6.4516,-2.3677,14.3188,6.8309,0.6389,0.14
5.5155,0.0000,0.0000,0.0000,0.0000,0.0000,0.0000,0.1432,0.6389,0.5576,-0.0314,-0.0213,-0.9993,0.4920,-0.2375,-1.5044,0.9085,-1.1946,-0.4861,0.1667,1.2801,-0.8857,1.4586,0.0233,0.0427,-0.9926,0.0582,-0.0659,-0.0543,0.0698,-0.0233,0.4963,0.0116,0.5000,-0.2000,-1.5467,1.0200,-1.1813,-0.4789,0.2000,1.3022,-0.9276,1.4342,122.8672,-3.7715,4.8834,-6.4430,5.0495,-0.7888,6.5096,-2.3970,14.2139,6.7171,0.6667,0.15
5.5365,0.0000,0.0000,0.0000,0.0000,0.0000,0.0000,0.1387,0.3872,0.4064,-0.0223,-0.0263,-0.9994,0.4922,-0.2378,-1.5175,0.9172,-1.1956,-0.4881,0.1689,1.2817,-0.8776,1.4586,0.0504,0.0233,-0.7212,0.3722,0.0155,-0.0969,0.1124,0.0233,0.3645,-0.0698,0.5000,-0.2000,-1.5161,1.0621,-1.1931,-0.4753,0.2000,1.3226,-0.9306,1.4271,122.1452,-3.4501,4.7079,-6.3007,4.7933,-0.7530,6.5862,-2.4479,14.1311,6.5933,0.6944,0.14
5.5555,0.0000,0.0000,0.0000,0.0000,0.0000,0.0000,0.1159,0.0574,0.0875,-0.0205,-0.0322,-0.9993,0.4922,-0.2382,-1.5257,0.9320,-1.1981,-0.4893,0.1709,1.2842,-0.8713,1.4585,0.0388,-0.0698,-0.5234,0.7328,-0.1202,-0.0504,0.0194,0.0427,0.2443,-0.0078,0.5000,-0.2000,-1.4856,1.0966,-1.2039,-0.4681,0.2000,1.3430,-0.9331,1.4200,121.4785,-3.1127,4.5194,-6.1336,4.5202,-0.6812,6.6827,-2.5134,14.0506,6.4541,0.7222,0.14
5.5755,0.0000,0.0000,0.0000,0.0000,0.0000,0.0000,0.0077,-0.0931,-0.3657,-0.0226,-0.0362,-0.9991,0.4917,-0.2390,-1.5307,0.9512,-1.2009,-0.4899,0.1719,1.2851,-0.8692,1.4576,0.0504,-0.0116,-0.2094,0.8763,-0.1473,-0.0078,0.0116,-0.1241,0.0659,-0.0931,0.5000,-0.2000,-1.4550,1.1217,-1.2136,-0.4568,0.2000,1.3633,-0.9348,1.4128,120.9319,-2.8120,4.3285,-5.9386,4.2750,-0.5681,6.7943,-2.5915,13.9643,6.3153,0.7500,0.14
5.5965,0.0000,0.0000,0.0000,0.0000,0.0000,0.0000,-0.0477,-0.0640,-0.8641,-0.0240,-0.0382,-0.9990,0.4911,-0.2395,-1.5298,0.9721,-1.2045,-0.4891,0.1733,1.2861,-0.8699,1.4555,-0.0349,0.0078,0.0931,1.0818,-0.1512,0.1086,0.0737,0.0504,-0.0271,-0.1047,0.5000,-0.2000,-1.4244,1.1364,-1.2221,-0.4445,0.2000,1.3837,-0.9358,1.4057,120.5097,-2.5432,4.1568,-5.7487,4.0676,-0.4452,6.9278,-2.6753,13.8807,6.1696,0.7778,0.14
5.6156,0.0000,0.0000,0.0000,0.0000,0.0000,0.0000,-0.0153,-0.0508,-1.3016,-0.0242,-0.0391,-0.9989,0.4904,-0.2396,-1.5243,0.9919,-1.2085,-0.4845,0.1745,1.2891,-0.8714,1.4519,-0.0349,0.0504,0.1706,0.9228,-0.1163,0.3490,0.0388,0.1357,-0.1047,-0.1745,0.5000,-0.2000,-1.3939,1.1398,-1.2293,-0.4330,0.2000,1.4041,-0.9360,1.3986,120.2064,-2.3049,4.0123,-5.5921,3.8778,-0.3297,7.0652,-2.7526,13.8087,6.0611,0.8056,0.18
5.6355,0.0000,0.0000,0.0000,0.0000,0.0000,0.0000,0.0702,-0.0011,-1.4422,-0.0235,-0.0430,-0.9988,0.4905,-0.2398,-1.5129,1.0097,-1.2113,-0.4766,0.1750,1.2950,-0.8731,1.4475,0.1357,0.0233,0.4924,0.7987,-0.0814,0.4614,-0.0233,0.2830,-0.1047,-0.1745,0.5000,-0.2000,-1.3633,1.1318,-1.2352,-0.4248,0.2000,1.4244,-0.9355,1.3914,119.9167,-2.1530,3.9185,-5.5000,3.7541,-0.2482,7.1514,-2.8004,13.7423,6.0100,0.8333,0.16
5.6565,0.0000,0.0000,0.0000,0.0000,0.0000,0.0000,0.0143,0.0939,-1.2958,-0.0196,-0.0449,-0.9988,0.4925,-0.2399,-1.4981,1.0230,-1.2117,-0.4658,0.1746,1.3029,-0.8756,1.4426,0.1939,0.0388,0.6204,0.4963,0.0388,0.5157,-0.1590,0.4537,-0.1977,-0.2792,0.5000,-0.2000,-1.3328,1.1129,-1.2398,-0.4221,0.2000,1.4448,-0.9342,1.3842,119.5883,-2.1519,3.8692,-5.4409,3.7403,-0.2210,7.1741,-2.8211,13.6772,5.9960,0.8611,0.15
5.6755,0.0000,0.0000,0.0000,0.0000,0.0000,0.0000,0.0129,0.0471,-1.3287,-0.0171,-0.0467,-0.9988,0.4947,-0.2399,-1.4827,1.0296,-1.2113,-0.4561,0.1742,1.3136,-0.8796,1.4365,0.1473,-0.0039,0.7328,0.2947,0.1086,0.3916,-0.0737,0.6010,-0.1745,-0.3063,0.5000,-0.2000,-1.3022,1.0839,-1.2432,-0.4195,0.2000,1.4652,-0.9322,1.3742,119.3336,-2.1778,3.8233,-5.3841,3.7488,-0.1949,7.2041,-2.8544,13.6449,5.9820,0.8889,0.15
5.6955,0.0000,0.0000,0.0000,0.0000,0.0000,0.0000,-0.0457,0.1029,-1.3927,-0.0136,-0.0467,-0.9988,0.4954,-0.2399,-1.4639,1.0307,-1.2111,-0.4491,0.1733,1.3272,-0.8835,1.4302,0.0814,-0.0000,0.9810,0.0388,0.0388,0.3102,-0.0814,0.6243,-0.2598,-0.3141,0.5000,-0.2000,-1.2717,1.0461,-1.2456,-0.4168,0.2000,1.4856,-0.9295,1.3641,119.1720,-2.2794,3.8121,-5.3420,3.8312,-0.1683,7.2001,-2.8705,13.6160,5.9851,0.9167,0.14
5.7155,0.0000,0.0000,0.0000,0.0000,0.0000,0.0000,-0.0855,0.1783,-1.4500,-0.0089,-0.0445,-0.9990,0.4962,-0.2399,-1.4409,1.0259,-1.2109,-0.4436,0.1725,1.3422,-0.8868,1.4222,0.0078,0.0388,1.0857,-0.1861,0.0078,0.2365,-0.0543,0.7173,-0.0620,-0.4149,0.5000,-0.2000,-1.2411,1.0014,-1.2472,-0.4160,0.2000,1.5059,-0.9262,1.3541,119.1564,-2.4496,3.8390,-5.3319,3.9626,-0.1597,7.1842,-2.8795,13.6132,6.0035,0.9444,0.14
5.7355,0.0000,0.0000,0.0000,0.0000,0.0000,0.0000,-0.1087,0.2513,-1.4895,-0.0022,-0.0420,-0.9991,0.4972,-0.2401,-1.4166,1.0154,-1.2109,-0.4391,0.1712,1.3585,-0.8888,1.4132,0.0659,0.0504,1.1477,-0.4537,0.0388,0.2482,-0.0504,0.7212,-0.0698,-0.5002,0.5000,-0.2000,-1.2106,0.9519,-1.2483,-0.4181,0.2000,1.5263,-0.9223,1.3440,119.3166,-2.6858,3.9019,-5.3512,4.1580,-0.1811,7.1481,-2.8800,13.6393,6.0462,0.9722,0.14
5.7555,0.0000,0.0000,0.0000,0.0000,0.0000,0.0000,-0.1719,0.3142,-1.5452,0.0049,-0.0390,-0.9992,0.4981,-0.2403,-1.3905,0.9991,-1.2111,-0.4354,0.1700,1.3764,-0.8892,1.4035,0.0310,-0.0000,1.1787,-0.8414,0.0543,0.1318,-0.0969,0.7910,0.0155,-0.5273,0.5000,-0.2000,-1.1800,0.9000,-1.2770,-0.4221,0.2000,1.5467,-0.9180,1.3340,119.6509,-2.9850,4.0001,-5.4013,4.3984,-0.2215,7.0930,-2.8730,13.6989,6.1098,0.0000,0.14
5.7765,0.0000,0.0000,0.0000,0.0000,0.0000,0.0000,-0.2443,0.4130,-1.5508,0.0137,-0.0339,-0.9993,0.4983,-0.2407,-1.3621,0.9763,-1.2115,-0.4325,0.1695,1.3961,-0.8888,1.3925,0.0039,-0.0194,1.3571,-1.0508,0.0155,0.1861,0.0504,0.8879,0.0698,-0.5351,0.5000,-0.2000,-1.2004,0.9052,-1.2699,-0.4293,0.2000,1.5670,-0.9133,1.3239,120.1384,-3.3523,4.1363,-5.4836,4.7008,-0.2927,7.0116,-2.8491,13.7792,6.1931,0.0278,0.14
5.7965,0.0000,0.0000,0.0000,0.0000,0.0000,0.0000,-0.1972,0.5092,-1.4402,0.0246,-0.0301,-0.9992,0.4987,-0.2411,-1.3307,0.9466,-1.2176,-0.4303,0.1693,1.4186,-0.8875,1.3809,0.0388,0.0427,1.3648,-1.2175,-0.2637,0.0814,-0.0310,1.0469,0.1396,-0.4808,0.5000,-0.2000,-1.2207,0.9103,-1.2627,-0.4396,0.2000,1.5874,-0.9083,1.3139,120.7377,-3.7282,4.3124,-5.6257,5.0152,-0.3956,6.9150,-2.8009,13.8884,6.3064,0.0556,0.14
5.8165,0.0000,0.0000,0.0000,0.0000,0.0000,0.0000,-0.1335,0.6145,-1.2626,0.0372,-0.0270,-0.9989,0.4995,-0.2415,-1.3083,0.9243,-1.2207,-0.4291,0.1690,1.4408,-0.8850,1.3693,0.0814,0.0078,1.0004,-1.0430,-0.1241,0.0465,-0.0853,1.1399,0.1124,-0.5894,0.5000,-0.2000,-1.2411,0.9152,-1.2556,-0.4520,0.2000,1.6078,-0.9031,1.3038,121.4538,-4.1496,4.4920,-5.7603,5.3635,-0.5195,6.8042,-2.7516,14.0174,6.4124,0.0833,0.15
5.8365,0.0000,0.0000,0.0000,0.0000,0.0000,0.0000,-0.1005,0.6942,-1.0722,0.0514,-0.0233,-0.9984,0.5007,-0.2413,-1.2936,0.9069,-1.2210,-0.4303,0.1686,1.4648,-0.8824,1.3572,0.1163,0.0155,0.6863,-0.7561,-0.0543,-0.0271,-0.0582,1.1167,0.1512,-0.5079,0.5000,-0.2000,-1.2615,0.9198,-1.2485,-0.4631,0.2000,1.6078,-0.9209,1.3562,122.2259,-4.5501,4.6657,-5.8891,5.6870,-0.6307,6.6951,-2.6966,14.1415,6.5160,0.1111,0.14
5.8575,0.0000,0.0000,0.0000,0.0000,0.0000,0.0000,-0.0751,0.6812,-0.8857,0.0657,-0.0179,-0.9977,0.5021,-0.2406,-1.2849,0.8937,-1.2198,-0.4340,0.1678,1.4897,-0.8804,1.3450,0.0698,0.1163,0.3141,-0.6010,0.1047,-0.2016,-0.0698,1.2136,0.0892,-0.5932,0.5000,-0.2000,-1.2819,0.9239,-1.2414,-0.4727,0.2000,1.5772,-0.9722,1.3689,123.0007,-4.8994,4.8179,-6.0105,5.9620,-0.7272,6.5993,-2.6499,14.2745,6.6135,0.1389,0.14
5.8765,0.0000,0.0000,0.0000,0.0000,0.0000,0.0000,-0.1051,0.5883,-0.7233,0.0788,-0.0130,-0.9968,0.5028,-0.2392,-1.2814,0.8844,-1.2173,-0.4406,0.1669,1.5132,-0.8808,1.3443,0.0698,0.1551,0.1163,-0.4420,0.1551,-0.2792,-0.0969,1.0353,0.0310,-0.0582,0.5000,-0.2000,-1.3022,0.9276,-1.2342,-0.4799,0.2000,1.5467,-1.0200,1.3813,123.7592,-5.2065,4.9629,-6.1345,6.1932,-0.7991,6.4932,-2.5856,14.3853,6.7258,0.1667,0.18
5.8975,0.0000,0.0000,0.0000,0.0000,0.0000,0.0000,-0.1848,0.2903,-0.5018,0.0862,-0.0053,-0.9963,0.5035,-0.2372,-1.2816,0.8771,-1.2129,-0.4469,0.1660,1.5272,-0.8880,1.3454,0.0775,0.1435,-0.0116,-0.2947,0.2210,-0.2947,-0.0853,0.8336,-0.3335,0.0194,0.5000,-0.2000,-1.3226,0.9306,-1.2271,-0.4872,0.2000,1.5161,-1.0621,1.3931,124.4746,-5.4836,5.0892,-6.2508,6.4117,-0.8721,6.3823,-2.5311,14.5093,6.8333,0.1944,0.16
5.9175,0.0000,0.0000,0.0000,0.0000,0.0000,0.0000,-0.1571,-0.0617,-0.0738,0.0859,0.0005,-0.9963,0.5040,-0.2357,-1.2828,0.8728,-1.2083,-0.4526,0.1655,1.5366,-0.9033,1.3507,0.0582,0.1318,-0.0388,-0.0775,0.1861,-0.1551,-0.0155,0.4537,-0.6165,0.1745,0.5000,-0.2000,-1.3430,0.9331,-1.2200,-0.4948,0.2000,1.4856,-1.0966,1.4039,125.0477,-5.7052,5.2234,-6.4089,6.5824,-0.9483,6.2687,-2.4575,14.6089,6.9622,0.2222,0.15
5.9375,0.0000,0.0000,0.0000,0.0000,0.0000,0.0000,-0.1644,-0.2901,0.4367,0.0804,0.0053,-0.9968,0.5053,-0.2349,-1.2833,0.8725,-1.2041,-0.4577,0.1653,1.5408,-0.9221,1.3584,0.1202,0.1241,0.0271,-0.0155,0.1900,-0.2598,0.0194,0.2055,-0.8375,0.3567,0.5000,-0.2000,-1.3633,0.9348,-1.2128,-0.5000,0.2000,1.4550,-1.1217,1.4136,125.4593,-5.9327,5.3597,-6.5753,6.7337,-1.0143,6.1436,-2.3762,14.6781,7.0984,0.2500,0.15
5.9565,0.0000,0.0000,0.0000,0.0000,0.0000,0.0000,-0.1788,-0.3351,0.8787,0.0731,0.0100,-0.9973,0.5068,-0.2343,-1.2847,0.8740,-1.2001,-0.4643,0.1651,1.5392,-0.9438,1.3683,0.0155,0.0155,-0.0698,0.1280,0.1822,-0.2675,-0.0233,-0.1163,-0.9655,0.4614,0.5000,-0.2000,-1.3837,0.9358,-1.2057,-0.5000,0.2000,1.4244,-1.1364,1.4221,125.7920,-6.1879,5.4976,-6.7264,6.8937,-1.0669,6.0283,-2.2961,14.7234,7.2141,0.2778,0.14
5.9765,0.0000,0.0000,0.0000,0.0000,0.0000,0.0000,-0.1756,-0.2992,1.2091,0.0668,0.0139,-0.9977,0.5071,-0.2341,-1.2877,0.8774,-1.1960,-0.4719,0.1651,1.5331,-0.9646,1.3796,-0.0310,0.0388,-0.2443,0.1706,0.1706,-0.3528,-0.0427,-0.3179,-0.9771,0.4730,0.5000,-0.2000,-1.4041,0.9360,-1.1986,-0.5000,0.2000,1.3939,-1.1398,1.4293,126.0699,-6.3821,5.6115,-6.8530,7.0098,-1.1012,5.9459,-2.2337,14.7635,7.3058,0.3056,0.14
5.9966,0.0000,0.0000,0.0000,0.0000,0.0000,0.0000,-0.1761,-0.2715,1.4533,0.0619,0.0171,-0.9979,0.5076,-0.2340,-1.2940,0.8812,-1.1919,-0.4799,0.1652,1.5222,-0.9838,1.3924,0.0737,-0.0543,-0.3761,0.2171,0.2016,-0.4653,-0.0271,-0.5196,-0.9461,0.5855,0.5000,-0.2000,-1.4244,0.9355,-1.1914,-0.5000,0.2000,1.3633,-1.1318,1.4352,126.3041,-6.5228,5.7074,-6.9589,7.0856,-1.1162,5.8740,-2.1762,14.7873,7.3843,0.3333,0.14
6.0175,0.0000,0.0000,0.0000,0.0000,0.0000,0.0000,-0.1526,-0.2090,1.6413,0.0585,0.0193,-0.9981,0.5089,-0.2340,-1.3038,0.8848,-1.1876,-0.4891,0.1653,1.5072,-0.9992,1.4051,0.1435,0.0039,-0.5777,0.1977,0.1590,-0.4149,0.0310,-0.8530,-0.7289,0.6049,0.5000,-0.2000,-1.4448,0.9342,-1.1842,-0.5000,0.2000,1.3328,-1.1129,1.4398,126.4925,-6.5963,5.7817,-7.0487,7.1116,-1.1235,5.8305,-2.1287,14.7964,7.4477,0.3611,0.37
6.0385,0.0000,0.0000,0.0000,0.0000,0.0000,0.0000,-0.1452,-0.1264,1.8180,0.0569,0.0207,-0.9982,0.5106,-0.2340,-1.3179,0.8876,-1.1830,-0.4963,0.1654,1.4875,-1.0104,1.4189,0.0620,0.0039,-0.5816,0.0892,0.2288,-0.2830,-0.0271,-0.9849,-0.4343,0.6281,0.5000,-0.2000,-1.4652,0.9322,-1.1742,-0.5000,0.2000,1.3022,-1.0839,1.4432,126.5948,-6.6260,5.8336,-7.1246,7.1084,-1.1386,5.8057,-2.0944,14.7953,7.4951,0.3889,0.22
6.0565,0.0000,0.0000,0.0000,0.0000,0.0000,0.0000,-0.1175,-0.0200,1.9747,0.0574,0.0216,-0.9981,0.5115,-0.2341,-1.3319,0.8890,-1.1783,-0.5013,0.1654,1.4664,-1.0154,1.4313,0.0659,0.0271,-0.8530,0.0039,0.2249,-0.1667,-0.0543,-1.0895,-0.0814,0.5545,0.5000,-0.2000,-1.4856,0.9295,-1.1641,-0.5000,0.2000,1.2717,-1.0461,1.4456,126.6074,-6.6118,5.8707,-7.1863,7.0765,-1.1546,5.7930,-2.0645,14.7777,7.5255,0.4167,0.18
6.0775,0.0000,0.0000,0.0000,0.0000,0.0000,0.0000,-0.0853,0.0612,2.1139,0.0597,0.0214,-0.9980,0.5120,-0.2341,-1.3496,0.8889,-1.1724,-0.5041,0.1654,1.4410,-1.0146,1.4413,0.0233,-0.0039,-0.8375,-0.0349,0.3877,-0.1435,-0.0271,-1.2059,0.0814,0.4575,0.5000,-0.2000,-1.5059,0.9262,-1.1541,-0.5000,0.2000,1.2411,-1.0014,1.4472,126.5200,-6.5597,5.8816,-7.2236,7.0371,-1.1830,5.7890,-2.0474,14.7530,7.5343,0.4444,0.15
6.0975,0.0000,0.0000,0.0000,0.0000,0.0000,0.0000,-0.0385,0.1089,2.2074,0.0630,0.0195,-0.9978,0.5121,-0.2341,-1.3690,0.8882,-1.1665,-0.5066,0.1655,1.4147,-1.0078,1.4510,-0.0620,0.0039,-0.9732,-0.0775,0.3335,-0.1047,0.0039,-1.2524,0.3528,0.3490,0.5000,-0.2000,-1.5263,0.9223,-1.1440,-0.5000,0.2000,1.2106,-0.9519,1.4483,126.3094,-6.4326,5.8655,-7.2393,6.9496,-1.2129,5.8062,-2.0401,14.7145,7.5181,0.4722,0.14
6.1165,0.0000,0.0000,0.0000,0.0000,0.0000,0.0000,0.0814,0.1941,2.2077,0.0670,0.0158,-0.9976,0.5120,-0.2341,-1.3912,0.8864,-1.1604,-0.5084,0.1655,1.3849,-0.9941,1.4584,0.0271,-0.0155,-1.1051,-0.1163,0.2947,-0.0504,-0.0504,-1.5044,0.6747,0.3373,0.5000,-0.2000,-1.5467,0.9180,-1.1340,-0.5000,0.2000,1.1800,-0.9000,1.4770,126.0365,-6.2561,5.8334,-7.2371,6.8348,-1.2387,5.8399,-2.0415,14.6642,7.4860,0.5000,0.14
6.1375,0.0000,0.0000,0.0000,0.0000,0.0000,0.0000,0.2405,0.3218,2.0765,0.0723,0.0103,-0.9973,0.5110,-0.2341,-1.4156,0.8832,-1.1566,-0.5097,0.1654,1.3507,-0.9754,1.4644,-0.0310,-0.0194,-1.1593,-0.0775,0.0659,-0.0465,0.0000,-1.5161,0.8995,0.2908,0.5000,-0.2000,-1.5670,0.9133,-1.1239,-0.5000,0.2000,1.2004,-0.9052,1.4699,125.6899,-6.0056,5.7670,-7.1965,6.6918,-1.2622,5.9046,-2.0637,14.6138,7.4110,0.5278,0.14
6.1575,0.0000,0.0000,0.0000,0.0000,0.0000,0.0000,0.3084,0.4311,1.7507,0.0781,0.0040,-0.9969,0.5091,-0.2341,-1.4411,0.8805,-1.1554,-0.5103,0.1651,1.3153,-0.9490,1.4750,-0.0892,0.0659,-1.1438,-0.0194,-0.0000,0.0892,-0.0737,-1.5858,1.1361,0.4459,0.5000,-0.2000,-1.5874,0.9083,-1.1139,-0.5000,0.2000,1.2207,-0.9103,1.4627,125.3410,-5.7102,5.6660,-7.1057,6.5261,-1.2796,5.9935,-2.1071,14.5588,7.3013,0.5556,0.14
6.1785,0.0000,0.0000,0.0000,0.0000,0.0000,0.0000,0.2409,0.5599,1.3056,0.0865,-0.0026,-0.9963,0.5050,-0.2343,-1.4646,0.8792,-1.1557,-0.5107,0.1650,1.2916,-0.9282,1.4832,-0.1900,0.0349,-1.0818,-0.0078,-0.0659,-0.0543,-0.1124,-1.0857,0.9151,0.3955,0.5000,-0.2000,-1.6078,0.9031,-1.1038,-0.5000,0.2000,1.2411,-0.9152,1.4556,124.9532,-5.3777,5.5256,-6.9590,6.3385,-1.2582,6.0867,-2.1672,14.5134,7.1544,0.5833,0.14
6.1985,0.0000,0.0000,0.0000,0.0000,0.0000,0.0000,0.2229,0.7727,0.9500,0.0983,-0.0093,-0.9951,0.5025,-0.2348,-1.4872,0.8789,-1.1557,-0.5112,0.1653,1.2765,-0.9099,1.4905,-0.0155,-0.0698,-1.0469,0.0388,-0.0737,-0.0388,-0.0271,-0.6204,0.8065,0.3296,0.5000,-0.2000,-1.6078,0.9209,-1.1562,-0.5000,0.2000,1.2615,-0.9198,1.4485,124.5257,-5.0330,5.3871,-6.8219,6.1255,-1.2247,6.1809,-2.2164,14.4515,7.0149,0.6111,0.14
6.2175,0.0000,0.0000,0.0000,0.0000,0.0000,0.0000,0.2431,0.9410,0.6317,0.1139,-0.0176,-0.9933,0.5019,-0.2359,-1.5105,0.8791,-1.1543,-0.5118,0.1663,1.2672,-0.8956,1.4963,0.0582,-0.0698,-1.0857,0.0039,0.1473,0.0465,0.0039,-0.3645,0.7134,0.2482,0.5000,-0.2000,-1.5772,0.9722,-1.1689,-0.5000,0.2000,1.2819,-0.9239,1.4414,124.0763,-4.6858,5.2358,-6.6850,5.8975,-1.1924,6.2861,-2.2707,14.3909,6.8778,0.6389,0.16
6.2385,0.0000,0.0000,0.0000,0.0000,0.0000,0.0000,0.1496,0.9322,0.4207,0.1333,-0.0244,-0.9908,0.5017,-0.2369,-1.5308,0.8827,-1.1598,-0.5117,0.1683,1.2651,-0.8833,1.5012,0.0349,0.0271,-0.9693,0.2637,-0.2598,0.0194,0.0737,-0.1784,0.6281,0.2637,0.5000,-0.2000,-1.5467,1.0200,-1.1813,-0.5000,0.2000,1.3022,-0.9276,1.4342,123.5072,-4.3272,5.0661,-6.5367,5.6369,-1.1468,6.3744,-2.3110,14.2876,6.7412,0.6667,0.19
6.2585,0.0000,0.0000,0.0000,0.0000,0.0000,0.0000,0.1697,0.5235,0.1126,0.1446,-0.0320,-0.9890,0.5017,-0.2374,-1.5460,0.8928,-1.1639,-0.5120,0.1706,1.2666,-0.8714,1.5044,-0.0155,-0.0582,-0.7018,0.4265,-0.1822,0.0543,0.0775,0.0000,0.6747,0.1047,0.5000,-0.2000,-1.5161,1.0621,-1.1931,-0.5000,0.2000,1.3226,-0.9306,1.4271,122.9327,-3.9319,4.8722,-6.3930,5.3275,-1.1012,6.4934,-2.3865,14.2277,6.6086,0.6944,0.17
6.2775,0.0000,0.0000,0.0000,0.0000,0.0000,0.0000,0.1659,0.1933,-0.2228,0.1481,-0.0373,-0.9883,0.5016,-0.2379,-1.5550,0.9074,-1.1677,-0.5122,0.1729,1.2681,-0.8633,1.5059,-0.0000,0.0271,-0.4614,0.7057,-0.0659,0.0659,0.1086,-0.0271,0.3684,0.0039,0.5000,-0.2000,-1.4856,1.0966,-1.2039,-0.5000,0.2000,1.3430,-0.9331,1.4200,122.3821,-3.5770,4.6726,-6.2282,5.0450,-1.0283,6.6092,-2.4630,14.1510,6.4786,0.7222,0.16
6.2975,0.0000,0.0000,0.0000,0.0000,0.0000,0.0000,0.2590,0.1332,-0.4910,0.1503,-0.0448,-0.9876,0.5021,-0.2382,-1.5569,0.9259,-1.1711,-0.5126,0.1750,1.2690,-0.8601,1.5058,0.0698,-0.0310,-0.0814,0.8026,-0.0349,-0.0271,0.1086,-0.0078,0.1551,-0.0427,0.5000,-0.2000,-1.4550,1.1217,-1.2136,-0.4945,0.2000,1.3633,-0.9348,1.4128,121.8602,-3.2811,4.5143,-6.0955,4.8131,-0.9451,6.7145,-2.5245,14.0720,6.3727,0.7500,0.15
6.3175,0.0000,0.0000,0.0000,0.0000,0.0000,0.0000,0.2268,0.1256,-0.6825,0.1528,-0.0504,-0.9870,0.5033,-0.2386,-1.5553,0.9459,-1.1727,-0.5130,0.1769,1.2705,-0.8603,1.5041,0.1435,-0.0194,0.0349,0.9073,-0.0000,0.0427,0.0582,-0.0194,-0.0155,-0.0620,0.5000,-0.2000,-1.4244,1.1364,-1.2221,-0.4873,0.2000,1.3837,-0.9358,1.4057,121.3902,-3.0715,4.3738,-5.9566,4.6413,-0.8732,6.8047,-2.5798,13.9832,6.2723,0.7778,0.15
6.3375,0.0000,0.0000,0.0000,0.0000,0.0000,0.0000,0.2345,0.1021,-0.8721,0.1551,-0.0544,-0.9864,0.5049,-0.2387,-1.5496,0.9651,-1.1735,-0.5124,0.1781,1.2748,-0.8628,1.4997,0.1047,-0.0000,0.2288,0.8491,-0.0116,0.0349,-0.0349,0.1667,-0.1202,-0.2365,0.5000,-0.2000,-1.3939,1.1398,-1.2293,-0.4806,0.2000,1.4041,-0.9360,1.3986,120.9587,-2.8900,4.2470,-5.8304,4.4985,-0.8058,6.9015,-2.6422,13.9140,6.1833,0.8056,0.14
6.3575,0.0000,0.0000,0.0000,0.0000,0.0000,0.0000,0.2497,0.0944,-1.0868,0.1573,-0.0571,-0.9859,0.5065,-0.2386,-1.5401,0.9813,-1.1747,-0.5111,0.1783,1.2807,-0.8666,1.4939,0.0659,0.0737,0.3994,0.7832,-0.0465,0.0853,0.0194,0.1977,-0.1822,-0.2792,0.5000,-0.2000,-1.3633,1.1318,-1.2352,-0.4733,0.2000,1.4244,-0.9355,1.3914,120.5948,-2.7642,4.1432,-5.7126,4.3938,-0.7325,6.9785,-2.6924,13.8398,6.1170,0.8333,0.14
6.3775,0.0000,0.0000,0.0000,0.0000,0.0000,0.0000,0.2503,0.1686,-1.3562,0.1603,-0.0587,-0.9853,0.5076,-0.2386,-1.5272,0.9939,-1.1764,-0.5098,0.1779,1.2883,-0.8707,1.4872,0.1086,0.0039,0.6049,0.5777,-0.0969,0.0892,-0.0233,0.3490,-0.1628,-0.3063,0.5000,-0.2000,-1.3328,1.1129,-1.2398,-0.4659,0.2000,1.4448,-0.9342,1.3842,120.3528,-2.7083,4.0724,-5.6114,4.3476,-0.6593,7.0398,-2.7403,13.7862,6.0673,0.8611,0.14
6.3975,0.0000,0.0000,0.0000,0.0000,0.0000,0.0000,0.2337,0.2867,-1.6488,0.1658,-0.0579,-0.9845,0.5090,-0.2387,-1.5096,1.0023,-1.1786,-0.5076,0.1772,1.2995,-0.8750,1.4795,0.0853,0.0116,0.8879,0.4265,-0.0427,0.1008,-0.0388,0.5351,-0.1939,-0.3567,0.5000,-0.2000,-1.3022,1.0839,-1.2432,-0.4595,0.2000,1.4652,-0.9322,1.3742,120.2598,-2.7313,4.0280,-5.5198,4.3701,-0.5946,7.0892,-2.7853,13.7471,6.0296,0.8889,0.15
6.4185,0.0000,0.0000,0.0000,0.0000,0.0000,0.0000,0.2266,0.3995,-1.9183,0.1736,-0.0557,-0.9832,0.5102,-0.2389,-1.4886,1.0060,-1.1811,-0.5043,0.1759,1.3141,-0.8785,1.4711,0.0969,0.0543,1.1012,0.2404,-0.1551,0.2133,-0.1241,0.8569,-0.0388,-0.4537,0.5000,-0.2000,-1.2717,1.0461,-1.2456,-0.4543,0.2000,1.4856,-0.9295,1.3641,120.3048,-2.8063,4.0165,-5.4589,4.4312,-0.5433,7.1282,-2.8232,13.7299,6.0113,0.9167,0.15
6.4385,0.0000,0.0000,0.0000,0.0000,0.0000,0.0000,0.2252,0.5338,-2.1676,0.1840,-0.0526,-0.9815,0.5109,-0.2393,-1.4649,1.0055,-1.1836,-0.4999,0.1738,1.3313,-0.8805,1.4623,0.0853,-0.0349,1.1710,0.0233,-0.0775,0.2249,-0.0931,0.8995,-0.0078,-0.3839,0.5000,-0.2000,-1.2411,1.0014,-1.2472,-0.4504,0.2000,1.5059,-0.9262,1.3541,120.5297,-2.9786,4.0475,-5.4239,4.5611,-0.5043,7.1280,-2.8397,13.7331,6.0246,0.9444,0.15
6.4574,0.0000,0.0000,0.0000,0.0000,0.0000,0.0000,0.1953,0.6955,-2.4014,0.1974,-0.0482,-0.9791,0.5115,-0.2398,-1.4363,0.9993,-1.1871,-0.4961,0.1722,1.3520,-0.8806,1.4534,0.0814,-0.0000,1.3028,-0.3257,-0.2520,0.2326,-0.0620,1.0740,0.0814,-0.4110,0.5000,-0.2000,-1.2106,0.9519,-1.2483,-0.4485,0.2000,1.5263,-0.9223,1.3440,120.9230,-3.2130,4.1133,-5.4234,4.7408,-0.4850,7.1129,-2.8458,13.7681,6.0612,0.9722,0.15
6.4784,0.0000,0.0000,0.0000,0.0000,0.0000,0.0000,0.1633,0.8442,-2.5936,0.2169,-0.0402,-0.9754,0.5120,-0.2402,-1.4026,0.9866,-1.1913,-0.4930,0.1709,1.3764,-0.8792,1.4447,0.0931,-0.0233,1.6207,-0.5002,-0.1745,0.1512,-0.0620,1.1244,0.1667,-0.4575,0.5000,-0.2000,-1.1800,0.9000,-1.2770,-0.4499,0.2000,1.5467,-0.9180,1.3340,121.5245,-3.5715,4.2284,-5.4638,5.0141,-0.4992,7.0525,-2.8308,13.8428,6.1301,0.0000,0.14
6.4984,0.0000,0.0000,0.0000,0.0000,0.0000,0.0000,0.1415,0.7451,-2.6718,0.2365,-0.0302,-0.9712,0.5127,-0.2403,-1.3669,0.9688,-1.1959,-0.4899,0.1706,1.4033,-0.8760,1.4358,0.0892,0.0349,1.6324,-0.7677,-0.1473,0.1241,0.0427,1.1477,0.2249,-0.4343,0.5000,-0.2000,-1.2004,0.9052,-1.2699,-0.4551,0.2000,1.5670,-0.9133,1.3239,122.2968,-3.9585,4.3624,-5.5430,5.2870,-0.5506,6.9859,-2.8061,13.9557,6.2340,0.0278,0.14
6.5184,0.0000,0.0000,0.0000,0.0000,0.0000,0.0000,0.1721,0.6249,-2.6947,0.2527,-0.0203,-0.9673,0.5130,-0.2400,-1.3317,0.9483,-1.2063,-0.4872,0.1707,1.4283,-0.8712,1.4274,-0.0349,0.0388,1.7487,-0.8957,-0.4537,0.0969,-0.0271,1.1710,0.2482,-0.4032,0.5000,-0.2000,-1.2207,0.9103,-1.2627,-0.4621,0.2000,1.5874,-0.9083,1.3139,123.1741,-4.3614,4.5204,-5.6558,5.5779,-0.6211,6.8965,-2.7633,14.1033,6.3540,0.0556,0.14
6.5384,0.0000,0.0000,0.0000,0.0000,0.0000,0.0000,0.2009,0.6399,-2.6623,0.2686,-0.0099,-0.9632,0.5131,-0.2393,-1.3015,0.9330,-1.2140,-0.4863,0.1712,1.4542,-0.8652,1.4184,0.0155,0.1241,1.4036,-0.6320,-0.3063,0.0814,0.0078,1.1283,0.2830,-0.3877,0.5000,-0.2000,-1.2411,0.9152,-1.2556,-0.4703,0.2000,1.6078,-0.9031,1.3038,124.1844,-4.8031,4.6871,-5.7627,5.8989,-0.7034,6.8041,-2.7202,14.2582,6.4650,0.0833,0.14
6.5584,0.0000,0.0000,0.0000,0.0000,0.0000,0.0000,0.2421,0.6914,-2.5523,0.2850,0.0004,-0.9585,0.5138,-0.2375,-1.2764,0.9246,-1.2189,-0.4869,0.1723,1.4805,-0.8588,1.4087,0.0388,0.1590,1.1244,-0.3141,-0.1861,-0.0310,-0.0582,1.2834,0.3761,-0.5273,0.5000,-0.2000,-1.2615,0.9198,-1.2485,-0.4790,0.2000,1.6078,-0.9209,1.3562,125.2284,-5.2243,4.8593,-5.8833,6.2173,-0.7903,6.7149,-2.6790,14.4273,6.5681,0.1111,0.13
6.5784,0.0000,0.0000,0.0000,0.0000,0.0000,0.0000,0.2034,0.6636,-2.4109,0.3012,0.0126,-0.9535,0.5140,-0.2348,-1.2558,0.9204,-1.2213,-0.4880,0.1740,1.5074,-0.8530,1.3975,0.0582,0.1745,0.9965,-0.1628,-0.0892,-0.0388,0.0310,1.2446,0.3024,-0.6475,0.5000,-0.2000,-1.2819,0.9239,-1.2414,-0.4875,0.2000,1.5772,-0.9722,1.3689,126.2494,-5.6400,5.0313,-6.0061,6.5300,-0.8751,6.6055,-2.6231,14.5862,6.6847,0.1389,0.14
6.5985,0.0000,0.0000,0.0000,0.0000,0.0000,0.0000,0.2394,0.3697,-2.1281,0.3128,0.0242,-0.9495,0.5138,-0.2312,-1.2410,0.9194,-1.2222,-0.4897,0.1761,1.5325,-0.8527,1.3968,0.0427,0.2133,0.7251,0.0078,0.0039,-0.0659,0.1124,1.1787,0.0775,-0.0465,0.5000,-0.2000,-1.3022,0.9276,-1.2342,-0.4969,0.2000,1.5467,-1.0200,1.3813,127.1662,-5.9317,5.1851,-6.1586,6.7525,-0.9688,6.5133,-2.5622,14.7262,6.8185,0.1667,0.14
6.6185,0.0000,0.0000,0.0000,0.0000,0.0000,0.0000,0.1799,-0.0889,-1.7593,0.3131,0.0339,-0.9491,0.5138,-0.2260,-1.2287,0.9201,-1.2221,-0.4925,0.1784,1.5519,-0.8584,1.3995,0.0698,0.3218,0.6940,0.0737,0.0427,-0.0427,0.1435,1.0081,-0.2094,0.1628,0.5000,-0.2000,-1.3226,0.9306,-1.2271,-0.5000,0.2000,1.5161,-1.0621,1.3931,127.9307,-6.1796,5.3234,-6.3266,6.9474,-1.0684,6.4006,-2.5007,14.8689,6.9695,0.1944,0.16
6.6384,0.0000,0.0000,0.0000,0.0000,0.0000,0.0000,0.0791,-0.3950,-1.2794,0.3063,0.0433,-0.9510,0.5139,-0.2204,-1.2168,0.9240,-1.2215,-0.4959,0.1798,1.5656,-0.8692,1.4045,0.0155,0.2947,0.6398,0.2249,-0.0116,-0.1280,0.0349,0.5661,-0.4847,0.2482,0.5000,-0.2000,-1.3430,0.9331,-1.2200,-0.5000,0.2000,1.4856,-1.0966,1.4039,128.5332,-6.4658,5.4814,-6.5116,7.1759,-1.1664,6.2464,-2.4129,14.9958,7.1237,0.2222,0.15
6.6584,0.0000,0.0000,0.0000,0.0000,0.0000,0.0000,-0.0282,-0.5702,-0.6356,0.2958,0.0509,-0.9539,0.5149,-0.2151,-1.2049,0.9306,-1.2204,-0.4988,0.1816,1.5723,-0.8847,1.4113,0.1318,0.2365,0.6669,0.3179,0.0310,-0.1357,0.0737,0.2675,-0.7677,0.2753,0.5000,-0.2000,-1.3633,0.9348,-1.2128,-0.5000,0.2000,1.4550,-1.1217,1.4136,128.9707,-6.7755,5.6515,-6.7048,7.4063,-1.2802,6.0820,-2.3197,15.0947,7.2788,0.2500,0.15
6.6784,0.0000,0.0000,0.0000,0.0000,0.0000,0.0000,-0.1118,-0.6376,0.0330,0.2837,0.0568,-0.9572,0.5165,-0.2111,-1.1963,0.9387,-1.2192,-0.5008,0.1826,1.5735,-0.9048,1.4189,0.1086,0.1435,0.3063,0.4381,0.0310,-0.0039,-0.0853,0.0155,-0.9538,0.2792,0.5000,-0.2000,-1.3837,0.9358,-1.2057,-0.5000,0.2000,1.4244,-1.1364,1.4221,129.2648,-7.0706,5.8159,-6.8880,7.6124,-1.3912,5.9420,-2.2295,15.1568,7.4115,0.2778,0.14
6.6984,0.0000,0.0000,0.0000,0.0000,0.0000,0.0000,-0.1383,-0.6316,0.7088,0.2730,0.0593,-0.9602,0.5178,-0.2084,-1.1923,0.9469,-1.2180,-0.5021,0.1829,1.5703,-0.9263,1.4269,0.0465,0.1202,0.1900,0.3528,0.1357,-0.0271,0.0155,-0.2404,-0.9771,0.3296,0.5000,-0.2000,-1.4041,0.9360,-1.1986,-0.5000,0.2000,1.3939,-1.1398,1.4293,129.3989,-7.3152,5.9636,-7.0734,7.7537,-1.4859,5.8275,-2.1405,15.1780,7.5471,0.3056,0.14
6.7185,0.0000,0.0000,0.0000,0.0000,0.0000,0.0000,-0.1458,-0.6067,1.2772,0.2625,0.0577,-0.9632,0.5184,-0.2077,-1.1927,0.9544,-1.2156,-0.5038,0.1827,1.5620,-0.9463,1.4353,-0.0271,0.0349,-0.0659,0.4071,0.1822,0.0155,-0.0698,-0.4304,-0.8685,0.3373,0.5000,-0.2000,-1.4244,0.9355,-1.1914,-0.5000,0.2000,1.3633,-1.1318,1.4352,129.4244,-7.5156,6.0867,-7.2339,7.8614,-1.5609,5.7359,-2.0637,15.1783,7.6519,0.3333,0.14
6.7384,0.0000,0.0000,0.0000,0.0000,0.0000,0.0000,-0.1480,-0.5130,1.7283,0.2546,0.0538,-0.9655,0.5184,-0.2082,-1.1984,0.9607,-1.2126,-0.5056,0.1822,1.5476,-0.9639,1.4439,0.0698,-0.0194,-0.2637,0.2753,0.2094,-0.0853,0.0310,-0.7483,-0.8259,0.4071,0.5000,-0.2000,-1.4448,0.9342,-1.1842,-0.5000,0.2000,1.3328,-1.1129,1.4398,129.3671,-7.6509,6.1831,-7.3597,7.9219,-1.6051,5.6559,-1.9918,15.1560,7.7406,0.3611,0.15
6.7585,0.0000,0.0000,0.0000,0.0000,0.0000,0.0000,-0.1561,-0.3836,2.1142,0.2495,0.0473,-0.9672,0.5184,-0.2094,-1.2084,0.9641,-1.2081,-0.5078,0.1811,1.5290,-0.9764,1.4517,0.0310,-0.0892,-0.5545,0.0620,0.2869,-0.0465,-0.0775,-0.8957,-0.5428,0.2986,0.5000,-0.2000,-1.4652,0.9322,-1.1742,-0.5000,0.2000,1.3022,-1.0839,1.4432,129.2398,-7.7368,6.2561,-7.4673,7.9495,-1.6469,5.6056,-1.9360,15.1286,7.8019,0.3889,0.14
6.7784,0.0000,0.0000,0.0000,0.0000,0.0000,0.0000,-0.1350,-0.2669,2.4383,0.2474,0.0378,-0.9682,0.5184,-0.2114,-1.2237,0.9652,-1.2028,-0.5101,0.1793,1.5066,-0.9846,1.4591,0.0155,-0.0853,-0.8685,0.0271,0.2520,-0.0582,-0.1706,-1.0973,-0.3528,0.3218,0.5000,-0.2000,-1.4856,0.9295,-1.1641,-0.5000,0.2000,1.2717,-1.0461,1.4456,129.0195,-7.7369,6.2974,-7.5427,7.9355,-1.6823,5.5757,-1.8911,15.0799,7.8307,0.4167,0.14
6.8005,0.0000,0.0000,0.0000,0.0000,0.0000,0.0000,-0.1548,-0.1605,2.7154,0.2476,0.0268,-0.9685,0.5184,-0.2141,-1.2440,0.9642,-1.1958,-0.5121,0.1769,1.4811,-0.9863,1.4659,0.0349,-0.1202,-1.0818,-0.0969,0.2675,-0.0698,-0.0737,-1.2679,-0.0853,0.3257,0.5000,-0.2000,-1.5059,0.9262,-1.1541,-0.5000,0.2000,1.2411,-1.0014,1.4472,128.6937,-7.6799,6.3116,-7.5883,7.8786,-1.7155,5.5547,-1.8546,15.0096,7.8436,0.4444,0.16
6.8204,0.0000,0.0000,0.0000,0.0000,0.0000,0.0000,-0.1837,-0.0791,2.8832,0.2494,0.0170,-0.9682,0.5186,-0.2170,-1.2684,0.9617,-1.1874,-0.5142,0.1738,1.4495,-0.9827,1.4719,0.0039,-0.1241,-1.1283,-0.1163,0.4459,-0.1047,-0.1628,-1.3803,0.0853,0.2249,0.5000,-0.2000,-1.5263,0.9223,-1.1440,-0.5000,0.2000,1.2106,-0.9519,1.4483,128.3014,-7.5812,6.2912,-7.5971,7.8163,-1.7564,5.5583,-1.8451,14.9438,7.8193,0.4722,0.17
6.8394,0.0000,0.0000,0.0000,0.0000,0.0000,0.0000,-0.1628,-0.0256,3.0351,0.2524,0.0041,-0.9676,0.5188,-0.2196,-1.2964,0.9563,-1.1777,-0.5152,0.1705,1.4219,-0.9727,1.4757,0.0465,-0.1008,-1.4501,-0.3373,0.4808,-0.0155,-0.1551,-1.4850,0.5932,0.1124,0.5000,-0.2000,-1.5467,0.9180,-1.1340,-0.5000,0.2000,1.1800,-0.9000,1.4770,127.7959,-7.3812,6.2482,-7.5937,7.6681,-1.7942,5.5879,-1.8426,14.8624,7.7854,0.5000,0.14
6.8594,0.0000,0.0000,0.0000,0.0000,0.0000,0.0000,-0.2264,0.0294,3.1472,0.2552,-0.0087,-0.9668,0.5190,-0.2222,-1.3281,0.9492,-1.1669,-0.5155,0.1684,1.3871,-0.9566,1.4781,-0.0155,-0.1008,-1.4928,-0.3141,0.4808,0.0078,-0.0504,-1.6401,0.7910,0.1396,0.5000,-0.2000,-1.5670,0.9133,-1.1239,-0.5000,0.2000,1.2004,-0.9052,1.4699,127.1857,-7.1641,6.1710,-7.5454,7.5291,-1.8325,5.6217,-1.8507,14.7520,7.7142,0.5278,0.15
6.8794,0.0000,0.0000,0.0000,0.0000,0.0000,0.0000,-0.3076,0.0852,3.2213,0.2582,-0.0204,-0.9659,0.5193,-0.2244,-1.3602,0.9392,-1.1560,-0.5156,0.1667,1.3513,-0.9357,1.4839,0.0582,-0.0349,-1.5316,-0.5157,0.5932,-0.0194,-0.1047,-1.7254,1.0004,0.2830,0.5000,-0.2000,-1.5874,0.9083,-1.1139,-0.5000,0.2000,1.2207,-0.9103,1.4627,126.5162,-6.9071,6.0742,-7.4787,7.3657,-1.8784,5.6742,-1.8740,14.6430,7.6307,0.5556,0.18
6.8994,0.0000,0.0000,0.0000,0.0000,0.0000,0.0000,-0.4565,0.0884,3.1853,0.2611,-0.0301,-0.9649,0.5194,-0.2253,-1.3943,0.9271,-1.1435,-0.5157,0.1663,1.3226,-0.9207,1.4885,0.0349,0.0233,-1.7758,-0.6514,0.5079,-0.0504,0.0078,-1.3454,0.7134,0.2249,0.5000,-0.2000,-1.6078,0.9031,-1.1038,-0.5000,0.2000,1.2411,-0.9152,1.4556,125.7472,-6.5765,5.9255,-7.3500,7.1622,-1.9003,5.7443,-1.9224,14.5417,7.5009,0.5833,0.16
6.9194,0.0000,0.0000,0.0000,0.0000,0.0000,0.0000,-0.6364,0.0474,3.1206,0.2618,-0.0353,-0.9645,0.5195,-0.2255,-1.4294,0.9131,-1.1303,-0.5162,0.1668,1.3013,-0.9085,1.4924,0.0969,0.0194,-1.6711,-0.6359,0.6630,0.0582,-0.0155,-1.0042,0.5157,0.1473,0.5000,-0.2000,-1.6078,0.9209,-1.1562,-0.5000,0.2000,1.2615,-0.9198,1.4485,124.9152,-6.2321,5.7581,-7.2047,6.9410,-1.9040,5.8158,-1.9782,14.4353,7.3609,0.6111,0.16
6.9395,0.0000,0.0000,0.0000,0.0000,0.0000,0.0000,-0.7089,0.0583,3.0553,0.2628,-0.0373,-0.9641,0.5195,-0.2253,-1.4624,0.8992,-1.1173,-0.5162,0.1691,1.2858,-0.9014,1.4946,0.0349,-0.0116,-1.7526,-0.6359,0.6320,0.0233,0.1008,-0.8259,0.2986,0.1202,0.5000,-0.2000,-1.5772,0.9722,-1.1689,-0.5000,0.2000,1.2819,-0.9239,1.4414,124.0103,-5.8619,5.5850,-7.0598,6.6893,-1.8783,5.8896,-2.0267,14.3200,7.2187,0.6389,0.16
6.9594,0.0000,0.0000,0.0000,0.0000,0.0000,0.0000,-0.5275,-0.1663,2.9088,0.2596,-0.0379,-0.9650,0.5195,-0.2248,-1.4956,0.8866,-1.1169,-0.5159,0.1716,1.2738,-0.8979,1.4947,-0.0233,0.0853,-1.6363,-0.6010,-0.0349,0.0155,0.1241,-0.4847,0.1396,0.0388,0.5000,-0.2000,-1.5467,1.0200,-1.1813,-0.5000,0.2000,1.3022,-0.9276,1.4342,122.9714,-5.3216,5.3696,-6.9065,6.3142,-1.8215,6.0049,-2.0943,14.2186,7.0578,0.6667,0.16
6.9794,0.0000,0.0000,0.0000,0.0000,0.0000,0.0000,-0.0833,-0.6113,2.3161,0.2448,-0.0493,-0.9683,0.5176,-0.2242,-1.5231,0.8812,-1.1235,-0.5152,0.1746,1.2653,-0.8978,1.4933,-0.1318,0.0892,-1.4269,-0.1706,-0.5467,0.1008,0.1318,-0.5700,-0.0271,-0.1861,0.5000,-0.2000,-1.5161,1.0621,-1.1931,-0.5000,0.2000,1.3226,-0.9306,1.4271,121.9928,-4.6776,5.1156,-6.7149,5.8636,-1.6930,6.1556,-2.1921,14.1541,6.8643,0.6944,0.15
6.9994,0.0000,0.0000,0.0000,0.0000,0.0000,0.0000,-0.3191,-0.9547,1.3256,0.2238,-0.0522,-0.9732,0.5107,-0.2242,-1.5441,0.8870,-1.1361,-0.5134,0.1761,1.2567,-0.9018,1.4899,-0.3955,0.0039,-0.9693,0.3955,-0.5661,0.1706,0.0814,-0.5079,-0.2714,-0.2520,0.5000,-0.2000,-1.4856,1.0966,-1.2039,-0.5000,0.2000,1.3430,-0.9331,1.4200,121.2255,-4.1709,4.8284,-6.3908,5.4828,-1.4796,6.2876,-2.3124,14.0539,6.6242,0.7222,0.15
7.0195,0.0000,0.0000,0.0000,0.0000,0.0000,0.0000,-0.2533,-1.1372,0.4312,0.1996,-0.0478,-0.9787,0.5052,-0.2241,-1.5562,0.9024,-1.1474,-0.5124,0.1779,1.2524,-0.9101,1.4825,-0.1473,0.0039,-0.4692,0.6940,-0.5041,-0.0078,0.0698,-0.2714,-0.4032,-0.4459,0.5000,-0.2000,-1.4550,1.1217,-1.2136,-0.5000,0.2000,1.3633,-0.9348,1.4128,120.6585,-3.6087,4.5604,-6.1192,5.0555,-1.2322,6.4921,-2.4475,13.9801,6.4128,0.7500,0.15
7.0394,0.0000,0.0000,0.0000,0.0000,0.0000,0.0000,-0.0240,-1.1169,-0.3244,0.1759,-0.0464,-0.9833,0.5027,-0.2243,-1.5581,0.9210,-1.1590,-0.5121,0.1792,1.2506,-0.9187,1.4736,-0.0892,0.0039,-0.0465,0.8763,-0.4847,0.0737,-0.0155,-0.1551,-0.3567,-0.4265,0.5000,-0.2000,-1.4244,1.1364,-1.2221,-0.4996,0.2000,1.3837,-0.9358,1.4057,120.2530,-3.1279,4.3491,-5.9175,4.6737,-0.9956,6.6850,-2.5521,13.8993,6.2520,0.7778,0.21
7.0594,0.0000,0.0000,0.0000,0.0000,0.0000,0.0000,-0.0286,-1.1327,-1.0847,0.1535,-0.0425,-0.9872,0.5007,-0.2245,-1.5556,0.9409,-1.1697,-0.5110,0.1795,1.2515,-0.9247,1.4665,-0.1241,0.0271,0.0892,1.0314,-0.4692,0.0155,-0.0310,-0.0155,-0.2559,-0.3994,0.5000,-0.2000,-1.3939,1.1398,-1.2293,-0.4762,0.2000,1.4041,-0.9360,1.3986,120.0350,-2.7594,4.1451,-5.6991,4.3569,-0.7622,6.8614,-2.6607,13.8276,6.1036,0.8056,0.18
7.0804,0.0000,0.0000,0.0000,0.0000,0.0000,0.0000,-0.0112,-1.1272,-1.6973,0.1319,-0.0367,-0.9906,0.4993,-0.2246,-1.5473,0.9604,-1.1781,-0.5106,0.1791,1.2562,-0.9297,1.4598,-0.0543,0.0039,0.4110,0.8995,-0.3296,0.0698,0.0194,0.2249,-0.0969,-0.3722,0.5000,-0.2000,-1.3633,1.1318,-1.2352,-0.4555,0.2000,1.4244,-0.9355,1.3914,119.9549,-2.4679,3.9812,-5.5273,4.0977,-0.5549,7.0295,-2.7638,13.7750,6.0060,0.8333,0.16
7.1004,0.0000,0.0000,0.0000,0.0000,0.0000,0.0000,0.0622,-0.9860,-2.0584,0.1122,-0.0322,-0.9932,0.5003,-0.2249,-1.5330,0.9760,-1.1836,-0.5060,0.1784,1.2646,-0.9333,1.4523,0.1435,-0.0078,0.6669,0.7716,-0.1900,0.2094,-0.1047,0.4769,-0.0698,-0.3606,0.5000,-0.2000,-1.3328,1.1129,-1.2398,-0.4398,0.2000,1.4448,-0.9342,1.3842,119.9493,-2.2946,3.8769,-5.4127,3.9503,-0.3979,7.1539,-2.8420,13.7403,5.9496,0.8611,0.15
7.1194,0.0000,0.0000,0.0000,0.0000,0.0000,0.0000,0.1336,-0.7721,-2.3541,0.0972,-0.0304,-0.9948,0.5023,-0.2260,-1.5134,0.9890,-1.1876,-0.4987,0.1778,1.2775,-0.9340,1.4453,0.1086,-0.0698,0.9849,0.6126,-0.1241,0.3567,0.0194,0.6902,-0.0078,-0.3102,0.5000,-0.2000,-1.3022,1.0839,-1.2432,-0.4279,0.2000,1.4652,-0.9322,1.3742,120.0096,-2.2394,3.8208,-5.3317,3.9031,-0.2792,7.2366,-2.8976,13.7175,5.9218,0.8889,0.15
7.1405,0.0000,0.0000,0.0000,0.0000,0.0000,0.0000,0.1500,-0.6360,-2.5484,0.0859,-0.0295,-0.9959,0.5034,-0.2281,-1.4897,0.9964,-1.1907,-0.4904,0.1770,1.2940,-0.9326,1.4400,0.0659,-0.0892,1.0546,0.2520,-0.1784,0.4459,-0.0582,0.7677,0.1628,-0.2482,0.5000,-0.2000,-1.2717,1.0461,-1.2456,-0.4194,0.2000,1.4856,-0.9295,1.3641,120.1533,-2.2753,3.8051,-5.2901,3.9176,-0.1940,7.2865,-2.9339,13.7145,5.9284,0.9167,0.15
7.1604,0.0000,0.0000,0.0000,0.0000,0.0000,0.0000,0.1444,-0.5623,-2.7223,0.0764,-0.0284,-0.9967,0.5042,-0.2306,-1.4629,0.9979,-1.1936,-0.4809,0.1762,1.3154,-0.9284,1.4348,0.1047,-0.1667,1.1904,0.0775,-0.1396,0.4614,-0.0775,0.9849,0.3335,-0.2869,0.5000,-0.2000,-1.2411,1.0014,-1.2472,-0.4139,0.2000,1.5059,-0.9262,1.3541,120.4171,-2.3925,3.8158,-5.2746,3.9983,-0.1394,7.3114,-2.9680,13.7470,5.9512,0.9444,0.15
7.1804,0.0000,0.0000,0.0000,0.0000,0.0000,0.0000,0.1508,-0.4973,-2.8167,0.0681,-0.0282,-0.9973,0.5051,-0.2332,-1.4343,0.9942,-1.1968,-0.4713,0.1753,1.3386,-0.9220,1.4293,0.0969,-0.1086,1.3028,-0.0853,-0.1008,0.4769,-0.0155,1.1361,0.3877,-0.2249,0.5000,-0.2000,-1.2106,0.9519,-1.2483,-0.4116,0.2000,1.5263,-0.9223,1.3440,120.7799,-2.5636,3.8562,-5.2904,4.1252,-0.1157,7.3181,-2.9887,13.7947,5.9961,0.9722,0.14
7.2014,0.0000,0.0000,0.0000,0.0000,0.0000,0.0000,0.0966,-0.4343,-2.8522,0.0610,-0.0286,-0.9977,0.5057,-0.2357,-1.4029,0.9843,-1.2003,-0.4623,0.1745,1.3637,-0.9134,1.4219,0.0388,-0.0931,1.5897,-0.4032,-0.1900,0.4420,0.0000,1.1322,0.4653,-0.4110,0.5000,-0.2000,-1.1800,0.9000,-1.2770,-0.4124,0.2000,1.5467,-0.9180,1.3340,121.2350,-2.8225,3.9417,-5.3488,4.3284,-0.1236,7.2789,-2.9880,13.8724,6.0727,0.0000,0.14
7.2204,0.0000,0.0000,0.0000,0.0000,0.0000,0.0000,-0.0745,-0.3912,-2.8057,0.0550,-0.0274,-0.9981,0.5060,-0.2372,-1.3700,0.9689,-1.2038,-0.4533,0.1742,1.3911,-0.9035,1.4116,0.0543,-0.0233,1.6595,-0.7600,-0.1396,0.5196,0.0000,1.1748,0.5234,-0.6087,0.5000,-0.2000,-1.2004,0.9052,-1.2699,-0.4173,0.2000,1.5670,-0.9133,1.3239,121.8036,-3.1686,4.0580,-5.4272,4.5904,-0.1728,7.2150,-2.9777,13.9696,6.1657,0.0278,0.16
7.2404,0.0000,0.0000,0.0000,0.0000,0.0000,0.0000,-0.1701,-0.3471,-2.4852,0.0470,-0.0233,-0.9986,0.5060,-0.2387,-1.3369,0.9462,-1.2137,-0.4444,0.1741,1.4152,-0.8940,1.3964,0.0310,-0.0775,1.6207,-1.0973,-0.4265,0.4071,-0.0388,1.3144,0.4304,-0.9151,0.5000,-0.2000,-1.2207,0.9103,-1.2627,-0.4276,0.2000,1.5874,-0.9083,1.3139,122.3453,-3.5353,4.2237,-5.5710,4.8887,-0.2756,7.1079,-2.9325,14.0886,6.2879,0.0556,0.15
7.2604,0.0000,0.0000,0.0000,0.0000,0.0000,0.0000,-0.0605,-0.3422,-1.8272,0.0393,-0.0233,-0.9990,0.5058,-0.2406,-1.3104,0.9293,-1.2204,-0.4343,0.1739,1.4428,-0.8869,1.3762,0.0078,-0.0698,1.1981,-0.7057,-0.2714,0.5041,0.0194,1.2446,0.3102,-1.1283,0.5000,-0.2000,-1.2411,0.9152,-1.2556,-0.4433,0.2000,1.6078,-0.9031,1.3038,122.8082,-3.9185,4.4101,-5.7530,5.2029,-0.4330,6.9697,-2.8566,14.2002,6.4228,0.0833,0.14
7.2804,0.0000,0.0000,0.0000,0.0000,0.0000,0.0000,-0.1059,-0.2944,-1.3213,0.0314,-0.0220,-0.9993,0.5057,-0.2420,-1.2917,0.9167,-1.2240,-0.4294,0.1729,1.4715,-0.8823,1.3540,0.0271,-0.0233,0.9151,-0.5777,-0.1396,0.2830,-0.1008,1.2679,0.1861,-1.1555,0.5000,-0.2000,-1.2615,0.9198,-1.2485,-0.4567,0.2000,1.6078,-0.9209,1.3562,123.2283,-4.3044,4.5830,-5.9033,5.5045,-0.5670,6.8260,-2.7894,14.3030,6.5419,0.1111,0.14
7.3004,0.0000,0.0000,0.0000,0.0000,0.0000,0.0000,-0.1180,-0.2473,-0.8578,0.0248,-0.0184,-0.9995,0.5057,-0.2423,-1.2810,0.9074,-1.2246,-0.4287,0.1708,1.4977,-0.8806,1.3331,-0.0000,-0.0116,0.3684,-0.3567,0.0465,-0.0194,-0.1551,1.2563,0.0155,-0.9461,0.5000,-0.2000,-1.2819,0.9239,-1.2414,-0.4670,0.2000,1.5772,-0.9722,1.3689,123.6074,-4.6411,4.7406,-6.0329,5.7631,-0.6703,6.6957,-2.7198,14.3831,6.6394,0.1389,0.14
7.3204,0.0000,0.0000,0.0000,0.0000,0.0000,0.0000,-0.2064,-0.2527,-0.4071,0.0190,-0.0118,-0.9997,0.5057,-0.2422,-1.2773,0.8990,-1.2233,-0.4312,0.1684,1.5193,-0.8819,1.3253,-0.0194,0.0620,0.1706,-0.3877,0.0853,-0.1086,-0.1861,0.9267,-0.0000,-0.3606,0.5000,-0.2000,-1.3022,0.9276,-1.2342,-0.4749,0.2000,1.5467,-1.0200,1.3813,123.9406,-4.9430,4.8910,-6.1678,5.9748,-0.7492,6.5614,-2.6349,14.4322,6.7576,0.1667,0.14
7.3404,0.0000,0.0000,0.0000,0.0000,0.0000,0.0000,-0.2354,-0.4145,0.0631,0.0118,-0.0043,-0.9999,0.5058,-0.2419,-1.2774,0.8912,-1.2206,-0.4363,0.1661,1.5324,-0.8908,1.3228,0.0427,0.0310,0.0349,-0.2326,0.2016,-0.1667,-0.1435,0.6010,-0.3606,-0.0233,0.5000,-0.2000,-1.3226,0.9306,-1.2271,-0.4829,0.2000,1.5161,-1.0621,1.3931,124.2435,-5.2144,5.0282,-6.3016,6.1765,-0.8289,6.4256,-2.5563,14.4900,6.8701,0.1944,0.14
7.3604,0.0000,0.0000,0.0000,0.0000,0.0000,0.0000,-0.2050,-0.7552,0.5700,-0.0023,0.0025,-1.0000,0.5060,-0.2415,-1.2804,0.8867,-1.2171,-0.4423,0.1649,1.5406,-0.9064,1.3250,0.0775,-0.0116,-0.1008,-0.1396,0.1202,-0.2792,-0.0233,0.3916,-0.7445,0.1086,0.5000,-0.2000,-1.3430,0.9331,-1.2200,-0.4890,0.2000,1.4856,-1.0966,1.4039,124.4389,-5.3968,5.1415,-6.4406,6.3016,-0.8902,6.3040,-2.4836,14.5462,6.9814,0.2222,0.14
7.3804,0.0000,0.0000,0.0000,0.0000,0.0000,0.0000,-0.1737,-0.9944,1.0405,-0.0226,0.0089,-0.9997,0.5060,-0.2410,-1.2848,0.8854,-1.2141,-0.4484,0.1640,1.5428,-0.9269,1.3302,-0.0000,0.0504,-0.1318,-0.0775,0.1396,-0.1435,-0.0155,0.1008,-0.9693,0.2908,0.5000,-0.2000,-1.3633,0.9348,-1.2128,-0.4929,0.2000,1.4550,-1.1217,1.4136,124.5488,-5.5569,5.2454,-6.5733,6.3901,-0.9290,6.1999,-2.4144,14.5736,7.0871,0.2500,0.15
7.4014,0.0000,0.0000,0.0000,0.0000,0.0000,0.0000,-0.1330,-1.0698,1.4671,-0.0447,0.0156,-0.9989,0.5057,-0.2405,-1.2910,0.8858,-1.2115,-0.4535,0.1633,1.5387,-0.9516,1.3370,-0.0000,0.0775,-0.2249,0.0853,0.1280,-0.1667,-0.0969,-0.2482,-1.1904,0.2908,0.5000,-0.2000,-1.3837,0.9358,-1.2057,-0.4939,0.2000,1.4244,-1.1364,1.4221,124.6122,-5.7092,5.3425,-6.6933,6.4676,-0.9388,6.1082,-2.3500,14.5838,7.1767,0.2778,0.14
7.4214,0.0000,0.0000,0.0000,0.0000,0.0000,0.0000,-0.0424,-1.0431,1.8749,-0.0657,0.0217,-0.9976,0.5052,-0.2399,-1.2981,0.8862,-1.2093,-0.4579,0.1630,1.5286,-0.9785,1.3447,-0.0349,0.1008,-0.3528,0.0349,0.1008,-0.1396,-0.0310,-0.5506,-1.2136,0.2714,0.5000,-0.2000,-1.4041,0.9360,-1.1986,-0.4934,0.2000,1.3939,-1.1398,1.4293,124.6152,-5.8222,5.4356,-6.8148,6.5040,-0.9337,6.0362,-2.2853,14.5775,7.2643,0.3056,0.15
7.4404,0.0000,0.0000,0.0000,0.0000,0.0000,0.0000,0.1200,-1.0165,2.2025,-0.0856,0.0271,-0.9960,0.5043,-0.2391,-1.3081,0.8862,-1.2083,-0.4612,0.1629,1.5138,-1.0029,1.3523,-0.0388,0.1241,-0.4226,-0.0000,-0.0543,-0.1008,-0.0233,-0.7638,-1.1051,0.3490,0.5000,-0.2000,-1.4244,0.9355,-1.1914,-0.4915,0.2000,1.3633,-1.1318,1.4352,124.5511,-5.8614,5.5078,-6.9246,6.4865,-0.9152,5.9870,-2.2305,14.5619,7.3358,0.3333,0.15
7.4604,0.0000,0.0000,0.0000,0.0000,0.0000,0.0000,0.2374,-1.0143,2.1533,-0.1078,0.0285,-0.9938,0.5008,-0.2379,-1.3206,0.8871,-1.2105,-0.4629,0.1627,1.4951,-1.0233,1.3598,-0.2986,0.1008,-0.6824,0.1318,-0.2094,0.0233,-0.0233,-1.0120,-0.9849,0.3412,0.5000,-0.2000,-1.4448,0.9342,-1.1842,-0.4859,0.2000,1.3328,-1.1129,1.4398,124.5135,-5.8157,5.5331,-6.9598,6.4260,-0.8591,5.9725,-2.2101,14.5596,7.3493,0.3611,0.14
7.4814,0.0000,0.0000,0.0000,0.0000,0.0000,0.0000,0.2706,-0.8725,2.0262,-0.1280,0.0296,-0.9913,0.4944,-0.2365,-1.3337,0.8896,-1.2157,-0.4633,0.1626,1.4728,-1.0399,1.3687,-0.2094,0.1318,-0.6320,0.1667,-0.3528,-0.0775,-0.0271,-1.1555,-0.6785,0.4110,0.5000,-0.2000,-1.4652,0.9322,-1.1742,-0.4767,0.2000,1.3022,-1.0839,1.4432,124.4776,-5.7054,5.5381,-6.9726,6.3134,-0.7672,5.9755,-2.1952,14.5376,7.3504,0.3889,0.14
7.5004,0.0000,0.0000,0.0000,0.0000,0.0000,0.0000,0.3351,-0.6839,1.8152,-0.1446,0.0291,-0.9891,0.4906,-0.2360,-1.3499,0.8941,-1.2224,-0.4635,0.1625,1.4448,-1.0503,1.3797,-0.1939,0.0388,-0.6708,0.2482,-0.3490,0.0039,-0.0620,-1.2097,-0.3722,0.5041,0.5000,-0.2000,-1.4856,0.9295,-1.1641,-0.4681,0.2000,1.2717,-1.0461,1.4456,124.4687,-5.5503,5.5257,-6.9617,6.1822,-0.6813,6.0051,-2.1965,14.5157,7.3258,0.4167,0.14
7.5214,0.0000,0.0000,0.0000,0.0000,0.0000,0.0000,0.3788,-0.4609,1.5908,-0.1565,0.0263,-0.9873,0.4878,-0.2359,-1.3645,0.8981,-1.2266,-0.4628,0.1625,1.4207,-1.0512,1.3894,-0.1977,0.0775,-0.7445,0.1939,-0.2133,0.0388,0.0155,-1.2601,0.0388,0.4885,0.5000,-0.2000,-1.5059,0.9262,-1.1541,-0.4601,0.2000,1.2411,-1.0014,1.4472,124.4615,-5.3689,5.4986,-6.9418,6.0278,-0.6008,6.0487,-2.2029,14.4917,7.2952,0.4444,0.14
7.5414,0.0000,0.0000,0.0000,0.0000,0.0000,0.0000,0.4022,-0.2589,1.3822,-0.1643,0.0229,-0.9861,0.4862,-0.2360,-1.3815,0.9024,-1.2293,-0.4609,0.1625,1.3917,-1.0442,1.3985,-0.0271,-0.0194,-0.7794,0.1939,-0.1473,0.1590,0.0194,-1.2136,0.3761,0.3606,0.5000,-0.2000,-1.5263,0.9223,-1.1440,-0.4545,0.2000,1.2106,-0.9519,1.4483,124.4424,-5.1731,5.4591,-6.9082,5.8810,-0.5447,6.0998,-2.2201,14.4696,7.2501,0.4722,0.14
7.5614,0.0000,0.0000,0.0000,0.0000,0.0000,0.0000,0.4358,-0.0689,1.2262,-0.1685,0.0192,-0.9855,0.4857,-0.2359,-1.3985,0.9056,-1.2305,-0.4577,0.1625,1.3639,-1.0297,1.4060,-0.0000,-0.0039,-0.7522,0.1900,0.0310,0.1628,0.0620,-1.3377,0.7173,0.3179,0.5000,-0.2000,-1.5467,0.9180,-1.1340,-0.4510,0.2000,1.1800,-0.9000,1.4770,124.3699,-4.9602,5.4056,-6.8698,5.7267,-0.5097,6.1613,-2.2385,14.4378,7.1987,0.5000,0.14
7.5824,0.0000,0.0000,0.0000,0.0000,0.0000,0.0000,0.4851,0.1153,1.1374,-0.1689,0.0142,-0.9855,0.4856,-0.2357,-1.4165,0.9077,-1.2302,-0.4539,0.1626,1.3337,-1.0074,1.4128,0.0388,0.0504,-0.7987,0.1124,0.0775,0.2365,0.0271,-1.3377,1.0430,0.3063,0.5000,-0.2000,-1.5670,0.9133,-1.1239,-0.4508,0.2000,1.2004,-0.9052,1.4699,124.2012,-4.7211,5.3402,-6.8286,5.5640,-0.5082,6.2380,-2.2626,14.3946,7.1382,0.5278,0.14
7.6014,0.0000,0.0000,0.0000,0.0000,0.0000,0.0000,0.4471,0.3162,1.0732,-0.1657,0.0104,-0.9861,0.4857,-0.2351,-1.4334,0.9083,-1.2287,-0.4500,0.1630,1.3057,-0.9781,1.4237,0.0116,0.0853,-0.8530,-0.0000,0.0775,0.1512,0.0659,-1.4346,1.3106,0.5079,0.5000,-0.2000,-1.5874,0.9083,-1.1139,-0.4519,0.2000,1.2207,-0.9103,1.4627,123.9340,-4.5021,5.2651,-6.7724,5.4090,-0.5194,6.2999,-2.2806,14.3271,7.0750,0.5556,0.15
7.6224,0.0000,0.0000,0.0000,0.0000,0.0000,0.0000,0.3793,0.4880,1.0351,-0.1579,0.0069,-0.9874,0.4859,-0.2343,-1.4528,0.9080,-1.2255,-0.4475,0.1637,1.2838,-0.9560,1.4304,-0.0388,0.0775,-0.7987,-0.0504,0.1861,0.1124,-0.0271,-0.9500,1.0314,0.3335,0.5000,-0.2000,-1.6078,0.9031,-1.1038,-0.4555,0.2000,1.2411,-0.9152,1.4556,123.5403,-4.2626,5.1568,-6.6850,5.2711,-0.5546,6.3724,-2.3223,14.2808,6.9783,0.5833,0.17
7.6424,0.0000,0.0000,0.0000,0.0000,0.0000,0.0000,0.3420,0.6292,0.9804,-0.1473,0.0037,-0.9891,0.4862,-0.2334,-1.4721,0.9069,-1.2211,-0.4471,0.1650,1.2712,-0.9375,1.4348,-0.0233,0.0310,-0.8918,-0.0078,0.3257,0.0039,0.0427,-0.5816,0.7871,0.1977,0.5000,-0.2000,-1.6078,0.9209,-1.1562,-0.4574,0.2000,1.2615,-0.9198,1.4485,123.0362,-4.0120,5.0380,-6.5846,5.1080,-0.5737,6.4339,-2.3548,14.2195,6.8765,0.6111,0.16
7.6624,0.0000,0.0000,0.0000,0.0000,0.0000,0.0000,0.3128,0.7330,0.9279,-0.1331,-0.0007,-0.9911,0.4866,-0.2328,-1.4915,0.9051,-1.2143,-0.4480,0.1670,1.2659,-0.9242,1.4369,0.0194,0.0271,-0.9577,-0.1163,0.3412,0.0116,0.0659,-0.1706,0.6126,0.0194,0.5000,-0.2000,-1.5772,0.9722,-1.1689,-0.4579,0.2000,1.2819,-0.9239,1.4414,122.4300,-3.7406,4.9049,-6.4776,4.9150,-0.5790,6.4983,-2.3895,14.1546,6.7732,0.6389,0.15
7.6814,0.0000,0.0000,0.0000,0.0000,0.0000,0.0000,0.2078,0.6205,0.8149,-0.1198,-0.0046,-0.9928,0.4871,-0.2325,-1.5107,0.9052,-1.2146,-0.4495,0.1691,1.2647,-0.9135,1.4380,0.1280,0.0194,-1.0159,0.0155,-0.0000,-0.0698,0.1202,-0.0814,0.4769,0.0969,0.5000,-0.2000,-1.5467,1.0200,-1.1813,-0.4548,0.2000,1.3022,-0.9276,1.4342,121.7424,-3.4301,4.7445,-6.3346,4.6701,-0.5478,6.5518,-2.4211,14.0624,6.6571,0.6667,0.15
7.7014,0.0000,0.0000,0.0000,0.0000,0.0000,0.0000,0.1588,0.3860,0.5840,-0.1096,-0.0080,-0.9939,0.4875,-0.2325,-1.5244,0.9126,-1.2151,-0.4529,0.1713,1.2661,-0.9063,1.4381,0.0775,-0.0504,-0.6979,0.3916,0.0349,-0.1047,0.0310,0.0388,0.3761,-0.0543,0.5000,-0.2000,-1.5161,1.0621,-1.1931,-0.4505,0.2000,1.3226,-0.9306,1.4271,121.0781,-3.1188,4.5675,-6.1792,4.4303,-0.5053,6.6272,-2.4775,13.9945,6.5215,0.6944,0.14
7.7214,0.0000,0.0000,0.0000,0.0000,0.0000,0.0000,0.1378,-0.0091,0.2075,-0.1078,-0.0140,-0.9941,0.4875,-0.2328,-1.5350,0.9253,-1.2153,-0.4551,0.1735,1.2682,-0.9018,1.4379,-0.0388,-0.0155,-0.5506,0.5506,0.0310,-0.0737,0.1086,0.0000,0.1784,-0.0155,0.5000,-0.2000,-1.4856,1.0966,-1.2039,-0.4424,0.2000,1.3430,-0.9331,1.4200,120.4604,-2.7527,4.3638,-5.9974,4.1321,-0.4241,6.7390,-2.5526,13.9286,6.3814,0.7222,0.14
7.7414,0.0000,0.0000,0.0000,0.0000,0.0000,0.0000,0.0742,-0.2187,-0.3080,-0.1115,-0.0199,-0.9936,0.4871,-0.2333,-1.5399,0.9407,-1.2155,-0.4563,0.1759,1.2690,-0.9008,1.4369,-0.0194,-0.0465,-0.3257,0.7134,0.0582,0.0388,0.0931,-0.0582,0.0349,-0.0271,0.5000,-0.2000,-1.4550,1.1217,-1.2136,-0.4304,0.2000,1.3633,-0.9348,1.4128,119.9860,-2.4330,4.1715,-5.8041,3.8684,-0.3040,6.8616,-2.6382,13.8613,6.2410,0.7500,0.14
7.7614,0.0000,0.0000,0.0000,0.0000,0.0000,0.0000,0.0012,-0.2023,-0.8378,-0.1153,-0.0263,-0.9930,0.4867,-0.2343,-1.5398,0.9622,-1.2163,-0.4557,0.1781,1.2697,-0.9019,1.4344,-0.0543,-0.0233,-0.0271,0.9732,0.0078,0.1086,0.0931,-0.0233,-0.0969,-0.1435,0.5000,-0.2000,-1.4244,1.1364,-1.2221,-0.4166,0.2000,1.3837,-0.9358,1.4057,119.6418,-2.1603,3.9942,-5.6061,3.6622,-0.1665,6.9996,-2.7279,13.7899,6.0932,0.7778,0.14
7.7814,0.0000,0.0000,0.0000,0.0000,0.0000,0.0000,-0.1391,-0.1126,-1.3681,-0.1171,-0.0310,-0.9926,0.4860,-0.2355,-1.5343,0.9832,-1.2184,-0.4513,0.1801,1.2720,-0.9036,1.4309,-0.0116,-0.0155,0.2520,1.0314,-0.1086,0.2947,0.0892,0.1784,-0.1163,-0.2016,0.5000,-0.2000,-1.3939,1.1398,-1.2293,-0.4030,0.2000,1.4041,-0.9360,1.3986,119.4212,-1.9431,3.8425,-5.4184,3.5000,-0.0296,7.1362,-2.8144,13.7147,5.9626,0.8056,0.14
7.8014,0.0000,0.0000,0.0000,0.0000,0.0000,0.0000,-0.2831,-0.0572,-1.6896,-0.1175,-0.0324,-0.9925,0.4844,-0.2357,-1.5237,1.0054,-1.2216,-0.4437,0.1823,1.2783,-0.9055,1.4257,-0.0775,0.0465,0.4730,0.9500,-0.1977,0.5002,0.0620,0.3257,-0.0194,-0.2714,0.5000,-0.2000,-1.3633,1.1318,-1.2352,-0.3912,0.2000,1.4244,-0.9355,1.3914,119.2417,-1.7918,3.7216,-5.2654,3.3734,0.0881,7.2494,-2.8821,13.6354,5.8697,0.8333,0.15
7.8224,0.0000,0.0000,0.0000,0.0000,0.0000,0.0000,-0.3270,-0.1150,-1.9562,-0.1189,-0.0323,-0.9924,0.4817,-0.2356,-1.5091,1.0223,-1.2260,-0.4304,0.1849,1.2866,-0.9068,1.4191,-0.1396,-0.0194,0.7755,0.7987,-0.2365,0.5855,0.1124,0.3645,-0.0155,-0.3567,0.5000,-0.2000,-1.3328,1.1129,-1.2398,-0.3809,0.2000,1.4448,-0.9342,1.3842,119.1170,-1.6893,3.6249,-5.1504,3.2865,0.1908,7.3407,-2.9408,13.5809,5.8119,0.8611,0.16
7.8434,0.0000,0.0000,0.0000,0.0000,0.0000,0.0000,-0.2547,-0.1376,-2.1554,-0.1211,-0.0322,-0.9921,0.4786,-0.2356,-1.4902,1.0348,-1.2306,-0.4169,0.1869,1.2983,-0.9075,1.4113,-0.0349,0.0155,0.9849,0.5196,-0.1977,0.6747,0.0853,0.5661,-0.0039,-0.3063,0.5000,-0.2000,-1.3022,1.0839,-1.2432,-0.3729,0.2000,1.4652,-0.9322,1.3742,119.0527,-1.6250,3.5604,-5.0816,3.2301,0.2707,7.4223,-2.9913,13.5479,5.7877,0.8889,0.15
7.8624,0.0000,0.0000,0.0000,0.0000,0.0000,0.0000,-0.1364,-0.0033,-1.9778,-0.1208,-0.0350,-0.9921,0.4785,-0.2357,-1.4653,1.0401,-1.2330,-0.4033,0.1875,1.3116,-0.9082,1.4019,0.1008,0.0427,1.1632,0.1551,0.0504,0.5855,-0.0155,0.5700,-0.0000,-0.4149,0.5000,-0.2000,-1.2717,1.0461,-1.2456,-0.3711,0.2000,1.4856,-0.9295,1.3641,118.9680,-1.7039,3.5761,-5.0976,3.2915,0.2885,7.4235,-2.9945,13.5335,5.8256,0.9167,0.18
7.8824,0.0000,0.0000,0.0000,0.0000,0.0000,0.0000,-0.2000,0.2396,-1.7021,-0.1154,-0.0349,-0.9927,0.4817,-0.2357,-1.4371,1.0380,-1.2327,-0.3932,0.1871,1.3278,-0.9094,1.3917,0.2288,0.0233,1.2330,-0.1086,0.0465,0.4808,-0.0582,0.8026,-0.0737,-0.4769,0.5000,-0.2000,-1.2411,1.0014,-1.2472,-0.3753,0.2000,1.5059,-0.9262,1.3541,118.8861,-1.9373,3.6434,-5.1352,3.4901,0.2466,7.3588,-2.9726,13.5264,5.8743,0.9444,0.17
7.9024,0.0000,0.0000,0.0000,0.0000,0.0000,0.0000,-0.2541,0.2753,-1.5643,-0.1087,-0.0325,-0.9935,0.4838,-0.2356,-1.4107,1.0286,-1.2319,-0.3851,0.1863,1.3458,-0.9108,1.3816,0.0543,0.0155,1.2369,-0.5234,0.0737,0.4071,-0.0310,0.9073,-0.0698,-0.4769,0.5000,-0.2000,-1.2106,0.9519,-1.2483,-0.3817,0.2000,1.5263,-0.9223,1.3440,118.9045,-2.2070,3.7195,-5.1808,3.7075,0.1827,7.3021,-2.9586,13.5479,5.9305,0.9722,0.15
7.9224,0.0000,0.0000,0.0000,0.0000,0.0000,0.0000,-0.3026,0.2895,-1.3918,-0.1016,-0.0289,-0.9944,0.4851,-0.2357,-1.3841,1.0109,-1.2304,-0.3790,0.1854,1.3651,-0.9115,1.3710,0.2133,-0.0000,1.2563,-0.6902,0.1241,0.2404,-0.0504,0.9073,-0.0000,-0.5622,0.5000,-0.2000,-1.1800,0.9000,-1.2770,-0.3896,0.2000,1.5467,-0.9180,1.3340,119.0611,-2.5348,3.8290,-5.2591,3.9752,0.1036,7.2130,-2.9313,13.5970,6.0109,0.0000,0.15
7.9424,0.0000,0.0000,0.0000,0.0000,0.0000,0.0000,-0.3559,0.3485,-1.2181,-0.0937,-0.0229,-0.9953,0.4864,-0.2358,-1.3576,0.9855,-1.2290,-0.3755,0.1843,1.3827,-0.9115,1.3596,0.0388,-0.0000,1.3493,-1.1632,0.1047,0.1163,-0.1047,0.9112,-0.0310,-0.5506,0.5000,-0.2000,-1.2004,0.9052,-1.2699,-0.4003,0.2000,1.5670,-0.9133,1.3239,119.3379,-2.9184,3.9746,-5.3693,4.2914,-0.0033,7.1078,-2.8928,13.6683,6.1109,0.0278,0.19
7.9623,0.0000,0.0000,0.0000,0.0000,0.0000,0.0000,-0.3170,0.4343,-1.0065,-0.0844,-0.0181,-0.9963,0.4874,-0.2361,-1.3271,0.9541,-1.2318,-0.3750,0.1827,1.4049,-0.9114,1.3478,0.0698,0.0271,1.3144,-1.5044,-0.1047,0.0427,-0.0931,0.8918,0.0659,-0.5855,0.5000,-0.2000,-1.2207,0.9103,-1.2627,-0.4135,0.2000,1.5874,-0.9083,1.3139,119.7503,-3.3349,4.1643,-5.5328,4.6335,-0.1348,6.9813,-2.8307,13.7635,6.2447,0.0556,0.16
7.9834,0.0000,0.0000,0.0000,0.0000,0.0000,0.0000,-0.2478,0.5327,-0.7959,-0.0731,-0.0141,-0.9972,0.4888,-0.2363,-1.3064,0.9287,-1.2322,-0.3762,0.1812,1.4256,-0.9105,1.3359,0.1202,0.0388,0.8336,-1.1244,-0.0194,0.0078,-0.0659,0.8918,0.0620,-0.5894,0.5000,-0.2000,-1.2411,0.9152,-1.2556,-0.4276,0.2000,1.6078,-0.9031,1.3038,120.3253,-3.7708,4.3455,-5.6672,5.0012,-0.2758,6.8605,-2.7766,13.8710,6.3440,0.0833,0.15
8.0024,0.0000,0.0000,0.0000,0.0000,0.0000,0.0000,-0.2070,0.6056,-0.5542,-0.0599,-0.0091,-0.9982,0.4907,-0.2362,-1.2945,0.9090,-1.2315,-0.3801,0.1792,1.4464,-0.9093,1.3243,0.1551,0.0775,0.5855,-0.9422,0.0737,-0.1822,-0.1396,1.0624,0.0388,-0.5041,0.5000,-0.2000,-1.2615,0.9198,-1.2485,-0.4408,0.2000,1.6078,-0.9209,1.3562,120.9482,-4.1525,4.5164,-5.8038,5.3222,-0.4082,6.7540,-2.7273,13.9840,6.4434,0.1111,0.16
8.0224,0.0000,0.0000,0.0000,0.0000,0.0000,0.0000,-0.1684,0.6007,-0.3842,-0.0467,-0.0033,-0.9989,0.4923,-0.2359,-1.2881,0.8916,-1.2293,-0.3862,0.1772,1.4704,-0.9087,1.3138,0.1396,0.0465,0.2326,-0.7910,0.1861,-0.3141,-0.0814,1.0314,0.0194,-0.5506,0.5000,-0.2000,-1.2819,0.9239,-1.2414,-0.4512,0.2000,1.5772,-0.9722,1.3689,121.6197,-4.5147,4.6791,-5.9353,5.6120,-0.5116,6.6390,-2.6704,14.1024,6.5489,0.1389,0.16
8.0423,0.0000,0.0000,0.0000,0.0000,0.0000,0.0000,-0.2070,0.4829,-0.2295,-0.0344,0.0043,-0.9994,0.4937,-0.2353,-1.2876,0.8799,-1.2256,-0.3951,0.1752,1.4897,-0.9098,1.3135,0.1163,0.0892,-0.0543,-0.5622,0.2094,-0.4420,-0.0504,0.8375,0.0349,-0.0737,0.5000,-0.2000,-1.3022,0.9276,-1.2342,-0.4588,0.2000,1.5467,-1.0200,1.3813,122.3064,-4.8245,4.8207,-6.0514,5.8497,-0.5881,6.5312,-2.6102,14.2015,6.6496,0.1667,0.15
8.0633,0.0000,0.0000,0.0000,0.0000,0.0000,0.0000,-0.1969,0.1653,-0.0038,-0.0279,0.0121,-0.9995,0.4946,-0.2346,-1.2904,0.8709,-1.2216,-0.4040,0.1729,1.5021,-0.9181,1.3164,0.0078,0.0388,-0.1124,-0.3761,0.1435,-0.3684,-0.1357,0.6165,-0.3296,0.1124,0.5000,-0.2000,-1.3226,0.9306,-1.2271,-0.4665,0.2000,1.5161,-1.0621,1.3931,122.9483,-5.0727,4.9490,-6.1777,6.0553,-0.6650,6.4266,-2.5543,14.3139,6.7531,0.1944,0.14
8.0824,0.0000,0.0000,0.0000,0.0000,0.0000,0.0000,-0.1564,-0.2074,0.3211,-0.0292,0.0177,-0.9994,0.4955,-0.2337,-1.2938,0.8658,-1.2182,-0.4125,0.1709,1.5097,-0.9340,1.3226,0.1357,0.1008,-0.1318,-0.2016,0.1667,-0.3684,-0.1784,0.3606,-0.7638,0.1977,0.5000,-0.2000,-1.3430,0.9331,-1.2200,-0.4731,0.2000,1.4856,-1.0966,1.4039,123.4987,-5.2672,5.0659,-6.3155,6.2090,-0.7309,6.3251,-2.4969,14.4142,6.8686,0.2222,0.14
8.1024,0.0000,0.0000,0.0000,0.0000,0.0000,0.0000,-0.1264,-0.4813,0.6269,-0.0378,0.0240,-0.9990,0.4965,-0.2329,-1.2995,0.8644,-1.2152,-0.4202,0.1699,1.5117,-0.9525,1.3303,0.0620,0.1202,-0.1939,0.0039,0.0969,-0.3567,-0.0155,-0.0078,-0.9887,0.3722,0.5000,-0.2000,-1.3633,0.9348,-1.2128,-0.4763,0.2000,1.4550,-1.1217,1.4136,123.9384,-5.4367,5.1738,-6.4406,6.3216,-0.7635,6.2289,-2.4345,14.4799,6.9733,0.2500,0.14
8.1233,0.0000,0.0000,0.0000,0.0000,0.0000,0.0000,-0.0754,-0.5595,0.9324,-0.0480,0.0281,-0.9985,0.4967,-0.2327,-1.3044,0.8660,-1.2133,-0.4281,0.1693,1.5085,-0.9746,1.3396,-0.0078,-0.0233,-0.1628,0.1628,0.0620,-0.3451,0.0271,-0.2210,-1.0081,0.4149,0.5000,-0.2000,-1.3837,0.9358,-1.2057,-0.4782,0.2000,1.4244,-1.1364,1.4221,124.2981,-5.6099,5.2904,-6.5746,6.4230,-0.7820,6.1425,-2.3711,14.5281,7.0734,0.2778,0.14
8.1424,0.0000,0.0000,0.0000,0.0000,0.0000,0.0000,-0.0228,-0.5770,1.1187,-0.0588,0.0316,-0.9978,0.4967,-0.2327,-1.3099,0.8691,-1.2116,-0.4366,0.1690,1.5013,-0.9973,1.3507,0.0349,-0.0078,-0.2830,0.2559,0.0388,-0.3722,-0.0388,-0.3179,-0.9732,0.5467,0.5000,-0.2000,-1.4041,0.9360,-1.1986,-0.4782,0.2000,1.3939,-1.1398,1.4293,124.6134,-5.7223,5.3828,-6.6820,6.4806,-0.7815,6.0858,-2.3255,14.5705,7.1507,0.3056,0.14
8.1623,0.0000,0.0000,0.0000,0.0000,0.0000,0.0000,0.0156,-0.5691,1.2183,-0.0691,0.0347,-0.9970,0.4964,-0.2327,-1.3167,0.8737,-1.2106,-0.4442,0.1688,1.4897,-1.0158,1.3619,-0.0078,0.0233,-0.2947,0.2326,0.0582,-0.3606,-0.0931,-0.5622,-0.9538,0.4614,0.5000,-0.2000,-1.4244,0.9355,-1.1914,-0.4767,0.2000,1.3633,-1.1318,1.4352,124.8962,-5.8016,5.4571,-6.7693,6.5160,-0.7673,6.0422,-2.2877,14.6055,7.2150,0.3333,0.14
8.1833,0.0000,0.0000,0.0000,0.0000,0.0000,0.0000,0.0699,-0.5507,1.1965,-0.0799,0.0365,-0.9961,0.4961,-0.2327,-1.3248,0.8779,-1.2105,-0.4513,0.1685,1.4762,-1.0311,1.3738,-0.0233,-0.0155,-0.4304,0.2675,-0.0465,-0.3218,-0.0582,-0.7289,-0.7134,0.5583,0.5000,-0.2000,-1.4448,0.9342,-1.1842,-0.4731,0.2000,1.3328,-1.1129,1.4398,125.1504,-5.8080,5.5119,-6.8349,6.4940,-0.7313,6.0208,-2.2581,14.6306,7.2576,0.3611,0.14
8.2043,0.0000,0.0000,0.0000,0.0000,0.0000,0.0000,0.1343,-0.4388,1.1369,-0.0888,0.0365,-0.9954,0.4954,-0.2327,-1.3362,0.8844,-1.2109,-0.4570,0.1683,1.4579,-1.0418,1.3863,-0.0853,0.0620,-0.4032,0.3412,0.0039,-0.1939,-0.0582,-0.7677,-0.4537,0.4808,0.5000,-0.2000,-1.4652,0.9322,-1.1742,-0.4698,0.2000,1.3022,-1.0839,1.4432,125.3569,-5.7564,5.5376,-6.8769,6.4420,-0.6976,6.0303,-2.2476,14.6495,7.2746,0.3889,0.17
8.2233,0.0000,0.0000,0.0000,0.0000,0.0000,0.0000,0.1964,-0.3350,1.0822,-0.0958,0.0355,-0.9948,0.4945,-0.2329,-1.3469,0.8901,-1.2115,-0.4602,0.1682,1.4379,-1.0458,1.3972,-0.0853,-0.0000,-0.4537,0.2714,-0.0465,-0.0775,-0.0116,-0.8491,-0.1124,0.4381,0.5000,-0.2000,-1.4856,0.9295,-1.1641,-0.4662,0.2000,1.2717,-1.0461,1.4456,125.4922,-5.6773,5.5598,-6.9164,6.3611,-0.6625,6.0398,-2.2307,14.6467,7.2917,0.4167,0.16
8.2434,0.0000,0.0000,0.0000,0.0000,0.0000,0.0000,0.2750,-0.2325,1.0472,-0.1012,0.0312,-0.9944,0.4939,-0.2329,-1.3587,0.8960,-1.2122,-0.4614,0.1682,1.4187,-1.0434,1.4068,-0.0078,0.0388,-0.6320,0.2637,-0.0271,-0.0814,-0.0078,-1.0391,0.1745,0.5079,0.5000,-0.2000,-1.5059,0.9262,-1.1541,-0.4630,0.2000,1.2411,-1.0014,1.4472,125.5555,-5.5453,5.5575,-6.9375,6.2449,-0.6298,6.0649,-2.2215,14.6313,7.2916,0.4444,0.15
8.2633,0.0000,0.0000,0.0000,0.0000,0.0000,0.0000,0.3224,-0.1209,0.9728,-0.1052,0.0265,-0.9941,0.4931,-0.2330,-1.3721,0.9018,-1.2130,-0.4614,0.1680,1.3958,-1.0335,1.4157,-0.0310,0.0194,-0.6049,0.2753,-0.0931,0.0427,-0.0582,-1.0702,0.5428,0.3800,0.5000,-0.2000,-1.5263,0.9223,-1.1440,-0.4612,0.2000,1.2106,-0.9519,1.4483,125.5343,-5.3868,5.5350,-6.9390,6.1229,-0.6122,6.1035,-2.2264,14.6124,7.2689,0.4722,0.14
8.2833,0.0000,0.0000,0.0000,0.0000,0.0000,0.0000,0.3640,0.0414,0.9167,-0.1063,0.0202,-0.9941,0.4922,-0.2330,-1.3871,0.9069,-1.2136,-0.4607,0.1676,1.3708,-1.0159,1.4230,-0.0620,-0.0194,-0.8414,0.3141,-0.1124,0.0620,-0.0620,-1.2214,0.9151,0.3179,0.5000,-0.2000,-1.5467,0.9180,-1.1340,-0.4606,0.2000,1.1800,-0.9000,1.4770,125.4284,-5.2085,5.4988,-6.9203,5.9906,-0.6060,6.1505,-2.2312,14.5712,7.2283,0.5000,0.14
8.3034,0.0000,0.0000,0.0000,0.0000,0.0000,0.0000,0.4050,0.2131,0.8784,-0.1048,0.0131,-0.9944,0.4915,-0.2331,-1.4027,0.9107,-1.2137,-0.4598,0.1673,1.3445,-0.9919,1.4289,-0.0271,-0.0039,-0.6940,0.1900,0.0116,0.0039,-0.0427,-1.2640,1.1555,0.2714,0.5000,-0.2000,-1.5670,0.9133,-1.1239,-0.4625,0.2000,1.2004,-0.9052,1.4699,125.2249,-5.0018,5.4439,-6.8937,5.8537,-0.6249,6.2096,-2.2485,14.5290,7.1814,0.5278,0.14
8.3233,0.0000,0.0000,0.0000,0.0000,0.0000,0.0000,0.3938,0.4415,0.8642,-0.0995,0.0076,-0.9950,0.4910,-0.2330,-1.4202,0.9131,-1.2134,-0.4588,0.1672,1.3151,-0.9618,1.4388,-0.0039,0.0659,-0.8065,0.1745,0.0388,0.1551,-0.0659,-1.2873,1.3377,0.4614,0.5000,-0.2000,-1.5874,0.9083,-1.1139,-0.4671,0.2000,1.2207,-0.9103,1.4627,124.9268,-4.7960,5.3767,-6.8446,5.7250,-0.6712,6.2758,-2.2668,14.4565,7.1143,0.5556,0.17
8.3433,0.0000,0.0000,0.0000,0.0000,0.0000,0.0000,0.3084,0.6351,0.8627,-0.0897,0.0033,-0.9960,0.4909,-0.2330,-1.4377,0.9136,-1.2120,-0.4587,0.1673,1.2957,-0.9373,1.4445,0.0465,-0.0194,-0.9965,0.0388,0.0427,0.0116,-0.0039,-0.8685,1.1942,0.2637,0.5000,-0.2000,-1.6078,0.9031,-1.1038,-0.4714,0.2000,1.2411,-0.9152,1.4556,124.5056,-4.5817,5.2861,-6.7698,5.5896,-0.7136,6.3306,-2.2926,14.3937,7.0330,0.5833,0.15
8.3633,0.0000,0.0000,0.0000,0.0000,0.0000,0.0000,0.3051,0.7720,0.8350,-0.0767,-0.0015,-0.9971,0.4910,-0.2331,-1.4567,0.9132,-1.2089,-0.4600,0.1679,1.2840,-0.9175,1.4478,0.0155,-0.0039,-0.9344,0.0310,0.1977,-0.0233,-0.0349,-0.4769,0.8802,0.1086,0.5000,-0.2000,-1.6078,0.9209,-1.1562,-0.4754,0.2000,1.2615,-0.9198,1.4485,123.9726,-4.3307,5.1701,-6.6806,5.4377,-0.7542,6.3968,-2.3274,14.3352,6.9330,0.6111,0.16
8.3833,0.0000,0.0000,0.0000,0.0000,0.0000,0.0000,0.2693,0.8974,0.7728,-0.0601,-0.0076,-0.9982,0.4911,-0.2333,-1.4762,0.9126,-1.2031,-0.4632,0.1694,1.2792,-0.9024,1.4498,0.0155,0.0388,-1.0004,-0.0620,0.3606,-0.0969,0.0388,-0.1939,0.7212,0.0543,0.5000,-0.2000,-1.5772,0.9722,-1.1689,-0.4768,0.2000,1.2819,-0.9239,1.4414,123.3548,-4.0762,5.0415,-6.5750,5.2552,-0.7675,6.4544,-2.3565,14.2588,6.8322,0.6389,0.15
8.4044,0.0000,0.0000,0.0000,0.0000,0.0000,0.0000,0.1484,0.8354,0.6998,-0.0424,-0.0103,-0.9990,0.4914,-0.2335,-1.4960,0.9134,-1.2036,-0.4672,0.1707,1.2789,-0.8909,1.4510,0.0388,0.0388,-1.0430,0.0116,-0.0233,-0.2288,0.0737,-0.0582,0.5661,0.0233,0.5000,-0.2000,-1.5467,1.0200,-1.1813,-0.4748,0.2000,1.3022,-0.9276,1.4342,122.6368,-3.7849,4.8870,-6.4389,5.0292,-0.7483,6.5016,-2.3833,14.1608,6.7176,0.6667,0.16
8.4233,0.0000,0.0000,0.0000,0.0000,0.0000,0.0000,0.1460,0.5331,0.4995,-0.0299,-0.0156,-0.9994,0.4915,-0.2338,-1.5104,0.9206,-1.2039,-0.4714,0.1723,1.2804,-0.8823,1.4519,-0.0427,0.0078,-0.7910,0.3179,-0.0000,-0.1745,0.0698,0.0000,0.4149,0.0388,0.5000,-0.2000,-1.5161,1.0621,-1.1931,-0.4720,0.2000,1.3226,-0.9306,1.4271,121.9299,-3.4558,4.7100,-6.2912,4.7763,-0.7202,6.5792,-2.4356,14.0847,6.5865,0.6944,0.16
8.4433,0.0000,0.0000,0.0000,0.0000,0.0000,0.0000,0.1179,0.1739,0.1458,-0.0251,-0.0209,-0.9995,0.4915,-0.2344,-1.5191,0.9351,-1.2062,-0.4745,0.1747,1.2830,-0.8765,1.4526,-0.0194,0.0039,-0.6204,0.6398,-0.0698,-0.1590,0.1047,-0.0310,0.2908,-0.0388,0.5000,-0.2000,-1.4856,1.0966,-1.2039,-0.4648,0.2000,1.3430,-0.9331,1.4200,121.2908,-3.1160,4.5173,-6.1187,4.5010,-0.6481,6.6746,-2.5028,14.0104,6.4492,0.7222,0.16
8.4633,0.0000,0.0000,0.0000,0.0000,0.0000,0.0000,0.0274,0.0163,-0.3310,-0.0249,-0.0249,-0.9994,0.4909,-0.2354,-1.5250,0.9533,-1.2080,-0.4763,0.1760,1.2840,-0.8738,1.4527,-0.0194,-0.0427,-0.3490,0.8569,-0.0000,-0.0271,0.0620,-0.0969,0.0698,-0.0388,0.5000,-0.2000,-1.4550,1.1217,-1.2136,-0.4545,0.2000,1.3633,-0.9348,1.4128,120.7875,-2.8216,4.3297,-5.9244,4.2668,-0.5445,6.7874,-2.5831,13.9335,6.3047,0.7500,0.15
8.4833,0.0000,0.0000,0.0000,0.0000,0.0000,0.0000,-0.0081,0.0330,-0.8289,-0.0244,-0.0278,-0.9993,0.4905,-0.2364,-1.5252,0.9736,-1.2106,-0.4762,0.1777,1.2844,-0.8740,1.4519,-0.0465,-0.0000,-0.0543,0.9810,-0.0814,0.0465,0.0388,-0.0931,0.0504,-0.0543,0.5000,-0.2000,-1.4244,1.1364,-1.2221,-0.4421,0.2000,1.3837,-0.9358,1.4057,120.4056,-2.5519,4.1633,-5.7437,4.0587,-0.4211,6.9203,-2.6640,13.8556,6.1687,0.7778,0.15
8.5033,0.0000,0.0000,0.0000,0.0000,0.0000,0.0000,0.0210,0.0841,-1.2519,-0.0222,-0.0294,-0.9993,0.4902,-0.2368,-1.5205,0.9941,-1.2130,-0.4729,0.1789,1.2869,-0.8750,1.4499,0.0271,0.0582,0.1357,0.8763,-0.0078,0.2249,0.0659,0.1202,0.0039,-0.0698,0.5000,-0.2000,-1.3939,1.1398,-1.2293,-0.4311,0.2000,1.4041,-0.9360,1.3986,120.1238,-2.3217,4.0208,-5.5905,3.8779,-0.3113,7.0555,-2.7427,13.7862,6.0618,0.8056,0.14
8.5243,0.0000,0.0000,0.0000,0.0000,0.0000,0.0000,0.0971,0.1469,-1.3522,-0.0179,-0.0340,-0.9993,0.4906,-0.2370,-1.5107,1.0106,-1.2145,-0.4665,0.1794,1.2918,-0.8760,1.4469,0.1473,-0.0271,0.5002,0.8414,0.1202,0.3141,-0.0349,0.1939,-0.0233,-0.1590,0.5000,-0.2000,-1.3633,1.1318,-1.2352,-0.4246,0.2000,1.4244,-0.9355,1.3914,119.8535,-2.2016,3.9347,-5.5035,3.7880,-0.2461,7.1313,-2.7870,13.7251,6.0106,0.8333,0.15
8.5443,0.0000,0.0000,0.0000,0.0000,0.0000,0.0000,0.0257,0.1769,-1.2639,-0.0123,-0.0356,-0.9993,0.4930,-0.2370,-1.4965,1.0231,-1.2141,-0.4575,0.1791,1.3006,-0.8781,1.4428,0.1745,0.0388,0.5739,0.4575,0.0853,0.4808,-0.0427,0.3684,-0.1241,-0.2171,0.5000,-0.2000,-1.3328,1.1129,-1.2398,-0.4222,0.2000,1.4448,-0.9342,1.3842,119.5469,-2.1892,3.8797,-5.4389,3.7647,-0.2221,7.1628,-2.8109,13.6600,5.9967,0.8611,0.14
8.5643,0.0000,0.0000,0.0000,0.0000,0.0000,0.0000,0.0390,0.1224,-1.3456,-0.0084,-0.0373,-0.9993,0.4947,-0.2370,-1.4811,1.0296,-1.2133,-0.4504,0.1787,1.3121,-0.8811,1.4377,0.0853,-0.0194,0.7445,0.2830,0.1124,0.2753,-0.1124,0.5157,-0.1318,-0.3063,0.5000,-0.2000,-1.3022,1.0839,-1.2432,-0.4193,0.2000,1.4652,-0.9322,1.3742,119.3224,-2.2131,3.8335,-5.3822,3.7810,-0.1934,7.1947,-2.8473,13.6369,5.9783,0.8889,0.14
8.5843,0.0000,0.0000,0.0000,0.0000,0.0000,0.0000,-0.0248,0.1874,-1.4387,-0.0035,-0.0377,-0.9993,0.4957,-0.2369,-1.4626,1.0305,-1.2128,-0.4454,0.1779,1.3258,-0.8843,1.4320,0.1124,0.0504,0.9500,0.0659,0.0388,0.2249,-0.0620,0.6979,-0.1861,-0.3606,0.5000,-0.2000,-1.2717,1.0461,-1.2456,-0.4169,0.2000,1.4856,-0.9295,1.3641,119.1925,-2.3053,3.8172,-5.3355,3.8579,-0.1688,7.2014,-2.8702,13.6106,5.9759,0.9167,0.14
8.6043,0.0000,0.0000,0.0000,0.0000,0.0000,0.0000,-0.0701,0.2595,-1.5300,0.0024,-0.0362,-0.9993,0.4969,-0.2370,-1.4406,1.0262,-1.2124,-0.4417,0.1772,1.3404,-0.8869,1.4247,0.1241,0.0388,1.0585,-0.1861,0.0427,0.2210,-0.0659,0.6514,-0.1047,-0.3761,0.5000,-0.2000,-1.2411,1.0014,-1.2472,-0.4161,0.2000,1.5059,-0.9262,1.3541,119.2309,-2.4812,3.8472,-5.3222,3.9991,-0.1614,7.1841,-2.8791,13.6082,5.9979,0.9444,0.15
8.6243,0.0000,0.0000,0.0000,0.0000,0.0000,0.0000,-0.0958,0.3266,-1.5869,0.0107,-0.0333,-0.9994,0.4978,-0.2372,-1.4149,1.0154,-1.2122,-0.4382,0.1765,1.3584,-0.8883,1.4160,0.1008,-0.0388,1.2524,-0.4537,-0.0000,0.1706,-0.0504,0.8026,-0.0582,-0.3994,0.5000,-0.2000,-1.2106,0.9519,-1.2483,-0.4184,0.2000,1.5263,-0.9223,1.3440,119.4183,-2.7219,3.9170,-5.3495,4.1994,-0.1845,7.1447,-2.8780,13.6412,6.0427,0.9722,0.17
8.6443,0.0000,0.0000,0.0000,0.0000,0.0000,0.0000,-0.1460,0.3771,-1.6435,0.0187,-0.0299,-0.9994,0.4985,-0.2374,-1.3886,0.9994,-1.2123,-0.4351,0.1756,1.3770,-0.8883,1.4067,0.0427,-0.0349,1.2408,-0.7910,0.0388,0.1202,-0.0039,0.9151,0.0388,-0.4537,0.5000,-0.2000,-1.1800,0.9000,-1.2770,-0.4229,0.2000,1.5467,-0.9180,1.3340,119.7747,-3.0200,4.0122,-5.3978,4.4363,-0.2287,7.0949,-2.8730,13.7020,6.1054,0.0000,0.16
8.6653,0.0000,0.0000,0.0000,0.0000,0.0000,0.0000,-0.2145,0.4668,-1.6749,0.0289,-0.0249,-0.9993,0.4988,-0.2376,-1.3600,0.9772,-1.2128,-0.4327,0.1745,1.3974,-0.8875,1.3964,-0.0000,0.0388,1.2369,-0.9655,0.0155,0.1706,0.0310,0.9616,0.1280,-0.6204,0.5000,-0.2000,-1.2004,0.9052,-1.2699,-0.4296,0.2000,1.5670,-0.9133,1.3239,120.3035,-3.3878,4.1430,-5.4730,4.7366,-0.2957,7.0213,-2.8539,13.7880,6.1832,0.0278,0.15
8.6843,0.0000,0.0000,0.0000,0.0000,0.0000,0.0000,-0.1864,0.5716,-1.6134,0.0409,-0.0207,-0.9989,0.4991,-0.2381,-1.3306,0.9505,-1.2183,-0.4314,0.1738,1.4186,-0.8855,1.3851,0.0582,-0.0194,1.3881,-1.2950,-0.2520,0.0388,-0.0543,0.9693,0.1008,-0.4498,0.5000,-0.2000,-1.2207,0.9103,-1.2627,-0.4389,0.2000,1.5874,-0.9083,1.3139,120.9453,-3.7704,4.3211,-5.6094,5.0564,-0.3894,6.9212,-2.8050,13.8990,6.3005,0.0556,0.14
8.7053,0.0000,0.0000,0.0000,0.0000,0.0000,0.0000,-0.1244,0.6898,-1.4283,0.0547,-0.0170,-0.9984,0.5001,-0.2384,-1.3063,0.9273,-1.2214,-0.4310,0.1734,1.4427,-0.8831,1.3742,0.1124,0.0078,0.9151,-1.1012,-0.0969,0.0427,-0.0582,1.1787,0.1784,-0.5506,0.5000,-0.2000,-1.2411,0.9152,-1.2556,-0.4513,0.2000,1.6078,-0.9031,1.3038,121.6984,-4.1933,4.5027,-5.7472,5.3969,-0.5126,6.8156,-2.7555,14.0304,6.4086,0.0833,0.14
8.7243,0.0000,0.0000,0.0000,0.0000,0.0000,0.0000,-0.0697,0.7647,-1.2098,0.0701,-0.0138,-0.9974,0.5017,-0.2383,-1.2911,0.9112,-1.2219,-0.4318,0.1728,1.4662,-0.8798,1.3617,0.1357,0.0039,0.6902,-0.7483,0.0155,-0.0271,-0.0155,1.2214,0.1784,-0.5312,0.5000,-0.2000,-1.2615,0.9198,-1.2485,-0.4632,0.2000,1.6078,-0.9209,1.3562,122.4863,-4.5990,4.6782,-5.8798,5.7282,-0.6321,6.7054,-2.7018,14.1611,6.5124,0.1111,0.14
8.7443,0.0000,0.0000,0.0000,0.0000,0.0000,0.0000,-0.0674,0.7487,-1.0220,0.0854,-0.0088,-0.9963,0.5027,-0.2374,-1.2815,0.8982,-1.2210,-0.4354,0.1718,1.4921,-0.8769,1.3497,0.0543,0.0853,0.3684,-0.5506,0.0853,-0.1280,-0.0698,1.1981,0.1512,-0.5196,0.5000,-0.2000,-1.2819,0.9239,-1.2414,-0.4731,0.2000,1.5772,-0.9722,1.3689,123.2758,-4.9668,4.8378,-6.0037,6.0161,-0.7314,6.5998,-2.6463,14.2907,6.6146,0.1389,0.14
8.7643,0.0000,0.0000,0.0000,0.0000,0.0000,0.0000,-0.1079,0.6228,-0.8644,0.0989,-0.0017,-0.9951,0.5033,-0.2359,-1.2778,0.8876,-1.2182,-0.4413,0.1708,1.5163,-0.8771,1.3491,0.0310,0.1590,0.1086,-0.4459,0.2133,-0.2482,-0.0737,1.1322,0.0388,-0.0194,0.5000,-0.2000,-1.3022,0.9276,-1.2342,-0.4807,0.2000,1.5467,-1.0200,1.3813,124.0510,-5.2737,4.9771,-6.1236,6.2428,-0.8069,6.4986,-2.5885,14.4109,6.7257,0.1667,0.14
8.7843,0.0000,0.0000,0.0000,0.0000,0.0000,0.0000,-0.1484,0.3770,-0.6084,0.1074,0.0056,-0.9942,0.5037,-0.2346,-1.2773,0.8810,-1.2139,-0.4478,0.1698,1.5315,-0.8840,1.3509,0.0698,0.1124,0.1163,-0.2792,0.2637,-0.2365,-0.0349,0.8375,-0.3179,0.0659,0.5000,-0.2000,-1.3226,0.9306,-1.2271,-0.4883,0.2000,1.5161,-1.0621,1.3931,124.7733,-5.5686,5.1156,-6.2560,6.4738,-0.8831,6.3758,-2.5229,14.5376,6.8461,0.1944,0.14
8.8043,0.0000,0.0000,0.0000,0.0000,0.0000,0.0000,-0.1568,0.0302,-0.1338,0.1089,0.0120,-0.9940,0.5046,-0.2331,-1.2773,0.8782,-1.2092,-0.4531,0.1690,1.5421,-0.8976,1.3557,0.0853,0.1086,0.0427,-0.1047,0.2326,-0.1706,-0.0698,0.6010,-0.6785,0.2016,0.5000,-0.2000,-1.3430,0.9331,-1.2200,-0.4972,0.2000,1.4856,-1.0966,1.4039,125.3400,-5.8099,5.2525,-6.4162,6.6601,-0.9716,6.2546,-2.4483,14.6421,6.9756,0.2222,0.14
8.8243,0.0000,0.0000,0.0000,0.0000,0.0000,0.0000,-0.1573,-0.1926,0.3743,0.1046,0.0174,-0.9944,0.5061,-0.2319,-1.2781,0.8782,-1.2051,-0.4584,0.1684,1.5471,-0.9164,1.3637,0.1202,0.0698,-0.0194,0.0659,0.1202,-0.2714,-0.0659,0.1745,-0.7949,0.3916,0.5000,-0.2000,-1.3633,0.9348,-1.2128,-0.5000,0.2000,1.4550,-1.1217,1.4136,125.7584,-6.0484,5.3950,-6.5856,6.8198,-1.0371,6.1231,-2.3600,14.7089,7.1126,0.2500,0.14
8.8443,0.0000,0.0000,0.0000,0.0000,0.0000,0.0000,-0.1944,-0.2425,0.8426,0.0992,0.0219,-0.9948,0.5073,-0.2311,-1.2789,0.8809,-1.2013,-0.4657,0.1681,1.5463,-0.9381,1.3737,0.0116,0.0659,-0.0427,0.1628,0.1784,-0.3063,-0.0427,-0.0659,-0.9926,0.3839,0.5000,-0.2000,-1.3837,0.9358,-1.2057,-0.5000,0.2000,1.4244,-1.1364,1.4221,126.0813,-6.3047,5.5278,-6.7346,6.9824,-1.0982,6.0078,-2.2826,14.7581,7.2283,0.2778,0.14
8.8653,0.0000,0.0000,0.0000,0.0000,0.0000,0.0000,-0.1976,-0.2098,1.1601,0.0948,0.0254,-0.9952,0.5082,-0.2305,-1.2813,0.8844,-1.1972,-0.4735,0.1680,1.5402,-0.9592,1.3858,0.0814,0.0194,-0.1280,0.1667,0.1745,-0.3761,0.0465,-0.3528,-0.9693,0.5932,0.5000,-0.2000,-1.4041,0.9360,-1.1986,-0.5000,0.2000,1.3939,-1.1398,1.4293,126.3633,-6.5116,5.6508,-6.8664,7.1016,-1.1321,5.9138,-2.2113,14.7918,7.3316,0.3056,0.18
8.8863,0.0000,0.0000,0.0000,0.0000,0.0000,0.0000,-0.2020,-0.1830,1.4220,0.0920,0.0279,-0.9954,0.5090,-0.2302,-1.2870,0.8880,-1.1927,-0.4816,0.1679,1.5288,-0.9787,1.3989,0.0737,0.0039,-0.3179,0.1551,0.2792,-0.3684,-0.0698,-0.5273,-0.8569,0.5700,0.5000,-0.2000,-1.4244,0.9355,-1.1914,-0.5000,0.2000,1.3633,-1.1318,1.4352,126.6133,-6.6696,5.7494,-6.9788,7.1893,-1.1624,5.8482,-2.1580,14.8249,7.4113,0.3333,0.16
8.9053,0.0000,0.0000,0.0000,0.0000,0.0000,0.0000,-0.1795,-0.1090,1.6327,0.0902,0.0291,-0.9955,0.5106,-0.2302,-1.2959,0.8911,-1.1883,-0.4909,0.1681,1.5145,-0.9943,1.4125,0.1512,0.0388,-0.4692,0.1900,0.2559,-0.3916,-0.0543,-0.8802,-0.6087,0.6087,0.5000,-0.2000,-1.4448,0.9342,-1.1842,-0.5000,0.2000,1.3328,-1.1129,1.4398,126.8130,-6.7658,5.8316,-7.0785,7.2315,-1.1769,5.7971,-2.1057,14.8361,7.4808,0.3611,0.15
8.9263,0.0000,0.0000,0.0000,0.0000,0.0000,0.0000,-0.1577,0.0118,1.8271,0.0915,0.0287,-0.9954,0.5123,-0.2303,-1.3087,0.8938,-1.1834,-0.4973,0.1680,1.4943,-1.0038,1.4251,0.1396,0.0078,-0.5545,0.1396,0.2249,-0.2986,-0.0388,-0.9577,-0.4769,0.5777,0.5000,-0.2000,-1.4652,0.9322,-1.1742,-0.5000,0.2000,1.3022,-1.0839,1.4432,126.9272,-6.8135,5.8906,-7.1551,7.2520,-1.2017,5.7650,-2.0666,14.8372,7.5258,0.3889,0.14
8.9463,0.0000,0.0000,0.0000,0.0000,0.0000,0.0000,-0.1577,0.1060,2.0048,0.0947,0.0277,-0.9951,0.5135,-0.2306,-1.3227,0.8951,-1.1786,-0.5021,0.1678,1.4728,-1.0086,1.4374,0.1318,-0.0349,-0.7367,0.0892,0.2249,-0.1939,-0.0582,-1.1671,-0.1861,0.5196,0.5000,-0.2000,-1.4856,0.9295,-1.1641,-0.5000,0.2000,1.2717,-1.0461,1.4456,126.9569,-6.8264,5.9359,-7.2196,7.2451,-1.2284,5.7404,-2.0296,14.8191,7.5604,0.4167,0.14
8.9663,0.0000,0.0000,0.0000,0.0000,0.0000,0.0000,-0.1587,0.1853,2.1700,0.0998,0.0261,-0.9947,0.5143,-0.2308,-1.3411,0.8953,-1.1725,-0.5053,0.1675,1.4476,-1.0081,1.4481,0.1280,-0.0000,-0.8763,-0.0155,0.3412,-0.1706,-0.0892,-1.2330,0.0116,0.4420,0.5000,-0.2000,-1.5059,0.9262,-1.1541,-0.5000,0.2000,1.2411,-1.0014,1.4472,126.8750,-6.7727,5.9465,-7.2566,7.2042,-1.2653,5.7391,-2.0125,14.7943,7.5692,0.4444,0.14
8.9863,0.0000,0.0000,0.0000,0.0000,0.0000,0.0000,-0.1338,0.2589,2.3219,0.1060,0.0240,-0.9941,0.5145,-0.2311,-1.3616,0.8943,-1.1654,-0.5081,0.1673,1.4198,-1.0015,1.4569,0.0582,0.0039,-1.0081,-0.0427,0.3684,-0.0969,-0.0814,-1.3803,0.3528,0.4265,0.5000,-0.2000,-1.5263,0.9223,-1.1440,-0.5000,0.2000,1.2106,-0.9519,1.4483,126.6643,-6.6732,5.9410,-7.2811,7.1329,-1.3060,5.7490,-1.9970,14.7422,7.5611,0.4722,0.14
9.0053,0.0000,0.0000,0.0000,0.0000,0.0000,0.0000,-0.0911,0.3713,2.4359,0.1146,0.0213,-0.9932,0.5145,-0.2312,-1.3842,0.8916,-1.1577,-0.5104,0.1671,1.3892,-0.9881,1.4644,-0.0039,0.0116,-1.1089,-0.1512,0.3916,-0.0698,-0.0039,-1.6014,0.6475,0.2947,0.5000,-0.2000,-1.5467,0.9180,-1.1340,-0.5000,0.2000,1.1800,-0.9000,1.4770,126.3487,-6.5443,5.9158,-7.2859,7.0510,-1.3543,5.7688,-1.9898,14.6800,7.5360,0.5000,0.15
9.0253,0.0000,0.0000,0.0000,0.0000,0.0000,0.0000,-0.0099,0.4312,2.4317,0.1259,0.0172,-0.9919,0.5144,-0.2311,-1.4098,0.8872,-1.1494,-0.5122,0.1672,1.3543,-0.9698,1.4701,-0.0310,-0.0000,-1.1477,-0.1396,0.3335,-0.0310,-0.0388,-1.5858,1.0042,0.2443,0.5000,-0.2000,-1.5670,0.9133,-1.1239,-0.5000,0.2000,1.2004,-0.9052,1.4699,125.9492,-6.3476,5.8599,-7.2598,6.9417,-1.4103,5.8169,-2.0053,14.6208,7.4719,0.5278,0.15
9.0453,0.0000,0.0000,0.0000,0.0000,0.0000,0.0000,0.1080,0.3626,2.3205,0.1354,0.0111,-0.9907,0.5140,-0.2309,-1.4356,0.8819,-1.1422,-0.5131,0.1673,1.3190,-0.9459,1.4795,0.0155,0.0969,-1.1826,-0.2171,0.3102,0.0078,-0.0465,-1.6091,1.1361,0.4769,0.5000,-0.2000,-1.5874,0.9083,-1.1139,-0.5000,0.2000,1.2207,-0.9103,1.4627,125.4819,-6.0534,5.7667,-7.2003,6.7724,-1.4631,5.8902,-2.0391,14.5571,7.3865,0.5556,0.15
9.0653,0.0000,0.0000,0.0000,0.0000,0.0000,0.0000,0.1387,0.4174,1.9856,0.1437,0.0027,-0.9896,0.5129,-0.2309,-1.4608,0.8764,-1.1388,-0.5130,0.1674,1.2915,-0.9273,1.4869,-0.0349,-0.0504,-1.1399,-0.2830,0.1512,0.0116,0.0427,-1.3571,0.9112,0.2443,0.5000,-0.2000,-1.6078,0.9031,-1.1038,-0.5000,0.2000,1.2411,-0.9152,1.4556,124.9980,-5.7522,5.6450,-7.0868,6.6038,-1.4699,5.9623,-2.0873,14.5091,7.2655,0.5833,0.14
9.0863,0.0000,0.0000,0.0000,0.0000,0.0000,0.0000,0.0822,0.5008,1.4206,0.1535,-0.0044,-0.9881,0.5100,-0.2311,-1.4856,0.8726,-1.1379,-0.5128,0.1678,1.2709,-0.9141,1.4922,-0.1086,0.0388,-1.1399,-0.0116,0.0388,0.0853,0.0078,-0.8647,0.6243,0.2520,0.5000,-0.2000,-1.6078,0.9209,-1.1562,-0.5000,0.2000,1.2615,-0.9198,1.4485,124.5330,-5.3705,5.4731,-6.8966,6.3928,-1.4315,6.0779,-2.1652,14.4606,7.0758,0.6111,0.14
9.1053,0.0000,0.0000,0.0000,0.0000,0.0000,0.0000,0.0881,0.4820,1.0218,0.1644,-0.0124,-0.9863,0.5068,-0.2320,-1.5086,0.8719,-1.1375,-0.5117,0.1695,1.2589,-0.9048,1.4948,-0.0349,-0.0814,-1.1089,0.0775,0.0504,0.0892,0.0853,-0.5932,0.4420,0.1241,0.5000,-0.2000,-1.5772,0.9722,-1.1689,-0.5000,0.2000,1.2819,-0.9239,1.4414,124.0269,-4.9573,5.3047,-6.7348,6.1251,-1.3695,6.1847,-2.2240,14.3923,6.9211,0.6389,0.14
9.1263,0.0000,0.0000,0.0000,0.0000,0.0000,0.0000,0.0477,0.2905,0.6988,0.1746,-0.0194,-0.9845,0.5057,-0.2331,-1.5303,0.8754,-1.1460,-0.5104,0.1710,1.2534,-0.8985,1.4960,-0.0271,-0.0271,-1.0159,0.2249,-0.3645,0.0659,0.1047,-0.2249,0.3412,0.0000,0.5000,-0.2000,-1.5467,1.0200,-1.1813,-0.5000,0.2000,1.3022,-0.9276,1.4342,123.4109,-4.4937,5.1052,-6.5665,5.7878,-1.2927,6.3022,-2.2878,14.3029,6.7663,0.6667,0.14
9.1463,0.0000,0.0000,0.0000,0.0000,0.0000,0.0000,0.0609,-0.1739,0.2067,0.1744,-0.0245,-0.9844,0.5051,-0.2341,-1.5431,0.8857,-1.1539,-0.5099,0.1731,1.2522,-0.8930,1.4961,-0.0000,-0.0349,-0.7212,0.4614,-0.3800,0.0659,0.0039,-0.1551,0.1667,-0.0465,0.5000,-0.2000,-1.5161,1.0621,-1.1931,-0.5000,0.2000,1.3226,-0.9306,1.4271,122.8370,-4.0328,4.8876,-6.3865,5.4313,-1.1895,6.4347,-2.3752,14.2318,6.6151,0.6944,0.14
9.1663,0.0000,0.0000,0.0000,0.0000,0.0000,0.0000,0.0891,-0.4836,-0.3105,0.1673,-0.0282,-0.9855,0.5042,-0.2354,-1.5512,0.9013,-1.1619,-0.5092,0.1748,1.2517,-0.8913,1.4953,-0.0582,-0.0388,-0.3451,0.8298,-0.2830,0.0388,0.0931,-0.1318,0.0504,-0.0582,0.5000,-0.2000,-1.4856,1.0966,-1.2039,-0.5000,0.2000,1.3430,-0.9331,1.4200,122.3243,-3.6105,4.6715,-6.2006,5.0902,-1.0565,6.5770,-2.4655,14.1547,6.4655,0.7222,0.13
9.1863,0.0000,0.0000,0.0000,0.0000,0.0000,0.0000,0.1263,-0.6165,-0.8128,0.1575,-0.0307,-0.9870,0.5034,-0.2362,-1.5530,0.9207,-1.1690,-0.5087,0.1757,1.2520,-0.8921,1.4927,-0.0078,-0.0116,-0.1900,0.9189,-0.2559,0.0737,0.0504,0.0000,-0.0349,-0.0931,0.5000,-0.2000,-1.4550,1.1217,-1.2136,-0.4911,0.2000,1.3633,-0.9348,1.4128,121.8983,-3.2305,4.4749,-6.0243,4.7747,-0.9114,6.7298,-2.5562,14.0814,6.3289,0.7500,0.13
9.2053,0.0000,0.0000,0.0000,0.0000,0.0000,0.0000,0.1371,-0.6714,-1.1332,0.1483,-0.0323,-0.9884,0.5034,-0.2363,-1.5487,0.9422,-1.1740,-0.5082,0.1759,1.2545,-0.8946,1.4880,0.0620,0.1047,0.2133,0.9461,-0.1667,0.0775,-0.0620,0.1977,-0.1318,-0.1939,0.5000,-0.2000,-1.4244,1.1364,-1.2221,-0.4784,0.2000,1.3837,-0.9358,1.4057,121.4928,-2.9276,4.3055,-5.8723,4.5229,-0.7840,6.8627,-2.6367,14.0030,6.2224,0.7778,0.15
9.2273,0.0000,0.0000,0.0000,0.0000,0.0000,0.0000,0.0978,-0.8234,-1.4166,0.1362,-0.0314,-0.9902,0.5048,-0.2363,-1.5397,0.9636,-1.1783,-0.5067,0.1754,1.2608,-0.8981,1.4818,0.0775,0.0155,0.3606,0.9887,-0.1822,0.0969,-0.1124,0.2443,-0.1939,-0.3528,0.5000,-0.2000,-1.3939,1.1398,-1.2293,-0.4662,0.2000,1.4041,-0.9360,1.3986,121.1423,-2.7077,4.1598,-5.7284,4.3244,-0.6616,6.9642,-2.7062,13.9363,6.1359,0.8056,0.15
9.2473,0.0000,0.0000,0.0000,0.0000,0.0000,0.0000,0.1120,-0.8529,-1.6304,0.1226,-0.0296,-0.9920,0.5067,-0.2362,-1.5267,0.9833,-1.1811,-0.5038,0.1743,1.2709,-0.9030,1.4738,0.1318,0.0504,0.5661,0.9151,-0.0116,0.1939,-0.0931,0.4808,-0.1822,-0.3839,0.5000,-0.2000,-1.3633,1.1318,-1.2352,-0.4554,0.2000,1.4244,-0.9355,1.3914,120.8473,-2.5373,4.0391,-5.6097,4.1632,-0.5539,7.0688,-2.7756,13.8801,6.0733,0.8333,0.15
9.2673,0.0000,0.0000,0.0000,0.0000,0.0000,0.0000,0.1468,-0.8073,-1.8078,0.1094,-0.0288,-0.9936,0.5085,-0.2364,-1.5098,0.9984,-1.1836,-0.4993,0.1728,1.2828,-0.9068,1.4661,0.0853,-0.0659,0.7832,0.7483,-0.0465,0.1939,-0.1318,0.5777,-0.1396,-0.3645,0.5000,-0.2000,-1.3328,1.1129,-1.2398,-0.4452,0.2000,1.4448,-0.9342,1.3842,120.6028,-2.4500,3.9625,-5.5221,4.0755,-0.4525,7.1318,-2.8220,13.8341,6.0388,0.8611,0.14
9.2863,0.0000,0.0000,0.0000,0.0000,0.0000,0.0000,0.1224,-0.7619,-1.9819,0.0969,-0.0272,-0.9949,0.5099,-0.2367,-1.4904,1.0094,-1.1862,-0.4939,0.1706,1.2969,-0.9089,1.4583,0.0349,0.0388,0.8724,0.5157,-0.1202,0.3063,-0.1551,0.6320,-0.0310,-0.3761,0.5000,-0.2000,-1.3022,1.0839,-1.2432,-0.4366,0.2000,1.4652,-0.9322,1.3742,120.4552,-2.4231,3.9017,-5.4418,4.0325,-0.3661,7.1915,-2.8673,13.7951,6.0159,0.8889,0.14
9.3063,0.0000,0.0000,0.0000,0.0000,0.0000,0.0000,0.1017,-0.7106,-2.1694,0.0851,-0.0259,-0.9960,0.5102,-0.2372,-1.4683,1.0152,-1.1894,-0.4884,0.1689,1.3142,-0.9092,1.4503,-0.0233,0.0039,1.0624,0.2714,-0.0737,0.3102,-0.0659,0.8026,0.0388,-0.3877,0.5000,-0.2000,-1.2717,1.0461,-1.2456,-0.4293,0.2000,1.4856,-0.9295,1.3641,120.4239,-2.4604,3.8713,-5.3851,4.0438,-0.2932,7.2300,-2.9077,13.7818,6.0118,0.9167,0.14
9.3263,0.0000,0.0000,0.0000,0.0000,0.0000,0.0000,0.0746,-0.6564,-2.2777,0.0742,-0.0243,-0.9969,0.5103,-0.2380,-1.4420,1.0153,-1.1927,-0.4823,0.1679,1.3353,-0.9081,1.4419,0.0543,-0.0233,1.1477,-0.0349,-0.1163,0.3412,-0.1047,0.9344,0.1900,-0.2869,0.5000,-0.2000,-1.2411,1.0014,-1.2472,-0.4243,0.2000,1.5059,-0.9262,1.3541,120.5121,-2.5645,3.8835,-5.3717,4.1054,-0.2427,7.2398,-2.9292,13.7890,6.0402,0.9444,0.14
9.3463,0.0000,0.0000,0.0000,0.0000,0.0000,0.0000,0.0209,-0.6230,-2.2974,0.0635,-0.0234,-0.9977,0.5103,-0.2394,-1.4147,1.0106,-1.1963,-0.4743,0.1670,1.3570,-0.9053,1.4328,0.0427,-0.0078,1.2485,-0.1590,-0.1706,0.4653,-0.0659,1.0042,0.1280,-0.4304,0.5000,-0.2000,-1.2106,0.9519,-1.2483,-0.4231,0.2000,1.5263,-0.9223,1.3440,120.7126,-2.7450,3.9224,-5.3796,4.2466,-0.2307,7.2224,-2.9407,13.8218,6.0785,0.9722,0.14
9.3663,0.0000,0.0000,0.0000,0.0000,0.0000,0.0000,-0.1339,-0.5972,-2.2598,0.0528,-0.0209,-0.9984,0.5101,-0.2409,-1.3859,0.9992,-1.2003,-0.4658,0.1664,1.3794,-0.9010,1.4211,0.0194,-0.0427,1.3842,-0.5273,-0.1435,0.4304,0.0194,0.9577,0.2986,-0.6669,0.5000,-0.2000,-1.1800,0.9000,-1.2770,-0.4243,0.2000,1.5467,-0.9180,1.3340,121.0279,-3.0178,4.0042,-5.4247,4.4434,-0.2428,7.1674,-2.9358,13.8799,6.1517,0.0000,0.14
9.3862,0.0000,0.0000,0.0000,0.0000,0.0000,0.0000,-0.2386,-0.5675,-1.9868,0.0410,-0.0150,-0.9990,0.5097,-0.2425,-1.3554,0.9811,-1.2046,-0.4567,0.1663,1.4027,-0.8962,1.4046,0.0504,-0.0775,1.3920,-0.7987,-0.1396,0.5002,-0.0737,1.0624,0.1628,-0.8802,0.5000,-0.2000,-1.2004,0.9052,-1.2699,-0.4316,0.2000,1.5670,-0.9133,1.3239,121.3865,-3.3447,4.1298,-5.5220,4.7047,-0.3161,7.0831,-2.9108,13.9644,6.2448,0.0278,0.14
9.4062,0.0000,0.0000,0.0000,0.0000,0.0000,0.0000,-0.1757,-0.5576,-1.5153,0.0289,-0.0133,-0.9995,0.5090,-0.2442,-1.3238,0.9567,-1.2145,-0.4456,0.1663,1.4261,-0.8929,1.3845,0.0116,-0.0310,1.4618,-1.1399,-0.3916,0.5312,0.0465,1.0702,0.1357,-1.0624,0.5000,-0.2000,-1.2207,0.9103,-1.2627,-0.4433,0.2000,1.5874,-0.9083,1.3139,121.6970,-3.6729,4.2996,-5.6931,4.9660,-0.4326,6.9652,-2.8468,14.0552,6.3857,0.0556,0.14
9.4273,0.0000,0.0000,0.0000,0.0000,0.0000,0.0000,-0.1764,-0.4812,-1.0270,0.0175,-0.0109,-0.9998,0.5080,-0.2451,-1.3013,0.9380,-1.2214,-0.4386,0.1663,1.4495,-0.8899,1.3626,0.0116,-0.0000,1.0702,-0.8685,-0.1822,0.3257,0.0116,1.0004,0.1357,-1.1748,0.5000,-0.2000,-1.2411,0.9152,-1.2556,-0.4556,0.2000,1.6078,-0.9031,1.3038,122.0348,-4.0608,4.4653,-5.8327,5.2680,-0.5556,6.8278,-2.7841,14.1421,6.4951,0.0833,0.15
9.4463,0.0000,0.0000,0.0000,0.0000,0.0000,0.0000,-0.1366,-0.3430,-0.5980,0.0087,-0.0086,-0.9999,0.5075,-0.2454,-1.2875,0.9241,-1.2243,-0.4357,0.1656,1.4711,-0.8885,1.3402,-0.0000,-0.0078,0.5467,-0.6553,-0.0698,0.0931,-0.0737,1.0585,0.0620,-1.0624,0.5000,-0.2000,-1.2615,0.9198,-1.2485,-0.4662,0.2000,1.6078,-0.9209,1.3562,122.3825,-4.3991,4.6239,-5.9582,5.5384,-0.6615,6.7137,-2.7259,14.2205,6.5826,0.1111,0.15
9.4662,0.0000,0.0000,0.0000,0.0000,0.0000,0.0000,-0.1612,-0.2477,-0.2199,0.0020,-0.0054,-1.0000,0.5070,-0.2453,-1.2803,0.9107,-1.2245,-0.4364,0.1648,1.4943,-0.8881,1.3210,0.0582,0.0310,0.2055,-0.5739,0.0039,0.0271,-0.0775,0.9887,0.0039,-0.9422,0.5000,-0.2000,-1.2819,0.9239,-1.2414,-0.4746,0.2000,1.5772,-0.9722,1.3689,122.7350,-4.7113,4.7738,-6.0791,5.7777,-0.7460,6.5969,-2.6603,14.2847,6.6783,0.1389,0.14
9.4873,0.0000,0.0000,0.0000,0.0000,0.0000,0.0000,-0.2646,-0.2845,0.1220,-0.0031,0.0019,-1.0000,0.5066,-0.2449,-1.2802,0.8994,-1.2230,-0.4392,0.1636,1.5126,-0.8901,1.3141,0.0078,0.0271,-0.0427,-0.5700,0.1551,-0.1473,-0.1202,0.7406,-0.0775,-0.3179,0.5000,-0.2000,-1.3022,0.9276,-1.2342,-0.4809,0.2000,1.5467,-1.0200,1.3813,123.0868,-4.9961,4.9070,-6.1898,5.9787,-0.8091,6.4778,-2.5895,14.3328,6.7778,0.1667,0.14
9.5073,0.0000,0.0000,0.0000,0.0000,0.0000,0.0000,-0.2561,-0.5639,0.4525,-0.0129,0.0094,-0.9999,0.5063,-0.2446,-1.2838,0.8896,-1.2204,-0.4441,0.1625,1.5232,-0.9006,1.3122,0.0310,-0.0427,-0.0853,-0.5351,0.1706,-0.1939,-0.0737,0.5622,-0.5234,-0.0698,0.5000,-0.2000,-1.3226,0.9306,-1.2271,-0.4865,0.2000,1.5161,-1.0621,1.3931,123.4123,-5.1964,5.0174,-6.3051,6.1335,-0.8648,6.3709,-2.5334,14.4068,6.8747,0.1944,0.14
9.5273,0.0000,0.0000,0.0000,0.0000,0.0000,0.0000,-0.1731,-0.8674,0.7815,-0.0294,0.0156,-0.9994,0.5063,-0.2441,-1.2900,0.8835,-1.2174,-0.4490,0.1623,1.5293,-0.9175,1.3140,-0.0039,0.0853,-0.3141,-0.1241,0.0853,-0.2016,0.0000,0.2637,-0.7445,0.0388,0.5000,-0.2000,-1.3430,0.9331,-1.2200,-0.4887,0.2000,1.4856,-1.0966,1.4039,123.6767,-5.3275,5.1059,-6.4130,6.2248,-0.8871,6.2833,-2.4785,14.4608,6.9555,0.2222,0.14
9.5462,0.0000,0.0000,0.0000,0.0000,0.0000,0.0000,-0.1310,-1.1021,1.0686,-0.0515,0.0215,-0.9984,0.5058,-0.2437,-1.2971,0.8814,-1.2158,-0.4535,0.1620,1.5295,-0.9393,1.3192,-0.0194,0.1124,-0.3451,-0.0116,-0.0039,-0.1163,0.0194,0.0155,-0.9500,0.2869,0.5000,-0.2000,-1.3633,0.9348,-1.2128,-0.4880,0.2000,1.4550,-1.1217,1.4136,123.8751,-5.4242,5.1892,-6.5162,6.2728,-0.8801,6.2041,-2.4244,14.4938,7.0394,0.2500,0.14
9.5673,0.0000,0.0000,0.0000,0.0000,0.0000,0.0000,-0.0281,-1.2098,1.2488,-0.0771,0.0263,-0.9967,0.5043,-0.2432,-1.3059,0.8813,-1.2157,-0.4568,0.1619,1.5249,-0.9644,1.3266,-0.1784,0.0388,-0.3800,0.0310,-0.0388,-0.1086,0.0078,-0.2637,-1.1632,0.3373,0.5000,-0.2000,-1.3837,0.9358,-1.2057,-0.4842,0.2000,1.4244,-1.1364,1.4221,124.0460,-5.4903,5.2608,-6.6081,6.2937,-0.8415,6.1441,-2.3812,14.5291,7.1085,0.2778,0.14
9.5873,0.0000,0.0000,0.0000,0.0000,0.0000,0.0000,0.0485,-1.1800,1.3028,-0.1035,0.0293,-0.9942,0.5005,-0.2428,-1.3142,0.8830,-1.2185,-0.4578,0.1617,1.5145,-0.9899,1.3352,-0.2016,0.0737,-0.3257,0.2094,-0.2133,-0.0349,-0.0349,-0.4847,-1.1632,0.3451,0.5000,-0.2000,-1.4041,0.9360,-1.1986,-0.4774,0.2000,1.3939,-1.1398,1.4293,124.2117,-5.5142,5.3173,-6.6772,6.2852,-0.7736,6.1082,-2.3482,14.5509,7.1539,0.3056,0.14
9.6072,0.0000,0.0000,0.0000,0.0000,0.0000,0.0000,0.1400,-1.0656,1.3561,-0.1280,0.0314,-0.9913,0.4954,-0.2419,-1.3217,0.8860,-1.2225,-0.4565,0.1616,1.5019,-1.0136,1.3442,-0.2171,0.1086,-0.3684,0.2210,-0.3335,0.1280,0.0000,-0.6514,-1.0508,0.3373,0.5000,-0.2000,-1.4244,0.9355,-1.1914,-0.4696,0.2000,1.3633,-1.1318,1.4352,124.3455,-5.4987,5.3679,-6.7439,6.2361,-0.6960,6.0903,-2.3139,14.5542,7.1966,0.3333,0.17
9.6272,0.0000,0.0000,0.0000,0.0000,0.0000,0.0000,0.2049,-0.9155,1.3521,-0.1498,0.0328,-0.9882,0.4906,-0.2409,-1.3315,0.8915,-1.2282,-0.4536,0.1614,1.4850,-1.0330,1.3537,-0.1861,0.0582,-0.5041,0.3451,-0.2637,0.1628,-0.0582,-0.7638,-0.8453,0.4265,0.5000,-0.2000,-1.4448,0.9342,-1.1842,-0.4615,0.2000,1.3328,-1.1129,1.4398,124.4664,-5.4546,5.4006,-6.7864,6.1654,-0.6148,6.0860,-2.2897,14.5476,7.2185,0.3611,0.17
9.6472,0.0000,0.0000,0.0000,0.0000,0.0000,0.0000,0.2783,-0.7620,1.4015,-0.1686,0.0332,-0.9851,0.4867,-0.2401,-1.3418,0.8975,-1.2337,-0.4491,0.1613,1.4661,-1.0476,1.3631,-0.1590,0.0582,-0.5351,0.3257,-0.2171,0.2249,-0.0039,-0.9151,-0.5894,0.4110,0.5000,-0.2000,-1.4652,0.9322,-1.1742,-0.4541,0.2000,1.3022,-1.0839,1.4432,124.5216,-5.3694,5.4205,-6.8283,6.0601,-0.5407,6.0930,-2.2664,14.5282,7.2401,0.3889,0.17
9.6672,0.0000,0.0000,0.0000,0.0000,0.0000,0.0000,0.3560,-0.5751,1.4539,-0.1837,0.0321,-0.9825,0.4837,-0.2395,-1.3534,0.9034,-1.2381,-0.4437,0.1614,1.4445,-1.0546,1.3718,-0.1163,0.0427,-0.5351,0.2830,-0.1900,0.3024,-0.0465,-1.0508,-0.2055,0.3490,0.5000,-0.2000,-1.4856,0.9295,-1.1641,-0.4481,0.2000,1.2717,-1.0461,1.4456,124.5094,-5.2693,5.4313,-6.8654,5.9442,-0.4805,6.1063,-2.2478,14.4990,7.2539,0.4167,0.14
9.6873,0.0000,0.0000,0.0000,0.0000,0.0000,0.0000,0.4150,-0.3688,1.4860,-0.1946,0.0297,-0.9804,0.4815,-0.2389,-1.3666,0.9084,-1.2410,-0.4385,0.1615,1.4215,-1.0543,1.3799,-0.0504,-0.0194,-0.7212,0.2482,-0.0969,0.2365,-0.0271,-1.2291,0.1202,0.3490,0.5000,-0.2000,-1.5059,0.9262,-1.1541,-0.4428,0.2000,1.2411,-1.0014,1.4472,124.4421,-5.1527,5.4266,-6.8788,5.8215,-0.4284,6.1209,-2.2332,14.4611,7.2499,0.4444,0.14
9.7072,0.0000,0.0000,0.0000,0.0000,0.0000,0.0000,0.4684,-0.1455,1.5232,-0.2007,0.0269,-0.9793,0.4802,-0.2381,-1.3819,0.9115,-1.2420,-0.4339,0.1616,1.3940,-1.0475,1.3876,-0.0504,0.1008,-0.7561,0.0931,0.0039,0.2133,0.0543,-1.2524,0.3955,0.3645,0.5000,-0.2000,-1.5263,0.9223,-1.1440,-0.4403,0.2000,1.2106,-0.9519,1.4483,124.2797,-4.9842,5.3960,-6.8744,5.6798,-0.4028,6.1601,-2.2335,14.4163,7.2268,0.4722,0.14
9.7272,0.0000,0.0000,0.0000,0.0000,0.0000,0.0000,0.5245,0.0640,1.5291,-0.2029,0.0232,-0.9789,0.4795,-0.2370,-1.3977,0.9128,-1.2417,-0.4294,0.1619,1.3675,-1.0339,1.3944,-0.0271,0.0543,-0.7328,0.0543,0.0388,0.1822,0.0116,-1.3610,0.7367,0.2830,0.5000,-0.2000,-1.5467,0.9180,-1.1340,-0.4392,0.2000,1.1800,-0.9000,1.4770,124.0474,-4.8204,5.3612,-6.8635,5.5491,-0.3919,6.1944,-2.2330,14.3633,7.1952,0.5000,0.14
9.7482,0.0000,0.0000,0.0000,0.0000,0.0000,0.0000,0.5529,0.2813,1.4925,-0.2004,0.0189,-0.9795,0.4794,-0.2359,-1.4164,0.9125,-1.2397,-0.4265,0.1622,1.3365,-1.0122,1.4007,0.0659,0.0698,-0.8879,-0.0000,0.1667,0.0931,-0.0233,-1.4656,0.9112,0.3179,0.5000,-0.2000,-1.5670,0.9133,-1.1239,-0.4407,0.2000,1.2004,-0.9052,1.4699,123.7745,-4.6317,5.3031,-6.8197,5.4245,-0.4075,6.2455,-2.2476,14.3087,7.1371,0.5278,0.14
9.7682,0.0000,0.0000,0.0000,0.0000,0.0000,0.0000,0.5084,0.4802,1.4346,-0.1936,0.0158,-0.9810,0.4796,-0.2348,-1.4345,0.9114,-1.2364,-0.4250,0.1627,1.3076,-0.9836,1.4124,0.0969,0.1435,-0.8453,-0.0582,0.1784,0.0775,0.0000,-1.5548,1.2950,0.5390,0.5000,-0.2000,-1.5874,0.9083,-1.1139,-0.4438,0.2000,1.2207,-0.9103,1.4627,123.4384,-4.4296,5.2322,-6.7662,5.2875,-0.4383,6.3015,-2.2645,14.2385,7.0729,0.5556,0.14
9.7882,0.0000,0.0000,0.0000,0.0000,0.0000,0.0000,0.4632,0.6393,1.3362,-0.1826,0.0121,-0.9831,0.4800,-0.2335,-1.4549,0.9091,-1.2319,-0.4249,0.1636,1.2856,-0.9616,1.4207,0.0349,0.0504,-0.9500,-0.1357,0.2249,0.0388,0.0194,-1.1787,1.0391,0.3102,0.5000,-0.2000,-1.6078,0.9031,-1.1038,-0.4476,0.2000,1.2411,-0.9152,1.4556,123.0255,-4.2042,5.1296,-6.6765,5.1606,-0.4762,6.3626,-2.3010,14.1951,6.9774,0.5833,0.14
9.8072,0.0000,0.0000,0.0000,0.0000,0.0000,0.0000,0.3826,0.7844,1.1966,-0.1688,0.0088,-0.9856,0.4807,-0.2320,-1.4762,0.9060,-1.2255,-0.4265,0.1652,1.2722,-0.9454,1.4263,0.0931,0.0814,-1.0469,-0.1939,0.3063,-0.1551,0.1202,-0.6049,0.7445,0.2675,0.5000,-0.2000,-1.6078,0.9209,-1.1562,-0.4488,0.2000,1.2615,-0.9198,1.4485,122.5114,-3.9316,4.9974,-6.5568,4.9872,-0.4877,6.4282,-2.3424,14.1410,6.8644,0.6111,0.15
9.8282,0.0000,0.0000,0.0000,0.0000,0.0000,0.0000,0.3078,0.8749,1.0544,-0.1510,0.0054,-0.9885,0.4819,-0.2310,-1.4990,0.9021,-1.2169,-0.4294,0.1667,1.2647,-0.9332,1.4298,0.1008,0.0504,-1.0197,-0.2055,0.3994,-0.1822,0.0155,-0.3877,0.5661,0.1861,0.5000,-0.2000,-1.5772,0.9722,-1.1689,-0.4483,0.2000,1.2819,-0.9239,1.4414,121.9455,-3.6724,4.8608,-6.4327,4.8098,-0.4828,6.4858,-2.3781,14.0761,6.7513,0.6389,0.15
9.8472,0.0000,0.0000,0.0000,0.0000,0.0000,0.0000,0.2184,0.7558,0.8867,-0.1339,0.0016,-0.9910,0.4833,-0.2301,-1.5176,0.9010,-1.2164,-0.4335,0.1689,1.2630,-0.9230,1.4326,0.1202,0.0233,-1.0469,0.0543,0.1047,-0.1551,0.1745,-0.0504,0.4808,0.1163,0.5000,-0.2000,-1.5467,1.0200,-1.1813,-0.4464,0.2000,1.3022,-0.9276,1.4342,121.3079,-3.3578,4.6992,-6.2859,4.5792,-0.4643,6.5505,-2.4186,14.0015,6.6211,0.6667,0.14
9.8682,0.0000,0.0000,0.0000,0.0000,0.0000,0.0000,0.1881,0.4230,0.5664,-0.1216,-0.0039,-0.9926,0.4845,-0.2294,-1.5322,0.9088,-1.2169,-0.4383,0.1710,1.2640,-0.9153,1.4344,0.0814,0.0775,-0.8104,0.3024,-0.0737,-0.2365,0.1163,-0.0620,0.3373,0.0892,0.5000,-0.2000,-1.5161,1.0621,-1.1931,-0.4410,0.2000,1.3226,-0.9306,1.4271,120.6799,-2.9992,4.5105,-6.1198,4.3050,-0.4096,6.6364,-2.4783,13.9363,6.4855,0.6944,0.19
9.8882,0.0000,0.0000,0.0000,0.0000,0.0000,0.0000,0.1248,-0.0140,0.1161,-0.1195,-0.0100,-0.9928,0.4852,-0.2295,-1.5425,0.9201,-1.2167,-0.4426,0.1734,1.2654,-0.9098,1.4345,0.0388,-0.0000,-0.4808,0.5234,0.0039,-0.1551,0.1473,-0.0853,0.1628,-0.0310,0.5000,-0.2000,-1.4856,1.0966,-1.2039,-0.4328,0.2000,1.3430,-0.9331,1.4200,120.1441,-2.6488,4.3080,-5.9356,4.0236,-0.3278,6.7455,-2.5607,13.8849,6.3456,0.7222,0.16
9.9082,0.0000,0.0000,0.0000,0.0000,0.0000,0.0000,0.0616,-0.1819,-0.4415,-0.1221,-0.0163,-0.9924,0.4852,-0.2300,-1.5465,0.9367,-1.2170,-0.4447,0.1756,1.2657,-0.9085,1.4340,-0.0194,0.0194,-0.2520,0.7677,0.0853,-0.0233,0.0969,-0.0892,0.0155,-0.0388,0.5000,-0.2000,-1.4550,1.1217,-1.2136,-0.4212,0.2000,1.3633,-0.9348,1.4128,119.7532,-2.3349,4.1161,-5.7393,3.7748,-0.2121,6.8831,-2.6538,13.8262,6.1966,0.7500,0.15
9.9282,0.0000,0.0000,0.0000,0.0000,0.0000,0.0000,0.0155,-0.1753,-0.9652,-0.1246,-0.0239,-0.9919,0.4849,-0.2316,-1.5453,0.9575,-1.2181,-0.4442,0.1782,1.2659,-0.9090,1.4324,0.0116,-0.0814,0.0000,1.0159,0.0620,0.0659,0.1357,-0.0310,-0.0504,-0.1396,0.5000,-0.2000,-1.4244,1.1364,-1.2221,-0.4083,0.2000,1.3837,-0.9358,1.4057,119.4863,-2.0716,3.9516,-5.5559,3.5757,-0.0828,7.0204,-2.7406,13.7646,6.0591,0.7778,0.14
9.9482,0.0000,0.0000,0.0000,0.0000,0.0000,0.0000,-0.1021,-0.1344,-1.4680,-0.1268,-0.0310,-0.9914,0.4839,-0.2331,-1.5390,0.9799,-1.2197,-0.4405,0.1802,1.2680,-0.9097,1.4292,-0.0814,-0.0194,0.2753,1.0663,-0.1086,0.2365,0.0814,0.0271,-0.0078,-0.1318,0.5000,-0.2000,-1.3939,1.1398,-1.2293,-0.3951,0.2000,1.4041,-0.9360,1.3986,119.3145,-1.8532,3.8030,-5.3777,3.4097,0.0493,7.1614,-2.8252,13.6933,5.9358,0.8056,0.14
9.9692,0.0000,0.0000,0.0000,0.0000,0.0000,0.0000,-0.2797,-0.1094,-1.7490,-0.1276,-0.0335,-0.9913,0.4821,-0.2339,-1.5279,1.0018,-1.2225,-0.4315,0.1825,1.2736,-0.9107,1.4239,-0.1628,-0.0078,0.4575,1.0159,-0.0582,0.5312,0.1357,0.3063,-0.0582,-0.2947,0.5000,-0.2000,-1.3633,1.1318,-1.2352,-0.3851,0.2000,1.4244,-0.9355,1.3914,119.1675,-1.7192,3.6813,-5.2239,3.3011,0.1491,7.2740,-2.8972,13.6215,5.8417,0.8333,0.14
9.9882,0.0000,0.0000,0.0000,0.0000,0.0000,0.0000,-0.3569,-0.1614,-2.0205,-0.1292,-0.0341,-0.9910,0.4794,-0.2340,-1.5128,1.0197,-1.2264,-0.4184,0.1850,1.2825,-0.9118,1.4168,-0.1280,0.0737,0.7445,0.9151,-0.1551,0.6087,0.0853,0.4653,-0.0155,-0.3606,0.5000,-0.2000,-1.3328,1.1129,-1.2398,-0.3751,0.2000,1.4448,-0.9342,1.3842,119.0599,-1.6073,3.5786,-5.1040,3.2098,0.2487,7.3778,-2.9636,13.5658,5.7782,0.8611,0.14
10.0082,0.0000,0.0000,0.0000,0.0000,0.0000,0.0000,-0.3830,-0.1794,-2.2374,-0.1322,-0.0330,-0.9907,0.4768,-0.2340,-1.4931,1.0334,-1.2316,-0.4058,0.1869,1.2937,-0.9123,1.4091,0.0039,-0.0000,0.9422,0.6940,-0.2288,0.5622,0.0116,0.6010,-0.0194,-0.4265,0.5000,-0.2000,-1.3022,1.0839,-1.2432,-0.3662,0.2000,1.4652,-0.9322,1.3742,119.0156,-1.5672,3.5165,-5.0236,3.1758,0.3381,7.4413,-3.0106,13.5314,5.7493,0.8889,0.15
10.0292,0.0000,0.0000,0.0000,0.0000,0.0000,0.0000,-0.2473,-0.1116,-2.2416,-0.1335,-0.0332,-0.9905,0.4753,-0.2341,-1.4676,1.0405,-1.2357,-0.3939,0.1879,1.3079,-0.9127,1.3993,0.0233,-0.0271,1.1051,0.2482,-0.0620,0.6010,0.0388,0.5273,0.0427,-0.4924,0.5000,-0.2000,-1.2717,1.0461,-1.2456,-0.3621,0.2000,1.4856,-0.9295,1.3641,119.0151,-1.6192,3.5190,-5.0221,3.2121,0.3787,7.4684,-3.0264,13.5219,5.7770,0.9167,0.15
10.0482,0.0000,0.0000,0.0000,0.0000,0.0000,0.0000,-0.2057,0.1168,-1.9572,-0.1306,-0.0347,-0.9908,0.4772,-0.2343,-1.4409,1.0395,-1.2365,-0.3827,0.1876,1.3228,-0.9130,1.3878,0.2094,-0.0194,1.3144,0.0078,0.0349,0.4653,-0.0737,0.7677,-0.0194,-0.5312,0.5000,-0.2000,-1.2411,1.0014,-1.2472,-0.3654,0.2000,1.5059,-0.9262,1.3541,118.9743,-1.8017,3.5795,-5.0707,3.3754,0.3459,7.4284,-3.0142,13.5260,5.8267,0.9444,0.14
10.0692,0.0000,0.0000,0.0000,0.0000,0.0000,0.0000,-0.3103,0.2868,-1.6851,-0.1241,-0.0319,-0.9918,0.4807,-0.2344,-1.4101,1.0306,-1.2352,-0.3744,0.1868,1.3417,-0.9137,1.3768,0.2055,0.0271,1.1671,-0.3567,0.0504,0.4420,-0.0349,0.9151,0.0388,-0.5739,0.5000,-0.2000,-1.2106,0.9519,-1.2483,-0.3728,0.2000,1.5263,-0.9223,1.3440,118.9889,-2.1126,3.6800,-5.1325,3.6242,0.2719,7.3426,-2.9809,13.5368,5.8970,0.9722,0.14
10.0882,0.0000,0.0000,0.0000,0.0000,0.0000,0.0000,-0.3160,0.2928,-1.4788,-0.1172,-0.0295,-0.9927,0.4823,-0.2345,-1.3837,1.0142,-1.2341,-0.3672,0.1855,1.3613,-0.9143,1.3648,0.1900,0.0388,1.2563,-0.8414,0.1163,0.3373,-0.0582,1.0042,-0.0039,-0.6049,0.5000,-0.2000,-1.1800,0.9000,-1.2770,-0.3824,0.2000,1.5467,-0.9180,1.3340,119.1039,-2.4266,3.7901,-5.2222,3.8807,0.1759,7.2668,-2.9581,13.5903,5.9842,0.0000,0.14
10.1082,0.0000,0.0000,0.0000,0.0000,0.0000,0.0000,-0.3737,0.3166,-1.2245,-0.1099,-0.0239,-0.9937,0.4833,-0.2348,-1.3544,0.9881,-1.2328,-0.3633,0.1845,1.3830,-0.9143,1.3527,0.0620,0.0078,1.3028,-1.2291,0.1435,0.1745,-0.0659,0.9112,-0.0194,-0.6281,0.5000,-0.2000,-1.2004,0.9052,-1.2699,-0.3939,0.2000,1.5670,-0.9133,1.3239,119.3266,-2.8345,3.9464,-5.3482,4.2083,0.0614,7.1357,-2.9031,13.6576,6.1006,0.0278,0.14
10.1292,0.0000,0.0000,0.0000,0.0000,0.0000,0.0000,-0.3313,0.3900,-0.9747,-0.1017,-0.0190,-0.9946,0.4845,-0.2354,-1.3252,0.9567,-1.2353,-0.3619,0.1826,1.4035,-0.9140,1.3403,0.0388,0.0155,1.2950,-1.4424,-0.0698,0.1047,-0.1512,0.8375,0.0388,-0.6630,0.5000,-0.2000,-1.2207,0.9103,-1.2627,-0.4082,0.2000,1.5874,-0.9083,1.3139,119.6979,-3.2643,4.1361,-5.5106,4.5682,-0.0817,7.0043,-2.8413,13.7526,6.2276,0.0556,0.14
10.1492,0.0000,0.0000,0.0000,0.0000,0.0000,0.0000,-0.2622,0.5081,-0.6906,-0.0910,-0.0141,-0.9958,0.4863,-0.2359,-1.3052,0.9322,-1.2354,-0.3629,0.1806,1.4232,-0.9135,1.3278,0.1086,-0.0116,0.8569,-1.1283,0.0659,-0.0814,-0.0775,0.9577,-0.0194,-0.5390,0.5000,-0.2000,-1.2411,0.9152,-1.2556,-0.4232,0.2000,1.6078,-0.9031,1.3038,120.1925,-3.6984,4.3205,-5.6523,4.9332,-0.2319,6.8763,-2.7819,13.8502,6.3310,0.0833,0.14
10.1682,0.0000,0.0000,0.0000,0.0000,0.0000,0.0000,-0.2116,0.5892,-0.4243,-0.0782,-0.0091,-0.9969,0.4882,-0.2360,-1.2926,0.9107,-1.2346,-0.3668,0.1782,1.4446,-0.9129,1.3166,0.0931,0.0465,0.4847,-0.9655,0.0504,-0.1861,-0.1939,1.0081,0.0659,-0.4692,0.5000,-0.2000,-1.2615,0.9198,-1.2485,-0.4368,0.2000,1.6078,-0.9209,1.3562,120.7565,-4.0920,4.4997,-5.7981,5.2575,-0.3679,6.7606,-2.7224,13.9530,6.4375,0.1111,0.14
10.1892,0.0000,0.0000,0.0000,0.0000,0.0000,0.0000,-0.1675,0.5595,-0.2483,-0.0661,-0.0035,-0.9978,0.4900,-0.2357,-1.2869,0.8927,-1.2329,-0.3739,0.1761,1.4681,-0.9125,1.3060,0.0775,0.0814,0.0969,-0.7638,0.0698,-0.3490,-0.0892,1.0624,0.0233,-0.4575,0.5000,-0.2000,-1.2819,0.9239,-1.2414,-0.4472,0.2000,1.5772,-0.9722,1.3689,121.3665,-4.4318,4.6537,-5.9238,5.5319,-0.4725,6.6506,-2.6683,14.0633,6.5354,0.1389,0.14
10.2102,0.0000,0.0000,0.0000,0.0000,0.0000,0.0000,-0.1971,0.4344,-0.1063,-0.0548,0.0038,-0.9985,0.4912,-0.2352,-1.2870,0.8810,-1.2299,-0.3840,0.1732,1.4860,-0.9137,1.3059,0.0465,0.0582,0.0116,-0.6359,0.1628,-0.4226,-0.1435,0.8840,0.0465,-0.0039,0.5000,-0.2000,-1.3022,0.9276,-1.2342,-0.4555,0.2000,1.5467,-1.0200,1.3813,122.0074,-4.7419,4.7979,-6.0460,5.7709,-0.5551,6.5398,-2.6099,14.1624,6.6408,0.1667,0.16
10.2292,0.0000,0.0000,0.0000,0.0000,0.0000,0.0000,-0.1717,0.1160,0.0743,-0.0492,0.0100,-0.9987,0.4922,-0.2345,-1.2906,0.8713,-1.2260,-0.3947,0.1706,1.4982,-0.9231,1.3088,0.1163,0.1202,-0.1202,-0.3645,0.1861,-0.4614,-0.1900,0.5661,-0.4304,0.0853,0.5000,-0.2000,-1.3226,0.9306,-1.2271,-0.4626,0.2000,1.5161,-1.0621,1.3931,122.6509,-4.9798,4.9159,-6.1601,5.9746,-0.6259,6.4397,-2.5618,14.2779,6.7381,0.1944,0.15
10.2492,0.0000,0.0000,0.0000,0.0000,0.0000,0.0000,-0.1408,-0.2451,0.3638,-0.0514,0.0167,-0.9985,0.4936,-0.2339,-1.2948,0.8663,-1.2234,-0.4037,0.1693,1.5050,-0.9376,1.3144,0.0853,0.0892,-0.2210,-0.1280,0.1551,-0.3722,-0.1008,0.3490,-0.6747,0.2908,0.5000,-0.2000,-1.3430,0.9331,-1.2200,-0.4684,0.2000,1.4856,-1.0966,1.4039,123.1951,-5.1699,5.0337,-6.2907,6.1181,-0.6836,6.3417,-2.5014,14.3658,6.8451,0.2222,0.14
10.2702,0.0000,0.0000,0.0000,0.0000,0.0000,0.0000,-0.0959,-0.5179,0.6450,-0.0610,0.0220,-0.9979,0.4946,-0.2333,-1.3007,0.8651,-1.2215,-0.4123,0.1686,1.5073,-0.9573,1.3231,0.0349,0.0310,-0.2055,-0.0271,0.0698,-0.3179,-0.0931,0.0775,-0.9849,0.3684,0.5000,-0.2000,-1.3633,0.9348,-1.2128,-0.4716,0.2000,1.4550,-1.1217,1.4136,123.6436,-5.3258,5.1401,-6.4176,6.2261,-0.7155,6.2516,-2.4462,14.4437,6.9497,0.2500,0.14
10.2892,0.0000,0.0000,0.0000,0.0000,0.0000,0.0000,-0.0402,-0.5575,0.8491,-0.0718,0.0250,-0.9971,0.4945,-0.2332,-1.3059,0.8671,-1.2204,-0.4203,0.1683,1.5038,-0.9803,1.3329,0.0233,-0.0155,-0.2210,0.1435,0.0931,-0.3373,-0.0388,-0.2365,-0.9965,0.4537,0.5000,-0.2000,-1.3837,0.9358,-1.2057,-0.4717,0.2000,1.4244,-1.1364,1.4221,124.0507,-5.4862,5.2492,-6.5374,6.3202,-0.7173,6.1746,-2.3896,14.4956,7.0431,0.2778,0.14
10.3092,0.0000,0.0000,0.0000,0.0000,0.0000,0.0000,0.0039,-0.5562,0.9846,-0.0823,0.0284,-0.9962,0.4942,-0.2333,-1.3117,0.8712,-1.2198,-0.4275,0.1681,1.4953,-1.0012,1.3430,0.0271,-0.0000,-0.1900,0.1861,-0.0078,-0.3490,-0.0814,-0.3257,-0.9926,0.4692,0.5000,-0.2000,-1.4041,0.9360,-1.1986,-0.4707,0.2000,1.3939,-1.1398,1.4293,124.4042,-5.5892,5.3372,-6.6375,6.3779,-0.7071,6.1237,-2.3491,14.5442,7.1145,0.3056,0.14
10.3292,0.0000,0.0000,0.0000,0.0000,0.0000,0.0000,0.0378,-0.5812,1.0189,-0.0937,0.0307,-0.9951,0.4936,-0.2334,-1.3185,0.8759,-1.2192,-0.4351,0.1678,1.4853,-1.0204,1.3544,-0.0427,-0.0271,-0.4110,0.3528,0.0078,-0.3645,0.0000,-0.5118,-0.8220,0.5273,0.5000,-0.2000,-1.4244,0.9355,-1.1914,-0.4674,0.2000,1.3633,-1.1318,1.4352,124.7254,-5.6425,5.4044,-6.7106,6.3889,-0.6743,6.0878,-2.3128,14.5762,7.1654,0.3333,0.14
10.3502,0.0000,0.0000,0.0000,0.0000,0.0000,0.0000,0.0955,-0.5277,1.0434,-0.1045,0.0318,-0.9940,0.4933,-0.2334,-1.3272,0.8826,-1.2194,-0.4414,0.1674,1.4707,-1.0355,1.3660,-0.0388,-0.0155,-0.3412,0.3412,-0.0310,-0.2830,-0.0116,-0.5894,-0.6320,0.4537,0.5000,-0.2000,-1.4448,0.9342,-1.1842,-0.4641,0.2000,1.3328,-1.1129,1.4398,124.9871,-5.6373,5.4546,-6.7793,6.3631,-0.6409,6.0752,-2.2889,14.6041,7.2087,0.3611,0.14
10.3692,0.0000,0.0000,0.0000,0.0000,0.0000,0.0000,0.1561,-0.4279,1.0201,-0.1133,0.0320,-0.9930,0.4931,-0.2335,-1.3361,0.8889,-1.2198,-0.4464,0.1669,1.4556,-1.0459,1.3780,-0.0271,0.0078,-0.4265,0.2753,-0.0271,-0.1706,0.0543,-0.7289,-0.3606,0.6281,0.5000,-0.2000,-1.4652,0.9322,-1.1742,-0.4599,0.2000,1.3022,-1.0839,1.4432,125.1906,-5.5968,5.4933,-6.8342,6.2991,-0.5991,6.0712,-2.2625,14.6068,7.2442,0.3889,0.14
10.3902,0.0000,0.0000,0.0000,0.0000,0.0000,0.0000,0.2296,-0.3069,0.9820,-0.1200,0.0298,-0.9923,0.4927,-0.2336,-1.3465,0.8959,-1.2205,-0.4490,0.1666,1.4362,-1.0490,1.3887,0.0349,-0.0271,-0.4226,0.3761,-0.0000,-0.0582,-0.0427,-0.8065,-0.1318,0.4808,0.5000,-0.2000,-1.4856,0.9295,-1.1641,-0.4573,0.2000,1.2717,-1.0461,1.4456,125.3526,-5.5294,5.5131,-6.8720,6.2380,-0.5733,6.0835,-2.2529,14.6151,7.2550,0.4167,0.14
10.4092,0.0000,0.0000,0.0000,0.0000,0.0000,0.0000,0.2691,-0.2070,0.9551,-0.1256,0.0272,-0.9917,0.4919,-0.2336,-1.3575,0.9020,-1.2209,-0.4499,0.1665,1.4166,-1.0459,1.3986,0.0039,0.0737,-0.5777,0.2947,-0.0271,-0.0388,-0.0349,-0.9810,0.2326,0.4692,0.5000,-0.2000,-1.5059,0.9262,-1.1541,-0.4544,0.2000,1.2411,-1.0014,1.4472,125.4174,-5.4084,5.5113,-6.8936,6.1264,-0.5440,6.1082,-2.2435,14.6005,7.2562,0.4444,0.15
10.4292,0.0000,0.0000,0.0000,0.0000,0.0000,0.0000,0.3124,-0.0939,0.9328,-0.1295,0.0226,-0.9913,0.4908,-0.2336,-1.3711,0.9085,-1.2212,-0.4495,0.1664,1.3933,-1.0366,1.4071,-0.0775,0.0504,-0.5079,0.2830,0.0078,0.0465,0.0233,-1.0314,0.4537,0.4730,0.5000,-0.2000,-1.5263,0.9223,-1.1440,-0.4530,0.2000,1.2106,-0.9519,1.4483,125.3735,-5.2556,5.4886,-6.8942,6.0071,-0.5305,6.1412,-2.2442,14.5736,7.2357,0.4722,0.15
10.4502,0.0000,0.0000,0.0000,0.0000,0.0000,0.0000,0.3667,0.1165,0.9110,-0.1296,0.0169,-0.9914,0.4900,-0.2336,-1.3852,0.9130,-1.2211,-0.4488,0.1663,1.3686,-1.0190,1.4146,-0.0620,-0.0155,-0.6902,0.1861,0.0039,0.0504,-0.0504,-1.2136,1.0004,0.4032,0.5000,-0.2000,-1.5467,0.9180,-1.1340,-0.4528,0.2000,1.1800,-0.9000,1.4770,125.2578,-5.1017,5.4667,-6.8950,5.8813,-0.5278,6.1814,-2.2422,14.5315,7.2116,0.5000,0.15
10.4692,0.0000,0.0000,0.0000,0.0000,0.0000,0.0000,0.4086,0.2852,0.9181,-0.1267,0.0112,-0.9919,0.4899,-0.2336,-1.3996,0.9161,-1.2207,-0.4479,0.1664,1.3439,-0.9937,1.4208,0.0465,0.0582,-0.7057,0.2016,0.0194,-0.0233,0.0155,-1.2601,1.2252,0.2637,0.5000,-0.2000,-1.5670,0.9133,-1.1239,-0.4553,0.2000,1.2004,-0.9052,1.4699,125.0435,-4.9110,5.4135,-6.8695,5.7553,-0.5535,6.2347,-2.2558,14.4868,7.1641,0.5278,0.14
10.4902,0.0000,0.0000,0.0000,0.0000,0.0000,0.0000,0.4017,0.5143,0.9316,-0.1195,0.0059,-0.9928,0.4898,-0.2335,-1.4169,0.9176,-1.2193,-0.4473,0.1664,1.3151,-0.9651,1.4306,-0.0310,0.0465,-0.8026,0.0814,0.1551,0.0388,-0.0775,-1.3842,1.4075,0.4575,0.5000,-0.2000,-1.5874,0.9083,-1.1139,-0.4605,0.2000,1.2207,-0.9103,1.4627,124.7467,-4.7348,5.3568,-6.8313,5.6436,-0.6051,6.2897,-2.2673,14.4178,7.1078,0.5556,0.14
10.5102,0.0000,0.0000,0.0000,0.0000,0.0000,0.0000,0.3265,0.7097,0.9457,-0.1081,0.0022,-0.9941,0.4899,-0.2334,-1.4338,0.9177,-1.2173,-0.4476,0.1667,1.2962,-0.9397,1.4374,0.0233,0.0155,-0.8259,0.0155,0.0931,0.0310,0.0194,-0.8375,1.0895,0.2404,0.5000,-0.2000,-1.6078,0.9031,-1.1038,-0.4667,0.2000,1.2411,-0.9152,1.4556,124.3108,-4.5272,5.2654,-6.7575,5.5304,-0.6666,6.3442,-2.2959,14.3603,7.0233,0.5833,0.15
10.5292,0.0000,0.0000,0.0000,0.0000,0.0000,0.0000,0.3166,0.8486,0.9363,-0.0937,-0.0022,-0.9956,0.4901,-0.2334,-1.4535,0.9168,-1.2137,-0.4491,0.1672,1.2841,-0.9207,1.4414,-0.0388,0.0039,-0.8957,-0.0194,0.2133,-0.0465,-0.0271,-0.5196,0.9693,0.2249,0.5000,-0.2000,-1.6078,0.9209,-1.1562,-0.4708,0.2000,1.2615,-0.9198,1.4485,123.7609,-4.2878,5.1580,-6.6759,5.3728,-0.7081,6.4033,-2.3217,14.2913,6.9313,0.6111,0.15
10.5502,0.0000,0.0000,0.0000,0.0000,0.0000,0.0000,0.2683,0.9479,0.8988,-0.0759,-0.0076,-0.9971,0.4903,-0.2335,-1.4754,0.9154,-1.2073,-0.4522,0.1683,1.2784,-0.9066,1.4440,0.0310,-0.0155,-1.0857,-0.0543,0.3645,-0.1512,0.0582,-0.2365,0.7096,0.1822,0.5000,-0.2000,-1.5772,0.9722,-1.1689,-0.4724,0.2000,1.2819,-0.9239,1.4414,123.1328,-4.0355,5.0259,-6.5631,5.1914,-0.7235,6.4546,-2.3504,14.2146,6.8277,0.6389,0.14
10.5702,0.0000,0.0000,0.0000,0.0000,0.0000,0.0000,0.1691,0.8534,0.7897,-0.0576,-0.0109,-0.9983,0.4906,-0.2336,-1.4938,0.9158,-1.2078,-0.4573,0.1701,1.2783,-0.8952,1.4460,0.0078,0.0349,-1.1671,-0.0194,0.0737,-0.2637,0.1396,-0.0620,0.5234,0.0465,0.5000,-0.2000,-1.5467,1.0200,-1.1813,-0.4709,0.2000,1.3022,-0.9276,1.4342,122.4266,-3.7372,4.8678,-6.4246,4.9649,-0.7090,6.5073,-2.3825,14.1292,6.7101,0.6667,0.14
10.5902,0.0000,0.0000,0.0000,0.0000,0.0000,0.0000,0.1628,0.5634,0.5888,-0.0446,-0.0160,-0.9989,0.4907,-0.2337,-1.5090,0.9226,-1.2080,-0.4626,0.1716,1.2797,-0.8867,1.4472,0.0582,0.0504,-0.8104,0.4498,-0.0155,-0.2094,0.1008,-0.0155,0.3451,0.0814,0.5000,-0.2000,-1.5161,1.0621,-1.1931,-0.4680,0.2000,1.3226,-0.9306,1.4271,121.7211,-3.4040,4.6895,-6.2740,4.7173,-0.6797,6.5809,-2.4335,14.0494,6.5763,0.6944,0.14
10.6102,0.0000,0.0000,0.0000,0.0000,0.0000,0.0000,0.1162,0.2131,0.2030,-0.0390,-0.0211,-0.9990,0.4905,-0.2342,-1.5184,0.9361,-1.2096,-0.4667,0.1735,1.2820,-0.8812,1.4477,-0.0310,-0.0271,-0.5196,0.5777,-0.0543,-0.1939,0.1008,-0.0078,0.2520,0.0155,0.5000,-0.2000,-1.4856,1.0966,-1.2039,-0.4608,0.2000,1.3430,-0.9331,1.4200,121.0816,-3.0716,4.5010,-6.1037,4.4478,-0.6079,6.6726,-2.5012,13.9805,6.4439,0.7222,0.16
10.6302,0.0000,0.0000,0.0000,0.0000,0.0000,0.0000,0.0430,0.0606,-0.2863,-0.0377,-0.0259,-0.9990,0.4901,-0.2352,-1.5253,0.9543,-1.2113,-0.4697,0.1750,1.2828,-0.8789,1.4478,-0.0698,-0.0310,-0.2947,0.8569,-0.0620,-0.0698,0.0543,-0.1202,0.0620,0.0465,0.5000,-0.2000,-1.4550,1.1217,-1.2136,-0.4502,0.2000,1.3633,-0.9348,1.4128,120.5761,-2.7697,4.3115,-5.9069,4.2101,-0.5017,6.7884,-2.5806,13.9019,6.2940,0.7500,0.16
10.6502,0.0000,0.0000,0.0000,0.0000,0.0000,0.0000,-0.0124,0.0759,-0.8040,-0.0364,-0.0303,-0.9989,0.4899,-0.2363,-1.5256,0.9743,-1.2134,-0.4702,0.1766,1.2832,-0.8789,1.4471,0.0271,0.0233,0.0194,1.0275,-0.1435,0.0931,0.1163,-0.0271,-0.0000,-0.0465,0.5000,-0.2000,-1.4244,1.1364,-1.2221,-0.4383,0.2000,1.3837,-0.9358,1.4057,120.2052,-2.4970,4.1420,-5.7206,4.0055,-0.3826,6.9230,-2.6652,13.8253,6.1545,0.7778,0.15
10.6702,0.0000,0.0000,0.0000,0.0000,0.0000,0.0000,-0.0388,0.1238,-1.2802,-0.0334,-0.0314,-0.9989,0.4894,-0.2366,-1.5210,0.9949,-1.2160,-0.4674,0.1783,1.2854,-0.8794,1.4459,0.0543,0.0116,0.2404,0.9693,-0.0465,0.0775,0.0310,0.0931,-0.0078,-0.0388,0.5000,-0.2000,-1.3939,1.1398,-1.2293,-0.4262,0.2000,1.4041,-0.9360,1.3986,119.9587,-2.2835,3.9995,-5.5576,3.8374,-0.2621,7.0516,-2.7446,13.7584,6.0416,0.8056,0.14
10.6902,0.0000,0.0000,0.0000,0.0000,0.0000,0.0000,0.0939,0.1366,-1.4490,-0.0303,-0.0366,-0.9989,0.4893,-0.2367,-1.5109,1.0121,-1.2172,-0.4614,0.1793,1.2907,-0.8801,1.4436,0.0737,0.0620,0.5157,0.7832,-0.0349,0.3102,0.1008,0.2133,0.0078,-0.1551,0.5000,-0.2000,-1.3633,1.1318,-1.2352,-0.4186,0.2000,1.4244,-0.9355,1.3914,119.7167,-2.1143,3.8990,-5.4669,3.7057,-0.1865,7.1591,-2.7991,13.7017,5.9868,0.8333,0.14
10.7112,0.0000,0.0000,0.0000,0.0000,0.0000,0.0000,0.0437,0.2179,-1.3363,-0.0238,-0.0397,-0.9989,0.4910,-0.2368,-1.4966,1.0243,-1.2169,-0.4516,0.1793,1.2991,-0.8813,1.4404,0.1202,0.0039,0.6049,0.5312,0.0388,0.4730,0.0310,0.3839,-0.0504,-0.1357,0.5000,-0.2000,-1.3328,1.1129,-1.2398,-0.4162,0.2000,1.4448,-0.9342,1.3842,119.4354,-2.1168,3.8550,-5.4111,3.6944,-0.1622,7.1773,-2.8153,13.6367,5.9757,0.8611,0.14
10.7312,0.0000,0.0000,0.0000,0.0000,0.0000,0.0000,0.0208,0.1703,-1.3969,-0.0186,-0.0415,-0.9990,0.4937,-0.2368,-1.4815,1.0309,-1.2160,-0.4440,0.1791,1.3099,-0.8839,1.4354,0.1241,-0.0465,0.7057,0.2792,0.1435,0.3296,-0.0310,0.5545,-0.1047,-0.2637,0.5000,-0.2000,-1.3022,1.0839,-1.2432,-0.4145,0.2000,1.4652,-0.9322,1.3742,119.2462,-2.1543,3.8099,-5.3535,3.7219,-0.1455,7.2125,-2.8556,13.6170,5.9593,0.8889,0.14
10.7502,0.0000,0.0000,0.0000,0.0000,0.0000,0.0000,-0.0248,0.2080,-1.4630,-0.0129,-0.0419,-0.9990,0.4948,-0.2368,-1.4629,1.0319,-1.2153,-0.4394,0.1784,1.3239,-0.8869,1.4297,0.1086,0.0039,0.8375,0.0388,0.0659,0.2482,-0.0698,0.5739,-0.1047,-0.2675,0.5000,-0.2000,-1.2717,1.0461,-1.2456,-0.4125,0.2000,1.4856,-0.9295,1.3641,119.1427,-2.2541,3.8013,-5.3172,3.8019,-0.1249,7.2159,-2.8730,13.5940,5.9656,0.9167,0.14
10.7712,0.0000,0.0000,0.0000,0.0000,0.0000,0.0000,-0.0677,0.2788,-1.5318,-0.0063,-0.0411,-0.9991,0.4957,-0.2368,-1.4395,1.0273,-1.2148,-0.4355,0.1778,1.3393,-0.8889,1.4225,0.0582,0.0388,1.0546,-0.2210,0.0388,0.1628,0.0194,0.6747,-0.1008,-0.4226,0.5000,-0.2000,-1.2411,1.0014,-1.2472,-0.4124,0.2000,1.5059,-0.9262,1.3541,119.1702,-2.4303,3.8290,-5.3082,3.9495,-0.1245,7.1982,-2.8838,13.5979,5.9882,0.9444,0.14
10.7902,0.0000,0.0000,0.0000,0.0000,0.0000,0.0000,-0.1057,0.3523,-1.5891,0.0021,-0.0396,-0.9992,0.4963,-0.2369,-1.4162,1.0173,-1.2147,-0.4314,0.1770,1.3557,-0.8901,1.4138,0.0310,-0.0194,1.1051,-0.4575,-0.0000,0.2055,-0.0194,0.7367,-0.0465,-0.3373,0.5000,-0.2000,-1.2106,0.9519,-1.2483,-0.4149,0.2000,1.5263,-0.9223,1.3440,119.3534,-2.6686,3.8955,-5.3269,4.1479,-0.1493,7.1629,-2.8823,13.6216,6.0267,0.9722,0.14
10.8101,0.0000,0.0000,0.0000,0.0000,0.0000,0.0000,-0.1583,0.3999,-1.6406,0.0112,-0.0365,-0.9993,0.4972,-0.2371,-1.3883,1.0004,-1.2148,-0.4283,0.1763,1.3753,-0.8901,1.4049,0.0582,0.0271,1.1710,-0.6940,0.0543,0.1706,-0.1086,0.8298,0.0233,-0.3877,0.5000,-0.2000,-1.1800,0.9000,-1.2770,-0.4199,0.2000,1.5467,-0.9180,1.3340,119.7231,-2.9713,3.9942,-5.3782,4.3972,-0.1993,7.1127,-2.8777,13.6828,6.0888,0.0000,0.15
10.8302,0.0000,0.0000,0.0000,0.0000,0.0000,0.0000,-0.2308,0.4832,-1.6597,0.0215,-0.0317,-0.9993,0.4980,-0.2374,-1.3598,0.9778,-1.2152,-0.4264,0.1754,1.3959,-0.8892,1.3944,0.0388,0.0078,1.3997,-0.9926,-0.0543,0.1124,-0.0620,0.9655,0.1318,-0.4769,0.5000,-0.2000,-1.2004,0.9052,-1.2699,-0.4271,0.2000,1.5670,-0.9133,1.3239,120.2292,-3.3364,4.1323,-5.4677,4.6976,-0.2709,7.0313,-2.8553,13.7728,6.1771,0.0278,0.14
10.8505,0.0000,0.0000,0.0000,0.0000,0.0000,0.0000,-0.1928,0.5891,-1.5737,0.0338,-0.0278,-0.9990,0.4986,-0.2377,-1.3293,0.9497,-1.2204,-0.4255,0.1746,1.4180,-0.8873,1.3834,-0.0039,-0.0000,1.5161,-1.2679,-0.1861,0.1241,-0.0388,1.0197,0.1318,-0.6204,0.5000,-0.2000,-1.2207,0.9103,-1.2627,-0.4380,0.2000,1.5874,-0.9083,1.3139,120.8633,-3.7453,4.3118,-5.6078,5.0371,-0.3802,6.9274,-2.8089,13.8924,6.2953,0.0556,0.14
10.8701,0.0000,0.0000,0.0000,0.0000,0.0000,0.0000,-0.1318,0.7015,-1.3689,0.0484,-0.0239,-0.9985,0.4996,-0.2380,-1.3063,0.9276,-1.2231,-0.4252,0.1739,1.4406,-0.8846,1.3722,0.0892,0.0271,1.0391,-1.0740,-0.0582,-0.0233,-0.0620,1.1865,0.0892,-0.5545,0.5000,-0.2000,-1.2411,0.9152,-1.2556,-0.4507,0.2000,1.6078,-0.9031,1.3038,121.5922,-4.1657,4.4923,-5.7432,5.3802,-0.5066,6.8189,-2.7574,14.0179,6.4018,0.0833,0.18
10.8901,0.0000,0.0000,0.0000,0.0000,0.0000,0.0000,-0.0834,0.7616,-1.1800,0.0638,-0.0206,-0.9977,0.5009,-0.2379,-1.2906,0.9104,-1.2231,-0.4267,0.1732,1.4654,-0.8813,1.3603,0.0620,0.0388,0.7212,-0.7406,0.0388,-0.0814,-0.0931,1.1981,0.2016,-0.5855,0.5000,-0.2000,-1.2615,0.9198,-1.2485,-0.4622,0.2000,1.6078,-0.9209,1.3562,122.3800,-4.5734,4.6676,-5.8756,5.7080,-0.6224,6.7103,-2.7043,14.1501,6.5050,0.1111,0.16
10.9101,0.0000,0.0000,0.0000,0.0000,0.0000,0.0000,-0.0729,0.7499,-0.9905,0.0794,-0.0152,-0.9967,0.5022,-0.2370,-1.2813,0.8973,-1.2220,-0.4308,0.1724,1.4910,-0.8786,1.3483,0.0543,0.0388,0.3645,-0.6979,0.0775,-0.2365,0.0039,1.1555,0.1124,-0.5739,0.5000,-0.2000,-1.2819,0.9239,-1.2414,-0.4718,0.2000,1.5772,-0.9722,1.3689,123.1660,-4.9395,4.8309,-6.0045,5.9915,-0.7183,6.5979,-2.6440,14.2809,6.6173,0.1389,0.15
10.9311,0.0000,0.0000,0.0000,0.0000,0.0000,0.0000,-0.1143,0.6249,-0.8302,0.0933,-0.0080,-0.9956,0.5030,-0.2357,-1.2780,0.8877,-1.2191,-0.4377,0.1712,1.5129,-0.8786,1.3477,0.0659,0.0931,0.1163,-0.4188,0.1280,-0.2753,-0.0659,1.0740,0.0271,0.0039,0.5000,-0.2000,-1.3022,0.9276,-1.2342,-0.4798,0.2000,1.5467,-1.0200,1.3813,123.9472,-5.2523,4.9729,-6.1214,6.2308,-0.7984,6.4949,-2.5849,14.3965,6.7210,0.1667,0.15
10.9512,0.0000,0.0000,0.0000,0.0000,0.0000,0.0000,-0.1559,0.3783,-0.5798,0.1017,-0.0008,-0.9948,0.5034,-0.2342,-1.2779,0.8805,-1.2144,-0.4453,0.1699,1.5290,-0.8862,1.3493,0.0078,0.1590,0.0349,-0.2249,0.2016,-0.2133,-0.1202,0.7367,-0.2869,0.0892,0.5000,-0.2000,-1.3226,0.9306,-1.2271,-0.4876,0.2000,1.5161,-1.0621,1.3931,124.6787,-5.5386,5.1077,-6.2499,6.4564,-0.8763,6.3836,-2.5236,14.5200,6.8353,0.1944,0.14
10.9711,0.0000,0.0000,0.0000,0.0000,0.0000,0.0000,-0.1528,0.0331,-0.1101,0.1035,0.0052,-0.9946,0.5043,-0.2328,-1.2780,0.8774,-1.2096,-0.4507,0.1691,1.5395,-0.8998,1.3543,0.1280,0.0620,-0.0349,-0.0775,0.2094,-0.1551,-0.0620,0.5467,-0.5932,0.2404,0.5000,-0.2000,-1.3430,0.9331,-1.2200,-0.4964,0.2000,1.4856,-1.0966,1.4039,125.2550,-5.7786,5.2494,-6.4157,6.6379,-0.9642,6.2594,-2.4473,14.6253,6.9720,0.2222,0.14
10.9912,0.0000,0.0000,0.0000,0.0000,0.0000,0.0000,-0.1613,-0.1928,0.3851,0.0991,0.0106,-0.9950,0.5059,-0.2317,-1.2790,0.8773,-1.2054,-0.4563,0.1686,1.5446,-0.9187,1.3623,0.1667,0.0814,-0.0116,0.1202,0.2055,-0.2637,-0.0969,0.1473,-0.8724,0.3257,0.5000,-0.2000,-1.3633,0.9348,-1.2128,-0.5000,0.2000,1.4550,-1.1217,1.4136,125.6952,-6.0234,5.3854,-6.5779,6.8092,-1.0345,6.1312,-2.3671,14.7017,7.1040,0.2500,0.14
11.0111,0.0000,0.0000,0.0000,0.0000,0.0000,0.0000,-0.1893,-0.2483,0.8434,0.0935,0.0153,-0.9955,0.5070,-0.2308,-1.2797,0.8796,-1.2016,-0.4639,0.1684,1.5436,-0.9401,1.3724,0.0582,0.1241,0.0000,0.1784,0.3296,-0.4381,-0.0543,-0.0853,-0.9693,0.4420,0.5000,-0.2000,-1.3837,0.9358,-1.2057,-0.5000,0.2000,1.4244,-1.1364,1.4221,126.0249,-6.2669,5.5165,-6.7304,6.9587,-1.0911,6.0210,-2.2910,14.7506,7.2222,0.2778,0.17
11.0311,0.0000,0.0000,0.0000,0.0000,0.0000,0.0000,-0.1903,-0.2228,1.1726,0.0888,0.0191,-0.9959,0.5078,-0.2301,-1.2823,0.8828,-1.1974,-0.4724,0.1683,1.5378,-0.9614,1.3843,0.0194,0.0388,-0.1473,0.1396,0.2055,-0.3490,0.0000,-0.3102,-0.9616,0.4847,0.5000,-0.2000,-1.4041,0.9360,-1.1986,-0.5000,0.2000,1.3939,-1.1398,1.4293,126.2988,-6.4769,5.6406,-6.8647,7.0792,-1.1280,5.9273,-2.2194,14.7870,7.3250,0.3056,0.17
11.0512,0.0000,0.0000,0.0000,0.0000,0.0000,0.0000,-0.1889,-0.1954,1.4299,0.0854,0.0219,-0.9961,0.5083,-0.2297,-1.2881,0.8864,-1.1931,-0.4799,0.1683,1.5266,-0.9799,1.3969,0.0698,0.0349,-0.2792,0.1551,0.1939,-0.3839,-0.0465,-0.5196,-0.8608,0.5234,0.5000,-0.2000,-1.4244,0.9355,-1.1914,-0.5000,0.2000,1.3633,-1.1318,1.4352,126.5317,-6.6248,5.7374,-6.9752,7.1600,-1.1523,5.8589,-2.1634,14.8150,7.4045,0.3333,0.15
11.0712,0.0000,0.0000,0.0000,0.0000,0.0000,0.0000,-0.1689,-0.1198,1.6340,0.0834,0.0232,-0.9962,0.5098,-0.2296,-1.2976,0.8897,-1.1885,-0.4888,0.1684,1.5117,-0.9951,1.4101,0.0853,0.0504,-0.5079,0.1667,0.1861,-0.3877,-0.0427,-0.7910,-0.7173,0.6243,0.5000,-0.2000,-1.4448,0.9342,-1.1842,-0.5000,0.2000,1.3328,-1.1129,1.4398,126.7133,-6.7115,5.8150,-7.0665,7.1991,-1.1667,5.8110,-2.1133,14.8228,7.4664,0.3611,0.14
11.0911,0.0000,0.0000,0.0000,0.0000,0.0000,0.0000,-0.1504,-0.0094,1.8260,0.0835,0.0240,-0.9962,0.5114,-0.2296,-1.3099,0.8925,-1.1838,-0.4962,0.1684,1.4927,-1.0054,1.4232,0.0737,-0.0000,-0.5855,0.0504,0.2249,-0.3141,-0.0271,-0.9693,-0.4885,0.5816,0.5000,-0.2000,-1.4652,0.9322,-1.1742,-0.5000,0.2000,1.3022,-1.0839,1.4432,126.8232,-6.7628,5.8773,-7.1484,7.2132,-1.1863,5.7758,-2.0713,14.8219,7.5195,0.3889,0.14
11.1111,0.0000,0.0000,0.0000,0.0000,0.0000,0.0000,-0.1482,0.0952,1.9983,0.0859,0.0232,-0.9960,0.5125,-0.2298,-1.3248,0.8938,-1.1788,-0.5010,0.1683,1.4703,-1.0102,1.4354,0.0388,0.0543,-0.7367,0.0388,0.2094,-0.1939,-0.0698,-1.0430,-0.1939,0.5157,0.5000,-0.2000,-1.4856,0.9295,-1.1641,-0.5000,0.2000,1.2717,-1.0461,1.4456,126.8345,-6.7572,5.9122,-7.2060,7.1975,-1.2135,5.7625,-2.0430,14.8061,7.5441,0.4167,0.14
11.1311,0.0000,0.0000,0.0000,0.0000,0.0000,0.0000,-0.1467,0.1746,2.1559,0.0902,0.0218,-0.9957,0.5133,-0.2299,-1.3430,0.8938,-1.1727,-0.5043,0.1682,1.4451,-1.0100,1.4462,0.0853,0.0427,-0.8647,0.0039,0.3451,-0.1280,-0.0620,-1.2252,0.0504,0.5622,0.5000,-0.2000,-1.5059,0.9262,-1.1541,-0.5000,0.2000,1.2411,-1.0014,1.4472,126.7491,-6.7075,5.9279,-7.2442,7.1546,-1.2453,5.7556,-2.0198,14.7697,7.5566,0.4444,0.14
11.1522,0.0000,0.0000,0.0000,0.0000,0.0000,0.0000,-0.1105,0.2495,2.3043,0.0958,0.0193,-0.9952,0.5139,-0.2300,-1.3637,0.8925,-1.1657,-0.5071,0.1683,1.4176,-1.0033,1.4552,0.1047,0.0349,-1.0740,-0.1124,0.3722,-0.1551,0.0698,-1.3959,0.3645,0.4420,0.5000,-0.2000,-1.5263,0.9223,-1.1440,-0.5000,0.2000,1.2106,-0.9519,1.4483,126.5422,-6.5964,5.9199,-7.2674,7.0731,-1.2803,5.7659,-2.0064,14.7228,7.5517,0.4722,0.14
11.1721,0.0000,0.0000,0.0000,0.0000,0.0000,0.0000,-0.0570,0.3542,2.3954,0.1034,0.0160,-0.9945,0.5140,-0.2300,-1.3862,0.8901,-1.1584,-0.5093,0.1682,1.3855,-0.9892,1.4629,0.0582,0.0582,-1.0818,-0.1628,0.3800,-0.0000,-0.0310,-1.5665,0.5816,0.3994,0.5000,-0.2000,-1.5467,0.9180,-1.1340,-0.5000,0.2000,1.1800,-0.9000,1.4770,126.2455,-6.4628,5.8929,-7.2698,6.9966,-1.3328,5.7925,-2.0043,14.6649,7.5210,0.5000,0.18
11.1912,0.0000,0.0000,0.0000,0.0000,0.0000,0.0000,0.0342,0.4485,2.3808,0.1121,0.0127,-0.9936,0.5138,-0.2299,-1.4094,0.8862,-1.1509,-0.5115,0.1683,1.3555,-0.9699,1.4690,-0.0000,0.0504,-1.2524,-0.2326,0.2908,-0.0775,-0.0814,-1.7254,0.9228,0.2559,0.5000,-0.2000,-1.5670,0.9133,-1.1239,-0.5000,0.2000,1.2004,-0.9052,1.4699,125.8726,-6.2721,5.8421,-7.2501,6.8843,-1.3756,5.8363,-2.0145,14.6096,7.4659,0.5278,0.15
11.2112,0.0000,0.0000,0.0000,0.0000,0.0000,0.0000,0.1942,0.5437,2.2755,0.1214,0.0058,-0.9926,0.5133,-0.2297,-1.4365,0.8809,-1.1444,-0.5124,0.1684,1.3189,-0.9464,1.4784,0.0155,0.0078,-1.2059,-0.1939,0.1590,-0.0078,-0.0427,-1.6130,1.2601,0.4381,0.5000,-0.2000,-1.5874,0.9083,-1.1139,-0.5000,0.2000,1.2207,-0.9103,1.4627,125.4225,-5.9944,5.7600,-7.2016,6.7282,-1.4249,5.9122,-2.0449,14.5482,7.3775,0.5556,0.16
11.2321,0.0000,0.0000,0.0000,0.0000,0.0000,0.0000,0.1700,0.5807,1.9439,0.1355,-0.0020,-0.9908,0.5113,-0.2297,-1.4611,0.8759,-1.1414,-0.5127,0.1684,1.2939,-0.9264,1.4868,-0.2055,-0.0155,-1.1516,-0.2016,0.0388,0.0078,0.0504,-1.2252,0.8453,0.4149,0.5000,-0.2000,-1.6078,0.9031,-1.1038,-0.5000,0.2000,1.2411,-0.9152,1.4556,124.9260,-5.6992,5.6302,-7.0727,6.5697,-1.4419,5.9818,-2.0906,14.4896,7.2454,0.5833,0.17
11.2521,0.0000,0.0000,0.0000,0.0000,0.0000,0.0000,0.1160,0.4118,1.4019,0.1450,-0.0091,-0.9894,0.5076,-0.2299,-1.4881,0.8723,-1.1411,-0.5128,0.1688,1.2733,-0.9107,1.4933,-0.1977,0.0039,-1.1942,-0.0388,0.0233,0.0620,0.0271,-0.9073,0.6281,0.2404,0.5000,-0.2000,-1.6078,0.9209,-1.1562,-0.5000,0.2000,1.2615,-0.9198,1.4485,124.4480,-5.2855,5.4484,-6.8860,6.3278,-1.4134,6.0951,-2.1737,14.4549,7.0667,0.6111,0.16
11.2722,0.0000,0.0000,0.0000,0.0000,0.0000,0.0000,0.1274,0.3443,1.0772,0.1541,-0.0170,-0.9879,0.5050,-0.2310,-1.5117,0.8722,-1.1408,-0.5123,0.1699,1.2596,-0.9013,1.4969,-0.0465,-0.0620,-1.0314,-0.0194,0.0659,0.0388,0.0000,-0.6708,0.4575,0.1318,0.5000,-0.2000,-1.5772,0.9722,-1.1689,-0.5000,0.2000,1.2819,-0.9239,1.4414,123.9067,-4.8730,5.2794,-6.7382,6.0505,-1.3571,6.1964,-2.2306,14.3835,6.9271,0.6389,0.15
11.2921,0.0000,0.0000,0.0000,0.0000,0.0000,0.0000,0.0985,0.2769,0.7439,0.1630,-0.0252,-0.9863,0.5042,-0.2330,-1.5324,0.8767,-1.1484,-0.5118,0.1712,1.2511,-0.8936,1.4994,-0.0271,-0.1124,-0.9344,0.4149,-0.3684,0.0892,0.0775,-0.3490,0.4032,0.0620,0.5000,-0.2000,-1.5467,1.0200,-1.1813,-0.5000,0.2000,1.3022,-0.9276,1.4342,123.3019,-4.4544,5.0937,-6.5722,5.7532,-1.2875,6.3042,-2.2889,14.2891,6.7645,0.6667,0.15
11.3121,0.0000,0.0000,0.0000,0.0000,0.0000,0.0000,0.0930,-0.0235,0.3146,0.1658,-0.0324,-0.9856,0.5034,-0.2346,-1.5443,0.8890,-1.1565,-0.5116,0.1732,1.2476,-0.8874,1.5010,-0.0310,-0.0659,-0.7871,0.4924,-0.2908,0.0582,0.1241,-0.2016,0.2249,0.0155,0.5000,-0.2000,-1.5161,1.0621,-1.1931,-0.5000,0.2000,1.3226,-0.9306,1.4271,122.7281,-4.0226,4.8891,-6.3975,5.4209,-1.2020,6.4351,-2.3692,14.2118,6.6173,0.6944,0.14
11.3331,0.0000,0.0000,0.0000,0.0000,0.0000,0.0000,0.0711,-0.3835,-0.2055,0.1611,-0.0382,-0.9862,0.5025,-0.2365,-1.5531,0.9050,-1.1635,-0.5115,0.1753,1.2465,-0.8845,1.5010,-0.0116,-0.0853,-0.4924,0.7638,-0.2675,-0.0078,0.1473,-0.1784,0.0698,-0.1241,0.5000,-0.2000,-1.4856,1.0966,-1.2039,-0.5000,0.2000,1.3430,-0.9331,1.4200,122.2232,-3.6095,4.6723,-6.2077,5.0907,-1.0787,6.5747,-2.4624,14.1425,6.4671,0.7222,0.14
11.3521,0.0000,0.0000,0.0000,0.0000,0.0000,0.0000,0.1043,-0.6109,-0.7122,0.1522,-0.0410,-0.9875,0.5019,-0.2372,-1.5552,0.9237,-1.1694,-0.5112,0.1778,1.2466,-0.8848,1.4993,-0.0194,-0.0698,-0.1318,0.8957,-0.2675,0.0698,0.0698,-0.0310,0.0039,-0.1706,0.5000,-0.2000,-1.4550,1.1217,-1.2136,-0.4942,0.2000,1.3633,-0.9348,1.4128,121.7894,-3.2254,4.4719,-6.0327,4.7794,-0.9417,6.7293,-2.5571,14.0746,6.3293,0.7500,0.14
11.3721,0.0000,0.0000,0.0000,0.0000,0.0000,0.0000,0.1597,-0.6674,-1.0264,0.1424,-0.0453,-0.9888,0.5021,-0.2374,-1.5518,0.9465,-1.1750,-0.5107,0.1789,1.2487,-0.8866,1.4952,0.0775,0.0582,0.1900,0.9771,-0.1900,0.0659,0.0465,0.0465,-0.1241,-0.2443,0.5000,-0.2000,-1.4244,1.1364,-1.2221,-0.4814,0.2000,1.3837,-0.9358,1.4057,121.3783,-2.9095,4.3006,-5.8818,4.5182,-0.8139,6.8640,-2.6346,13.9935,6.2235,0.7778,0.14
11.3921,0.0000,0.0000,0.0000,0.0000,0.0000,0.0000,0.0913,-0.7607,-1.3091,0.1311,-0.0463,-0.9903,0.5029,-0.2375,-1.5436,0.9682,-1.1791,-0.5092,0.1790,1.2539,-0.8894,1.4892,0.0427,0.0310,0.4149,0.9810,-0.1086,0.0310,-0.0155,0.2792,-0.1396,-0.2830,0.5000,-0.2000,-1.3939,1.1398,-1.2293,-0.4694,0.2000,1.4041,-0.9360,1.3986,121.0072,-2.6865,4.1520,-5.7335,4.3159,-0.6943,6.9715,-2.7083,13.9206,6.1309,0.8056,0.14
11.4121,0.0000,0.0000,0.0000,0.0000,0.0000,0.0000,0.0734,-0.8072,-1.5735,0.1185,-0.0455,-0.9919,0.5038,-0.2374,-1.5316,0.9871,-1.1819,-0.5063,0.1786,1.2623,-0.8934,1.4816,0.0194,-0.0388,0.5390,0.9655,-0.1318,0.1822,-0.0271,0.4653,-0.1396,-0.3606,0.5000,-0.2000,-1.3633,1.1318,-1.2352,-0.4583,0.2000,1.4244,-0.9355,1.3914,120.7052,-2.5183,4.0302,-5.6033,4.1644,-0.5832,7.0715,-2.7760,13.8611,6.0551,0.8333,0.15
11.4321,0.0000,0.0000,0.0000,0.0000,0.0000,0.0000,0.0790,-0.7600,-1.7759,0.1066,-0.0434,-0.9934,0.5054,-0.2374,-1.5161,1.0017,-1.1845,-0.5016,0.1777,1.2742,-0.8977,1.4731,0.1086,-0.0504,0.6824,0.6010,-0.0969,0.2559,-0.0504,0.5622,-0.1745,-0.3955,0.5000,-0.2000,-1.3328,1.1129,-1.2398,-0.4479,0.2000,1.4448,-0.9342,1.3842,120.4755,-2.4194,3.9462,-5.5059,4.0638,-0.4791,7.1464,-2.8287,13.8108,6.0228,0.8611,0.15
11.4521,0.0000,0.0000,0.0000,0.0000,0.0000,0.0000,0.0929,-0.7368,-1.9443,0.0951,-0.0419,-0.9946,0.5065,-0.2375,-1.4969,1.0117,-1.1871,-0.4958,0.1765,1.2888,-0.9017,1.4646,0.0388,0.0116,0.8763,0.4343,-0.0931,0.2792,-0.1318,0.6553,-0.1241,-0.4149,0.5000,-0.2000,-1.3022,1.0839,-1.2432,-0.4389,0.2000,1.4652,-0.9322,1.3742,120.3285,-2.3864,3.8853,-5.4295,4.0208,-0.3895,7.2049,-2.8748,13.7773,6.0001,0.8889,0.15
11.4731,0.0000,0.0000,0.0000,0.0000,0.0000,0.0000,0.0682,-0.7003,-2.1133,0.0841,-0.0401,-0.9956,0.5069,-0.2376,-1.4746,1.0166,-1.1899,-0.4898,0.1744,1.3069,-0.9038,1.4559,0.0271,0.0271,1.0236,0.3063,-0.0737,0.3063,-0.1551,0.8491,-0.0582,-0.4110,0.5000,-0.2000,-1.2717,1.0461,-1.2456,-0.4317,0.2000,1.4856,-0.9295,1.3641,120.2937,-2.4232,3.8539,-5.3720,4.0341,-0.3166,7.2410,-2.9136,13.7623,5.9927,0.9167,0.14
11.4921,0.0000,0.0000,0.0000,0.0000,0.0000,0.0000,0.0241,-0.6585,-2.2521,0.0737,-0.0373,-0.9966,0.5070,-0.2381,-1.4502,1.0164,-1.1928,-0.4830,0.1722,1.3263,-0.9040,1.4455,-0.0155,-0.0698,1.2989,0.0194,-0.1551,0.3218,-0.1512,1.0508,0.0504,-0.4614,0.5000,-0.2000,-1.2411,1.0014,-1.2472,-0.4264,0.2000,1.5059,-0.9262,1.3541,120.3606,-2.5292,3.8614,-5.3487,4.1066,-0.2644,7.2484,-2.9398,13.7718,6.0106,0.9444,0.14
11.5121,0.0000,0.0000,0.0000,0.0000,0.0000,0.0000,-0.0115,-0.6052,-2.3108,0.0633,-0.0354,-0.9974,0.5070,-0.2389,-1.4221,1.0109,-1.1963,-0.4754,0.1703,1.3485,-0.9030,1.4355,0.0543,0.0078,1.2912,-0.1939,-0.0931,0.3839,-0.0931,1.0353,0.0698,-0.5118,0.5000,-0.2000,-1.2106,0.9519,-1.2483,-0.4240,0.2000,1.5263,-0.9223,1.3440,120.5776,-2.7066,3.9013,-5.3553,4.2322,-0.2397,7.2364,-2.9517,13.8010,6.0544,0.9722,0.15
11.5321,0.0000,0.0000,0.0000,0.0000,0.0000,0.0000,-0.1254,-0.5265,-2.2861,0.0541,-0.0320,-0.9980,0.5069,-0.2400,-1.3906,0.9981,-1.2001,-0.4675,0.1694,1.3730,-0.9005,1.4236,0.0465,-0.0504,1.4152,-0.5467,-0.1939,0.3606,-0.1202,1.0585,0.1357,-0.6824,0.5000,-0.2000,-1.1800,0.9000,-1.2770,-0.4248,0.2000,1.5467,-0.9180,1.3340,120.9068,-2.9796,3.9933,-5.4094,4.4400,-0.2484,7.1766,-2.9408,13.8634,6.1286,0.0000,0.14
11.5531,0.0000,0.0000,0.0000,0.0000,0.0000,0.0000,-0.2408,-0.4605,-2.1424,0.0444,-0.0262,-0.9987,0.5065,-0.2412,-1.3596,0.9795,-1.2040,-0.4590,0.1689,1.3973,-0.8962,1.4077,0.0039,-0.0465,1.4656,-0.8491,-0.1473,0.4459,-0.0427,1.1477,0.1939,-0.8724,0.5000,-0.2000,-1.2004,0.9052,-1.2699,-0.4304,0.2000,1.5670,-0.9133,1.3239,121.3293,-3.3149,4.1152,-5.4948,4.6955,-0.3042,7.1020,-2.9221,13.9487,6.2183,0.0278,0.14
11.5721,0.0000,0.0000,0.0000,0.0000,0.0000,0.0000,-0.2046,-0.4400,-1.6768,0.0352,-0.0230,-0.9991,0.5062,-0.2427,-1.3291,0.9556,-1.2131,-0.4481,0.1687,1.4209,-0.8926,1.3877,-0.0271,-0.0892,1.4307,-1.1399,-0.4459,0.5777,-0.0543,1.1477,0.1202,-1.0585,0.5000,-0.2000,-1.2207,0.9103,-1.2627,-0.4419,0.2000,1.5874,-0.9083,1.3139,121.7004,-3.6549,4.2883,-5.6602,4.9726,-0.4191,6.9837,-2.8579,14.0440,6.3526,0.0556,0.14
11.5931,0.0000,0.0000,0.0000,0.0000,0.0000,0.0000,-0.1720,-0.4037,-1.1941,0.0259,-0.0201,-0.9995,0.5058,-0.2442,-1.3056,0.9360,-1.2200,-0.4402,0.1683,1.4460,-0.8893,1.3671,-0.0000,-0.0582,0.9771,-0.9189,-0.2404,0.3994,-0.0078,1.1012,0.0853,-1.0624,0.5000,-0.2000,-1.2411,0.9152,-1.2556,-0.4544,0.2000,1.6078,-0.9031,1.3038,122.0934,-4.0327,4.4569,-5.8083,5.2636,-0.5441,6.8505,-2.7927,14.1369,6.4722,0.0833,0.14
11.6131,0.0000,0.0000,0.0000,0.0000,0.0000,0.0000,-0.1354,-0.3074,-0.7438,0.0185,-0.0170,-0.9997,0.5059,-0.2446,-1.2901,0.9209,-1.2229,-0.4369,0.1668,1.4702,-0.8876,1.3449,0.0310,-0.0000,0.6514,-0.6863,-0.0504,0.1280,-0.0814,1.0818,0.0233,-0.9965,0.5000,-0.2000,-1.2615,0.9198,-1.2485,-0.4655,0.2000,1.6078,-0.9209,1.3562,122.4873,-4.3863,4.6193,-5.9464,5.5415,-0.6552,6.7284,-2.7324,14.2254,6.5748,0.1111,0.18
11.6331,0.0000,0.0000,0.0000,0.0000,0.0000,0.0000,-0.1596,-0.2452,-0.3382,0.0125,-0.0128,-0.9998,0.5058,-0.2445,-1.2813,0.9070,-1.2231,-0.4372,0.1652,1.4956,-0.8872,1.3248,0.0659,0.0543,0.2210,-0.5661,-0.0000,-0.0659,-0.0775,1.0546,0.0582,-0.9849,0.5000,-0.2000,-1.2819,0.9239,-1.2414,-0.4741,0.2000,1.5772,-0.9722,1.3689,122.8623,-4.7094,4.7717,-6.0756,5.7820,-0.7407,6.6058,-2.6650,14.3003,6.6755,0.1389,0.16
11.6531,0.0000,0.0000,0.0000,0.0000,0.0000,0.0000,-0.2619,-0.2898,0.0166,0.0073,-0.0049,-1.0000,0.5057,-0.2441,-1.2800,0.8958,-1.2218,-0.4400,0.1637,1.5145,-0.8896,1.3184,-0.0000,0.0427,0.0039,-0.5932,0.0853,-0.1008,-0.0271,0.8026,-0.1008,-0.2830,0.5000,-0.2000,-1.3022,0.9276,-1.2342,-0.4809,0.2000,1.5467,-1.0200,1.3813,123.2235,-4.9987,4.9091,-6.1900,5.9874,-0.8092,6.4825,-2.5901,14.3488,6.7803,0.1667,0.15
11.6741,0.0000,0.0000,0.0000,0.0000,0.0000,0.0000,-0.2595,-0.5464,0.3879,-0.0019,0.0037,-1.0000,0.5057,-0.2437,-1.2826,0.8868,-1.2189,-0.4446,0.1622,1.5251,-0.9004,1.3169,0.0194,0.0233,-0.1667,-0.3606,0.1745,-0.1590,-0.1551,0.5196,-0.5390,-0.0853,0.5000,-0.2000,-1.3226,0.9306,-1.2271,-0.4873,0.2000,1.5161,-1.0621,1.3931,123.5762,-5.2262,5.0254,-6.3066,6.1667,-0.8734,6.3716,-2.5318,14.4228,6.8739,0.1944,0.14
11.6931,0.0000,0.0000,0.0000,0.0000,0.0000,0.0000,-0.1803,-0.8927,0.7487,-0.0179,0.0101,-0.9998,0.5058,-0.2433,-1.2879,0.8811,-1.2159,-0.4493,0.1618,1.5311,-0.9174,1.3192,0.0775,0.0039,-0.2288,-0.2520,0.1318,-0.1745,-0.0233,0.3179,-0.7987,0.1086,0.5000,-0.2000,-1.3430,0.9331,-1.2200,-0.4909,0.2000,1.4856,-1.0966,1.4039,123.8435,-5.3628,5.1249,-6.4325,6.2583,-0.9086,6.2757,-2.4738,14.4866,6.9753,0.2222,0.14
11.7131,0.0000,0.0000,0.0000,0.0000,0.0000,0.0000,-0.1371,-1.2005,1.0587,-0.0411,0.0168,-0.9990,0.5054,-0.2430,-1.2947,0.8797,-1.2141,-0.4539,0.1617,1.5314,-0.9381,1.3242,0.0039,-0.0194,-0.3645,-0.0892,0.0775,-0.2094,0.0194,-0.0620,-0.9693,0.1706,0.5000,-0.2000,-1.3633,0.9348,-1.2128,-0.4905,0.2000,1.4550,-1.1217,1.4136,124.0446,-5.4773,5.2079,-6.5388,6.3144,-0.9050,6.1869,-2.4186,14.5280,7.0630,0.2500,0.14
11.7331,0.0000,0.0000,0.0000,0.0000,0.0000,0.0000,-0.0313,-1.3141,1.3063,-0.0679,0.0223,-0.9974,0.5042,-0.2426,-1.3030,0.8801,-1.2141,-0.4576,0.1617,1.5263,-0.9636,1.3306,0.0039,0.0775,-0.2830,0.0310,-0.0194,-0.1435,-0.0155,-0.2055,-1.1361,0.2792,0.5000,-0.2000,-1.3837,0.9358,-1.2057,-0.4876,0.2000,1.4244,-1.1364,1.4221,124.1826,-5.5247,5.2754,-6.6365,6.3232,-0.8761,6.1348,-2.3789,14.5585,7.1322,0.2778,0.14
11.7531,0.0000,0.0000,0.0000,0.0000,0.0000,0.0000,0.0787,-1.3041,1.4417,-0.0953,0.0259,-0.9951,0.5013,-0.2423,-1.3104,0.8814,-1.2163,-0.4594,0.1616,1.5158,-0.9895,1.3378,-0.1745,0.0388,-0.3877,0.1357,-0.1163,-0.0271,-0.0271,-0.4537,-1.1516,0.2908,0.5000,-0.2000,-1.4041,0.9360,-1.1986,-0.4821,0.2000,1.3939,-1.1398,1.4293,124.2960,-5.5655,5.3429,-6.7202,6.3165,-0.8206,6.0915,-2.3357,14.5677,7.1881,0.3056,0.14
11.7731,0.0000,0.0000,0.0000,0.0000,0.0000,0.0000,0.1683,-1.2368,1.5057,-0.1225,0.0276,-0.9921,0.4967,-0.2415,-1.3183,0.8854,-1.2204,-0.4590,0.1616,1.5015,-1.0136,1.3455,-0.2249,0.0814,-0.3451,0.2714,-0.3179,0.1241,-0.0931,-0.7289,-1.0934,0.3684,0.5000,-0.2000,-1.4244,0.9355,-1.1914,-0.4748,0.2000,1.3633,-1.1318,1.4352,124.3887,-5.5479,5.3906,-6.7829,6.2728,-0.7484,6.0721,-2.3034,14.5663,7.2257,0.3333,0.14
11.7931,0.0000,0.0000,0.0000,0.0000,0.0000,0.0000,0.2469,-1.0997,1.4973,-0.1472,0.0284,-0.9887,0.4915,-0.2409,-1.3274,0.8908,-1.2267,-0.4566,0.1615,1.4839,-1.0338,1.3539,-0.2055,0.0698,-0.4343,0.2830,-0.3102,0.1241,-0.0155,-0.8685,-0.9461,0.4226,0.5000,-0.2000,-1.4448,0.9342,-1.1842,-0.4662,0.2000,1.3328,-1.1129,1.4398,124.4606,-5.4850,5.4197,-6.8243,6.1872,-0.6617,6.0685,-2.2789,14.5556,7.2497,0.3611,0.13
11.8141,0.0000,0.0000,0.0000,0.0000,0.0000,0.0000,0.3111,-0.9585,1.5229,-0.1694,0.0280,-0.9851,0.4871,-0.2402,-1.3385,0.8973,-1.2329,-0.4526,0.1615,1.4638,-1.0489,1.3622,-0.1861,0.0465,-0.5273,0.2559,-0.3567,0.2365,-0.0582,-0.9732,-0.6281,0.3800,0.5000,-0.2000,-1.4652,0.9322,-1.1742,-0.4579,0.2000,1.3022,-1.0839,1.4432,124.4759,-5.3823,5.4339,-6.8596,6.0664,-0.5792,6.0806,-2.2597,14.5323,7.2646,0.3889,0.15
11.8331,0.0000,0.0000,0.0000,0.0000,0.0000,0.0000,0.3828,-0.7601,1.5425,-0.1879,0.0273,-0.9818,0.4837,-0.2399,-1.3506,0.9038,-1.2378,-0.4475,0.1615,1.4390,-1.0568,1.3705,-0.1435,0.0078,-0.6165,0.3141,-0.2675,0.3024,-0.0271,-1.0275,-0.2753,0.3451,0.5000,-0.2000,-1.4856,0.9295,-1.1641,-0.4511,0.2000,1.2717,-1.0461,1.4456,124.4411,-5.2665,5.4361,-6.8800,5.9424,-0.5106,6.1003,-2.2468,14.4975,7.2641,0.4167,0.14
11.8541,0.0000,0.0000,0.0000,0.0000,0.0000,0.0000,0.4402,-0.5402,1.5594,-0.2020,0.0250,-0.9791,0.4813,-0.2395,-1.3648,0.9089,-1.2414,-0.4423,0.1616,1.4166,-1.0572,1.3777,-0.1124,0.0039,-0.7018,0.1706,-0.1745,0.3063,-0.0620,-1.1942,0.0078,0.2792,0.5000,-0.2000,-1.5059,0.9262,-1.1541,-0.4450,0.2000,1.2411,-1.0014,1.4472,124.3446,-5.1232,5.4224,-6.8886,5.8023,-0.4504,6.1253,-2.2382,14.4602,7.2568,0.4444,0.14
11.8741,0.0000,0.0000,0.0000,0.0000,0.0000,0.0000,0.4899,-0.3050,1.5844,-0.2116,0.0236,-0.9771,0.4797,-0.2388,-1.3799,0.9119,-1.2426,-0.4374,0.1618,1.3875,-1.0499,1.3852,-0.0775,0.0349,-0.7910,0.1551,-0.0465,0.2249,0.0349,-1.3416,0.3528,0.2792,0.5000,-0.2000,-1.5263,0.9223,-1.1440,-0.4412,0.2000,1.2106,-0.9519,1.4483,124.1838,-4.9674,5.3946,-6.8801,5.6644,-0.4117,6.1578,-2.2347,14.4084,7.2312,0.4722,0.18
11.8931,0.0000,0.0000,0.0000,0.0000,0.0000,0.0000,0.5379,-0.1073,1.5879,-0.2165,0.0220,-0.9760,0.4789,-0.2375,-1.3981,0.9127,-1.2424,-0.4329,0.1620,1.3598,-1.0369,1.3918,0.0582,0.1435,-0.8375,0.0620,0.0233,0.2094,-0.0233,-1.2601,0.6165,0.2986,0.5000,-0.2000,-1.5467,0.9180,-1.1340,-0.4397,0.2000,1.1800,-0.9000,1.4770,123.9338,-4.7531,5.3395,-6.8537,5.5006,-0.3968,6.2126,-2.2486,14.3595,7.1873,0.5000,0.16
11.9141,0.0000,0.0000,0.0000,0.0000,0.0000,0.0000,0.5883,0.0644,1.5902,-0.2184,0.0201,-0.9757,0.4788,-0.2359,-1.4166,0.9122,-1.2408,-0.4285,0.1625,1.3307,-1.0159,1.3972,0.0969,0.0814,-0.9422,-0.0543,0.1396,0.1977,0.0078,-1.4269,1.1051,0.2830,0.5000,-0.2000,-1.5670,0.9133,-1.1239,-0.4396,0.2000,1.2004,-0.9052,1.4699,123.6137,-4.5528,5.2842,-6.8240,5.3379,-0.3956,6.2607,-2.2559,14.2938,7.1436,0.5278,0.17
11.9341,0.0000,0.0000,0.0000,0.0000,0.0000,0.0000,0.5544,0.2166,1.5803,-0.2164,0.0171,-0.9762,0.4788,-0.2341,-1.4374,0.9105,-1.2373,-0.4255,0.1632,1.3004,-0.9891,1.4074,0.0155,0.1008,-1.0120,-0.1008,0.1435,0.1202,0.0155,-1.3765,1.3338,0.5545,0.5000,-0.2000,-1.5874,0.9083,-1.1139,-0.4417,0.2000,1.2207,-0.9103,1.4627,123.1988,-4.3187,5.1952,-6.7574,5.1726,-0.4171,6.3222,-2.2789,14.2207,7.0674,0.5556,0.16
11.9541,0.0000,0.0000,0.0000,0.0000,0.0000,0.0000,0.4980,0.3992,1.5378,-0.2104,0.0148,-0.9775,0.4792,-0.2322,-1.4578,0.9078,-1.2329,-0.4241,0.1643,1.2783,-0.9680,1.4148,0.0853,0.0737,-0.9655,-0.1047,0.2637,0.1008,0.0233,-1.0624,0.9616,0.3335,0.5000,-0.2000,-1.6078,0.9031,-1.1038,-0.4448,0.2000,1.2411,-0.9152,1.4556,122.7120,-4.0874,5.0862,-6.6632,5.0387,-0.4478,6.3788,-2.3144,14.1627,6.9725,0.5833,0.15
11.9741,0.0000,0.0000,0.0000,0.0000,0.0000,0.0000,0.4369,0.5758,1.4020,-0.2002,0.0126,-0.9797,0.4796,-0.2304,-1.4787,0.9042,-1.2266,-0.4248,0.1662,1.2646,-0.9532,1.4191,0.0388,0.1784,-1.0779,-0.1202,0.3451,-0.0271,0.0659,-0.6514,0.6087,0.1551,0.5000,-0.2000,-1.6078,0.9209,-1.1562,-0.4454,0.2000,1.2615,-0.9198,1.4485,122.1523,-3.8197,4.9519,-6.5396,4.8719,-0.4538,6.4467,-2.3560,14.1043,6.8540,0.6111,0.14
11.9941,0.0000,0.0000,0.0000,0.0000,0.0000,0.0000,0.3571,0.6560,1.2608,-0.1874,0.0091,-0.9822,0.4804,-0.2284,-1.5025,0.8995,-1.2183,-0.4273,0.1678,1.2561,-0.9416,1.4214,0.0659,0.1202,-1.0585,-0.2094,0.4149,-0.1280,0.0892,-0.3916,0.5661,0.1280,0.5000,-0.2000,-1.5772,0.9722,-1.1689,-0.4436,0.2000,1.2819,-0.9239,1.4414,121.5288,-3.5333,4.8076,-6.4100,4.6629,-0.4359,6.5083,-2.3942,14.0355,6.7401,0.6389,0.14
12.0141,0.0000,0.0000,0.0000,0.0000,0.0000,0.0000,0.1871,0.6112,1.1225,-0.1730,0.0066,-0.9849,0.4820,-0.2269,-1.5217,0.8975,-1.2179,-0.4305,0.1703,1.2540,-0.9323,1.4227,0.1008,0.0659,-1.0585,-0.0853,0.0853,-0.1396,0.0931,-0.0737,0.4537,0.0698,0.5000,-0.2000,-1.5467,1.0200,-1.1813,-0.4405,0.2000,1.3022,-0.9276,1.4342,120.8393,-3.2369,4.6471,-6.2559,4.4359,-0.4049,6.5626,-2.4309,13.9464,6.6124,0.6667,0.15
12.0340,0.0000,0.0000,0.0000,0.0000,0.0000,0.0000,0.1370,0.2244,0.6424,-0.1647,0.0037,-0.9863,0.4834,-0.2255,-1.5374,0.9033,-1.2181,-0.4349,0.1724,1.2552,-0.9258,1.4230,0.1318,0.1163,-0.8220,0.1512,0.1124,-0.3024,0.1163,0.0892,0.3335,0.0388,0.5000,-0.2000,-1.5161,1.0621,-1.1931,-0.4331,0.2000,1.3226,-0.9306,1.4271,120.2280,-2.8441,4.4355,-6.0607,4.1377,-0.3309,6.6659,-2.5145,13.9060,6.4564,0.6944,0.14
12.0541,0.0000,0.0000,0.0000,0.0000,0.0000,0.0000,0.1080,-0.1960,0.0517,-0.1675,-0.0010,-0.9859,0.4820,-0.2246,-1.5481,0.9130,-1.2183,-0.4380,0.1755,1.2569,-0.9219,1.4221,-0.0271,0.0388,-0.5816,0.4343,0.0349,-0.1590,0.0543,-0.0039,0.1745,-0.0504,0.5000,-0.2000,-1.4856,1.0966,-1.2039,-0.4211,0.2000,1.3430,-0.9331,1.4200,119.7298,-2.4535,4.2211,-5.8566,3.8268,-0.2114,6.7947,-2.6049,13.8583,6.2975,0.7222,0.14
12.0740,0.0000,0.0000,0.0000,0.0000,0.0000,0.0000,0.0554,-0.3585,-0.5211,-0.1741,-0.0086,-0.9847,0.4805,-0.2247,-1.5523,0.9292,-1.2184,-0.4390,0.1787,1.2576,-0.9206,1.4193,0.0620,-0.0000,-0.2210,0.8685,-0.0116,-0.0310,0.0388,-0.0775,0.0582,-0.1784,0.5000,-0.2000,-1.4550,1.1217,-1.2136,-0.4070,0.2000,1.3633,-0.9348,1.4128,119.3711,-2.1168,4.0240,-5.6523,3.5649,-0.0698,6.9353,-2.6987,13.7980,6.1422,0.7500,0.14
12.0951,0.0000,0.0000,0.0000,0.0000,0.0000,0.0000,0.0330,-0.3736,-0.9184,-0.1809,-0.0169,-0.9833,0.4803,-0.2256,-1.5510,0.9496,-1.2189,-0.4379,0.1821,1.2586,-0.9208,1.4151,0.0078,-0.0892,0.0194,1.1361,-0.0078,0.1357,0.0155,-0.0698,0.0116,-0.2714,0.5000,-0.2000,-1.4244,1.1364,-1.2221,-0.3944,0.2000,1.3837,-0.9358,1.4057,119.0867,-1.8447,3.8624,-5.4774,3.3533,0.0564,7.0733,-2.7800,13.7318,6.0100,0.7778,0.14
12.1141,0.0000,0.0000,0.0000,0.0000,0.0000,0.0000,-0.0656,-0.3341,-1.3521,-0.1883,-0.0264,-0.9818,0.4804,-0.2275,-1.5449,0.9725,-1.2197,-0.4326,0.1845,1.2607,-0.9213,1.4099,-0.0078,-0.0427,0.3141,1.1128,-0.0582,0.3528,0.1706,0.0582,0.0039,-0.2520,0.5000,-0.2000,-1.3939,1.1398,-1.2293,-0.3818,0.2000,1.4041,-0.9360,1.3986,118.8797,-1.6187,3.7126,-5.3014,3.1727,0.1824,7.2144,-2.8672,13.6606,5.8963,0.8056,0.14
12.1341,0.0000,0.0000,0.0000,0.0000,0.0000,0.0000,-0.2503,-0.2844,-1.5970,-0.1938,-0.0315,-0.9805,0.4785,-0.2286,-1.5339,0.9958,-1.2219,-0.4224,0.1869,1.2650,-0.9227,1.4034,-0.1241,-0.0000,0.5506,1.0275,-0.1318,0.6010,0.0427,0.2210,0.0078,-0.3490,0.5000,-0.2000,-1.3633,1.1318,-1.2352,-0.3709,0.2000,1.4244,-0.9355,1.3914,118.6832,-1.4836,3.5943,-5.1455,3.0628,0.2906,7.3209,-2.9357,13.5827,5.8033,0.8333,0.14
12.1551,0.0000,0.0000,0.0000,0.0000,0.0000,0.0000,-0.3356,-0.2096,-1.8152,-0.1978,-0.0354,-0.9796,0.4766,-0.2291,-1.5189,1.0145,-1.2254,-0.4093,0.1892,1.2735,-0.9247,1.3953,-0.0659,0.0465,0.6902,0.8840,-0.1745,0.6902,0.0698,0.3994,-0.0427,-0.3490,0.5000,-0.2000,-1.3328,1.1129,-1.2398,-0.3609,0.2000,1.4448,-0.9342,1.3842,118.5358,-1.3858,3.5020,-5.0189,2.9865,0.3911,7.4139,-2.9929,13.5176,5.7370,0.8611,0.15
12.1741,0.0000,0.0000,0.0000,0.0000,0.0000,0.0000,-0.4494,-0.2088,-1.9898,-0.2014,-0.0378,-0.9788,0.4741,-0.2292,-1.5009,1.0272,-1.2293,-0.3944,0.1907,1.2839,-0.9263,1.3859,-0.1280,0.0427,0.8414,0.5894,-0.2288,0.6785,0.0271,0.4924,-0.0116,-0.3800,0.5000,-0.2000,-1.3022,1.0839,-1.2432,-0.3519,0.2000,1.4652,-0.9322,1.3742,118.4393,-1.3522,3.4359,-4.9232,2.9535,0.4811,7.4774,-3.0370,13.4669,5.6978,0.8889,0.14
12.1951,0.0000,0.0000,0.0000,0.0000,0.0000,0.0000,-0.5632,-0.1591,-2.1528,-0.2050,-0.0377,-0.9780,0.4716,-0.2293,-1.4776,1.0351,-1.2349,-0.3816,0.1914,1.2973,-0.9278,1.3761,-0.0892,0.0310,1.0042,0.3839,-0.2753,0.6087,-0.0271,0.6010,-0.0465,-0.5739,0.5000,-0.2000,-1.2717,1.0461,-1.2456,-0.3450,0.2000,1.4856,-0.9295,1.3641,118.4323,-1.3881,3.3986,-4.8624,2.9900,0.5499,7.5195,-3.0754,13.4416,5.6750,0.9167,0.14
12.2151,0.0000,0.0000,0.0000,0.0000,0.0000,0.0000,-0.6283,-0.0565,-2.3075,-0.2067,-0.0361,-0.9777,0.4696,-0.2293,-1.4526,1.0365,-1.2409,-0.3680,0.1918,1.3121,-0.9296,1.3640,-0.0388,0.0388,1.3183,0.1202,-0.3218,0.6475,-0.1086,0.6785,-0.0504,-0.6126,0.5000,-0.2000,-1.2411,1.0014,-1.2472,-0.3408,0.2000,1.5059,-0.9262,1.3541,118.5213,-1.4853,3.4008,-4.8408,3.0849,0.5920,7.5428,-3.1025,13.4331,5.6769,0.9444,0.16
12.2351,0.0000,0.0000,0.0000,0.0000,0.0000,0.0000,-0.5873,0.0572,-2.3683,-0.2054,-0.0328,-0.9781,0.4683,-0.2293,-1.4214,1.0313,-1.2477,-0.3561,0.1918,1.3324,-0.9307,1.3512,0.0233,0.0427,1.4618,-0.2404,-0.2482,0.5390,-0.1008,0.7871,-0.0543,-0.6398,0.5000,-0.2000,-1.2106,0.9519,-1.2483,-0.3401,0.2000,1.5263,-0.9223,1.3440,118.7062,-1.6569,3.4576,-4.8812,3.2301,0.5992,7.5296,-3.1051,13.4592,5.7233,0.9722,0.15
12.2541,0.0000,0.0000,0.0000,0.0000,0.0000,0.0000,-0.4466,0.1746,-2.1639,-0.2013,-0.0318,-0.9790,0.4690,-0.2292,-1.3888,1.0174,-1.2519,-0.3462,0.1910,1.3527,-0.9309,1.3383,0.1551,0.0465,1.5199,-0.6436,-0.0620,0.4459,-0.1086,0.9383,0.0504,-0.6165,0.5000,-0.2000,-1.1800,0.9000,-1.2770,-0.3463,0.2000,1.5467,-0.9180,1.3340,118.9409,-1.9175,3.5803,-5.0000,3.4449,0.5374,7.4686,-3.0757,13.5209,5.8235,0.0000,0.14
12.2760,0.0000,0.0000,0.0000,0.0000,0.0000,0.0000,-0.4974,0.3742,-1.8336,-0.1940,-0.0279,-0.9806,0.4728,-0.2293,-1.3567,0.9953,-1.2521,-0.3397,0.1891,1.3721,-0.9310,1.3263,0.2326,0.0427,1.6091,-1.0702,0.0310,0.2908,-0.1435,1.0120,0.0271,-0.4963,0.5000,-0.2000,-1.2004,0.9052,-1.2699,-0.3582,0.2000,1.5670,-0.9133,1.3239,119.2265,-2.3287,3.7537,-5.1429,3.7856,0.4179,7.3372,-3.0174,13.5903,5.9489,0.0278,0.14
12.2950,0.0000,0.0000,0.0000,0.0000,0.0000,0.0000,-0.4590,0.5357,-1.5053,-0.1829,-0.0224,-0.9829,0.4760,-0.2294,-1.3208,0.9655,-1.2554,-0.3355,0.1869,1.3963,-0.9310,1.3141,0.2171,-0.0233,1.5742,-1.2989,-0.0698,0.1977,-0.2210,1.0934,-0.0504,-0.5157,0.5000,-0.2000,-1.2207,0.9103,-1.2627,-0.3747,0.2000,1.5874,-0.9083,1.3139,119.6241,-2.8061,3.9703,-5.3288,4.1933,0.2526,7.1849,-2.9416,13.6933,6.0903,0.0556,0.14
12.3150,0.0000,0.0000,0.0000,0.0000,0.0000,0.0000,-0.3188,0.5791,-1.1611,-0.1698,-0.0173,-0.9853,0.4785,-0.2296,-1.2958,0.9395,-1.2558,-0.3347,0.1846,1.4220,-0.9299,1.3031,0.1822,-0.0194,1.0314,-1.1865,0.1318,0.0698,-0.1318,1.1787,0.1241,-0.6165,0.5000,-0.2000,-1.2411,0.9152,-1.2556,-0.3921,0.2000,1.6078,-0.9031,1.3038,120.1338,-3.2660,4.1741,-5.5111,4.5642,0.0791,7.0500,-2.8736,13.8154,6.2243,0.0833,0.14
12.3351,0.0000,0.0000,0.0000,0.0000,0.0000,0.0000,-0.2503,0.6400,-0.7811,-0.1567,-0.0126,-0.9876,0.4818,-0.2298,-1.2812,0.9197,-1.2547,-0.3375,0.1811,1.4451,-0.9284,1.2926,0.2908,0.0078,0.5932,-1.0004,0.0931,-0.1163,-0.1435,1.1787,0.0775,-0.5079,0.5000,-0.2000,-1.2615,0.9198,-1.2485,-0.4079,0.2000,1.6078,-0.9209,1.3562,120.6679,-3.6866,4.3662,-5.6783,4.9116,-0.0794,6.9116,-2.8006,13.9193,6.3504,0.1111,0.14
12.3550,0.0000,0.0000,0.0000,0.0000,0.0000,0.0000,-0.2242,0.6879,-0.4487,-0.1420,-0.0057,-0.9899,0.4848,-0.2297,-1.2735,0.9025,-1.2527,-0.3432,0.1776,1.4704,-0.9271,1.2830,0.1551,0.0310,0.2598,-0.7832,0.1318,-0.2830,-0.2249,1.0391,0.0504,-0.4149,0.5000,-0.2000,-1.2819,0.9239,-1.2414,-0.4215,0.2000,1.5772,-0.9722,1.3689,121.2279,-4.0979,4.5494,-5.8336,5.2399,-0.2152,6.7719,-2.7238,14.0162,6.4683,0.1389,0.14
12.3750,0.0000,0.0000,0.0000,0.0000,0.0000,0.0000,-0.2270,0.5952,-0.1899,-0.1273,0.0011,-0.9919,0.4873,-0.2296,-1.2722,0.8898,-1.2498,-0.3521,0.1738,1.4904,-0.9282,1.2845,0.0582,0.0465,0.0465,-0.6010,0.1357,-0.4343,-0.2482,0.9228,0.0504,0.0427,0.5000,-0.2000,-1.3022,0.9276,-1.2342,-0.4327,0.2000,1.5467,-1.0200,1.3813,121.7991,-4.4392,4.7083,-5.9754,5.5040,-0.3267,6.6467,-2.6532,14.1089,6.5813,0.1667,0.14
12.3961,0.0000,0.0000,0.0000,0.0000,0.0000,0.0000,-0.1593,0.2347,0.0755,-0.1192,0.0080,-0.9928,0.4893,-0.2295,-1.2757,0.8815,-1.2466,-0.3619,0.1704,1.5031,-0.9355,1.2896,0.1241,0.0814,-0.1667,-0.3722,0.1628,-0.4343,-0.2055,0.6436,-0.3412,0.2171,0.5000,-0.2000,-1.3226,0.9306,-1.2271,-0.4422,0.2000,1.5161,-1.0621,1.3931,122.3579,-4.6886,4.8355,-6.1065,5.7066,-0.4217,6.5350,-2.5945,14.2133,6.6915,0.1944,0.14
12.4161,0.0000,0.0000,0.0000,0.0000,0.0000,0.0000,-0.0987,-0.1525,0.3952,-0.1190,0.0128,-0.9928,0.4910,-0.2295,-1.2816,0.8783,-1.2443,-0.3728,0.1682,1.5101,-0.9493,1.2980,0.1047,0.0543,-0.3373,-0.1435,0.1202,-0.4381,-0.0892,0.3645,-0.6669,0.3373,0.5000,-0.2000,-1.3430,0.9331,-1.2200,-0.4489,0.2000,1.4856,-1.0966,1.4039,122.8312,-4.8844,4.9508,-6.2388,5.8507,-0.4889,6.4268,-2.5304,14.2969,6.8020,0.2222,0.17
12.4351,0.0000,0.0000,0.0000,0.0000,0.0000,0.0000,-0.0189,-0.4345,0.6619,-0.1263,0.0162,-0.9919,0.4918,-0.2296,-1.2886,0.8784,-1.2420,-0.3832,0.1671,1.5115,-0.9675,1.3066,0.0194,-0.0000,-0.2753,0.1086,0.0620,-0.4149,-0.0155,0.0078,-0.7987,0.3684,0.5000,-0.2000,-1.3633,0.9348,-1.2128,-0.4524,0.2000,1.4550,-1.1217,1.4136,123.2385,-5.0518,5.0584,-6.3667,5.9615,-0.5237,6.3331,-2.4724,14.3671,6.9036,0.2500,0.16
12.4561,0.0000,0.0000,0.0000,0.0000,0.0000,0.0000,0.0425,-0.5111,0.9212,-0.1362,0.0187,-0.9905,0.4917,-0.2299,-1.2953,0.8812,-1.2398,-0.3920,0.1666,1.5070,-0.9879,1.3146,-0.0039,0.0233,-0.3412,0.2482,0.0737,-0.4032,-0.0388,-0.1977,-1.0197,0.3141,0.5000,-0.2000,-1.3837,0.9358,-1.2057,-0.4541,0.2000,1.4244,-1.1364,1.4221,123.5865,-5.2013,5.1588,-6.4802,6.0578,-0.5414,6.2592,-2.4213,14.4177,6.9882,0.2778,0.15
12.4750,0.0000,0.0000,0.0000,0.0000,0.0000,0.0000,0.1014,-0.4788,1.1296,-0.1460,0.0206,-0.9891,0.4907,-0.2305,-1.3016,0.8852,-1.2380,-0.4002,0.1665,1.4980,-1.0099,1.3239,-0.1086,-0.0349,-0.2753,0.2559,0.0155,-0.2986,0.0155,-0.4614,-0.8918,0.4110,0.5000,-0.2000,-1.4041,0.9360,-1.1986,-0.4540,0.2000,1.3939,-1.1398,1.4293,123.8745,-5.3339,5.2639,-6.5973,6.1238,-0.5400,6.1948,-2.3632,14.4419,7.0744,0.3056,0.14
12.4950,0.0000,0.0000,0.0000,0.0000,0.0000,0.0000,0.1372,-0.4431,1.2522,-0.1547,0.0217,-0.9877,0.4889,-0.2315,-1.3095,0.8913,-1.2373,-0.4062,0.1665,1.4868,-1.0278,1.3334,-0.0737,-0.0504,-0.3645,0.3916,-0.0039,-0.3451,-0.0775,-0.4304,-0.8026,0.5157,0.5000,-0.2000,-1.4244,0.9355,-1.1914,-0.4527,0.2000,1.3633,-1.1318,1.4352,124.1154,-5.4011,5.3352,-6.6786,6.1493,-0.5268,6.1547,-2.3258,14.4650,7.1262,0.3333,0.14
12.5160,0.0000,0.0000,0.0000,0.0000,0.0000,0.0000,0.2018,-0.4165,1.3365,-0.1640,0.0224,-0.9862,0.4876,-0.2322,-1.3181,0.8969,-1.2371,-0.4120,0.1665,1.4723,-1.0431,1.3442,-0.0698,-0.0465,-0.5273,0.3373,0.0271,-0.2714,-0.0775,-0.6979,-0.5816,0.4459,0.5000,-0.2000,-1.4448,0.9342,-1.1842,-0.4502,0.2000,1.3328,-1.1129,1.4398,124.3198,-5.4228,5.3949,-6.7544,6.1305,-0.5017,6.1281,-2.2890,14.4777,7.1794,0.3611,0.15
12.5361,0.0000,0.0000,0.0000,0.0000,0.0000,0.0000,0.2737,-0.3341,1.3317,-0.1717,0.0208,-0.9849,0.4861,-0.2326,-1.3290,0.9034,-1.2375,-0.4166,0.1666,1.4546,-1.0538,1.3559,-0.0194,-0.0000,-0.5079,0.3800,-0.0349,-0.2326,-0.0504,-0.8569,-0.4071,0.4730,0.5000,-0.2000,-1.4652,0.9322,-1.1742,-0.4467,0.2000,1.3022,-1.0839,1.4432,124.4765,-5.3814,5.4268,-6.8036,6.0776,-0.4672,6.1212,-2.2671,14.4838,7.2070,0.3889,0.15
12.5560,0.0000,0.0000,0.0000,0.0000,0.0000,0.0000,0.2874,-0.2027,1.2620,-0.1773,0.0191,-0.9840,0.4849,-0.2328,-1.3417,0.9097,-1.2379,-0.4205,0.1665,1.4339,-1.0568,1.3673,-0.0078,-0.0116,-0.5583,0.2443,-0.0233,-0.2598,0.0000,-0.9500,-0.0969,0.5545,0.5000,-0.2000,-1.4856,0.9295,-1.1641,-0.4426,0.2000,1.2717,-1.0461,1.4456,124.5829,-5.3046,5.4407,-6.8292,5.9927,-0.4261,6.1250,-2.2519,14.4763,7.2190,0.4167,0.14
12.5750,0.0000,0.0000,0.0000,0.0000,0.0000,0.0000,0.3207,-0.0298,1.2002,-0.1797,0.0165,-0.9836,0.4840,-0.2330,-1.3550,0.9147,-1.2379,-0.4232,0.1664,1.4110,-1.0537,1.3788,-0.0194,0.0116,-0.7367,0.2637,-0.0543,-0.1435,-0.0582,-1.0391,0.2288,0.5234,0.5000,-0.2000,-1.5059,0.9262,-1.1541,-0.4400,0.2000,1.2411,-1.0014,1.4472,124.6429,-5.1983,5.4405,-6.8402,5.9008,-0.3999,6.1473,-2.2447,14.4600,7.2085,0.4444,0.14
12.5951,0.0000,0.0000,0.0000,0.0000,0.0000,0.0000,0.3519,0.1393,1.1241,-0.1792,0.0135,-0.9837,0.4831,-0.2331,-1.3696,0.9191,-1.2377,-0.4246,0.1663,1.3861,-1.0443,1.3892,-0.0000,0.0582,-0.6126,0.1939,0.0155,-0.0271,0.0116,-0.9693,0.4808,0.4459,0.5000,-0.2000,-1.5263,0.9223,-1.1440,-0.4395,0.2000,1.2106,-0.9519,1.4483,124.6219,-5.0517,5.4189,-6.8372,5.7954,-0.3950,6.1834,-2.2503,14.4415,7.1857,0.4722,0.14
12.6160,0.0000,0.0000,0.0000,0.0000,0.0000,0.0000,0.4049,0.3250,1.0734,-0.1748,0.0093,-0.9846,0.4826,-0.2331,-1.3848,0.9217,-1.2369,-0.4252,0.1662,1.3609,-1.0272,1.3980,0.0039,0.0388,-0.7483,0.0853,0.0814,0.0155,-0.0349,-1.1710,0.9693,0.3800,0.5000,-0.2000,-1.5467,0.9180,-1.1340,-0.4401,0.2000,1.1800,-0.9000,1.4770,124.5368,-4.9071,5.3974,-6.8359,5.6817,-0.4014,6.2211,-2.2486,14.4054,7.1629,0.5000,0.18
12.6371,0.0000,0.0000,0.0000,0.0000,0.0000,0.0000,0.4345,0.4682,1.0289,-0.1679,0.0050,-0.9858,0.4827,-0.2329,-1.4019,0.9234,-1.2350,-0.4255,0.1660,1.3333,-1.0018,1.4066,0.0543,0.0155,-0.8142,0.0969,0.1124,-0.0582,0.0039,-1.2834,1.1555,0.3761,0.5000,-0.2000,-1.5670,0.9133,-1.1239,-0.4432,0.2000,1.2004,-0.9052,1.4699,124.3732,-4.7311,5.3473,-6.8040,5.5716,-0.4320,6.2680,-2.2613,14.3667,7.1134,0.5278,0.16
12.6561,0.0000,0.0000,0.0000,0.0000,0.0000,0.0000,0.4121,0.6576,1.0157,-0.1579,0.0016,-0.9875,0.4827,-0.2328,-1.4187,0.9234,-1.2325,-0.4257,0.1658,1.3073,-0.9713,1.4191,0.0504,-0.0155,-0.9228,-0.0543,0.1745,-0.0233,-0.0543,-1.3144,1.4075,0.5390,0.5000,-0.2000,-1.5874,0.9083,-1.1139,-0.4485,0.2000,1.2207,-0.9103,1.4627,124.1241,-4.5552,5.2915,-6.7689,5.4572,-0.4852,6.3196,-2.2736,14.3119,7.0621,0.5556,0.16
12.6770,0.0000,0.0000,0.0000,0.0000,0.0000,0.0000,0.3591,0.8274,0.9997,-0.1439,-0.0014,-0.9896,0.4829,-0.2325,-1.4369,0.9226,-1.2287,-0.4268,0.1660,1.2875,-0.9490,1.4271,0.0388,0.0543,-0.9034,-0.0349,0.1977,-0.0465,-0.0427,-0.9810,1.0740,0.3606,0.5000,-0.2000,-1.6078,0.9031,-1.1038,-0.4544,0.2000,1.2411,-0.9152,1.4556,123.7494,-4.3533,5.1983,-6.6937,5.3517,-0.5437,6.3756,-2.3037,14.2635,6.9773,0.5833,0.16
12.6970,0.0000,0.0000,0.0000,0.0000,0.0000,0.0000,0.3293,0.9795,0.9537,-0.1268,-0.0044,-0.9919,0.4832,-0.2323,-1.4565,0.9202,-1.2235,-0.4298,0.1664,1.2761,-0.9296,1.4334,0.0116,0.0543,-0.9383,-0.0931,0.2792,-0.1396,-0.0233,-0.4575,0.7367,0.2520,0.5000,-0.2000,-1.6078,0.9209,-1.1562,-0.4589,0.2000,1.2615,-0.9198,1.4485,123.2478,-4.1183,5.0872,-6.6046,5.2120,-0.5894,6.4329,-2.3347,14.2102,6.8809,0.6111,0.15
12.7160,0.0000,0.0000,0.0000,0.0000,0.0000,0.0000,0.2794,1.0883,0.9249,-0.1061,-0.0088,-0.9943,0.4836,-0.2323,-1.4774,0.9175,-1.2161,-0.4344,0.1670,1.2713,-0.9153,1.4376,0.0039,0.0853,-0.9887,-0.1745,0.3994,-0.2016,-0.0310,-0.2482,0.7212,0.1667,0.5000,-0.2000,-1.5772,0.9722,-1.1689,-0.4612,0.2000,1.2819,-0.9239,1.4414,122.6571,-3.8892,4.9676,-6.5104,5.0423,-0.6117,6.4816,-2.3581,14.1382,6.7900,0.6389,0.15
12.7360,0.0000,0.0000,0.0000,0.0000,0.0000,0.0000,0.1728,0.9855,0.8189,-0.0841,-0.0106,-0.9964,0.4841,-0.2324,-1.4978,0.9166,-1.2158,-0.4401,0.1683,1.2714,-0.9045,1.4408,0.0349,0.0271,-1.0624,-0.0271,0.0659,-0.3606,0.0543,0.0039,0.4847,0.1784,0.5000,-0.2000,-1.5467,1.0200,-1.1813,-0.4604,0.2000,1.3022,-0.9276,1.4342,121.9781,-3.6089,4.8141,-6.3719,4.8318,-0.6036,6.5229,-2.3872,14.0556,6.6730,0.6667,0.15
12.7560,0.0000,0.0000,0.0000,0.0000,0.0000,0.0000,0.1840,0.6881,0.6099,-0.0685,-0.0150,-0.9975,0.4850,-0.2326,-1.5128,0.9225,-1.2156,-0.4470,0.1702,1.2742,-0.8958,1.4432,0.0775,-0.0543,-0.8181,0.3528,0.0271,-0.2986,0.0465,0.1280,0.4924,0.1086,0.5000,-0.2000,-1.5161,1.0621,-1.1931,-0.4583,0.2000,1.3226,-0.9306,1.4271,121.3133,-3.2891,4.6449,-6.2333,4.5869,-0.5829,6.5946,-2.4377,13.9930,6.5468,0.6944,0.15
12.7760,0.0000,0.0000,0.0000,0.0000,0.0000,0.0000,0.1487,0.3328,0.2004,-0.0603,-0.0215,-0.9979,0.4855,-0.2331,-1.5226,0.9353,-1.2161,-0.4517,0.1717,1.2765,-0.8890,1.4443,0.0271,-0.0233,-0.5855,0.5932,-0.0310,-0.2443,0.0969,0.0155,0.3102,0.0465,0.5000,-0.2000,-1.4856,1.0966,-1.2039,-0.4518,0.2000,1.3430,-0.9331,1.4200,120.7262,-2.9605,4.4539,-6.0575,4.3297,-0.5176,6.6887,-2.5070,13.9294,6.4103,0.7222,0.18
12.7960,0.0000,0.0000,0.0000,0.0000,0.0000,0.0000,0.0580,0.1581,-0.3122,-0.0567,-0.0269,-0.9980,0.4853,-0.2341,-1.5291,0.9514,-1.2163,-0.4552,0.1735,1.2775,-0.8857,1.4447,-0.0116,-0.0659,-0.3412,0.8569,0.0853,-0.1202,0.0814,-0.0310,0.1318,-0.0078,0.5000,-0.2000,-1.4550,1.1217,-1.2136,-0.4422,0.2000,1.3633,-0.9348,1.4128,120.2860,-2.6743,4.2680,-5.8637,4.1080,-0.4222,6.8056,-2.5907,13.8657,6.2624,0.7500,0.18
12.8160,0.0000,0.0000,0.0000,0.0000,0.0000,0.0000,-0.0103,0.1378,-0.8481,-0.0537,-0.0319,-0.9980,0.4851,-0.2356,-1.5298,0.9704,-1.2173,-0.4563,0.1753,1.2786,-0.8856,1.4445,0.0310,-0.0814,-0.0698,0.9926,-0.0000,0.0078,0.0853,0.0310,-0.0155,-0.0931,0.5000,-0.2000,-1.4244,1.1364,-1.2221,-0.4307,0.2000,1.3837,-0.9358,1.4057,119.9739,-2.4139,4.1015,-5.6785,3.9168,-0.3067,6.9382,-2.6758,13.8000,6.1249,0.7778,0.18
12.8370,0.0000,0.0000,0.0000,0.0000,0.0000,0.0000,-0.1097,0.2072,-1.3698,-0.0488,-0.0327,-0.9983,0.4846,-0.2363,-1.5251,0.9931,-1.2193,-0.4541,0.1772,1.2814,-0.8861,1.4434,-0.0427,0.0582,0.2094,0.9577,-0.0194,0.1784,0.1551,0.1706,0.0582,-0.0969,0.5000,-0.2000,-1.3939,1.1398,-1.2293,-0.4183,0.2000,1.4041,-0.9360,1.3986,119.7662,-2.2059,3.9529,-5.5003,3.7524,-0.1832,7.0750,-2.7586,13.7233,6.0044,0.8056,0.15
12.8560,0.0000,0.0000,0.0000,0.0000,0.0000,0.0000,0.0157,0.1645,-1.6041,-0.0444,-0.0341,-0.9984,0.4838,-0.2362,-1.5149,1.0107,-1.2208,-0.4480,0.1794,1.2868,-0.8869,1.4414,-0.0078,-0.0543,0.5157,0.7987,0.0427,0.4265,0.1008,0.2404,0.0039,-0.0620,0.5000,-0.2000,-1.3633,1.1318,-1.2352,-0.4103,0.2000,1.4244,-0.9355,1.3914,119.5936,-2.0431,3.8552,-5.4045,3.6291,-0.1026,7.1828,-2.8162,13.6723,5.9461,0.8333,0.15
12.8760,0.0000,0.0000,0.0000,0.0000,0.0000,0.0000,0.0937,0.1982,-1.5418,-0.0381,-0.0406,-0.9984,0.4848,-0.2364,-1.5001,1.0245,-1.2211,-0.4390,0.1805,1.2953,-0.8870,1.4384,0.1706,0.0271,0.6592,0.5816,0.1512,0.2986,0.0465,0.3335,-0.0194,-0.1590,0.5000,-0.2000,-1.3328,1.1129,-1.2398,-0.4063,0.2000,1.4448,-0.9342,1.3842,119.3869,-1.9924,3.7979,-5.3565,3.5810,-0.0631,7.2314,-2.8450,13.6269,5.9375,0.8611,0.18
12.8960,0.0000,0.0000,0.0000,0.0000,0.0000,0.0000,0.0009,0.2503,-1.5199,-0.0314,-0.0421,-0.9986,0.4887,-0.2364,-1.4816,1.0323,-1.2201,-0.4328,0.1810,1.3068,-0.8877,1.4340,0.2249,-0.0000,0.7871,0.3606,0.0465,0.2520,-0.0427,0.6281,-0.0853,-0.2365,0.5000,-0.2000,-1.3022,1.0839,-1.2432,-0.4052,0.2000,1.4652,-0.9322,1.3742,119.2024,-2.0589,3.7708,-5.3092,3.6368,-0.0523,7.2403,-2.8683,13.5928,5.9293,0.8889,0.17
12.9180,0.0000,0.0000,0.0000,0.0000,0.0000,0.0000,-0.0089,0.2748,-1.6009,-0.0241,-0.0438,-0.9987,0.4910,-0.2364,-1.4623,1.0343,-1.2190,-0.4276,0.1811,1.3205,-0.8899,1.4282,0.0853,0.0233,1.0469,0.1086,0.0504,0.2288,0.0504,0.6940,-0.0892,-0.3606,0.5000,-0.2000,-1.2717,1.0461,-1.2456,-0.4047,0.2000,1.4856,-0.9295,1.3641,119.1165,-2.1670,3.7631,-5.2769,3.7318,-0.0472,7.2530,-2.8922,13.5798,5.9328,0.9167,0.17
12.9380,0.0000,0.0000,0.0000,0.0000,0.0000,0.0000,-0.0794,0.3306,-1.6128,-0.0162,-0.0429,-0.9989,0.4927,-0.2365,-1.4398,1.0302,-1.2183,-0.4226,0.1804,1.3361,-0.8916,1.4201,0.1473,-0.0000,1.0391,-0.1551,0.0233,0.2404,-0.0853,0.6979,-0.0349,-0.3994,0.5000,-0.2000,-1.2411,1.0014,-1.2472,-0.4059,0.2000,1.5059,-0.9262,1.3541,119.1573,-2.3603,3.8015,-5.2743,3.8901,-0.0593,7.2269,-2.8956,13.5803,5.9607,0.9444,0.16
12.9580,0.0000,0.0000,0.0000,0.0000,0.0000,0.0000,-0.1214,0.4028,-1.6319,-0.0064,-0.0403,-0.9992,0.4942,-0.2366,-1.4148,1.0196,-1.2181,-0.4187,0.1795,1.3538,-0.8926,1.4119,0.0698,-0.0233,1.0740,-0.5661,0.0155,0.1900,-0.1357,0.7638,-0.0000,-0.4071,0.5000,-0.2000,-1.2106,0.9519,-1.2483,-0.4094,0.2000,1.5263,-0.9223,1.3440,119.3404,-2.6135,3.8745,-5.3048,4.0953,-0.0939,7.1867,-2.8921,13.6112,6.0112,0.9722,0.15
12.9780,0.0000,0.0000,0.0000,0.0000,0.0000,0.0000,-0.1685,0.4411,-1.6458,0.0035,-0.0374,-0.9993,0.4951,-0.2367,-1.3878,1.0033,-1.2179,-0.4161,0.1785,1.3729,-0.8926,1.4029,0.0698,0.0543,1.2330,-0.7638,0.0349,0.1086,-0.0659,0.8957,0.0388,-0.4575,0.5000,-0.2000,-1.1800,0.9000,-1.2770,-0.4151,0.2000,1.5467,-0.9180,1.3340,119.6736,-2.9165,3.9708,-5.3588,4.3450,-0.1506,7.1317,-2.8852,13.6692,6.0758,0.0000,0.15
12.9980,0.0000,0.0000,0.0000,0.0000,0.0000,0.0000,-0.2412,0.5219,-1.6440,0.0147,-0.0324,-0.9994,0.4956,-0.2369,-1.3591,0.9805,-1.2181,-0.4150,0.1777,1.3939,-0.8917,1.3924,0.0039,-0.0116,1.3183,-1.0430,-0.0116,0.1202,-0.0039,0.9538,0.0427,-0.5661,0.5000,-0.2000,-1.2004,0.9052,-1.2699,-0.4233,0.2000,1.5670,-0.9133,1.3239,120.1625,-3.3021,4.1147,-5.4483,4.6643,-0.2326,7.0392,-2.8563,13.7566,6.1650,0.0278,0.15
13.0170,0.0000,0.0000,0.0000,0.0000,0.0000,0.0000,-0.2120,0.6219,-1.5430,0.0279,-0.0275,-0.9992,0.4963,-0.2371,-1.3282,0.9523,-1.2230,-0.4148,0.1772,1.4161,-0.8897,1.3819,0.0737,0.0582,1.3842,-1.2718,-0.1628,0.1086,-0.0504,1.0857,0.1551,-0.4924,0.5000,-0.2000,-1.2207,0.9103,-1.2627,-0.4347,0.2000,1.5874,-0.9083,1.3139,120.7824,-3.7021,4.2945,-5.5901,4.9926,-0.3472,6.9419,-2.8109,13.8677,6.2828,0.0556,0.16
13.0370,0.0000,0.0000,0.0000,0.0000,0.0000,0.0000,-0.1411,0.7344,-1.3724,0.0431,-0.0244,-0.9988,0.4978,-0.2372,-1.3042,0.9287,-1.2249,-0.4155,0.1769,1.4401,-0.8868,1.3710,0.0969,0.0039,0.9306,-1.0004,-0.0349,-0.0698,-0.0116,1.1051,0.1784,-0.5390,0.5000,-0.2000,-1.2411,0.9152,-1.2556,-0.4471,0.2000,1.6078,-0.9031,1.3038,121.5290,-4.1439,4.4822,-5.7293,5.3540,-0.4714,6.8221,-2.7547,13.9985,6.3933,0.0833,0.16
13.0570,0.0000,0.0000,0.0000,0.0000,0.0000,0.0000,-0.1058,0.8039,-1.1802,0.0596,-0.0205,-0.9980,0.4993,-0.2369,-1.2887,0.9111,-1.2246,-0.4179,0.1763,1.4646,-0.8833,1.3593,0.0349,0.0039,0.6359,-0.8530,0.0698,-0.0892,-0.0427,1.1516,0.1667,-0.5041,0.5000,-0.2000,-1.2615,0.9198,-1.2485,-0.4595,0.2000,1.6078,-0.9209,1.3562,122.3279,-4.5587,4.6606,-5.8632,5.6885,-0.5947,6.7146,-2.7021,14.1334,6.4996,0.1111,0.16
13.0770,0.0000,0.0000,0.0000,0.0000,0.0000,0.0000,-0.0778,0.7967,-0.9981,0.0759,-0.0151,-0.9970,0.5008,-0.2362,-1.2799,0.8982,-1.2229,-0.4231,0.1749,1.4891,-0.8804,1.3475,0.1202,0.0427,0.3451,-0.5583,0.0737,-0.2094,-0.1590,1.2059,0.1086,-0.6436,0.5000,-0.2000,-1.2819,0.9239,-1.2414,-0.4699,0.2000,1.5772,-0.9722,1.3689,123.1363,-4.9281,4.8225,-5.9900,5.9899,-0.6995,6.6075,-2.6504,14.2747,6.5984,0.1389,0.15
13.0970,0.0000,0.0000,0.0000,0.0000,0.0000,0.0000,-0.1187,0.6540,-0.8191,0.0905,-0.0077,-0.9959,0.5020,-0.2351,-1.2767,0.8877,-1.2198,-0.4300,0.1737,1.5122,-0.8805,1.3472,0.0310,0.0349,0.1628,-0.4692,0.1939,-0.3063,-0.1318,1.0934,0.0039,-0.0427,0.5000,-0.2000,-1.3022,0.9276,-1.2342,-0.4784,0.2000,1.5467,-1.0200,1.3813,123.9153,-5.2486,4.9705,-6.1177,6.2278,-0.7839,6.4970,-2.5855,14.3930,6.7161,0.1667,0.15
13.1170,0.0000,0.0000,0.0000,0.0000,0.0000,0.0000,-0.1491,0.3918,-0.5676,0.0997,-0.0005,-0.9950,0.5028,-0.2334,-1.2763,0.8809,-1.2153,-0.4383,0.1728,1.5277,-0.8875,1.3491,0.0543,0.1551,0.0814,-0.2210,0.1706,-0.3141,-0.0116,0.7871,-0.2792,0.1473,0.5000,-0.2000,-1.3226,0.9306,-1.2271,-0.4860,0.2000,1.5161,-1.0621,1.3931,124.6341,-5.5217,5.1020,-6.2461,6.4416,-0.8599,6.3857,-2.5225,14.5103,6.8321,0.1944,0.18
13.1370,0.0000,0.0000,0.0000,0.0000,0.0000,0.0000,-0.1555,0.0274,-0.1104,0.1012,0.0063,-0.9948,0.5038,-0.2320,-1.2764,0.8779,-1.2103,-0.4456,0.1714,1.5382,-0.9008,1.3542,0.0969,0.0853,0.0543,-0.0969,0.2482,-0.2171,-0.0582,0.5428,-0.6940,0.2714,0.5000,-0.2000,-1.3430,0.9331,-1.2200,-0.4953,0.2000,1.4856,-1.0966,1.4039,125.2147,-5.7705,5.2422,-6.4085,6.6330,-0.9525,6.2608,-2.4488,14.6188,6.9669,0.2222,0.18
13.1570,0.0000,0.0000,0.0000,0.0000,0.0000,0.0000,-0.1478,-0.1750,0.3770,0.0971,0.0113,-0.9952,0.5053,-0.2308,-1.2774,0.8778,-1.2061,-0.4522,0.1701,1.5433,-0.9194,1.3622,0.0775,0.1473,-0.0194,0.0427,0.1124,-0.2986,-0.0698,0.1706,-0.8026,0.3218,0.5000,-0.2000,-1.3633,0.9348,-1.2128,-0.5000,0.2000,1.4550,-1.1217,1.4136,125.6443,-6.0046,5.3797,-6.5753,6.7904,-1.0195,6.1381,-2.3672,14.6932,7.0997,0.2500,0.18
13.1780,0.0000,0.0000,0.0000,0.0000,0.0000,0.0000,-0.1916,-0.2166,0.8539,0.0924,0.0158,-0.9956,0.5066,-0.2295,-1.2784,0.8804,-1.2022,-0.4599,0.1696,1.5427,-0.9406,1.3724,0.0737,0.0969,0.0194,0.1745,0.1745,-0.3761,-0.0388,0.0039,-0.9732,0.4343,0.5000,-0.2000,-1.3837,0.9358,-1.2057,-0.5000,0.2000,1.4244,-1.1364,1.4221,125.9663,-6.2595,5.5146,-6.7267,6.9506,-1.0804,6.0199,-2.2876,14.7381,7.2178,0.2778,0.15
13.1980,0.0000,0.0000,0.0000,0.0000,0.0000,0.0000,-0.1844,-0.2031,1.2085,0.0883,0.0192,-0.9959,0.5075,-0.2284,-1.2812,0.8839,-1.1982,-0.4685,0.1696,1.5367,-0.9625,1.3849,0.0620,0.0698,-0.1745,0.1822,0.1706,-0.3335,0.0078,-0.3412,-0.9073,0.4769,0.5000,-0.2000,-1.4041,0.9360,-1.1986,-0.5000,0.2000,1.3939,-1.1398,1.4293,126.2439,-6.4712,5.6391,-6.8645,7.0718,-1.1229,5.9286,-2.2162,14.7726,7.3233,0.3056,0.14
13.2170,0.0000,0.0000,0.0000,0.0000,0.0000,0.0000,-0.1881,-0.1860,1.4512,0.0850,0.0218,-0.9961,0.5078,-0.2282,-1.2868,0.8873,-1.1938,-0.4770,0.1696,1.5263,-0.9809,1.3977,0.0737,0.0078,-0.2792,0.1357,0.2714,-0.3916,-0.0271,-0.4730,-0.8840,0.6204,0.5000,-0.2000,-1.4244,0.9355,-1.1914,-0.5000,0.2000,1.3633,-1.1318,1.4352,126.4825,-6.6234,5.7366,-6.9741,7.1558,-1.1514,5.8581,-2.1615,14.8043,7.4045,0.3333,0.16
13.2380,0.0000,0.0000,0.0000,0.0000,0.0000,0.0000,-0.1695,-0.1783,1.6523,0.0853,0.0234,-0.9961,0.5094,-0.2281,-1.2966,0.8907,-1.1889,-0.4855,0.1697,1.5108,-0.9951,1.4104,0.1861,0.0427,-0.5157,0.1435,0.1900,-0.4226,-0.0039,-0.7910,-0.7328,0.6669,0.5000,-0.2000,-1.4448,0.9342,-1.1842,-0.5000,0.2000,1.3328,-1.1129,1.4398,126.6661,-6.7046,5.8121,-7.0644,7.1907,-1.1667,5.8066,-2.1108,14.8135,7.4685,0.3611,0.15
13.2570,0.0000,0.0000,0.0000,0.0000,0.0000,0.0000,-0.1431,-0.1707,1.8453,0.0838,0.0234,-0.9962,0.5110,-0.2282,-1.3081,0.8934,-1.1844,-0.4938,0.1696,1.4922,-1.0064,1.4236,0.0388,0.0039,-0.5739,0.1318,0.2365,-0.3335,-0.0039,-0.9926,-0.4885,0.5661,0.5000,-0.2000,-1.4652,0.9322,-1.1742,-0.5000,0.2000,1.3022,-1.0839,1.4432,126.7679,-6.7409,5.8686,-7.1470,7.1966,-1.1900,5.7755,-2.0732,14.8172,7.5177,0.3889,0.15
13.2780,0.0000,0.0000,0.0000,0.0000,0.0000,0.0000,-0.1291,-0.0747,2.0038,0.0845,0.0225,-0.9962,0.5122,-0.2284,-1.3223,0.8958,-1.1792,-0.4990,0.1695,1.4679,-1.0119,1.4348,0.0969,0.0233,-0.7289,0.0582,0.2637,-0.1939,-0.0233,-1.1632,-0.2675,0.5506,0.5000,-0.2000,-1.4856,0.9295,-1.1641,-0.5000,0.2000,1.2717,-1.0461,1.4456,126.7902,-6.7377,5.9078,-7.2051,7.1820,-1.2150,5.7587,-2.0436,14.7993,7.5483,0.4167,0.15
13.2980,0.0000,0.0000,0.0000,0.0000,0.0000,0.0000,-0.1328,-0.0315,2.1500,0.0873,0.0206,-0.9960,0.5131,-0.2285,-1.3388,0.8966,-1.1740,-0.5029,0.1693,1.4430,-1.0119,1.4453,0.0698,0.0620,-0.8608,0.0620,0.2482,-0.1435,-0.0465,-1.2524,0.0931,0.5312,0.5000,-0.2000,-1.5059,0.9262,-1.1541,-0.5000,0.2000,1.2411,-1.0014,1.4472,126.6965,-6.6694,5.9188,-7.2433,7.1247,-1.2432,5.7600,-2.0248,14.7653,7.5554,0.4444,0.15
13.3180,0.0000,0.0000,0.0000,0.0000,0.0000,0.0000,-0.1046,0.0033,2.2824,0.0901,0.0180,-0.9958,0.5138,-0.2286,-1.3591,0.8959,-1.1665,-0.5054,0.1691,1.4134,-1.0062,1.4540,-0.0233,0.0271,-1.0236,-0.0078,0.3451,-0.0349,-0.0155,-1.3416,0.2559,0.3839,0.5000,-0.2000,-1.5263,0.9223,-1.1440,-0.5000,0.2000,1.2106,-0.9519,1.4483,126.4872,-6.5562,5.9050,-7.2582,7.0516,-1.2835,5.7761,-2.0191,14.7226,7.5409,0.4722,0.18
13.3380,0.0000,0.0000,0.0000,0.0000,0.0000,0.0000,-0.0421,0.0976,2.3572,0.0937,0.0143,-0.9955,0.5140,-0.2286,-1.3815,0.8935,-1.1594,-0.5074,0.1691,1.3813,-0.9938,1.4607,-0.0427,-0.0116,-1.0934,-0.1667,0.2753,-0.1086,-0.0155,-1.5277,0.6204,0.3257,0.5000,-0.2000,-1.5467,0.9180,-1.1340,-0.5000,0.2000,1.1800,-0.9000,1.4770,126.1704,-6.3961,5.8760,-7.2626,6.9455,-1.3157,5.8036,-2.0165,14.6638,7.5141,0.5000,0.16
13.3580,0.0000,0.0000,0.0000,0.0000,0.0000,0.0000,0.0683,0.1903,2.2962,0.0980,0.0102,-0.9951,0.5138,-0.2286,-1.4053,0.8894,-1.1530,-0.5086,0.1691,1.3484,-0.9755,1.4660,-0.0543,0.0116,-1.1748,-0.2249,0.2598,-0.0310,-0.0620,-1.5781,0.9034,0.2520,0.5000,-0.2000,-1.5670,0.9133,-1.1239,-0.5000,0.2000,1.2004,-0.9052,1.4699,125.7972,-6.1770,5.8147,-7.2317,6.8165,-1.3531,5.8619,-2.0382,14.6119,7.4500,0.5278,0.15
13.3780,0.0000,0.0000,0.0000,0.0000,0.0000,0.0000,0.2573,0.2565,2.1098,0.1030,0.0030,-0.9947,0.5131,-0.2285,-1.4306,0.8839,-1.1493,-0.5089,0.1691,1.3146,-0.9517,1.4749,-0.0388,0.0388,-1.2640,-0.2559,0.1396,0.0388,-0.0271,-1.5161,1.0895,0.3684,0.5000,-0.2000,-1.5874,0.9083,-1.1139,-0.5000,0.2000,1.2207,-0.9103,1.4627,125.3679,-5.8622,5.7219,-7.1719,6.6333,-1.3852,5.9491,-2.0758,14.5590,7.3571,0.5556,0.16
13.3980,0.0000,0.0000,0.0000,0.0000,0.0000,0.0000,0.2266,0.3161,1.6300,0.1075,-0.0047,-0.9942,0.5106,-0.2285,-1.4563,0.8797,-1.1488,-0.5085,0.1688,1.2902,-0.9324,1.4821,-0.1241,0.0078,-1.1865,-0.1241,-0.0620,0.0310,-0.0388,-1.1593,0.8724,0.3102,0.5000,-0.2000,-1.6078,0.9031,-1.1038,-0.5000,0.2000,1.2411,-0.9152,1.4556,124.9279,-5.5146,5.5752,-7.0220,6.4355,-1.3627,6.0399,-2.1393,14.5133,7.2077,0.5833,0.15
13.4180,0.0000,0.0000,0.0000,0.0000,0.0000,0.0000,0.1306,0.4364,1.0943,0.1144,-0.0095,-0.9934,0.5058,-0.2288,-1.4808,0.8780,-1.1495,-0.5084,0.1686,1.2735,-0.9180,1.4872,-0.1280,0.0698,-1.0197,0.0078,-0.0388,0.0388,-0.0543,-0.7445,0.7406,0.2792,0.5000,-0.2000,-1.6078,0.9209,-1.1562,-0.5000,0.2000,1.2615,-0.9198,1.4485,124.4793,-5.1281,5.4042,-6.8392,6.1993,-1.3007,6.1506,-2.2105,14.4569,7.0356,0.6111,0.15
13.4380,0.0000,0.0000,0.0000,0.0000,0.0000,0.0000,0.1707,0.5016,0.7507,0.1241,-0.0160,-0.9921,0.5040,-0.2293,-1.5048,0.8776,-1.1494,-0.5082,0.1692,1.2651,-0.9071,1.4900,-0.0620,0.0039,-1.1399,-0.0155,0.0233,0.0543,-0.0116,-0.3684,0.5351,0.1435,0.5000,-0.2000,-1.5772,0.9722,-1.1689,-0.5000,0.2000,1.2819,-0.9239,1.4414,123.9706,-4.7079,5.2330,-6.6859,5.9159,-1.2354,6.2656,-2.2699,14.3920,6.8856,0.6389,0.16
13.4580,0.0000,0.0000,0.0000,0.0000,0.0000,0.0000,0.1344,0.3984,0.4373,0.1332,-0.0228,-0.9908,0.5030,-0.2303,-1.5253,0.8805,-1.1571,-0.5078,0.1703,1.2625,-0.8979,1.4922,-0.0504,-0.0233,-1.0702,0.2094,-0.3490,0.0116,0.0233,-0.1590,0.5157,0.1163,0.5000,-0.2000,-1.5467,1.0200,-1.1813,-0.5000,0.2000,1.3022,-0.9276,1.4342,123.3820,-4.2842,5.0474,-6.5289,5.5952,-1.1537,6.3689,-2.3222,14.2981,6.7422,0.6667,0.15
13.4780,0.0000,0.0000,0.0000,0.0000,0.0000,0.0000,0.1335,0.0568,0.0841,0.1366,-0.0284,-0.9902,0.5025,-0.2316,-1.5382,0.8919,-1.1653,-0.5076,0.1715,1.2633,-0.8890,1.4939,-0.0116,-0.0814,-0.7600,0.5545,-0.3218,0.0155,0.0620,-0.0349,0.4692,0.0853,0.5000,-0.2000,-1.5161,1.0621,-1.1931,-0.5000,0.2000,1.3226,-0.9306,1.4271,122.8051,-3.8700,4.8462,-6.3679,5.2647,-1.0716,6.4856,-2.3951,14.2202,6.6025,0.6944,0.15
13.4980,0.0000,0.0000,0.0000,0.0000,0.0000,0.0000,0.1215,-0.3282,-0.3781,0.1313,-0.0330,-0.9908,0.5017,-0.2329,-1.5465,0.9069,-1.1723,-0.5077,0.1731,1.2649,-0.8830,1.4945,-0.0620,-0.0737,-0.5234,0.7638,-0.3141,0.0465,0.0698,-0.0620,0.1939,-0.0155,0.5000,-0.2000,-1.4856,1.0966,-1.2039,-0.4961,0.2000,1.3430,-0.9331,1.4200,122.2870,-3.4658,4.6307,-6.1853,4.9375,-0.9611,6.6211,-2.4840,14.1518,6.4609,0.7222,0.14
13.5190,0.0000,0.0000,0.0000,0.0000,0.0000,0.0000,0.1274,-0.4729,-0.8136,0.1229,-0.0361,-0.9918,0.5010,-0.2343,-1.5491,0.9268,-1.1784,-0.5077,0.1744,1.2667,-0.8807,1.4938,-0.0543,-0.1008,-0.0620,0.9732,-0.2714,0.0155,0.0233,-0.0233,0.0271,-0.1047,0.5000,-0.2000,-1.4550,1.1217,-1.2136,-0.4831,0.2000,1.3633,-0.9348,1.4128,121.8307,-3.1232,4.4393,-6.0141,4.6595,-0.8312,6.7526,-2.5676,14.0780,6.3324,0.7500,0.15
13.5390,0.0000,0.0000,0.0000,0.0000,0.0000,0.0000,0.1901,-0.4926,-1.1202,0.1147,-0.0394,-0.9926,0.5011,-0.2357,-1.5463,0.9480,-1.1829,-0.5067,0.1753,1.2689,-0.8809,1.4913,0.0737,-0.0388,0.1784,1.0779,-0.1784,0.1163,0.0465,0.0427,-0.0000,-0.1784,0.5000,-0.2000,-1.4244,1.1364,-1.2221,-0.4716,0.2000,1.3837,-0.9358,1.4057,121.4328,-2.8356,4.2779,-5.8716,4.4187,-0.7159,6.8836,-2.6418,14.0031,6.2286,0.7778,0.14
13.5580,0.0000,0.0000,0.0000,0.0000,0.0000,0.0000,0.1713,-0.4682,-1.2730,0.1079,-0.0426,-0.9932,0.5023,-0.2365,-1.5374,0.9697,-1.1857,-0.5032,0.1757,1.2738,-0.8819,1.4872,0.1435,-0.0194,0.3800,1.0120,-0.0620,0.1435,-0.0543,0.1977,-0.0078,-0.2249,0.5000,-0.2000,-1.3939,1.1398,-1.2293,-0.4623,0.2000,1.4041,-0.9360,1.3986,121.0514,-2.6479,4.1521,-5.7507,4.2499,-0.6228,6.9785,-2.7013,13.9281,6.1540,0.8056,0.14
13.5780,0.0000,0.0000,0.0000,0.0000,0.0000,0.0000,0.1455,-0.4885,-1.4672,0.1007,-0.0442,-0.9939,0.5040,-0.2366,-1.5260,0.9898,-1.1878,-0.4996,0.1756,1.2815,-0.8833,1.4815,0.0775,0.0465,0.5273,0.8879,-0.0000,0.1977,-0.0737,0.3528,-0.0659,-0.2753,0.5000,-0.2000,-1.3633,1.1318,-1.2352,-0.4538,0.2000,1.4244,-0.9355,1.3914,120.7205,-2.5065,4.0352,-5.6284,4.1217,-0.5377,7.0736,-2.7654,13.8640,6.0861,0.8333,0.14
13.5980,0.0000,0.0000,0.0000,0.0000,0.0000,0.0000,0.1319,-0.5090,-1.5954,0.0925,-0.0448,-0.9947,0.5052,-0.2369,-1.5121,1.0037,-1.1891,-0.4946,0.1749,1.2905,-0.8855,1.4744,0.1357,-0.0388,0.6785,0.7212,-0.0465,0.2249,-0.0310,0.4498,-0.1008,-0.3761,0.5000,-0.2000,-1.3328,1.1129,-1.2398,-0.4460,0.2000,1.4448,-0.9342,1.3842,120.4386,-2.4285,3.9541,-5.5347,4.0469,-0.4595,7.1331,-2.8119,13.8117,6.0484,0.8611,0.15
13.6190,0.0000,0.0000,0.0000,0.0000,0.0000,0.0000,0.1130,-0.4486,-1.7238,0.0859,-0.0444,-0.9953,0.5063,-0.2372,-1.4931,1.0142,-1.1906,-0.4897,0.1739,1.3035,-0.8875,1.4666,0.0543,0.0388,0.8142,0.4575,-0.0465,0.2326,-0.1202,0.5312,-0.0892,-0.4188,0.5000,-0.2000,-1.3022,1.0839,-1.2432,-0.4392,0.2000,1.4652,-0.9322,1.3742,120.2446,-2.4262,3.9033,-5.4606,4.0326,-0.3925,7.1784,-2.8507,13.7704,6.0266,0.8889,0.19
13.6390,0.0000,0.0000,0.0000,0.0000,0.0000,0.0000,0.0821,-0.3798,-1.8608,0.0805,-0.0433,-0.9958,0.5068,-0.2378,-1.4710,1.0189,-1.1926,-0.4844,0.1729,1.3191,-0.8887,1.4576,0.0775,0.0194,1.0353,0.2830,-0.0853,0.2675,-0.0310,0.7910,0.0078,-0.4614,0.5000,-0.2000,-1.2717,1.0461,-1.2456,-0.4342,0.2000,1.4856,-0.9295,1.3641,120.1593,-2.4892,3.8848,-5.4106,4.0739,-0.3422,7.2013,-2.8826,13.7495,6.0217,0.9167,0.17
13.6600,0.0000,0.0000,0.0000,0.0000,0.0000,0.0000,0.0304,-0.3330,-1.9811,0.0759,-0.0413,-0.9963,0.5069,-0.2386,-1.4467,1.0183,-1.1951,-0.4783,0.1716,1.3367,-0.8889,1.4474,-0.0155,-0.0349,1.1748,-0.0194,-0.0969,0.2908,-0.1047,0.8491,-0.0310,-0.6087,0.5000,-0.2000,-1.2411,1.0014,-1.2472,-0.4312,0.2000,1.5059,-0.9262,1.3541,120.2125,-2.6315,3.9003,-5.3841,4.1848,-0.3117,7.1989,-2.9036,13.7552,6.0358,0.9444,0.15
13.6789,0.0000,0.0000,0.0000,0.0000,0.0000,0.0000,-0.0252,-0.2824,-2.0240,0.0715,-0.0395,-0.9967,0.5068,-0.2396,-1.4214,1.0123,-1.1976,-0.4711,0.1701,1.3555,-0.8884,1.4364,0.0388,-0.0543,1.2834,-0.2133,-0.0814,0.3063,-0.0737,0.8957,0.0504,-0.4924,0.5000,-0.2000,-1.2106,0.9519,-1.2483,-0.4304,0.2000,1.5263,-0.9223,1.3440,120.3993,-2.8267,3.9500,-5.3919,4.3304,-0.3036,7.1779,-2.9108,13.7760,6.0754,0.9722,0.15
13.6989,0.0000,0.0000,0.0000,0.0000,0.0000,0.0000,-0.1106,-0.2258,-2.0181,0.0682,-0.0356,-0.9970,0.5067,-0.2407,-1.3910,0.9988,-1.2007,-0.4647,0.1695,1.3776,-0.8872,1.4247,0.1124,-0.0543,1.3881,-0.5932,-0.1241,0.3645,0.0000,0.9887,0.1124,-0.6436,0.5000,-0.2000,-1.1800,0.9000,-1.2770,-0.4328,0.2000,1.5467,-0.9180,1.3340,120.7218,-3.1014,4.0428,-5.4448,4.5401,-0.3276,7.1229,-2.9023,13.8334,6.1500,0.0000,0.14
13.7189,0.0000,0.0000,0.0000,0.0000,0.0000,0.0000,-0.2006,-0.1641,-1.9365,0.0655,-0.0300,-0.9974,0.5065,-0.2417,-1.3605,0.9794,-1.2040,-0.4581,0.1691,1.4000,-0.8852,1.4104,0.0271,-0.0775,1.4269,-0.8453,-0.0969,0.3528,-0.0233,1.0197,0.1124,-0.7755,0.5000,-0.2000,-1.2004,0.9052,-1.2699,-0.4385,0.2000,1.5670,-0.9133,1.3239,121.1701,-3.4521,4.1702,-5.5264,4.8160,-0.3850,7.0417,-2.8800,13.9194,6.2354,0.0278,0.14
13.7390,0.0000,0.0000,0.0000,0.0000,0.0000,0.0000,-0.1809,-0.0968,-1.6496,0.0633,-0.0253,-0.9977,0.5065,-0.2429,-1.3284,0.9537,-1.2128,-0.4520,0.1689,1.4232,-0.8831,1.3938,0.0737,-0.0000,1.4734,-1.0934,-0.4149,0.3528,-0.0543,0.9771,0.1473,-0.9732,0.5000,-0.2000,-1.2207,0.9103,-1.2627,-0.4483,0.2000,1.5874,-0.9083,1.3139,121.6614,-3.8133,4.3423,-5.6764,5.1088,-0.4832,6.9325,-2.8241,14.0225,6.3619,0.0556,0.14
13.7590,0.0000,0.0000,0.0000,0.0000,0.0000,0.0000,-0.0969,-0.0215,-1.2891,0.0625,-0.0234,-0.9978,0.5064,-0.2439,-1.3046,0.9336,-1.2186,-0.4460,0.1685,1.4471,-0.8810,1.3767,-0.0000,-0.0000,1.0353,-0.9073,-0.1512,0.3684,-0.1086,1.0934,0.0620,-0.7638,0.5000,-0.2000,-1.2411,0.9152,-1.2556,-0.4611,0.2000,1.6078,-0.9031,1.3038,122.2027,-4.1947,4.5162,-5.8215,5.4118,-0.6106,6.8221,-2.7680,14.1290,6.4730,0.0833,0.14
13.7800,0.0000,0.0000,0.0000,0.0000,0.0000,0.0000,-0.1459,0.0843,-0.9236,0.0628,-0.0192,-0.9978,0.5065,-0.2442,-1.2886,0.9180,-1.2209,-0.4442,0.1676,1.4712,-0.8786,1.3586,0.0620,0.0116,0.6747,-0.6940,0.0155,0.1241,-0.1124,1.1051,0.1008,-0.9306,0.5000,-0.2000,-1.2615,0.9198,-1.2485,-0.4722,0.2000,1.6078,-0.9209,1.3562,122.7572,-4.5917,4.6851,-5.9529,5.7208,-0.7221,6.6932,-2.7093,14.2362,6.5795,0.1111,0.14
13.7990,0.0000,0.0000,0.0000,0.0000,0.0000,0.0000,-0.1111,0.1525,-0.6065,0.0648,-0.0150,-0.9978,0.5064,-0.2439,-1.2800,0.9058,-1.2208,-0.4448,0.1659,1.4943,-0.8779,1.3404,-0.0000,0.0388,0.4498,-0.5894,0.0931,-0.0465,-0.0659,1.1128,0.0465,-0.8647,0.5000,-0.2000,-1.2819,0.9239,-1.2414,-0.4814,0.2000,1.5772,-0.9722,1.3689,123.2891,-4.9268,4.8418,-6.0830,5.9814,-0.8141,6.5821,-2.6495,14.3372,6.6791,0.1389,0.16
13.8189,0.0000,0.0000,0.0000,0.0000,0.0000,0.0000,-0.2128,0.1156,-0.2530,0.0670,-0.0075,-0.9977,0.5065,-0.2432,-1.2774,0.8941,-1.2187,-0.4475,0.1650,1.5162,-0.8794,1.3355,0.0698,0.0233,0.1163,-0.5467,0.1357,-0.0892,-0.0271,0.9732,-0.0543,-0.2094,0.5000,-0.2000,-1.3022,0.9276,-1.2342,-0.4891,0.2000,1.5467,-1.0200,1.3813,123.7828,-5.2346,4.9897,-6.2091,6.2012,-0.8909,6.4544,-2.5695,14.4044,6.7942,0.1667,0.17
13.8400,0.0000,0.0000,0.0000,0.0000,0.0000,0.0000,-0.2309,-0.1471,0.0843,0.0659,0.0003,-0.9978,0.5064,-0.2422,-1.2787,0.8850,-1.2151,-0.4520,0.1637,1.5293,-0.8892,1.3350,-0.0078,0.0116,-0.0620,-0.3606,0.1202,-0.2210,-0.1241,0.6359,-0.5312,0.0582,0.5000,-0.2000,-1.3226,0.9306,-1.2271,-0.4959,0.2000,1.5161,-1.0621,1.3931,124.2473,-5.4859,5.1139,-6.3308,6.4001,-0.9592,6.3354,-2.5036,14.4922,6.8963,0.1944,0.15
13.8610,0.0000,0.0000,0.0000,0.0000,0.0000,0.0000,-0.2009,-0.5993,0.5194,0.0550,0.0067,-0.9985,0.5065,-0.2410,-1.2830,0.8796,-1.2108,-0.4572,0.1626,1.5372,-0.9067,1.3376,0.0388,0.0969,-0.2171,-0.1667,0.1202,-0.1628,-0.1008,0.4110,-0.7832,0.1086,0.5000,-0.2000,-1.3430,0.9331,-1.2200,-0.5000,0.2000,1.4856,-1.0966,1.4039,124.5938,-5.6383,5.2153,-6.4664,6.5091,-1.0188,6.2383,-2.4463,14.5697,7.0042,0.2222,0.14
13.8790,0.0000,0.0000,0.0000,0.0000,0.0000,0.0000,-0.1760,-0.8146,0.9281,0.0384,0.0106,-0.9992,0.5065,-0.2400,-1.2875,0.8780,-1.2065,-0.4634,0.1620,1.5391,-0.9292,1.3429,0.0582,0.0310,-0.1435,-0.0271,0.2016,-0.2947,-0.0388,0.0078,-1.1322,0.2326,0.5000,-0.2000,-1.3633,0.9348,-1.2128,-0.5000,0.2000,1.4550,-1.1217,1.4136,124.8488,-5.8181,5.3264,-6.6014,6.6238,-1.0452,6.1239,-2.3757,14.6164,7.1162,0.2500,0.19
13.8989,0.0000,0.0000,0.0000,0.0000,0.0000,0.0000,-0.1975,-0.8501,1.2967,0.0209,0.0170,-0.9996,0.5064,-0.2394,-1.2916,0.8785,-1.2030,-0.4689,0.1618,1.5349,-0.9515,1.3489,-0.0039,0.0582,-0.0931,0.0155,0.1745,-0.1939,0.0543,-0.2055,-1.1399,0.3141,0.5000,-0.2000,-1.3837,0.9358,-1.2057,-0.5000,0.2000,1.4244,-1.1364,1.4221,125.0373,-5.9961,5.4342,-6.7249,6.7194,-1.0610,6.0350,-2.3120,14.6390,7.2107,0.2778,0.16
13.9199,0.0000,0.0000,0.0000,0.0000,0.0000,0.0000,-0.1657,-0.8229,1.6601,0.0048,0.0223,-0.9997,0.5065,-0.2390,-1.2972,0.8796,-1.1992,-0.4748,0.1617,1.5266,-0.9758,1.3574,0.0737,0.0698,-0.2675,0.0698,0.1396,-0.2404,-0.0233,-0.3761,-1.0740,0.3257,0.5000,-0.2000,-1.4041,0.9360,-1.1986,-0.5000,0.2000,1.3939,-1.1398,1.4293,125.1690,-6.1302,5.5328,-6.8460,6.7804,-1.0641,5.9648,-2.2530,14.6510,7.2953,0.3056,0.15
13.9400,0.0000,0.0000,0.0000,0.0000,0.0000,0.0000,-0.0910,-0.7867,1.8857,-0.0100,0.0263,-0.9996,0.5065,-0.2385,-1.3062,0.8811,-1.1959,-0.4806,0.1619,1.5133,-0.9986,1.3681,0.0388,0.0931,-0.4808,0.0853,0.1822,-0.3141,-0.0116,-0.6436,-0.9461,0.4924,0.5000,-0.2000,-1.4244,0.9355,-1.1914,-0.5000,0.2000,1.3633,-1.1318,1.4352,125.2660,-6.2009,5.6072,-6.9416,6.7948,-1.0480,5.9160,-2.2041,14.6533,7.3609,0.3333,0.19
13.9589,0.0000,0.0000,0.0000,0.0000,0.0000,0.0000,-0.0193,-0.7348,1.9967,-0.0243,0.0295,-0.9993,0.5064,-0.2378,-1.3187,0.8824,-1.1934,-0.4873,0.1621,1.4939,-1.0167,1.3801,-0.0194,0.0698,-0.5777,0.0814,0.0931,-0.2753,-0.0775,-0.7871,-0.7406,0.5467,0.5000,-0.2000,-1.4448,0.9342,-1.1842,-0.5000,0.2000,1.3328,-1.1129,1.4398,125.3289,-6.2064,5.6572,-7.0126,6.7721,-1.0237,5.8906,-2.1725,14.6554,7.4025,0.3611,0.16
13.9799,0.0000,0.0000,0.0000,0.0000,0.0000,0.0000,0.0946,-0.6488,1.9616,-0.0360,0.0312,-0.9989,0.5057,-0.2372,-1.3321,0.8832,-1.1928,-0.4921,0.1623,1.4734,-1.0287,1.3912,-0.0543,0.0271,-0.6436,0.0620,-0.0000,-0.1396,-0.0659,-1.1051,-0.5390,0.5777,0.5000,-0.2000,-1.4652,0.9322,-1.1742,-0.4987,0.2000,1.3022,-1.0839,1.4432,125.3902,-6.1611,5.6912,-7.0614,6.7195,-0.9867,5.8807,-2.1479,14.6531,7.4285,0.3889,0.15
14.0009,0.0000,0.0000,0.0000,0.0000,0.0000,0.0000,0.1851,-0.5893,1.7133,-0.0489,0.0307,-0.9983,0.5044,-0.2369,-1.3483,0.8842,-1.1946,-0.4958,0.1622,1.4497,-1.0357,1.4027,-0.1163,0.0310,-0.7832,0.1124,-0.1512,-0.1280,-0.0543,-1.1904,-0.2288,0.5351,0.5000,-0.2000,-1.4856,0.9295,-1.1641,-0.4926,0.2000,1.2717,-1.0461,1.4456,125.4543,-6.0086,5.6791,-7.0601,6.6033,-0.9263,5.9103,-2.1561,14.6653,7.4097,0.4167,0.15
14.0199,0.0000,0.0000,0.0000,0.0000,0.0000,0.0000,0.2567,-0.4680,1.4063,-0.0595,0.0282,-0.9978,0.5000,-0.2367,-1.3647,0.8871,-1.1975,-0.4962,0.1619,1.4247,-1.0357,1.4136,-0.3141,0.0427,-0.7871,0.2443,-0.2133,0.0271,-0.0892,-1.2679,0.0775,0.5390,0.5000,-0.2000,-1.5059,0.9262,-1.1541,-0.4857,0.2000,1.2411,-1.0014,1.4472,125.4954,-5.8139,5.6463,-7.0340,6.4633,-0.8568,5.9595,-2.1691,14.6570,7.3657,0.4444,0.15
14.0400,0.0000,0.0000,0.0000,0.0000,0.0000,0.0000,0.3124,-0.3367,1.1766,-0.0682,0.0231,-0.9974,0.4967,-0.2368,-1.3816,0.8915,-1.2013,-0.4954,0.1617,1.3981,-1.0287,1.4227,-0.1590,-0.0349,-0.8685,0.2210,-0.2404,0.0310,-0.0582,-1.1981,0.3179,0.5196,0.5000,-0.2000,-1.5263,0.9223,-1.1440,-0.4795,0.2000,1.2106,-0.9519,1.4483,125.4811,-5.5732,5.5997,-7.0002,6.2888,-0.7952,6.0175,-2.1861,14.6353,7.3192,0.4722,0.15
14.0599,0.0000,0.0000,0.0000,0.0000,0.0000,0.0000,0.3507,-0.1775,0.9577,-0.0725,0.0169,-0.9972,0.4940,-0.2369,-1.3980,0.8959,-1.2044,-0.4931,0.1615,1.3718,-1.0131,1.4302,-0.0465,0.0349,-0.7134,0.2094,-0.1280,0.1435,-0.0194,-1.1710,0.7832,0.3916,0.5000,-0.2000,-1.5467,0.9180,-1.1340,-0.4756,0.2000,1.1800,-0.9000,1.4770,125.4086,-5.3295,5.5395,-6.9622,6.1117,-0.7564,6.0889,-2.2115,14.6056,7.2659,0.5000,0.14
14.0799,0.0000,0.0000,0.0000,0.0000,0.0000,0.0000,0.3447,-0.0093,0.7332,-0.0752,0.0118,-0.9971,0.4923,-0.2369,-1.4144,0.8996,-1.2067,-0.4900,0.1615,1.3446,-0.9902,1.4363,-0.0543,0.0388,-0.7483,0.2016,-0.1473,0.2171,0.0543,-1.3726,1.0895,0.2559,0.5000,-0.2000,-1.5670,0.9133,-1.1239,-0.4729,0.2000,1.2004,-0.9052,1.4699,125.2812,-5.0929,5.4680,-6.9001,5.9501,-0.7288,6.1592,-2.2375,14.5629,7.1958,0.5278,0.14
14.0999,0.0000,0.0000,0.0000,0.0000,0.0000,0.0000,0.3381,0.1751,0.4442,-0.0764,0.0073,-0.9970,0.4879,-0.2368,-1.4307,0.9033,-1.2085,-0.4858,0.1618,1.3168,-0.9608,1.4450,-0.2520,0.0427,-0.6940,0.2520,-0.1163,0.2094,0.0543,-1.3261,1.4191,0.3916,0.5000,-0.2000,-1.5874,0.9083,-1.1139,-0.4714,0.2000,1.2207,-0.9103,1.4627,125.0892,-4.8140,5.3714,-6.8145,5.7749,-0.7137,6.2555,-2.2804,14.5223,7.0940,0.5556,0.14
14.1199,0.0000,0.0000,0.0000,0.0000,0.0000,0.0000,0.2458,0.3976,0.2408,-0.0724,0.0026,-0.9974,0.4837,-0.2366,-1.4466,0.9069,-1.2085,-0.4808,0.1625,1.2980,-0.9361,1.4491,-0.2171,0.0233,-0.7638,0.2094,0.0388,0.2249,-0.0582,-0.7600,1.2563,0.1396,0.5000,-0.2000,-1.6078,0.9031,-1.1038,-0.4710,0.2000,1.2411,-0.9152,1.4556,124.7925,-4.5391,5.2552,-6.7054,5.6107,-0.7104,6.3477,-2.3304,14.4788,6.9779,0.5833,0.14
14.1399,0.0000,0.0000,0.0000,0.0000,0.0000,0.0000,0.2348,0.5966,0.1310,-0.0641,-0.0024,-0.9979,0.4811,-0.2367,-1.4610,0.9097,-1.2071,-0.4771,0.1640,1.2884,-0.9156,1.4505,-0.1396,0.0620,-0.7367,0.1551,0.1086,0.1822,0.1241,-0.4575,1.0314,0.0194,0.5000,-0.2000,-1.6078,0.9209,-1.1562,-0.4700,0.2000,1.2615,-0.9198,1.4485,124.3641,-4.2539,5.1370,-6.6065,5.4210,-0.7003,6.4255,-2.3623,14.4110,6.8780,0.6111,0.14
14.1609,0.0000,0.0000,0.0000,0.0000,0.0000,0.0000,0.2308,0.7284,0.1606,-0.0512,-0.0085,-0.9987,0.4803,-0.2369,-1.4773,0.9124,-1.2028,-0.4744,0.1664,1.2850,-0.8992,1.4504,0.0775,0.0349,-0.8142,0.1667,0.3296,0.1202,0.1551,-0.2094,0.7561,0.0078,0.5000,-0.2000,-1.5772,0.9722,-1.1689,-0.4700,0.2000,1.2819,-0.9239,1.4414,123.8303,-3.9913,5.0132,-6.5120,5.2263,-0.6996,6.4902,-2.3888,14.3299,6.7858,0.6389,0.14
14.1799,0.0000,0.0000,0.0000,0.0000,0.0000,0.0000,0.1342,0.6057,0.2123,-0.0391,-0.0130,-0.9992,0.4803,-0.2371,-1.4920,0.9169,-1.2043,-0.4728,0.1687,1.2864,-0.8849,1.4498,0.0116,0.0853,-0.8453,0.2288,-0.0465,0.0775,0.0931,0.0775,0.6087,0.0155,0.5000,-0.2000,-1.5467,1.0200,-1.1813,-0.4691,0.2000,1.3022,-0.9276,1.4342,123.1279,-3.6882,4.8602,-6.3974,4.9815,-0.6913,6.5557,-2.4186,14.2291,6.6812,0.6667,0.14
14.1999,0.0000,0.0000,0.0000,0.0000,0.0000,0.0000,0.1231,0.2985,0.1282,-0.0320,-0.0169,-0.9993,0.4803,-0.2374,-1.5044,0.9282,-1.2056,-0.4725,0.1708,1.2894,-0.8764,1.4487,0.0388,-0.0000,-0.6708,0.5816,-0.0427,0.0039,0.0620,-0.0116,0.4071,-0.0504,0.5000,-0.2000,-1.5161,1.0621,-1.1931,-0.4655,0.2000,1.3226,-0.9306,1.4271,122.4030,-3.3816,4.6878,-6.2598,4.7263,-0.6546,6.6207,-2.4628,14.1408,6.5674,0.6944,0.14
14.2200,0.0000,0.0000,0.0000,0.0000,0.0000,0.0000,0.1296,0.0335,-0.0640,-0.0323,-0.0231,-0.9992,0.4805,-0.2376,-1.5109,0.9431,-1.2071,-0.4728,0.1729,1.2923,-0.8702,1.4465,-0.0194,0.0388,-0.3839,0.7755,-0.0078,0.0233,0.0737,0.0116,0.3024,-0.1202,0.5000,-0.2000,-1.4856,1.0966,-1.2039,-0.4596,0.2000,1.3430,-0.9331,1.4200,121.6949,-3.0586,4.5055,-6.1119,4.4575,-0.5958,6.7178,-2.5254,14.0589,6.4461,0.7222,0.15
14.2399,0.0000,0.0000,0.0000,0.0000,0.0000,0.0000,0.0237,-0.0001,-0.2948,-0.0325,-0.0264,-0.9991,0.4812,-0.2378,-1.5117,0.9635,-1.2091,-0.4726,0.1747,1.2947,-0.8681,1.4443,0.0582,-0.0543,-0.1086,1.0159,-0.0698,-0.0078,0.0698,-0.0698,0.0427,-0.1357,0.5000,-0.2000,-1.4550,1.1217,-1.2136,-0.4509,0.2000,1.3633,-0.9348,1.4128,121.0512,-2.8285,4.3476,-5.9455,4.2644,-0.5089,6.7843,-2.5749,13.9520,6.3283,0.7500,0.15
14.2599,0.0000,0.0000,0.0000,0.0000,0.0000,0.0000,0.0212,-0.0348,-0.5788,-0.0332,-0.0293,-0.9990,0.4818,-0.2380,-1.5099,0.9845,-1.2114,-0.4719,0.1760,1.2969,-0.8687,1.4418,0.0388,0.0194,-0.0155,0.9810,-0.0194,0.0465,0.0465,0.0155,-0.0465,-0.1163,0.5000,-0.2000,-1.4244,1.1364,-1.2221,-0.4424,0.2000,1.3837,-0.9358,1.4057,120.5085,-2.5757,4.1900,-5.7890,4.0559,-0.4237,6.9025,-2.6455,13.8684,6.2101,0.7778,0.14
14.2799,0.0000,0.0000,0.0000,0.0000,0.0000,0.0000,0.0647,-0.0130,-0.8358,-0.0331,-0.0328,-0.9989,0.4822,-0.2383,-1.5053,1.0030,-1.2124,-0.4689,0.1772,1.2995,-0.8706,1.4390,0.0039,-0.0349,0.1396,0.7638,0.0271,0.1784,0.0000,0.0853,-0.1435,-0.0543,0.5000,-0.2000,-1.3939,1.1398,-1.2293,-0.4338,0.2000,1.4041,-0.9360,1.3986,120.0416,-2.3788,4.0643,-5.6586,3.8919,-0.3384,6.9988,-2.7029,13.7880,6.1239,0.8056,0.14
14.2999,0.0000,0.0000,0.0000,0.0000,0.0000,0.0000,0.0425,0.0997,-0.9414,-0.0294,-0.0363,-0.9989,0.4837,-0.2385,-1.4971,1.0187,-1.2128,-0.4641,0.1774,1.3035,-0.8736,1.4359,0.1280,-0.0000,0.4071,0.6592,0.0737,0.1977,-0.0892,0.1628,-0.1667,-0.1784,0.5000,-0.2000,-1.3633,1.1318,-1.2352,-0.4275,0.2000,1.4244,-0.9355,1.3914,119.6324,-2.2810,3.9703,-5.5524,3.8132,-0.2754,7.0621,-2.7470,13.7113,6.0622,0.8333,0.14
14.3209,0.0000,0.0000,0.0000,0.0000,0.0000,0.0000,-0.0224,0.0403,-0.9467,-0.0267,-0.0363,-0.9990,0.4866,-0.2385,-1.4861,1.0294,-1.2126,-0.4572,0.1772,1.3099,-0.8782,1.4324,0.0775,0.0194,0.4614,0.5390,0.0504,0.3800,-0.0349,0.2714,-0.2055,-0.1435,0.5000,-0.2000,-1.3328,1.1129,-1.2398,-0.4240,0.2000,1.4448,-0.9342,1.3842,119.2593,-2.2399,3.8957,-5.4636,3.7691,-0.2403,7.1065,-2.7804,13.6400,6.0214,0.8611,0.14
14.3409,0.0000,0.0000,0.0000,0.0000,0.0000,0.0000,-0.0256,0.0057,-1.0201,-0.0253,-0.0365,-0.9990,0.4887,-0.2384,-1.4726,1.0346,-1.2121,-0.4496,0.1767,1.3195,-0.8836,1.4275,0.1784,0.0775,0.6049,0.1706,0.0853,0.3102,-0.0155,0.3800,-0.2443,-0.2404,0.5000,-0.2000,-1.3022,1.0839,-1.2432,-0.4201,0.2000,1.4652,-0.9322,1.3742,118.9770,-2.2342,3.8415,-5.4004,3.7554,-0.2014,7.1440,-2.8175,13.6019,6.0092,0.8889,0.14
14.3619,0.0000,0.0000,0.0000,0.0000,0.0000,0.0000,-0.0670,0.0508,-1.1138,-0.0228,-0.0355,-0.9991,0.4907,-0.2385,-1.4556,1.0342,-1.2117,-0.4442,0.1760,1.3302,-0.8880,1.4216,0.1784,0.0233,0.7755,-0.0155,0.0194,0.2288,-0.1280,0.4653,-0.1745,-0.3141,0.5000,-0.2000,-1.2717,1.0461,-1.2456,-0.4171,0.2000,1.4856,-0.9295,1.3641,118.8175,-2.3241,3.8281,-5.3583,3.8296,-0.1709,7.1458,-2.8388,13.5797,6.0044,0.9167,0.14
14.3819,0.0000,0.0000,0.0000,0.0000,0.0000,0.0000,-0.1021,0.1248,-1.2310,-0.0197,-0.0344,-0.9992,0.4925,-0.2385,-1.4370,1.0289,-1.2115,-0.4403,0.1749,1.3417,-0.8917,1.4144,0.0737,0.0271,0.9383,-0.2637,0.0853,0.2171,-0.1047,0.6126,-0.1939,-0.3373,0.5000,-0.2000,-1.2411,1.0014,-1.2472,-0.4164,0.2000,1.5059,-0.9262,1.3541,118.8144,-2.4685,3.8406,-5.3314,3.9558,-0.1645,7.1483,-2.8618,13.5790,6.0082,0.9444,0.14
14.4019,0.0000,0.0000,0.0000,0.0000,0.0000,0.0000,-0.1420,0.2175,-1.3412,-0.0140,-0.0323,-0.9994,0.4939,-0.2388,-1.4143,1.0176,-1.2117,-0.4367,0.1739,1.3563,-0.8941,1.4064,0.0659,-0.0000,1.1167,-0.4692,-0.0233,0.2055,-0.0582,0.7057,-0.0039,-0.4459,0.5000,-0.2000,-1.2106,0.9519,-1.2483,-0.4173,0.2000,1.5263,-0.9223,1.3440,118.9753,-2.6850,3.8995,-5.3452,4.1395,-0.1730,7.1179,-2.8657,13.6034,6.0422,0.9722,0.14
14.4219,0.0000,0.0000,0.0000,0.0000,0.0000,0.0000,-0.1977,0.2837,-1.4199,-0.0078,-0.0297,-0.9995,0.4946,-0.2392,-1.3898,1.0009,-1.2118,-0.4333,0.1733,1.3725,-0.8945,1.3970,0.0969,-0.0116,1.1206,-0.7328,-0.0078,0.2171,-0.0543,0.7638,0.0543,-0.4265,0.5000,-0.2000,-1.1800,0.9000,-1.2770,-0.4210,0.2000,1.5467,-0.9180,1.3340,119.3254,-2.9659,3.9904,-5.3851,4.3727,-0.2101,7.0732,-2.8626,13.6564,6.0967,0.0000,0.16
14.4409,0.0000,0.0000,0.0000,0.0000,0.0000,0.0000,-0.2467,0.3470,-1.4038,-0.0003,-0.0256,-0.9997,0.4949,-0.2399,-1.3629,0.9777,-1.2123,-0.4297,0.1729,1.3925,-0.8940,1.3865,0.0814,-0.0078,1.2524,-0.9771,-0.0388,0.1822,-0.0659,0.9112,0.0814,-0.5079,0.5000,-0.2000,-1.2004,0.9052,-1.2699,-0.4279,0.2000,1.5670,-0.9133,1.3239,119.8087,-3.3042,4.1191,-5.4717,4.6553,-0.2789,7.0016,-2.8436,13.7431,6.1794,0.0278,0.15
14.4619,0.0000,0.0000,0.0000,0.0000,0.0000,0.0000,-0.2140,0.4082,-1.3026,0.0085,-0.0223,-0.9997,0.4949,-0.2406,-1.3328,0.9476,-1.2185,-0.4268,0.1727,1.4115,-0.8927,1.3763,-0.0039,-0.0543,1.2640,-1.2485,-0.2675,0.0504,0.0155,0.9383,0.1357,-0.5273,0.5000,-0.2000,-1.2207,0.9103,-1.2627,-0.4378,0.2000,1.5874,-0.9083,1.3139,120.4027,-3.6871,4.2948,-5.6138,4.9719,-0.3785,6.8960,-2.7926,13.8531,6.2994,0.0556,0.15
14.4809,0.0000,0.0000,0.0000,0.0000,0.0000,0.0000,-0.1404,0.4998,-1.1501,0.0187,-0.0193,-0.9996,0.4954,-0.2410,-1.3126,0.9262,-1.2217,-0.4261,0.1722,1.4318,-0.8900,1.3640,0.0349,-0.0078,0.9771,-0.9655,-0.1124,0.0194,-0.0504,1.0585,0.1745,-0.6514,0.5000,-0.2000,-1.2411,0.9152,-1.2556,-0.4498,0.2000,1.6078,-0.9031,1.3038,121.1164,-4.0851,4.4608,-5.7385,5.3055,-0.4983,6.8034,-2.7567,13.9816,6.3925,0.0833,0.14
14.5009,0.0000,0.0000,0.0000,0.0000,0.0000,0.0000,-0.1387,0.5586,-0.9624,0.0305,-0.0142,-0.9994,0.4969,-0.2407,-1.2985,0.9082,-1.2222,-0.4271,0.1711,1.4548,-0.8874,1.3520,0.1163,0.0620,0.6087,-0.8336,0.0698,-0.0194,-0.0931,1.0120,0.1241,-0.6165,0.5000,-0.2000,-1.2615,0.9198,-1.2485,-0.4609,0.2000,1.6078,-0.9209,1.3562,121.8862,-4.4735,4.6280,-5.8629,5.6191,-0.6088,6.7020,-2.7087,14.1041,6.4980,0.1111,0.14
14.5209,0.0000,0.0000,0.0000,0.0000,0.0000,0.0000,-0.1105,0.5333,-0.7127,0.0421,-0.0080,-0.9991,0.4996,-0.2394,-1.2903,0.8933,-1.2212,-0.4306,0.1701,1.4789,-0.8859,1.3395,0.1086,0.1202,0.3567,-0.6359,0.0543,-0.1628,-0.0465,1.1283,0.0543,-0.6049,0.5000,-0.2000,-1.2819,0.9239,-1.2414,-0.4709,0.2000,1.5772,-0.9722,1.3689,122.6138,-4.8060,4.7840,-5.9963,5.8872,-0.7086,6.5996,-2.6551,14.2288,6.6018,0.1389,0.15
14.5409,0.0000,0.0000,0.0000,0.0000,0.0000,0.0000,-0.1510,0.4074,-0.4764,0.0520,-0.0013,-0.9986,0.5027,-0.2369,-1.2873,0.8824,-1.2184,-0.4369,0.1697,1.5003,-0.8872,1.3387,0.1396,0.2016,0.1473,-0.5234,0.1473,-0.3722,-0.0543,0.9228,-0.0271,-0.0388,0.5000,-0.2000,-1.3022,0.9276,-1.2342,-0.4787,0.2000,1.5467,-1.0200,1.3813,123.3113,-5.1044,4.9264,-6.1258,6.1108,-0.7875,6.4898,-2.5908,14.3314,6.7198,0.1667,0.14
14.5609,0.0000,0.0000,0.0000,0.0000,0.0000,0.0000,-0.2181,0.0901,-0.1514,0.0558,0.0074,-0.9984,0.5053,-0.2346,-1.2876,0.8747,-1.2148,-0.4441,0.1695,1.5138,-0.8960,1.3402,0.2171,0.2016,0.0000,-0.3335,0.1628,-0.3218,-0.0039,0.6398,-0.4692,0.0698,0.5000,-0.2000,-1.3226,0.9306,-1.2271,-0.4871,0.2000,1.5161,-1.0621,1.3931,123.9481,-5.3746,5.0563,-6.2527,6.3264,-0.8709,6.3712,-2.5292,14.4397,6.8350,0.1944,0.14
14.5809,0.0000,0.0000,0.0000,0.0000,0.0000,0.0000,-0.1613,-0.2712,0.2989,0.0522,0.0134,-0.9985,0.5074,-0.2331,-1.2901,0.8698,-1.2112,-0.4496,0.1696,1.5217,-0.9125,1.3444,0.1086,0.1086,-0.1318,-0.2288,0.2094,-0.1784,-0.1280,0.3451,-0.7096,0.1861,0.5000,-0.2000,-1.3430,0.9331,-1.2200,-0.4954,0.2000,1.4856,-1.0966,1.4039,124.4568,-5.5924,5.1906,-6.4149,6.4892,-0.9543,6.2631,-2.4613,14.5383,6.9621,0.2222,0.14
14.6009,0.0000,0.0000,0.0000,0.0000,0.0000,0.0000,-0.1511,-0.4678,0.7126,0.0432,0.0166,-0.9989,0.5090,-0.2323,-1.2937,0.8691,-1.2084,-0.4554,0.1698,1.5236,-0.9323,1.3514,0.1124,0.0543,-0.1047,0.0853,0.1047,-0.2210,0.0116,0.0039,-0.8414,0.2753,0.5000,-0.2000,-1.3633,0.9348,-1.2128,-0.5000,0.2000,1.4550,-1.1217,1.4136,124.8449,-5.8040,5.3153,-6.5592,6.6330,-1.0045,6.1492,-2.3882,14.5987,7.0768,0.2500,0.15
14.6209,0.0000,0.0000,0.0000,0.0000,0.0000,0.0000,-0.1688,-0.4958,1.1016,0.0335,0.0196,-0.9992,0.5099,-0.2323,-1.2984,0.8718,-1.2060,-0.4619,0.1699,1.5197,-0.9539,1.3603,0.0194,0.0116,-0.1396,0.1435,0.0931,-0.3218,-0.0039,-0.2675,-0.9616,0.4149,0.5000,-0.2000,-1.3837,0.9358,-1.2057,-0.5000,0.2000,1.4244,-1.1364,1.4221,125.1439,-6.0050,5.4341,-6.6918,6.7554,-1.0373,6.0545,-2.3190,14.6341,7.1785,0.2778,0.18
14.6419,0.0000,0.0000,0.0000,0.0000,0.0000,0.0000,-0.1123,-0.4750,1.3222,0.0254,0.0197,-0.9995,0.5100,-0.2326,-1.3047,0.8758,-1.2028,-0.4699,0.1702,1.5115,-0.9748,1.3710,0.0931,-0.0194,-0.2792,0.2288,0.1861,-0.3877,-0.0039,-0.3606,-1.0004,0.5545,0.5000,-0.2000,-1.4041,0.9360,-1.1986,-0.5000,0.2000,1.3939,-1.1398,1.4293,125.4165,-6.1392,5.5317,-6.8004,6.8355,-1.0530,5.9909,-2.2696,14.6725,7.2555,0.3056,0.16
14.6619,0.0000,0.0000,0.0000,0.0000,0.0000,0.0000,-0.1555,-0.5042,1.4812,0.0169,0.0226,-0.9996,0.5100,-0.2328,-1.3133,0.8797,-1.1991,-0.4786,0.1703,1.4989,-0.9942,1.3839,0.0194,0.0271,-0.3994,0.1861,0.1473,-0.4614,0.0194,-0.5312,-0.7406,0.5816,0.5000,-0.2000,-1.4244,0.9355,-1.1914,-0.5000,0.2000,1.3633,-1.1318,1.4352,125.6239,-6.2248,5.6040,-6.8865,6.8621,-1.0430,5.9396,-2.2246,14.6896,7.3206,0.3333,0.15
14.6809,0.0000,0.0000,0.0000,0.0000,0.0000,0.0000,-0.0974,-0.4572,1.5647,0.0091,0.0251,-0.9996,0.5104,-0.2327,-1.3240,0.8835,-1.1946,-0.4880,0.1702,1.4839,-1.0103,1.3963,0.0931,-0.0039,-0.4692,0.2598,0.2365,-0.4188,-0.0582,-0.7328,-0.7134,0.5079,0.5000,-0.2000,-1.4448,0.9342,-1.1842,-0.5000,0.2000,1.3328,-1.1129,1.4398,125.8209,-6.2677,5.6623,-6.9584,6.8782,-1.0311,5.9070,-2.1937,14.7136,7.3669,0.3611,0.14
14.7019,0.0000,0.0000,0.0000,0.0000,0.0000,0.0000,-0.0434,-0.3571,1.6566,0.0027,0.0267,-0.9996,0.5104,-0.2326,-1.3358,0.8854,-1.1907,-0.4944,0.1699,1.4664,-1.0211,1.4078,-0.0000,0.0388,-0.5739,0.0078,0.2598,-0.1822,-0.0504,-0.8918,-0.4885,0.5234,0.5000,-0.2000,-1.4652,0.9322,-1.1742,-0.5000,0.2000,1.3022,-1.0839,1.4432,125.9441,-6.2620,5.7106,-7.0290,6.8476,-1.0234,5.8947,-2.1621,14.7166,7.4117,0.3889,0.14
14.7229,0.0000,0.0000,0.0000,0.0000,0.0000,0.0000,0.0205,-0.2641,1.6685,-0.0015,0.0283,-0.9996,0.5101,-0.2326,-1.3494,0.8860,-1.1872,-0.4987,0.1694,1.4445,-1.0266,1.4201,0.0349,0.0465,-0.5700,0.0349,0.1202,-0.1939,-0.1008,-1.0120,-0.1900,0.5467,0.5000,-0.2000,-1.4856,0.9295,-1.1641,-0.5000,0.2000,1.2717,-1.0461,1.4456,126.0026,-6.2088,5.7351,-7.0759,6.7943,-1.0064,5.8900,-2.1419,14.7117,7.4304,0.4167,0.14
14.7419,0.0000,0.0000,0.0000,0.0000,0.0000,0.0000,0.1336,-0.1988,1.6304,-0.0040,0.0293,-0.9996,0.5095,-0.2324,-1.3647,0.8858,-1.1853,-0.5008,0.1687,1.4213,-1.0259,1.4309,0.0271,0.0659,-0.6979,-0.0194,0.0931,-0.0582,-0.0543,-0.9810,0.0931,0.4304,0.5000,-0.2000,-1.5059,0.9262,-1.1541,-0.4999,0.2000,1.2411,-1.0014,1.4472,125.9858,-6.0833,5.7323,-7.1007,6.6981,-0.9994,5.9128,-2.1381,14.7065,7.4258,0.4444,0.14
14.7619,0.0000,0.0000,0.0000,0.0000,0.0000,0.0000,0.2138,-0.1358,1.4740,-0.0074,0.0266,-0.9996,0.5077,-0.2323,-1.3810,0.8857,-1.1844,-0.5013,0.1674,1.3986,-1.0190,1.4398,-0.0853,0.0931,-0.7561,-0.0271,0.0039,0.0233,-0.1318,-1.1865,0.3800,0.3994,0.5000,-0.2000,-1.5263,0.9223,-1.1440,-0.4977,0.2000,1.2106,-0.9519,1.4483,125.9140,-5.9103,5.7035,-7.0942,6.5727,-0.9770,5.9487,-2.1429,14.6883,7.3975,0.4722,0.14
14.7819,0.0000,0.0000,0.0000,0.0000,0.0000,0.0000,0.2569,-0.0106,1.2323,-0.0096,0.0238,-0.9997,0.5039,-0.2323,-1.3977,0.8868,-1.1852,-0.5010,0.1661,1.3730,-1.0053,1.4470,-0.2094,0.0271,-0.6940,0.0582,-0.1628,0.0310,-0.1086,-1.2563,0.6553,0.3102,0.5000,-0.2000,-1.5467,0.9180,-1.1340,-0.4948,0.2000,1.1800,-0.9000,1.4770,125.7878,-5.7029,5.6518,-7.0535,6.4359,-0.9480,5.9977,-2.1589,14.6608,7.3374,0.5000,0.14
14.8019,0.0000,0.0000,0.0000,0.0000,0.0000,0.0000,0.3481,0.1350,0.7989,-0.0100,0.0194,-0.9998,0.4992,-0.2322,-1.4148,0.8885,-1.1871,-0.5000,0.1656,1.3462,-0.9839,1.4524,-0.3141,0.0698,-0.8802,0.1551,-0.1512,0.0659,-0.0388,-1.2330,1.0120,0.2055,0.5000,-0.2000,-1.5670,0.9133,-1.1239,-0.4915,0.2000,1.2004,-0.9052,1.4699,125.6643,-5.4151,5.5658,-6.9704,6.2596,-0.9147,6.0922,-2.2028,14.6437,7.2351,0.5278,0.14
14.8219,0.0000,0.0000,0.0000,0.0000,0.0000,0.0000,0.3761,0.3507,0.4682,-0.0070,0.0135,-0.9999,0.4932,-0.2323,-1.4312,0.8910,-1.1886,-0.4979,0.1655,1.3190,-0.9556,1.4627,-0.2133,0.0233,-0.7483,0.1900,0.0116,0.1628,-0.1163,-1.2989,1.3687,0.5428,0.5000,-0.2000,-1.5874,0.9083,-1.1139,-0.4896,0.2000,1.2207,-0.9103,1.4627,125.5190,-5.1410,5.4842,-6.8958,6.0860,-0.8956,6.1810,-2.2355,14.5924,7.1462,0.5556,0.16
14.8419,0.0000,0.0000,0.0000,0.0000,0.0000,0.0000,0.3042,0.5355,0.1522,0.0012,0.0074,-1.0000,0.4885,-0.2323,-1.4474,0.8936,-1.1888,-0.4950,0.1658,1.3009,-0.9305,1.4709,-0.1745,0.0853,-0.7289,0.1551,-0.0155,0.0814,0.0078,-0.7677,1.1710,0.3141,0.5000,-0.2000,-1.6078,0.9031,-1.1038,-0.4880,0.2000,1.2411,-0.9152,1.4556,125.2721,-4.8376,5.3580,-6.7761,5.9092,-0.8799,6.2768,-2.2898,14.5586,7.0241,0.5833,0.15
14.8629,0.0000,0.0000,0.0000,0.0000,0.0000,0.0000,0.2638,0.6689,-0.0508,0.0123,0.0003,-0.9999,0.4861,-0.2327,-1.4630,0.8959,-1.1874,-0.4941,0.1668,1.2920,-0.9077,1.4760,0.0427,-0.0349,-0.7638,0.1435,0.1357,0.0155,0.0465,-0.3994,1.0973,0.2171,0.5000,-0.2000,-1.6078,0.9209,-1.1562,-0.4865,0.2000,1.2615,-0.9198,1.4485,124.9417,-4.5475,5.2394,-6.6748,5.7156,-0.8651,6.3578,-2.3292,14.5074,6.9200,0.6111,0.19
14.8829,0.0000,0.0000,0.0000,0.0000,0.0000,0.0000,0.2260,0.7503,-0.0291,0.0261,-0.0072,-0.9996,0.4860,-0.2333,-1.4808,0.8999,-1.1830,-0.4935,0.1691,1.2891,-0.8881,1.4780,0.1512,-0.0233,-0.7212,0.2288,0.2792,0.0737,0.1900,-0.1784,0.8957,0.0427,0.5000,-0.2000,-1.5772,0.9722,-1.1689,-0.4871,0.2000,1.2819,-0.9239,1.4414,124.4662,-4.2729,5.1074,-6.5781,5.5206,-0.8713,6.4341,-2.3632,14.4328,6.8226,0.6389,0.17
14.9039,0.0000,0.0000,0.0000,0.0000,0.0000,0.0000,0.1391,0.5854,0.1304,0.0377,-0.0137,-0.9992,0.4868,-0.2344,-1.4961,0.9067,-1.1849,-0.4925,0.1716,1.2907,-0.8736,1.4781,0.0116,0.0078,-0.8414,0.4304,-0.0775,0.0349,0.1551,0.0388,0.8026,0.0116,0.5000,-0.2000,-1.5467,1.0200,-1.1813,-0.4874,0.2000,1.3022,-0.9276,1.4342,123.7749,-3.9685,4.9576,-6.4776,5.2710,-0.8743,6.5001,-2.3879,14.3243,6.7241,0.6667,0.15
14.9229,0.0000,0.0000,0.0000,0.0000,0.0000,0.0000,0.1563,0.3302,0.1425,0.0450,-0.0199,-0.9988,0.4882,-0.2355,-1.5069,0.9182,-1.1865,-0.4930,0.1750,1.2931,-0.8620,1.4776,0.0931,-0.0543,-0.5622,0.5157,-0.0349,-0.0427,0.1047,0.0155,0.4963,0.0737,0.5000,-0.2000,-1.5161,1.0621,-1.1931,-0.4862,0.2000,1.3226,-0.9306,1.4271,123.0298,-3.6699,4.7994,-6.3668,5.0248,-0.8622,6.5630,-2.4272,14.2299,6.6331,0.6944,0.15
14.9429,0.0000,0.0000,0.0000,0.0000,0.0000,0.0000,0.1466,0.1027,0.0871,0.0474,-0.0262,-0.9985,0.4901,-0.2362,-1.5141,0.9354,-1.1885,-0.4940,0.1778,1.2956,-0.8553,1.4772,0.0465,0.0116,-0.2753,0.7406,-0.0155,-0.0271,0.1318,-0.0271,0.3761,-0.0233,0.5000,-0.2000,-1.4856,1.0966,-1.2039,-0.4828,0.2000,1.3430,-0.9331,1.4200,122.2634,-3.3831,4.6284,-6.2348,4.7819,-0.8282,6.6409,-2.4775,14.1321,6.5255,0.7222,0.15
14.9629,0.0000,0.0000,0.0000,0.0000,0.0000,0.0000,0.1239,-0.0631,-0.1185,0.0464,-0.0319,-0.9984,0.4914,-0.2366,-1.5159,0.9544,-1.1899,-0.4953,0.1800,1.2972,-0.8526,1.4762,0.0698,0.0194,-0.1784,0.8879,-0.0543,-0.0233,0.0582,-0.0388,0.0775,-0.0388,0.5000,-0.2000,-1.4550,1.1217,-1.2136,-0.4765,0.2000,1.3633,-0.9348,1.4128,121.5668,-3.1153,4.4604,-6.0797,4.5631,-0.7652,6.7277,-2.5370,14.0382,6.4065,0.7500,0.14
14.9829,0.0000,0.0000,0.0000,0.0000,0.0000,0.0000,0.1151,-0.0833,-0.3494,0.0456,-0.0369,-0.9983,0.4925,-0.2365,-1.5152,0.9735,-1.1910,-0.4958,0.1819,1.2988,-0.8540,1.4738,0.0737,0.0349,0.0194,0.8375,0.1086,-0.0271,0.0233,0.0116,-0.0969,-0.1512,0.5000,-0.2000,-1.4244,1.1364,-1.2221,-0.4691,0.2000,1.3837,-0.9358,1.4057,120.9618,-2.8867,4.3087,-5.9316,4.3766,-0.6913,6.8241,-2.6007,13.9521,6.2992,0.7778,0.14
15.0039,0.0000,0.0000,0.0000,0.0000,0.0000,0.0000,0.0561,-0.1062,-0.5712,0.0448,-0.0392,-0.9982,0.4941,-0.2365,-1.5114,0.9916,-1.1916,-0.4948,0.1827,1.3006,-0.8578,1.4702,0.0465,0.0620,0.1086,0.7522,0.0116,0.1008,0.0504,0.0620,-0.2094,-0.2482,0.5000,-0.2000,-1.3939,1.1398,-1.2293,-0.4610,0.2000,1.4041,-0.9360,1.3986,120.4294,-2.7043,4.1741,-5.7851,4.2241,-0.6103,6.9095,-2.6573,13.8613,6.2034,0.8056,0.16
15.0238,0.0000,0.0000,0.0000,0.0000,0.0000,0.0000,0.0597,-0.1246,-0.7539,0.0436,-0.0412,-0.9982,0.4950,-0.2365,-1.5047,1.0057,-1.1919,-0.4921,0.1827,1.3047,-0.8633,1.4657,0.0504,-0.0116,0.2559,0.6475,-0.0310,0.1667,-0.0582,0.1241,-0.2404,-0.2714,0.5000,-0.2000,-1.3633,1.1318,-1.2352,-0.4534,0.2000,1.4244,-0.9355,1.3914,119.9851,-2.5677,4.0679,-5.6680,4.1108,-0.5342,6.9842,-2.7078,13.7888,6.1309,0.8333,0.17
15.0428,0.0000,0.0000,0.0000,0.0000,0.0000,0.0000,0.0526,-0.1288,-0.9097,0.0425,-0.0420,-0.9982,0.4959,-0.2365,-1.4946,1.0171,-1.1922,-0.4881,0.1824,1.3095,-0.8685,1.4602,0.0698,0.0039,0.5157,0.5583,-0.0233,0.2326,-0.0388,0.2055,-0.2637,-0.3606,0.5000,-0.2000,-1.3328,1.1129,-1.2398,-0.4471,0.2000,1.4448,-0.9342,1.3842,119.6306,-2.4944,3.9828,-5.5657,4.0526,-0.4707,7.0438,-2.7548,13.7265,6.0780,0.8611,0.16
15.0639,0.0000,0.0000,0.0000,0.0000,0.0000,0.0000,0.0108,-0.0920,-1.1050,0.0421,-0.0421,-0.9982,0.4973,-0.2365,-1.4806,1.0233,-1.1927,-0.4835,0.1820,1.3173,-0.8735,1.4538,0.1280,0.0504,0.6281,0.2714,-0.0543,0.2288,-0.0504,0.3335,-0.2714,-0.4265,0.5000,-0.2000,-1.3022,1.0839,-1.2432,-0.4410,0.2000,1.4652,-0.9322,1.3742,119.4050,-2.4842,3.9259,-5.4796,4.0412,-0.4096,7.0898,-2.7976,13.6820,6.0460,0.8889,0.15
15.0828,0.0000,0.0000,0.0000,0.0000,0.0000,0.0000,-0.0097,-0.0259,-1.3052,0.0433,-0.0414,-0.9982,0.4986,-0.2365,-1.4634,1.0242,-1.1938,-0.4787,0.1816,1.3289,-0.8787,1.4459,0.0116,-0.0194,0.9034,0.0853,-0.0310,0.2210,-0.0775,0.4459,-0.2094,-0.3645,0.5000,-0.2000,-1.2717,1.0461,-1.2456,-0.4360,0.2000,1.4856,-0.9295,1.3641,119.3211,-2.5499,3.9069,-5.4218,4.0954,-0.3597,7.1131,-2.8288,13.6579,6.0310,0.9167,0.14
15.1029,0.0000,0.0000,0.0000,0.0000,0.0000,0.0000,-0.0137,0.0149,-1.4646,0.0453,-0.0398,-0.9982,0.4992,-0.2366,-1.4416,1.0205,-1.1956,-0.4733,0.1812,1.3410,-0.8819,1.4380,0.0504,0.0698,0.9693,-0.0931,-0.0775,0.2443,-0.0155,0.5932,-0.1241,-0.3994,0.5000,-0.2000,-1.2411,1.0014,-1.2472,-0.4332,0.2000,1.5059,-0.9262,1.3541,119.3965,-2.6647,3.9160,-5.3925,4.1893,-0.3323,7.1283,-2.8542,13.6568,6.0376,0.9444,0.14
15.1228,0.0000,0.0000,0.0000,0.0000,0.0000,0.0000,-0.0438,0.0796,-1.6135,0.0486,-0.0385,-0.9981,0.4994,-0.2369,-1.4179,1.0123,-1.1973,-0.4677,0.1807,1.3563,-0.8837,1.4295,-0.0194,0.0194,1.1167,-0.3412,-0.0039,0.2288,-0.0388,0.6126,-0.0892,-0.4304,0.5000,-0.2000,-1.2106,0.9519,-1.2483,-0.4325,0.2000,1.5263,-0.9223,1.3440,119.6442,-2.8710,3.9673,-5.3949,4.3583,-0.3254,7.1096,-2.8660,13.6872,6.0699,0.9722,0.15
15.1429,0.0000,0.0000,0.0000,0.0000,0.0000,0.0000,-0.1420,0.1248,-1.7240,0.0529,-0.0345,-0.9980,0.4996,-0.2371,-1.3928,0.9984,-1.1996,-0.4622,0.1799,1.3726,-0.8840,1.4194,-0.0116,0.0582,1.2330,-0.6863,-0.1008,0.3024,-0.1008,0.8530,0.0310,-0.5467,0.5000,-0.2000,-1.1800,0.9000,-1.2770,-0.4347,0.2000,1.5467,-0.9180,1.3340,120.0346,-3.1277,4.0462,-5.4245,4.5663,-0.3475,7.0812,-2.8750,13.7450,6.1179,0.0000,0.14
15.1638,0.0000,0.0000,0.0000,0.0000,0.0000,0.0000,-0.1827,0.1643,-1.7144,0.0582,-0.0288,-0.9979,0.5003,-0.2371,-1.3634,0.9772,-1.2018,-0.4572,0.1794,1.3924,-0.8837,1.4087,0.0543,0.0388,1.3803,-0.8763,-0.0659,0.2947,-0.0853,1.0159,0.0116,-0.5273,0.5000,-0.2000,-1.2004,0.9052,-1.2699,-0.4406,0.2000,1.5670,-0.9133,1.3239,120.5548,-3.4569,4.1735,-5.5071,4.8359,-0.4058,7.0106,-2.8566,13.8319,6.2029,0.0278,0.14
15.1838,0.0000,0.0000,0.0000,0.0000,0.0000,0.0000,-0.1515,0.1958,-1.5923,0.0640,-0.0240,-0.9977,0.5017,-0.2370,-1.3291,0.9474,-1.2099,-0.4531,0.1793,1.4160,-0.8821,1.3959,0.0892,0.0271,1.4812,-1.2446,-0.3335,0.2598,-0.0388,1.0508,0.0737,-0.6087,0.5000,-0.2000,-1.2207,0.9103,-1.2627,-0.4500,0.2000,1.5874,-0.9083,1.3139,121.1789,-3.8352,4.3526,-5.6588,5.1383,-0.5003,6.9031,-2.8038,13.9513,6.3379,0.0556,0.14
15.2049,0.0000,0.0000,0.0000,0.0000,0.0000,0.0000,-0.1236,0.2368,-1.3271,0.0700,-0.0193,-0.9974,0.5034,-0.2367,-1.3056,0.9262,-1.2146,-0.4509,0.1793,1.4378,-0.8797,1.3827,0.0427,-0.0233,0.9422,-0.9538,-0.1900,0.0543,-0.0582,1.0546,0.1086,-0.7057,0.5000,-0.2000,-1.2411,0.9152,-1.2556,-0.4618,0.2000,1.6078,-0.9031,1.3038,121.8850,-4.2521,4.5263,-5.7934,5.4707,-0.6180,6.7880,-2.7531,14.0813,6.4454,0.0833,0.14
15.2239,0.0000,0.0000,0.0000,0.0000,0.0000,0.0000,-0.0901,0.2760,-0.9767,0.0769,-0.0142,-0.9969,0.5062,-0.2361,-1.2903,0.9108,-1.2163,-0.4506,0.1793,1.4597,-0.8778,1.3683,0.1628,0.1086,0.6824,-0.6359,-0.0310,0.0659,-0.0543,1.1283,0.0620,-0.6824,0.5000,-0.2000,-1.2615,0.9198,-1.2485,-0.4746,0.2000,1.6078,-0.9209,1.3562,122.5877,-4.6260,4.6926,-5.9302,5.7746,-0.7457,6.6866,-2.7045,14.2014,6.5522,0.1111,0.16
15.2439,0.0000,0.0000,0.0000,0.0000,0.0000,0.0000,-0.0614,0.2581,-0.6648,0.0836,-0.0084,-0.9965,0.5085,-0.2349,-1.2803,0.8978,-1.2162,-0.4526,0.1793,1.4842,-0.8769,1.3542,0.1202,0.0775,0.3645,-0.5234,-0.0698,-0.0271,0.0543,1.0430,0.0078,-0.7483,0.5000,-0.2000,-1.2819,0.9239,-1.2414,-0.4848,0.2000,1.5772,-0.9722,1.3689,123.2472,-4.9776,4.8596,-6.0752,6.0488,-0.8482,6.5636,-2.6371,14.3199,6.6719,0.1389,0.15
15.2638,0.0000,0.0000,0.0000,0.0000,0.0000,0.0000,-0.0929,0.1725,-0.3892,0.0891,-0.0017,-0.9960,0.5107,-0.2330,-1.2774,0.8882,-1.2153,-0.4569,0.1793,1.5038,-0.8783,1.3515,0.0969,0.0892,0.0931,-0.3528,0.0698,-0.1667,-0.0078,0.7871,-0.0039,-0.0698,0.5000,-0.2000,-1.3022,0.9276,-1.2342,-0.4932,0.2000,1.5467,-1.0200,1.3813,123.8930,-5.2861,5.0067,-6.2049,6.2759,-0.9317,6.4530,-2.5705,14.4141,6.7863,0.1667,0.14
15.2839,0.0000,0.0000,0.0000,0.0000,0.0000,0.0000,-0.1699,-0.1398,-0.0931,0.0882,0.0041,-0.9961,0.5117,-0.2310,-1.2786,0.8822,-1.2138,-0.4625,0.1795,1.5159,-0.8870,1.3515,0.0194,0.1163,-0.0504,-0.1628,0.0931,-0.2675,0.0039,0.5777,-0.4032,-0.0349,0.5000,-0.2000,-1.3226,0.9306,-1.2271,-0.5000,0.2000,1.5161,-1.0621,1.3931,124.4693,-5.5261,5.1202,-6.3173,6.4685,-1.0051,6.3496,-2.5208,14.5206,6.8848,0.1944,0.14
15.3039,0.0000,0.0000,0.0000,0.0000,0.0000,0.0000,-0.1668,-0.4840,0.3254,0.0797,0.0087,-0.9968,0.5122,-0.2294,-1.2824,0.8797,-1.2117,-0.4678,0.1799,1.5222,-0.9029,1.3534,0.0155,0.1008,-0.1512,0.0078,0.0814,-0.1900,0.0039,0.2443,-0.7406,0.1008,0.5000,-0.2000,-1.3430,0.9331,-1.2200,-0.5000,0.2000,1.4856,-1.0966,1.4039,124.9101,-5.7057,5.2357,-6.4534,6.6078,-1.0679,6.2482,-2.4573,14.5982,6.9955,0.2222,0.14
15.3238,0.0000,0.0000,0.0000,0.0000,0.0000,0.0000,-0.1376,-0.6749,0.7500,0.0668,0.0102,-0.9977,0.5126,-0.2285,-1.2862,0.8807,-1.2102,-0.4726,0.1810,1.5230,-0.9232,1.3580,0.0543,0.0814,-0.2133,0.1241,0.1241,-0.1473,0.0543,0.0000,-0.8569,0.2443,0.5000,-0.2000,-1.3633,0.9348,-1.2128,-0.5000,0.2000,1.4550,-1.1217,1.4136,125.2326,-5.8746,5.3532,-6.5956,6.7161,-1.1126,6.1519,-2.3901,14.6474,7.1078,0.2500,0.14
15.3438,0.0000,0.0000,0.0000,0.0000,0.0000,0.0000,-0.1611,-0.7697,1.1073,0.0521,0.0112,-0.9986,0.5126,-0.2284,-1.2915,0.8842,-1.2090,-0.4771,0.1818,1.5188,-0.9452,1.3648,-0.0543,0.0465,-0.2443,0.3063,0.0969,-0.1784,-0.0310,-0.1512,-1.0004,0.2869,0.5000,-0.2000,-1.3837,0.9358,-1.2057,-0.5000,0.2000,1.4244,-1.1364,1.4221,125.4650,-6.0351,5.4536,-6.7126,6.8136,-1.1365,6.0687,-2.3322,14.6784,7.1928,0.2778,0.14
15.3638,0.0000,0.0000,0.0000,0.0000,0.0000,0.0000,-0.1311,-0.7863,1.3362,0.0373,0.0118,-0.9992,0.5125,-0.2288,-1.2991,0.8890,-1.2067,-0.4825,0.1822,1.5100,-0.9671,1.3737,-0.0000,0.0078,-0.3412,0.2598,0.1280,-0.3412,-0.0582,-0.4265,-0.9577,0.4304,0.5000,-0.2000,-1.4041,0.9360,-1.1986,-0.5000,0.2000,1.3939,-1.1398,1.4293,125.6544,-6.1377,5.5413,-6.8168,6.8584,-1.1269,6.0056,-2.2806,14.6999,7.2721,0.3056,0.15
15.3838,0.0000,0.0000,0.0000,0.0000,0.0000,0.0000,-0.1676,-0.8084,1.5060,0.0224,0.0141,-0.9997,0.5126,-0.2290,-1.3080,0.8932,-1.2035,-0.4900,0.1822,1.4977,-0.9870,1.3842,0.0504,0.0194,-0.4459,0.2753,0.1357,-0.3141,-0.0039,-0.5351,-0.8608,0.4304,0.5000,-0.2000,-1.4244,0.9355,-1.1914,-0.5000,0.2000,1.3633,-1.1318,1.4352,125.7973,-6.1986,5.6037,-6.8923,6.8707,-1.1075,5.9593,-2.2416,14.7097,7.3285,0.3333,0.15
15.4038,0.0000,0.0000,0.0000,0.0000,0.0000,0.0000,-0.1387,-0.7394,1.6447,0.0086,0.0171,-0.9998,0.5131,-0.2289,-1.3177,0.8965,-1.1993,-0.4971,0.1821,1.4825,-1.0040,1.3948,0.0388,0.0504,-0.4692,0.1590,0.2443,-0.2249,-0.0931,-0.8181,-0.8414,0.5079,0.5000,-0.2000,-1.4448,0.9342,-1.1842,-0.5000,0.2000,1.3328,-1.1129,1.4398,125.9128,-6.2312,5.6611,-6.9673,6.8676,-1.0863,5.9284,-2.2051,14.7120,7.3813,0.3611,0.14
15.4238,0.0000,0.0000,0.0000,0.0000,0.0000,0.0000,-0.0794,-0.6229,1.7997,-0.0027,0.0200,-0.9998,0.5133,-0.2288,-1.3293,0.8983,-1.1948,-0.5010,0.1817,1.4639,-1.0171,1.4052,0.0078,0.0931,-0.6204,0.0931,0.2326,-0.1551,-0.0116,-0.9073,-0.5932,0.4653,0.5000,-0.2000,-1.4652,0.9322,-1.1742,-0.5000,0.2000,1.3022,-1.0839,1.4432,125.9442,-6.2150,5.7024,-7.0348,6.8247,-1.0657,5.9145,-2.1732,14.6998,7.4184,0.3889,0.15
15.4439,0.0000,0.0000,0.0000,0.0000,0.0000,0.0000,-0.0067,-0.5322,1.8851,-0.0120,0.0227,-0.9997,0.5130,-0.2286,-1.3422,0.8984,-1.1902,-0.5032,0.1809,1.4438,-1.0237,1.4161,-0.0349,0.0388,-0.6824,-0.0039,0.1745,-0.0931,-0.0814,-0.9887,-0.2443,0.4924,0.5000,-0.2000,-1.4856,0.9295,-1.1641,-0.5000,0.2000,1.2717,-1.0461,1.4456,125.9052,-6.1604,5.7283,-7.0905,6.7561,-1.0447,5.9077,-2.1484,14.6830,7.4431,0.4167,0.15
15.4649,0.0000,0.0000,0.0000,0.0000,0.0000,0.0000,0.1545,-0.4588,1.8811,-0.0195,0.0234,-0.9995,0.5121,-0.2282,-1.3581,0.8963,-1.1872,-0.5040,0.1798,1.4196,-1.0238,1.4257,-0.0543,0.0388,-0.7483,-0.0775,0.0814,0.0116,-0.1396,-1.1748,0.0853,0.4537,0.5000,-0.2000,-1.5059,0.9262,-1.1541,-0.5000,0.2000,1.2411,-1.0014,1.4472,125.8106,-6.0328,5.7284,-7.1260,6.6524,-1.0289,5.9263,-2.1394,14.6691,7.4450,0.4444,0.15
15.4839,0.0000,0.0000,0.0000,0.0000,0.0000,0.0000,0.2666,-0.4325,1.6622,-0.0287,0.0216,-0.9994,0.5098,-0.2279,-1.3744,0.8945,-1.1875,-0.5037,0.1776,1.3962,-1.0177,1.4346,-0.0465,0.1357,-0.8065,-0.0039,-0.0427,0.0620,-0.1706,-1.2097,0.2792,0.3994,0.5000,-0.2000,-1.5263,0.9223,-1.1440,-0.4995,0.2000,1.2106,-0.9519,1.4483,125.6853,-5.8161,5.6809,-7.1041,6.5002,-0.9955,5.9725,-2.1580,14.6596,7.4025,0.4722,0.15
15.5048,0.0000,0.0000,0.0000,0.0000,0.0000,0.0000,0.2523,-0.3235,1.2439,-0.0369,0.0189,-0.9991,0.5042,-0.2277,-1.3930,0.8948,-1.1906,-0.5028,0.1759,1.3690,-1.0063,1.4412,-0.3063,0.0310,-0.8647,0.0814,-0.1667,0.0620,-0.0737,-1.2601,0.5506,0.2753,0.5000,-0.2000,-1.5467,0.9180,-1.1340,-0.4931,0.2000,1.1800,-0.9000,1.4770,125.5494,-5.5708,5.6052,-7.0234,6.3330,-0.9315,6.0316,-2.1880,14.6361,7.3171,0.5000,0.14
15.5258,0.0000,0.0000,0.0000,0.0000,0.0000,0.0000,0.3158,-0.1858,0.7467,-0.0444,0.0166,-0.9989,0.4968,-0.2269,-1.4108,0.8966,-1.1954,-0.5007,0.1741,1.3411,-0.9861,1.4462,-0.3684,0.0349,-0.8220,0.1124,-0.2288,0.2055,-0.0737,-1.3299,0.9383,0.2055,0.5000,-0.2000,-1.5670,0.9133,-1.1239,-0.4867,0.2000,1.2004,-0.9052,1.4699,125.4227,-5.2435,5.5084,-6.9288,6.1232,-0.8672,6.1340,-2.2371,14.6175,7.2108,0.5278,0.15
15.5458,0.0000,0.0000,0.0000,0.0000,0.0000,0.0000,0.3489,-0.0045,0.3073,-0.0482,0.0115,-0.9988,0.4887,-0.2263,-1.4260,0.8994,-1.1993,-0.4955,0.1732,1.3160,-0.9579,1.4547,-0.3218,0.0155,-0.6979,0.0969,-0.2094,0.1822,-0.0620,-1.2950,1.3261,0.4149,0.5000,-0.2000,-1.5874,0.9083,-1.1139,-0.4805,0.2000,1.2207,-0.9103,1.4627,125.2640,-4.9091,5.4034,-6.8345,5.8969,-0.8053,6.2364,-2.2810,14.5762,7.1082,0.5556,0.14
15.5658,0.0000,0.0000,0.0000,0.0000,0.0000,0.0000,0.2184,0.1803,-0.0205,-0.0486,0.0076,-0.9988,0.4828,-0.2257,-1.4412,0.9027,-1.2012,-0.4918,0.1733,1.2984,-0.9336,1.4589,-0.2520,0.0388,-0.6514,0.2365,-0.0427,0.1861,-0.0155,-0.7289,1.1206,0.1318,0.5000,-0.2000,-1.6078,0.9031,-1.1038,-0.4767,0.2000,1.2411,-0.9152,1.4556,125.0263,-4.5957,5.2655,-6.6965,5.7067,-0.7674,6.3382,-2.3432,14.5380,6.9727,0.5833,0.15
15.5859,0.0000,0.0000,0.0000,0.0000,0.0000,0.0000,0.2186,0.3734,-0.1180,-0.0450,0.0027,-0.9990,0.4796,-0.2258,-1.4552,0.9069,-1.2009,-0.4882,0.1743,1.2896,-0.9132,1.4594,-0.1318,-0.0078,-0.5622,0.2908,0.0271,0.1900,0.0310,-0.3102,0.9461,-0.0310,0.5000,-0.2000,-1.6078,0.9209,-1.1562,-0.4744,0.2000,1.2615,-0.9198,1.4485,124.6363,-4.2827,5.1441,-6.6008,5.4973,-0.7442,6.4305,-2.3810,14.4735,6.8666,0.6111,0.15
15.6048,0.0000,0.0000,0.0000,0.0000,0.0000,0.0000,0.2249,0.4996,-0.0083,-0.0366,-0.0046,-0.9993,0.4788,-0.2262,-1.4698,0.9117,-1.1976,-0.4848,0.1765,1.2872,-0.8971,1.4586,0.0155,-0.0039,-0.6514,0.1861,0.2637,0.1822,0.0775,-0.0427,0.8026,-0.0543,0.5000,-0.2000,-1.5772,0.9722,-1.1689,-0.4740,0.2000,1.2819,-0.9239,1.4414,124.0918,-4.0063,5.0226,-6.5229,5.2752,-0.7404,6.5023,-2.4050,14.3850,6.7886,0.6389,0.15
15.6248,0.0000,0.0000,0.0000,0.0000,0.0000,0.0000,0.1214,0.3567,0.1378,-0.0293,-0.0093,-0.9995,0.4792,-0.2272,-1.4835,0.9186,-1.2005,-0.4820,0.1792,1.2888,-0.8841,1.4563,0.0775,-0.0427,-0.7406,0.3063,-0.1086,0.1008,0.1357,0.0310,0.5428,-0.1667,0.5000,-0.2000,-1.5467,1.0200,-1.1813,-0.4726,0.2000,1.3022,-0.9276,1.4342,123.3730,-3.7227,4.8744,-6.4143,5.0323,-0.7259,6.5499,-2.4258,14.2752,6.6993,0.6667,0.17
15.6448,0.0000,0.0000,0.0000,0.0000,0.0000,0.0000,0.1420,0.0451,0.1522,-0.0286,-0.0141,-0.9995,0.4793,-0.2285,-1.4942,0.9301,-1.2022,-0.4803,0.1824,1.2920,-0.8744,1.4524,0.0465,-0.0078,-0.6592,0.6087,-0.0775,0.0698,0.1008,-0.0155,0.4614,-0.1939,0.5000,-0.2000,-1.5161,1.0621,-1.1931,-0.4696,0.2000,1.3226,-0.9306,1.4271,122.6026,-3.3971,4.7001,-6.2897,4.7522,-0.6958,6.6296,-2.4719,14.1841,6.5890,0.6944,0.16
15.6648,0.0000,0.0000,0.0000,0.0000,0.0000,0.0000,0.1267,-0.1841,0.0044,-0.0326,-0.0200,-0.9993,0.4792,-0.2297,-1.5016,0.9475,-1.2045,-0.4796,0.1853,1.2946,-0.8686,1.4482,-0.0000,-0.0853,-0.4420,0.8142,-0.1124,-0.0155,0.1318,0.0775,0.1861,-0.1667,0.5000,-0.2000,-1.4856,1.0966,-1.2039,-0.4627,0.2000,1.3430,-0.9331,1.4200,121.8194,-3.0749,4.5156,-6.1325,4.4794,-0.6274,6.7119,-2.5279,14.0856,6.4653,0.7222,0.15
15.6848,0.0000,0.0000,0.0000,0.0000,0.0000,0.0000,0.0564,-0.2008,-0.1700,-0.0377,-0.0250,-0.9990,0.4796,-0.2308,-1.5039,0.9675,-1.2068,-0.4795,0.1872,1.2971,-0.8663,1.4437,0.1124,-0.0504,-0.1551,0.9926,-0.1047,0.0698,0.0543,0.0078,0.0233,-0.2830,0.5000,-0.2000,-1.4550,1.1217,-1.2136,-0.4544,0.2000,1.3633,-0.9348,1.4128,121.1038,-2.8162,4.3507,-5.9719,4.2617,-0.5445,6.7949,-2.5831,13.9774,6.3461,0.7500,0.14
15.7048,0.0000,0.0000,0.0000,0.0000,0.0000,0.0000,0.0428,-0.1601,-0.3932,-0.0409,-0.0288,-0.9987,0.4804,-0.2320,-1.5020,0.9897,-1.2093,-0.4784,0.1888,1.2986,-0.8674,1.4394,0.1008,-0.0775,-0.0853,1.0081,-0.1551,0.0698,0.0543,0.0000,-0.0388,-0.2133,0.5000,-0.2000,-1.4244,1.1364,-1.2221,-0.4451,0.2000,1.3837,-0.9358,1.4057,120.4751,-2.5839,4.2044,-5.8181,4.0625,-0.4510,6.8863,-2.6368,13.8739,6.2331,0.7778,0.14
15.7258,0.0000,0.0000,0.0000,0.0000,0.0000,0.0000,0.0404,-0.1967,-0.6191,-0.0441,-0.0324,-0.9985,0.4814,-0.2328,-1.4984,1.0087,-1.2105,-0.4752,0.1897,1.3007,-0.8696,1.4352,0.0737,-0.0078,0.1047,0.8259,0.0543,0.2016,-0.0194,0.0620,-0.1202,-0.1745,0.5000,-0.2000,-1.3939,1.1398,-1.2293,-0.4371,0.2000,1.4041,-0.9360,1.3986,119.9491,-2.3767,4.0636,-5.6755,3.8858,-0.3709,6.9926,-2.7040,13.7902,6.1375,0.8056,0.14
15.7458,0.0000,0.0000,0.0000,0.0000,0.0000,0.0000,0.0173,-0.1709,-0.7895,-0.0458,-0.0357,-0.9983,0.4828,-0.2332,-1.4919,1.0238,-1.2115,-0.4699,0.1898,1.3042,-0.8732,1.4306,0.1047,0.0620,0.2482,0.6592,0.1086,0.2947,-0.0310,0.0931,-0.1977,-0.2869,0.5000,-0.2000,-1.3633,1.1318,-1.2352,-0.4294,0.2000,1.4244,-0.9355,1.3914,119.4988,-2.2408,3.9505,-5.5510,3.7695,-0.2936,7.0708,-2.7573,13.7106,6.0660,0.8333,0.15
15.7658,0.0000,0.0000,0.0000,0.0000,0.0000,0.0000,-0.0477,-0.1936,-0.9109,-0.0483,-0.0371,-0.9981,0.4847,-0.2333,-1.4812,1.0349,-1.2119,-0.4636,0.1896,1.3097,-0.8782,1.4255,0.1280,0.0194,0.3684,0.5041,0.0543,0.3800,0.0388,0.1706,-0.3296,-0.2171,0.5000,-0.2000,-1.3328,1.1129,-1.2398,-0.4227,0.2000,1.4448,-0.9342,1.3842,119.1238,-2.1697,3.8654,-5.4438,3.7057,-0.2268,7.1221,-2.7982,13.6380,6.0153,0.8611,0.14
15.7848,0.0000,0.0000,0.0000,0.0000,0.0000,0.0000,-0.0863,-0.1579,-0.9527,-0.0507,-0.0372,-0.9980,0.4868,-0.2333,-1.4679,1.0407,-1.2121,-0.4560,0.1892,1.3170,-0.8839,1.4194,0.1706,0.0582,0.5932,0.2404,-0.0698,0.5118,-0.0388,0.3567,-0.3412,-0.2830,0.5000,-0.2000,-1.3022,1.0839,-1.2432,-0.4183,0.2000,1.4652,-0.9322,1.3742,118.8092,-2.1538,3.8128,-5.3744,3.6967,-0.1833,7.1619,-2.8330,13.5857,5.9888,0.8889,0.14
15.8048,0.0000,0.0000,0.0000,0.0000,0.0000,0.0000,-0.1120,-0.0829,-0.9992,-0.0513,-0.0361,-0.9980,0.4881,-0.2334,-1.4510,1.0406,-1.2121,-0.4470,0.1887,1.3260,-0.8892,1.4133,0.0737,-0.0155,0.7483,-0.0271,0.0271,0.4226,-0.0969,0.3877,-0.2559,-0.2986,0.5000,-0.2000,-1.2717,1.0461,-1.2456,-0.4153,0.2000,1.4856,-0.9295,1.3641,118.6108,-2.2411,3.8020,-5.3352,3.7632,-0.1525,7.1638,-2.8509,13.5559,5.9876,0.9167,0.14
15.8258,0.0000,0.0000,0.0000,0.0000,0.0000,0.0000,-0.1621,-0.0266,-1.0617,-0.0507,-0.0340,-0.9981,0.4892,-0.2336,-1.4323,1.0343,-1.2121,-0.4398,0.1881,1.3368,-0.8939,1.4058,0.0620,-0.0543,0.9500,-0.2559,0.0582,0.3296,-0.0582,0.5273,-0.2094,-0.2792,0.5000,-0.2000,-1.2411,1.0014,-1.2472,-0.4142,0.2000,1.5059,-0.9262,1.3541,118.5527,-2.3829,3.8153,-5.3145,3.8813,-0.1420,7.1554,-2.8682,13.5506,5.9984,0.9444,0.15
15.8458,0.0000,0.0000,0.0000,0.0000,0.0000,0.0000,-0.2176,0.0476,-1.1315,-0.0485,-0.0307,-0.9984,0.4902,-0.2338,-1.4100,1.0213,-1.2123,-0.4335,0.1873,1.3513,-0.8978,1.3962,0.0969,-0.0155,0.9500,-0.6010,0.0039,0.3141,-0.0465,0.6514,-0.1241,-0.4730,0.5000,-0.2000,-1.2106,0.9519,-1.2483,-0.4148,0.2000,1.5263,-0.9223,1.3440,118.6609,-2.5889,3.8654,-5.3247,4.0508,-0.1484,7.1283,-2.8753,13.5747,6.0326,0.9722,0.15
15.8668,0.0000,0.0000,0.0000,0.0000,0.0000,0.0000,-0.2635,0.0757,-1.1651,-0.0466,-0.0271,-0.9985,0.4907,-0.2342,-1.3868,1.0035,-1.2124,-0.4280,0.1866,1.3666,-0.9002,1.3862,0.0698,-0.0155,1.0275,-0.7367,0.0388,0.2675,-0.0698,0.7096,-0.0039,-0.4537,0.5000,-0.2000,-1.1800,0.9000,-1.2770,-0.4179,0.2000,1.5467,-0.9180,1.3340,118.9361,-2.8508,3.9471,-5.3648,4.2672,-0.1785,7.0832,-2.8727,13.6237,6.0829,0.0000,0.19
15.8858,0.0000,0.0000,0.0000,0.0000,0.0000,0.0000,-0.3110,0.1580,-1.1611,-0.0434,-0.0230,-0.9988,0.4910,-0.2348,-1.3627,0.9801,-1.2128,-0.4233,0.1862,1.3843,-0.9017,1.3753,0.1008,-0.0000,1.2291,-1.1555,0.0271,0.2326,-0.0853,0.7794,-0.0271,-0.4769,0.5000,-0.2000,-1.2004,0.9052,-1.2699,-0.4235,0.2000,1.5670,-0.9133,1.3239,119.3536,-3.1647,4.0666,-5.4470,4.5294,-0.2353,7.0166,-2.8576,13.7028,6.1670,0.0278,0.16
15.9068,0.0000,0.0000,0.0000,0.0000,0.0000,0.0000,-0.2814,0.2515,-1.0894,-0.0378,-0.0187,-0.9991,0.4911,-0.2356,-1.3350,0.9500,-1.2191,-0.4198,0.1859,1.4014,-0.9017,1.3639,0.0155,-0.0504,1.2718,-1.3610,-0.2637,0.2482,-0.0233,0.8802,0.0853,-0.6669,0.5000,-0.2000,-1.2207,0.9103,-1.2627,-0.4327,0.2000,1.5874,-0.9083,1.3139,119.8925,-3.5328,4.2336,-5.5789,4.8422,-0.3274,6.9182,-2.8146,13.8075,6.2728,0.0556,0.15
15.9258,0.0000,0.0000,0.0000,0.0000,0.0000,0.0000,-0.2185,0.3366,-0.9434,-0.0302,-0.0148,-0.9994,0.4917,-0.2361,-1.3151,0.9257,-1.2222,-0.4182,0.1855,1.4219,-0.9011,1.3509,0.0737,0.0155,0.9732,-1.1671,-0.0853,0.1008,0.0000,0.9422,0.0659,-0.6592,0.5000,-0.2000,-1.2411,0.9152,-1.2556,-0.4434,0.2000,1.6078,-0.9031,1.3038,120.5551,-3.9115,4.3951,-5.7021,5.1567,-0.4337,6.8253,-2.7755,13.9238,6.3696,0.0833,0.15
15.9458,0.0000,0.0000,0.0000,0.0000,0.0000,0.0000,-0.1676,0.3843,-0.7651,-0.0215,-0.0113,-0.9997,0.4929,-0.2360,-1.3019,0.9054,-1.2227,-0.4184,0.1848,1.4452,-0.9003,1.3386,0.0969,0.0582,0.5777,-0.8918,0.1241,-0.0039,-0.0388,1.0546,0.0039,-0.6165,0.5000,-0.2000,-1.2615,0.9198,-1.2485,-0.4537,0.2000,1.6078,-0.9209,1.3562,121.2773,-4.2672,4.5526,-5.8251,5.4512,-0.5366,6.7343,-2.7341,14.0463,6.4628,0.1111,0.14
15.9658,0.0000,0.0000,0.0000,0.0000,0.0000,0.0000,-0.1776,0.3723,-0.5914,-0.0129,-0.0055,-0.9999,0.4943,-0.2355,-1.2956,0.8904,-1.2221,-0.4204,0.1834,1.4686,-0.8999,1.3259,0.0388,0.0969,0.2249,-0.6708,0.0116,-0.0698,-0.1086,1.1516,-0.0194,-0.6087,0.5000,-0.2000,-1.2819,0.9239,-1.2414,-0.4617,0.2000,1.5772,-0.9722,1.3689,121.9785,-4.5826,4.6989,-5.9405,5.7087,-0.6171,6.6380,-2.6846,14.1605,6.5514,0.1389,0.15
15.9868,0.0000,0.0000,0.0000,0.0000,0.0000,0.0000,-0.2250,0.2536,-0.3777,-0.0060,0.0032,-1.0000,0.4955,-0.2342,-1.2938,0.8796,-1.2198,-0.4246,0.1815,1.4880,-0.9025,1.3242,0.0698,0.0892,0.0737,-0.4420,0.1512,-0.1745,-0.1473,0.9577,-0.1318,-0.1047,0.5000,-0.2000,-1.3022,0.9276,-1.2342,-0.4687,0.2000,1.5467,-1.0200,1.3813,122.6651,-4.8775,4.8388,-6.0596,5.9367,-0.6866,6.5309,-2.6243,14.2578,6.6568,0.1667,0.14
16.0058,0.0000,0.0000,0.0000,0.0000,0.0000,0.0000,-0.2010,-0.0639,-0.0921,-0.0049,0.0106,-0.9999,0.4970,-0.2324,-1.2947,0.8706,-1.2169,-0.4297,0.1803,1.5013,-0.9130,1.3255,0.0931,0.1318,-0.0853,-0.4537,0.1745,-0.1667,-0.1008,0.6592,-0.4110,0.0814,0.5000,-0.2000,-1.3226,0.9306,-1.2271,-0.4751,0.2000,1.5161,-1.0621,1.3931,123.2857,-5.1007,4.9644,-6.1960,6.1066,-0.7513,6.4329,-2.5674,14.3662,6.7770,0.1944,0.15
16.0268,0.0000,0.0000,0.0000,0.0000,0.0000,0.0000,-0.1828,-0.4081,0.2629,-0.0110,0.0185,-0.9998,0.4987,-0.2312,-1.2973,0.8651,-1.2141,-0.4349,0.1791,1.5100,-0.9281,1.3295,0.0620,0.0775,-0.1163,-0.1628,0.1124,-0.2404,-0.0582,0.3296,-0.7561,0.2094,0.5000,-0.2000,-1.3430,0.9331,-1.2200,-0.4800,0.2000,1.4856,-1.0966,1.4039,123.7927,-5.3073,5.0826,-6.3318,6.2602,-0.8004,6.3196,-2.5016,14.4544,6.8898,0.2222,0.15
16.0468,0.0000,0.0000,0.0000,0.0000,0.0000,0.0000,-0.1288,-0.6679,0.6048,-0.0237,0.0235,-0.9994,0.4995,-0.2302,-1.3016,0.8640,-1.2120,-0.4413,0.1779,1.5122,-0.9496,1.3354,0.0388,0.0814,-0.1900,0.0388,0.0853,-0.1667,-0.0659,0.0620,-0.8685,0.1822,0.5000,-0.2000,-1.3633,0.9348,-1.2128,-0.4834,0.2000,1.4550,-1.1217,1.4136,124.2027,-5.4686,5.1912,-6.4655,6.3658,-0.8336,6.2320,-2.4462,14.5297,6.9935,0.2500,0.14
16.0658,0.0000,0.0000,0.0000,0.0000,0.0000,0.0000,-0.0783,-0.7503,0.9023,-0.0381,0.0276,-0.9989,0.4994,-0.2296,-1.3058,0.8659,-1.2107,-0.4467,0.1775,1.5094,-0.9722,1.3427,-0.0388,0.0775,-0.2171,0.1628,0.0388,-0.2210,0.0194,-0.2249,-0.9306,0.3916,0.5000,-0.2000,-1.3837,0.9358,-1.2057,-0.4837,0.2000,1.4244,-1.1364,1.4221,124.5147,-5.6108,5.2963,-6.5891,6.4411,-0.8369,6.1535,-2.3839,14.5651,7.0886,0.2778,0.14
16.0868,0.0000,0.0000,0.0000,0.0000,0.0000,0.0000,-0.0328,-0.7611,1.1045,-0.0533,0.0308,-0.9981,0.4991,-0.2294,-1.3110,0.8695,-1.2101,-0.4522,0.1772,1.5016,-0.9936,1.3512,-0.0194,-0.0039,-0.2133,0.2559,0.0310,-0.3218,-0.0310,-0.3645,-0.9616,0.4188,0.5000,-0.2000,-1.4041,0.9360,-1.1986,-0.4826,0.2000,1.3939,-1.1398,1.4293,124.7836,-5.7221,5.3862,-6.6939,6.4974,-0.8259,6.0922,-2.3374,14.6017,7.1638,0.3056,0.14
16.1068,0.0000,0.0000,0.0000,0.0000,0.0000,0.0000,0.0314,-0.7396,1.1938,-0.0673,0.0329,-0.9972,0.4985,-0.2294,-1.3169,0.8745,-1.2100,-0.4574,0.1769,1.4903,-1.0145,1.3613,-0.0078,0.0465,-0.2869,0.2947,-0.0000,-0.1861,-0.0853,-0.5196,-0.8220,0.3994,0.5000,-0.2000,-1.4244,0.9355,-1.1914,-0.4802,0.2000,1.3633,-1.1318,1.4352,125.0261,-5.7747,5.4570,-6.7795,6.5092,-0.8020,6.0599,-2.3024,14.6301,7.2220,0.3333,0.14
16.1268,0.0000,0.0000,0.0000,0.0000,0.0000,0.0000,0.0741,-0.7063,1.1249,-0.0820,0.0343,-0.9960,0.4977,-0.2294,-1.3252,0.8797,-1.2105,-0.4627,0.1765,1.4760,-1.0300,1.3718,-0.0388,0.0388,-0.4575,0.3218,0.0349,-0.3102,-0.0427,-0.6979,-0.7096,0.4730,0.5000,-0.2000,-1.4448,0.9342,-1.1842,-0.4749,0.2000,1.3328,-1.1129,1.4398,125.2584,-5.7618,5.4974,-6.8262,6.4761,-0.7486,6.0447,-2.2809,14.6543,7.2526,0.3611,0.14
16.1468,0.0000,0.0000,0.0000,0.0000,0.0000,0.0000,0.1175,-0.5407,1.0133,-0.0938,0.0350,-0.9950,0.4962,-0.2293,-1.3351,0.8863,-1.2117,-0.4668,0.1763,1.4577,-1.0409,1.3828,-0.0582,0.0582,-0.4575,0.3257,-0.1163,-0.1047,-0.0039,-0.7755,-0.5157,0.5390,0.5000,-0.2000,-1.4652,0.9322,-1.1742,-0.4692,0.2000,1.3022,-1.0839,1.4432,125.4556,-5.6998,5.5253,-6.8584,6.4145,-0.6916,6.0529,-2.2649,14.6594,7.2653,0.3889,0.19
16.1668,0.0000,0.0000,0.0000,0.0000,0.0000,0.0000,0.1840,-0.4183,0.8774,-0.1032,0.0340,-0.9941,0.4937,-0.2293,-1.3459,0.8937,-1.2138,-0.4681,0.1762,1.4389,-1.0452,1.3930,-0.0931,-0.0465,-0.4653,0.2986,-0.1435,0.0504,-0.0116,-0.8414,-0.1163,0.3761,0.5000,-0.2000,-1.4856,0.9295,-1.1641,-0.4638,0.2000,1.2717,-1.0461,1.4456,125.6117,-5.6023,5.5386,-6.8858,6.3229,-0.6385,6.0734,-2.2571,14.6666,7.2700,0.4167,0.16
16.1868,0.0000,0.0000,0.0000,0.0000,0.0000,0.0000,0.2417,-0.3294,0.7368,-0.1115,0.0309,-0.9933,0.4906,-0.2291,-1.3570,0.9005,-1.2158,-0.4672,0.1762,1.4187,-1.0427,1.4015,-0.1977,0.0078,-0.4653,0.3955,-0.0659,0.1086,0.0349,-0.9693,0.1473,0.3761,0.5000,-0.2000,-1.5059,0.9262,-1.1541,-0.4591,0.2000,1.2411,-1.0014,1.4472,125.7000,-5.4531,5.5220,-6.8857,6.2043,-0.5913,6.1103,-2.2591,14.6593,7.2498,0.4444,0.14
16.2078,0.0000,0.0000,0.0000,0.0000,0.0000,0.0000,0.2598,-0.2039,0.5672,-0.1186,0.0269,-0.9926,0.4872,-0.2289,-1.3688,0.9072,-1.2168,-0.4651,0.1763,1.3973,-1.0328,1.4091,-0.1900,0.0931,-0.5002,0.3800,0.0155,0.1241,-0.0310,-1.0042,0.5506,0.3179,0.5000,-0.2000,-1.5263,0.9223,-1.1440,-0.4545,0.2000,1.2106,-0.9519,1.4483,125.7221,-5.2663,5.4860,-6.8682,6.0578,-0.5453,6.1623,-2.2725,14.6448,7.2150,0.4722,0.14
16.2268,0.0000,0.0000,0.0000,0.0000,0.0000,0.0000,0.2745,0.0086,0.4705,-0.1218,0.0239,-0.9923,0.4840,-0.2286,-1.3802,0.9133,-1.2170,-0.4621,0.1766,1.3732,-1.0141,1.4155,-0.1086,0.0931,-0.4343,0.2869,-0.0000,0.1784,-0.0388,-1.1322,0.8530,0.2326,0.5000,-0.2000,-1.5467,0.9180,-1.1340,-0.4520,0.2000,1.1800,-0.9000,1.4770,125.6602,-5.0934,5.4517,-6.8502,5.9292,-0.5203,6.2088,-2.2790,14.6073,7.1801,0.5000,0.18
16.2478,0.0000,0.0000,0.0000,0.0000,0.0000,0.0000,0.3373,0.2224,0.4312,-0.1211,0.0179,-0.9925,0.4813,-0.2282,-1.3929,0.9189,-1.2168,-0.4579,0.1772,1.3504,-0.9905,1.4195,-0.0775,0.0388,-0.5273,0.2675,-0.0310,0.2520,-0.0271,-1.1399,1.2252,0.1977,0.5000,-0.2000,-1.5670,0.9133,-1.1239,-0.4524,0.2000,1.2004,-0.9052,1.4699,125.4905,-4.8927,5.4058,-6.8274,5.7875,-0.5240,6.2712,-2.2897,14.5595,7.1299,0.5278,0.15
16.2668,0.0000,0.0000,0.0000,0.0000,0.0000,0.0000,0.3106,0.4702,0.4189,-0.1163,0.0134,-0.9931,0.4788,-0.2279,-1.4046,0.9229,-1.2158,-0.4534,0.1780,1.3261,-0.9576,1.4275,-0.1086,0.0039,-0.5622,0.1822,0.0349,0.2249,-0.0039,-1.3648,1.4656,0.3528,0.5000,-0.2000,-1.5874,0.9083,-1.1139,-0.4553,0.2000,1.2207,-0.9103,1.4627,125.2412,-4.7267,5.3530,-6.7888,5.6749,-0.5526,6.3207,-2.2964,14.4885,7.0772,0.5556,0.15
16.2868,0.0000,0.0000,0.0000,0.0000,0.0000,0.0000,0.2554,0.6684,0.4135,-0.1065,0.0090,-0.9943,0.4763,-0.2275,-1.4203,0.9260,-1.2142,-0.4500,0.1789,1.3074,-0.9336,1.4315,-0.1590,0.0737,-0.6979,0.1318,0.0039,0.1667,0.0078,-0.7910,1.1438,0.1551,0.5000,-0.2000,-1.6078,0.9031,-1.1038,-0.4597,0.2000,1.2411,-0.9152,1.4556,124.8305,-4.4893,5.2502,-6.7039,5.5421,-0.5973,6.3952,-2.3325,14.4344,6.9774,0.5833,0.14
16.3068,0.0000,0.0000,0.0000,0.0000,0.0000,0.0000,0.2377,0.8274,0.3812,-0.0938,0.0042,-0.9956,0.4742,-0.2273,-1.4364,0.9280,-1.2112,-0.4480,0.1804,1.2984,-0.9133,1.4338,-0.0582,0.0233,-0.7987,0.0853,0.1977,0.0814,0.0737,-0.3684,0.9965,0.0116,0.5000,-0.2000,-1.6078,0.9209,-1.1562,-0.4621,0.2000,1.2615,-0.9198,1.4485,124.3087,-4.2460,5.1419,-6.6177,5.3757,-0.6207,6.4542,-2.3587,14.3654,6.8866,0.6111,0.14
16.3278,0.0000,0.0000,0.0000,0.0000,0.0000,0.0000,0.2012,0.9627,0.3443,-0.0764,0.0000,-0.9971,0.4730,-0.2273,-1.4536,0.9294,-1.2065,-0.4480,0.1826,1.2958,-0.8980,1.4348,-0.0388,0.0582,-0.7367,0.0582,0.2520,0.0504,0.1163,-0.1241,0.7949,0.1047,0.5000,-0.2000,-1.5772,0.9722,-1.1689,-0.4626,0.2000,1.2819,-0.9239,1.4414,123.6866,-3.9967,5.0170,-6.5139,5.1941,-0.6261,6.5068,-2.3817,14.2770,6.7887,0.6389,0.14
16.3468,0.0000,0.0000,0.0000,0.0000,0.0000,0.0000,0.1280,0.8585,0.2754,-0.0587,-0.0026,-0.9983,0.4727,-0.2274,-1.4687,0.9325,-1.2089,-0.4491,0.1852,1.2972,-0.8848,1.4354,0.0659,0.0116,-0.7716,0.1628,-0.1241,-0.0659,0.1706,0.0814,0.5816,0.0698,0.5000,-0.2000,-1.5467,1.0200,-1.1813,-0.4610,0.2000,1.3022,-0.9276,1.4342,122.9783,-3.7050,4.8679,-6.3863,4.9689,-0.6104,6.5548,-2.4076,14.1815,6.6790,0.6667,0.14
16.3678,0.0000,0.0000,0.0000,0.0000,0.0000,0.0000,0.1450,0.5802,0.1288,-0.0464,-0.0061,-0.9989,0.4727,-0.2274,-1.4816,0.9407,-1.2104,-0.4508,0.1873,1.3007,-0.8766,1.4357,0.0078,0.0698,-0.6243,0.3257,0.0582,-0.0931,0.1357,0.0310,0.3567,0.0969,0.5000,-0.2000,-1.5161,1.0621,-1.1931,-0.4581,0.2000,1.3226,-0.9306,1.4271,122.2772,-3.3874,4.6943,-6.2465,4.7126,-0.5808,6.6305,-2.4553,14.1016,6.5633,0.6944,0.15
16.3868,0.0000,0.0000,0.0000,0.0000,0.0000,0.0000,0.1557,0.3300,-0.0333,-0.0378,-0.0107,-0.9992,0.4732,-0.2276,-1.4882,0.9533,-1.2107,-0.4527,0.1895,1.3033,-0.8706,1.4356,0.1551,-0.0000,-0.3179,0.5971,0.0504,-0.0698,0.0737,0.0388,0.2753,-0.0271,0.5000,-0.2000,-1.4856,1.0966,-1.2039,-0.4537,0.2000,1.3430,-0.9331,1.4200,121.6053,-3.1074,4.5329,-6.1147,4.4823,-0.5369,6.7017,-2.5047,14.0209,6.4552,0.7222,0.14
16.4078,0.0000,0.0000,0.0000,0.0000,0.0000,0.0000,0.1375,0.1381,-0.1524,-0.0345,-0.0151,-0.9993,0.4749,-0.2276,-1.4913,0.9699,-1.2100,-0.4543,0.1906,1.3064,-0.8682,1.4357,0.1822,-0.0194,-0.1861,0.7755,0.1241,-0.1047,0.0737,-0.0078,0.0931,0.0039,0.5000,-0.2000,-1.4550,1.1217,-1.2136,-0.4483,0.2000,1.3633,-0.9348,1.4128,120.9617,-2.8585,4.3736,-5.9746,4.2679,-0.4833,6.7776,-2.5555,13.9335,6.3516,0.7500,0.16
16.4268,0.0000,0.0000,0.0000,0.0000,0.0000,0.0000,0.1326,0.1918,-0.2254,-0.0303,-0.0191,-0.9994,0.4774,-0.2276,-1.4898,0.9878,-1.2096,-0.4547,0.1913,1.3083,-0.8687,1.4354,0.2210,-0.0000,0.0310,0.8181,0.0155,0.0388,0.0233,-0.0078,-0.0698,-0.0233,0.5000,-0.2000,-1.4244,1.1364,-1.2221,-0.4435,0.2000,1.3837,-0.9358,1.4057,120.3455,-2.6738,4.2475,-5.8516,4.1195,-0.4349,6.8459,-2.5971,13.8360,6.2622,0.7778,0.16
16.4468,0.0000,0.0000,0.0000,0.0000,0.0000,0.0000,0.1130,0.2552,-0.3441,-0.0231,-0.0236,-0.9995,0.4807,-0.2275,-1.4842,1.0065,-1.2086,-0.4547,0.1918,1.3101,-0.8704,1.4352,0.2869,0.0039,0.0814,0.7910,0.1086,-0.0271,0.0543,0.0116,-0.0465,0.0543,0.5000,-0.2000,-1.3939,1.1398,-1.2293,-0.4389,0.2000,1.4041,-0.9360,1.3986,119.8238,-2.5484,4.1403,-5.7341,4.0091,-0.3890,6.9094,-2.6393,13.7481,6.1835,0.8056,0.16
16.4678,0.0000,0.0000,0.0000,0.0000,0.0000,0.0000,0.0881,0.1655,-0.5445,-0.0175,-0.0269,-0.9995,0.4835,-0.2275,-1.4789,1.0199,-1.2073,-0.4535,0.1924,1.3133,-0.8728,1.4346,0.1357,0.0310,0.1861,0.5816,0.1861,0.0465,0.0000,0.1241,-0.1628,0.0000,0.5000,-0.2000,-1.3633,1.1318,-1.2352,-0.4348,0.2000,1.4244,-0.9355,1.3914,119.4015,-2.4309,4.0278,-5.6137,3.9190,-0.3483,6.9927,-2.7001,13.6894,6.1067,0.8333,0.14
16.4868,0.0000,0.0000,0.0000,0.0000,0.0000,0.0000,0.0548,0.1063,-0.7218,-0.0132,-0.0298,-0.9995,0.4857,-0.2275,-1.4724,1.0289,-1.2066,-0.4511,0.1929,1.3177,-0.8764,1.4334,0.1280,0.0931,0.2094,0.4885,0.0775,0.1086,-0.0349,0.1900,-0.1939,-0.0659,0.5000,-0.2000,-1.3328,1.1129,-1.2398,-0.4297,0.2000,1.4448,-0.9342,1.3842,119.0637,-2.3518,3.9363,-5.5067,3.8594,-0.2975,7.0571,-2.7480,13.6299,6.0480,0.8611,0.14
16.5067,0.0000,0.0000,0.0000,0.0000,0.0000,0.0000,0.0217,0.1048,-0.8929,-0.0095,-0.0323,-0.9994,0.4876,-0.2277,-1.4607,1.0346,-1.2066,-0.4481,0.1931,1.3242,-0.8803,1.4307,0.1512,0.0233,0.5273,0.2482,0.0039,0.1435,0.0427,0.1861,-0.1667,-0.1745,0.5000,-0.2000,-1.3022,1.0839,-1.2432,-0.4252,0.2000,1.4652,-0.9322,1.3742,118.8384,-2.3528,3.8862,-5.4326,3.8667,-0.2517,7.0901,-2.7829,13.5876,6.0247,0.8889,0.14
16.5278,0.0000,0.0000,0.0000,0.0000,0.0000,0.0000,-0.0111,0.1477,-1.0725,-0.0050,-0.0347,-0.9994,0.4894,-0.2280,-1.4467,1.0352,-1.2068,-0.4447,0.1932,1.3314,-0.8842,1.4268,0.1318,-0.0620,0.5855,0.0155,0.0078,0.1939,-0.0194,0.2559,-0.1280,-0.2055,0.5000,-0.2000,-1.2717,1.0461,-1.2456,-0.4224,0.2000,1.4856,-0.9295,1.3641,118.7748,-2.4252,3.8669,-5.3771,3.9348,-0.2243,7.1166,-2.8162,13.5708,6.0081,0.9167,0.14
16.5487,0.0000,0.0000,0.0000,0.0000,0.0000,0.0000,-0.0546,0.2240,-1.2374,0.0005,-0.0356,-0.9994,0.4910,-0.2285,-1.4283,1.0311,-1.2072,-0.4417,0.1931,1.3418,-0.8866,1.4211,0.1086,-0.0000,0.7910,-0.1590,-0.0194,0.1512,0.0039,0.4614,-0.0388,-0.2869,0.5000,-0.2000,-1.2411,1.0014,-1.2472,-0.4212,0.2000,1.5059,-0.9262,1.3541,118.8516,-2.5534,3.8769,-5.3465,4.0532,-0.2121,7.1301,-2.8449,13.5732,6.0088,0.9444,0.14
16.5677,0.0000,0.0000,0.0000,0.0000,0.0000,0.0000,-0.1038,0.3262,-1.4119,0.0082,-0.0352,-0.9993,0.4920,-0.2290,-1.4073,1.0211,-1.2079,-0.4390,0.1931,1.3546,-0.8873,1.4143,0.0659,-0.0116,0.9926,-0.3994,0.0388,0.1086,-0.0388,0.5816,0.0543,-0.2753,0.5000,-0.2000,-1.2106,0.9519,-1.2483,-0.4219,0.2000,1.5263,-0.9223,1.3440,119.1022,-2.7632,3.9287,-5.3468,4.2354,-0.2187,7.1173,-2.8611,13.6009,6.0337,0.9722,0.14
16.5877,0.0000,0.0000,0.0000,0.0000,0.0000,0.0000,-0.1732,0.3653,-1.5189,0.0171,-0.0326,-0.9993,0.4931,-0.2292,-1.3828,1.0046,-1.2085,-0.4364,0.1930,1.3706,-0.8871,1.4069,0.0775,0.0931,1.0585,-0.7522,-0.0039,0.1822,0.0000,0.7445,0.0620,-0.4459,0.5000,-0.2000,-1.1800,0.9000,-1.2770,-0.4257,0.2000,1.5467,-0.9180,1.3340,119.5101,-3.0291,4.0113,-5.3825,4.4604,-0.2565,7.0868,-2.8671,13.6601,6.0876,0.0000,0.14
16.6077,0.0000,0.0000,0.0000,0.0000,0.0000,0.0000,-0.2298,0.4026,-1.5256,0.0270,-0.0275,-0.9993,0.4944,-0.2293,-1.3567,0.9820,-1.2094,-0.4337,0.1930,1.3887,-0.8864,1.3979,0.0620,0.0969,1.2795,-0.9655,-0.0194,0.1667,-0.0039,0.8259,0.0388,-0.4459,0.5000,-0.2000,-1.2004,0.9052,-1.2699,-0.4326,0.2000,1.5670,-0.9133,1.3239,120.0452,-3.3712,4.1399,-5.4651,4.7486,-0.3261,7.0142,-2.8485,13.7465,6.1716,0.0278,0.14
16.6277,0.0000,0.0000,0.0000,0.0000,0.0000,0.0000,-0.1989,0.4407,-1.4666,0.0372,-0.0240,-0.9990,0.4958,-0.2292,-1.3276,0.9534,-1.2158,-0.4320,0.1930,1.4092,-0.8850,1.3878,0.1745,0.0194,1.3997,-1.3144,-0.2365,0.0737,-0.0233,0.9267,0.0659,-0.5234,0.5000,-0.2000,-1.2207,0.9103,-1.2627,-0.4425,0.2000,1.5874,-0.9083,1.3139,120.7026,-3.7452,4.3122,-5.6062,5.0591,-0.4252,6.9168,-2.8074,13.8722,6.2947,0.0556,0.16
16.6477,0.0000,0.0000,0.0000,0.0000,0.0000,0.0000,-0.1635,0.4917,-1.2956,0.0481,-0.0194,-0.9987,0.4983,-0.2289,-1.3055,0.9306,-1.2192,-0.4320,0.1929,1.4309,-0.8832,1.3773,0.1318,-0.0000,0.8995,-0.9849,-0.0931,-0.0194,0.0349,1.0430,0.1008,-0.5234,0.5000,-0.2000,-1.2411,0.9152,-1.2556,-0.4542,0.2000,1.6078,-0.9031,1.3038,121.4600,-4.1551,4.4821,-5.7320,5.3915,-0.5424,6.8130,-2.7622,14.0009,6.3953,0.0833,0.16
16.6677,0.0000,0.0000,0.0000,0.0000,0.0000,0.0000,-0.1224,0.5401,-1.0089,0.0595,-0.0141,-0.9981,0.5019,-0.2279,-1.2903,0.9124,-1.2195,-0.4336,0.1928,1.4544,-0.8815,1.3654,0.2094,0.1047,0.6553,-0.7561,0.0737,-0.0078,-0.0078,1.0663,0.1202,-0.5312,0.5000,-0.2000,-1.2615,0.9198,-1.2485,-0.4668,0.2000,1.6078,-0.9209,1.3562,122.2369,-4.5421,4.6552,-5.8749,5.7048,-0.6676,6.7117,-2.7129,14.1315,6.5089,0.1111,0.15
16.6887,0.0000,0.0000,0.0000,0.0000,0.0000,0.0000,-0.0754,0.5402,-0.7815,0.0711,-0.0090,-0.9974,0.5054,-0.2263,-1.2811,0.8981,-1.2188,-0.4379,0.1925,1.4786,-0.8806,1.3530,0.2249,0.1241,0.3335,-0.6010,0.0388,-0.1590,-0.0620,1.1593,0.0388,-0.5894,0.5000,-0.2000,-1.2819,0.9239,-1.2414,-0.4771,0.2000,1.5772,-0.9722,1.3689,122.9899,-4.8886,4.8176,-6.0131,5.9852,-0.7713,6.6045,-2.6586,14.2677,6.6171,0.1389,0.14
16.7077,0.0000,0.0000,0.0000,0.0000,0.0000,0.0000,-0.0991,0.4612,-0.5439,0.0819,-0.0041,-0.9966,0.5079,-0.2236,-1.2781,0.8878,-1.2176,-0.4447,0.1921,1.4988,-0.8817,1.3520,0.1318,0.1357,0.0620,-0.4265,0.0233,-0.1822,-0.0504,0.8879,-0.0659,-0.0737,0.5000,-0.2000,-1.3022,0.9276,-1.2342,-0.4859,0.2000,1.5467,-1.0200,1.3813,123.7124,-5.2042,4.9695,-6.1440,6.2283,-0.8591,6.4913,-2.5881,14.3717,6.7328,0.1667,0.14
16.7288,0.0000,0.0000,0.0000,0.0000,0.0000,0.0000,-0.1741,0.1938,-0.3124,0.0867,0.0024,-0.9962,0.5099,-0.2207,-1.2790,0.8808,-1.2148,-0.4509,0.1918,1.5125,-0.8895,1.3533,0.0310,0.1590,0.0310,-0.2869,0.1318,-0.2559,-0.0233,0.6902,-0.2908,0.0388,0.5000,-0.2000,-1.3226,0.9306,-1.2271,-0.4935,0.2000,1.5161,-1.0621,1.3931,124.3860,-5.4718,5.0924,-6.2620,6.4347,-0.9347,6.3877,-2.5382,14.4910,6.8395,0.1944,0.15
16.7487,0.0000,0.0000,0.0000,0.0000,0.0000,0.0000,-0.1897,-0.0715,0.0824,0.0862,0.0081,-0.9962,0.5109,-0.2183,-1.2817,0.8780,-1.2115,-0.4572,0.1913,1.5199,-0.9054,1.3574,-0.0000,0.1745,-0.1047,-0.0349,0.0892,-0.2404,-0.0233,0.3373,-0.7794,0.1473,0.5000,-0.2000,-1.3430,0.9331,-1.2200,-0.5000,0.2000,1.4856,-1.0966,1.4039,124.9307,-5.6966,5.2176,-6.3959,6.6167,-1.0033,6.2763,-2.4693,14.5803,6.9499,0.2222,0.14
16.7687,0.0000,0.0000,0.0000,0.0000,0.0000,0.0000,-0.1623,-0.3306,0.5243,0.0804,0.0117,-0.9967,0.5113,-0.2170,-1.2845,0.8779,-1.2078,-0.4626,0.1909,1.5226,-0.9237,1.3644,-0.0310,0.0233,-0.0504,0.0969,0.1977,-0.3412,-0.0349,0.1590,-0.8453,0.3335,0.5000,-0.2000,-1.3633,0.9348,-1.2128,-0.5000,0.2000,1.4550,-1.1217,1.4136,125.3395,-5.9009,5.3478,-6.5554,6.7535,-1.0658,6.1665,-2.3974,14.6530,7.0734,0.2500,0.14
16.7887,0.0000,0.0000,0.0000,0.0000,0.0000,0.0000,-0.1637,-0.4363,0.8657,0.0713,0.0141,-0.9974,0.5113,-0.2166,-1.2885,0.8798,-1.2043,-0.4689,0.1906,1.5214,-0.9440,1.3734,0.0310,0.0853,-0.1551,0.1512,0.1939,-0.2443,-0.0116,0.0271,-0.8375,0.4110,0.5000,-0.2000,-1.3837,0.9358,-1.2057,-0.5000,0.2000,1.4244,-1.1364,1.4221,125.6612,-6.0779,5.4589,-6.6886,6.8553,-1.1042,6.0802,-2.3368,14.7027,7.1783,0.2778,0.14
16.8087,0.0000,0.0000,0.0000,0.0000,0.0000,0.0000,-0.1804,-0.4408,1.1486,0.0630,0.0170,-0.9979,0.5108,-0.2165,-1.2931,0.8835,-1.2006,-0.4743,0.1902,1.5145,-0.9653,1.3846,-0.0000,0.0155,-0.1667,0.1435,0.2133,-0.2482,-0.0931,-0.2986,-0.9887,0.4537,0.5000,-0.2000,-1.4041,0.9360,-1.1986,-0.5000,0.2000,1.3939,-1.1398,1.4293,125.9343,-6.2614,5.5664,-6.8066,6.9617,-1.1202,5.9934,-2.2731,14.7357,7.2721,0.3056,0.14
16.8277,0.0000,0.0000,0.0000,0.0000,0.0000,0.0000,-0.1583,-0.4188,1.3678,0.0553,0.0191,-0.9983,0.5110,-0.2164,-1.2994,0.8874,-1.1966,-0.4819,0.1901,1.5055,-0.9848,1.3963,0.0388,-0.0233,-0.2947,0.2326,0.2055,-0.3179,-0.0349,-0.4226,-0.9189,0.4188,0.5000,-0.2000,-1.4244,0.9355,-1.1914,-0.5000,0.2000,1.3633,-1.1318,1.4352,126.1548,-6.3713,5.6514,-6.9075,7.0171,-1.1251,5.9349,-2.2239,14.7654,7.3413,0.3333,0.15
16.8477,0.0000,0.0000,0.0000,0.0000,0.0000,0.0000,-0.1486,-0.3608,1.5531,0.0484,0.0213,-0.9986,0.5113,-0.2161,-1.3083,0.8910,-1.1919,-0.4893,0.1898,1.4916,-0.9997,1.4078,0.0427,0.0349,-0.3451,0.1551,0.2288,-0.3257,-0.0310,-0.6514,-0.6359,0.5157,0.5000,-0.2000,-1.4448,0.9342,-1.1842,-0.5000,0.2000,1.3328,-1.1129,1.4398,126.3065,-6.4327,5.7206,-6.9983,7.0275,-1.1219,5.8945,-2.1780,14.7697,7.4048,0.3611,0.14
16.8688,0.0000,0.0000,0.0000,0.0000,0.0000,0.0000,-0.1467,-0.2580,1.7214,0.0438,0.0237,-0.9988,0.5114,-0.2161,-1.3183,0.8933,-1.1869,-0.4956,0.1891,1.4746,-1.0114,1.4197,0.0155,0.0349,-0.5467,0.1357,0.2792,-0.2133,-0.0814,-0.8259,-0.5079,0.4343,0.5000,-0.2000,-1.4652,0.9322,-1.1742,-0.5000,0.2000,1.3022,-1.0839,1.4432,126.4043,-6.4772,5.7756,-7.0696,7.0358,-1.1257,5.8636,-2.1401,14.7657,7.4485,0.3889,0.18
16.8888,0.0000,0.0000,0.0000,0.0000,0.0000,0.0000,-0.1110,-0.1336,1.8939,0.0426,0.0254,-0.9988,0.5114,-0.2160,-1.3317,0.8937,-1.1811,-0.4996,0.1884,1.4534,-1.0174,1.4313,-0.0465,0.0155,-0.6243,0.0233,0.3684,-0.1202,-0.0543,-0.9965,-0.1977,0.5351,0.5000,-0.2000,-1.4856,0.9295,-1.1641,-0.5000,0.2000,1.2717,-1.0461,1.4456,126.4116,-6.4730,5.8176,-7.1363,7.0110,-1.1389,5.8469,-2.1055,14.7456,7.4834,0.4167,0.17
16.9087,0.0000,0.0000,0.0000,0.0000,0.0000,0.0000,-0.0690,-0.0760,2.0336,0.0428,0.0260,-0.9987,0.5113,-0.2160,-1.3472,0.8927,-1.1748,-0.5018,0.1875,1.4308,-1.0173,1.4413,-0.0039,0.0853,-0.7755,-0.0775,0.3218,-0.1047,-0.0659,-1.1555,0.0271,0.4575,0.5000,-0.2000,-1.5059,0.9262,-1.1541,-0.5000,0.2000,1.2411,-1.0014,1.4472,126.3167,-6.4015,5.8279,-7.1784,6.9486,-1.1545,5.8457,-2.0857,14.7199,7.4966,0.4444,0.15
16.9287,0.0000,0.0000,0.0000,0.0000,0.0000,0.0000,0.0044,-0.0412,2.1198,0.0434,0.0257,-0.9987,0.5110,-0.2159,-1.3646,0.8910,-1.1683,-0.5034,0.1864,1.4068,-1.0112,1.4496,0.0427,0.0388,-0.8879,-0.0465,0.2908,-0.0116,-0.1357,-1.1555,0.3645,0.3490,0.5000,-0.2000,-1.5263,0.9223,-1.1440,-0.5000,0.2000,1.2106,-0.9519,1.4483,126.1246,-6.2806,5.8171,-7.2026,6.8576,-1.1763,5.8604,-2.0781,14.6870,7.4857,0.4722,0.17
16.9487,0.0000,0.0000,0.0000,0.0000,0.0000,0.0000,0.1516,0.0326,2.1138,0.0450,0.0238,-0.9987,0.5103,-0.2158,-1.3853,0.8878,-1.1636,-0.5040,0.1859,1.3777,-0.9983,1.4562,-0.0737,-0.0233,-0.9577,-0.1628,0.1473,0.0271,-0.0698,-1.4346,0.5894,0.2094,0.5000,-0.2000,-1.5467,0.9180,-1.1340,-0.5000,0.2000,1.1800,-0.9000,1.4770,125.8455,-6.1041,5.7841,-7.2028,6.7426,-1.1953,5.8919,-2.0778,14.6452,7.4549,0.5000,0.15
16.9687,0.0000,0.0000,0.0000,0.0000,0.0000,0.0000,0.2890,0.1246,1.9675,0.0456,0.0198,-0.9988,0.5089,-0.2158,-1.4069,0.8847,-1.1622,-0.5041,0.1852,1.3471,-0.9789,1.4616,-0.1706,-0.0116,-1.0391,-0.0698,-0.0543,0.0465,-0.1202,-1.4307,0.9228,0.2792,0.5000,-0.2000,-1.5670,0.9133,-1.1239,-0.5000,0.2000,1.2004,-0.9052,1.4699,125.5008,-5.8458,5.7153,-7.1619,6.5829,-1.2104,5.9592,-2.1012,14.5955,7.3790,0.5278,0.14
16.9887,0.0000,0.0000,0.0000,0.0000,0.0000,0.0000,0.3681,0.2551,1.5880,0.0477,0.0133,-0.9988,0.5052,-0.2159,-1.4298,0.8840,-1.1626,-0.5038,0.1845,1.3149,-0.9540,1.4711,-0.1900,-0.0271,-1.0857,0.0039,-0.0504,-0.0078,-0.0233,-1.6285,1.1361,0.4459,0.5000,-0.2000,-1.5874,0.9083,-1.1139,-0.5000,0.2000,1.2207,-0.9103,1.4627,125.1767,-5.5488,5.6148,-7.0656,6.4033,-1.2000,6.0405,-2.1414,14.5427,7.2738,0.5556,0.14
17.0097,0.0000,0.0000,0.0000,0.0000,0.0000,0.0000,0.2978,0.4071,1.2471,0.0550,0.0076,-0.9985,0.5014,-0.2161,-1.4519,0.8839,-1.1641,-0.5036,0.1832,1.2929,-0.9332,1.4792,-0.0620,0.0388,-1.0159,0.0078,-0.0814,0.0271,-0.0659,-1.0469,1.0275,0.4149,0.5000,-0.2000,-1.6078,0.9031,-1.1038,-0.5000,0.2000,1.2411,-0.9152,1.4556,124.7926,-5.2112,5.4787,-6.9349,6.1982,-1.1842,6.1380,-2.1987,14.4909,7.1409,0.5833,0.15
17.0287,0.0000,0.0000,0.0000,0.0000,0.0000,0.0000,0.2308,0.6124,0.8118,0.0639,0.0019,-0.9980,0.5006,-0.2166,-1.4758,0.8837,-1.1649,-0.5045,0.1830,1.2761,-0.9139,1.4865,0.0233,0.0737,-1.1283,-0.0078,-0.0620,-0.0388,-0.0116,-0.6320,0.8491,0.3024,0.5000,-0.2000,-1.6078,0.9209,-1.1562,-0.5000,0.2000,1.2615,-0.9198,1.4485,124.3863,-4.8503,5.3216,-6.7736,5.9754,-1.1410,6.2441,-2.2624,14.4376,6.9880,0.6111,0.16
17.0497,0.0000,0.0000,0.0000,0.0000,0.0000,0.0000,0.2200,0.7972,0.3516,0.0775,-0.0041,-0.9970,0.4964,-0.2174,-1.4976,0.8846,-1.1645,-0.5045,0.1837,1.2689,-0.9000,1.4915,-0.1163,-0.0698,-1.0663,0.1008,0.0078,0.0388,0.0427,-0.3141,0.7289,0.2210,0.5000,-0.2000,-1.5772,0.9722,-1.1689,-0.5000,0.2000,1.2819,-0.9239,1.4414,123.9625,-4.5004,5.1646,-6.6142,5.7501,-1.0787,6.3479,-2.3183,14.3799,6.8309,0.6389,0.16
17.0687,0.0000,0.0000,0.0000,0.0000,0.0000,0.0000,0.1844,0.7078,0.0611,0.0914,-0.0100,-0.9958,0.4936,-0.2187,-1.5157,0.8882,-1.1701,-0.5033,0.1858,1.2675,-0.8860,1.4957,0.0155,0.0233,-1.0159,0.2404,-0.2482,0.0155,0.0969,-0.0698,0.6669,0.1590,0.5000,-0.2000,-1.5467,1.0200,-1.1813,-0.5000,0.2000,1.3022,-0.9276,1.4342,123.4580,-4.0978,4.9853,-6.4648,5.4542,-1.0168,6.4603,-2.3729,14.3003,6.6924,0.6667,0.15
17.0887,0.0000,0.0000,0.0000,0.0000,0.0000,0.0000,0.2322,0.4289,-0.1750,0.1013,-0.0181,-0.9947,0.4928,-0.2207,-1.5289,0.9005,-1.1754,-0.5034,0.1880,1.2700,-0.8748,1.4990,0.0233,-0.1202,-0.7367,0.6592,-0.2365,-0.0000,0.1900,0.0620,0.5428,0.1435,0.5000,-0.2000,-1.5161,1.0621,-1.1931,-0.4958,0.2000,1.3226,-0.9306,1.4271,122.9145,-3.7258,4.8045,-6.3278,5.1605,-0.9579,6.5608,-2.4294,14.2215,6.5674,0.6944,0.14
17.1087,0.0000,0.0000,0.0000,0.0000,0.0000,0.0000,0.2045,0.0558,-0.3991,0.1033,-0.0264,-0.9943,0.4931,-0.2228,-1.5369,0.9177,-1.1788,-0.5034,0.1902,1.2737,-0.8641,1.5011,0.0698,-0.1745,-0.4924,0.8336,-0.1512,-0.0000,0.0155,0.0853,0.5273,0.0543,0.5000,-0.2000,-1.4856,1.0966,-1.2039,-0.4894,0.2000,1.3430,-0.9331,1.4200,122.3752,-3.3848,4.6171,-6.1883,4.8703,-0.8942,6.6712,-2.5003,14.1537,6.4531,0.7222,0.14
17.1287,0.0000,0.0000,0.0000,0.0000,0.0000,0.0000,0.1567,-0.1064,-0.6331,0.1005,-0.0330,-0.9944,0.4939,-0.2252,-1.5399,0.9390,-1.1812,-0.5029,0.1914,1.2761,-0.8582,1.5013,0.0582,-0.0271,-0.1280,0.8763,-0.0969,0.0582,-0.0155,-0.0698,0.0775,0.0116,0.5000,-0.2000,-1.4550,1.1217,-1.2136,-0.4813,0.2000,1.3633,-0.9348,1.4128,121.8450,-3.0993,4.4378,-6.0296,4.6382,-0.8127,6.7766,-2.5688,14.0659,6.3459,0.7500,0.14
17.1487,0.0000,0.0000,0.0000,0.0000,0.0000,0.0000,0.2116,-0.0892,-0.7167,0.0992,-0.0396,-0.9943,0.4949,-0.2271,-1.5373,0.9592,-1.1829,-0.5008,0.1931,1.2778,-0.8572,1.4997,0.1667,-0.1086,0.1008,0.9732,-0.0427,0.1939,0.0194,-0.0233,0.0388,-0.1008,0.5000,-0.2000,-1.4244,1.1364,-1.2221,-0.4749,0.2000,1.3837,-0.9358,1.4057,121.3281,-2.8862,4.3094,-5.9191,4.4598,-0.7494,6.8635,-2.6174,13.9827,6.2614,0.7778,0.14
17.1687,0.0000,0.0000,0.0000,0.0000,0.0000,0.0000,0.1733,-0.1320,-0.8364,0.0974,-0.0445,-0.9943,0.4969,-0.2288,-1.5319,0.9795,-1.1839,-0.4977,0.1938,1.2806,-0.8586,1.4960,0.0698,-0.1047,0.2171,0.9344,0.0775,0.1861,0.0000,0.1241,-0.1163,-0.1939,0.5000,-0.2000,-1.3939,1.1398,-1.2293,-0.4691,0.2000,1.4041,-0.9360,1.3986,120.8458,-2.7267,4.1807,-5.7902,4.3228,-0.6913,6.9477,-2.6757,13.9062,6.1757,0.8056,0.14
17.1887,0.0000,0.0000,0.0000,0.0000,0.0000,0.0000,0.1334,-0.1463,-0.9959,0.0950,-0.0479,-0.9943,0.4984,-0.2296,-1.5237,0.9977,-1.1849,-0.4948,0.1938,1.2853,-0.8618,1.4902,0.0853,0.0155,0.3490,0.7794,0.0504,0.1280,-0.0388,0.1667,-0.1318,-0.2559,0.5000,-0.2000,-1.3633,1.1318,-1.2352,-0.4616,0.2000,1.4244,-0.9355,1.3914,120.4183,-2.5938,4.0680,-5.6674,4.2039,-0.6161,7.0281,-2.7309,13.8291,6.1079,0.8333,0.14
17.2097,0.0000,0.0000,0.0000,0.0000,0.0000,0.0000,0.1226,-0.1121,-1.1984,0.0930,-0.0499,-0.9944,0.4995,-0.2300,-1.5114,1.0108,-1.1863,-0.4919,0.1935,1.2921,-0.8659,1.4830,0.0155,-0.0000,0.5700,0.5739,-0.0853,0.1590,-0.1086,0.2714,-0.1706,-0.3761,0.5000,-0.2000,-1.3328,1.1129,-1.2398,-0.4541,0.2000,1.4448,-0.9342,1.3842,120.0779,-2.5212,3.9873,-5.5634,4.1463,-0.5410,7.0881,-2.7778,13.7676,6.0542,0.8611,0.14
17.2297,0.0000,0.0000,0.0000,0.0000,0.0000,0.0000,0.0963,-0.0015,-1.4257,0.0935,-0.0498,-0.9944,0.5006,-0.2307,-1.4955,1.0186,-1.1879,-0.4887,0.1928,1.3019,-0.8706,1.4746,0.1163,-0.0194,0.6940,0.3528,-0.0620,0.1551,-0.0853,0.4537,-0.2443,-0.4149,0.5000,-0.2000,-1.3022,1.0839,-1.2432,-0.4475,0.2000,1.4652,-0.9322,1.3742,119.8864,-2.5262,3.9386,-5.4740,4.1500,-0.4748,7.1300,-2.8182,13.7210,6.0194,0.8889,0.15
17.2507,0.0000,0.0000,0.0000,0.0000,0.0000,0.0000,0.0837,0.0935,-1.6600,0.0960,-0.0490,-0.9942,0.5017,-0.2313,-1.4758,1.0208,-1.1894,-0.4851,0.1919,1.3146,-0.8745,1.4663,0.1357,0.0039,0.8104,0.0698,-0.0465,0.2016,-0.0659,0.6669,-0.1590,-0.3722,0.5000,-0.2000,-1.2717,1.0461,-1.2456,-0.4422,0.2000,1.4856,-0.9295,1.3641,119.8574,-2.5885,3.9214,-5.4142,4.1946,-0.4223,7.1654,-2.8538,13.6971,6.0068,0.9167,0.15
17.2697,0.0000,0.0000,0.0000,0.0000,0.0000,0.0000,0.0540,0.1843,-1.8836,0.1005,-0.0459,-0.9939,0.5024,-0.2319,-1.4525,1.0184,-1.1912,-0.4808,0.1903,1.3309,-0.8776,1.4568,0.0814,0.0310,1.1283,-0.0931,-0.0155,0.2288,-0.1124,0.6514,-0.0853,-0.4730,0.5000,-0.2000,-1.2411,1.0014,-1.2472,-0.4384,0.2000,1.5059,-0.9262,1.3541,120.0041,-2.7451,3.9412,-5.3806,4.3219,-0.3840,7.1680,-2.8769,13.7002,6.0164,0.9444,0.15
17.2897,0.0000,0.0000,0.0000,0.0000,0.0000,0.0000,0.0314,0.2864,-2.0756,0.1072,-0.0415,-0.9934,0.5027,-0.2323,-1.4249,1.0105,-1.1935,-0.4759,0.1894,1.3507,-0.8785,1.4469,0.0853,0.0271,1.2950,-0.3179,-0.1202,0.2792,-0.0233,0.9926,0.0504,-0.4808,0.5000,-0.2000,-1.2106,0.9519,-1.2483,-0.4372,0.2000,1.5263,-0.9223,1.3440,120.3023,-2.9530,3.9979,-5.3845,4.4860,-0.3717,7.1568,-2.8900,13.7330,6.0466,0.9722,0.14
17.3107,0.0000,0.0000,0.0000,0.0000,0.0000,0.0000,-0.0390,0.3623,-2.2521,0.1150,-0.0361,-0.9927,0.5030,-0.2326,-1.3952,0.9963,-1.1960,-0.4709,0.1886,1.3718,-0.8783,1.4370,0.0427,-0.0310,1.4230,-0.6902,0.0039,0.2171,-0.0582,1.0081,0.0116,-0.3800,0.5000,-0.2000,-1.1800,0.9000,-1.2770,-0.4383,0.2000,1.5467,-0.9180,1.3340,120.7988,-3.2539,4.0930,-5.4164,4.7195,-0.3828,7.1134,-2.8883,13.7976,6.1081,0.0000,0.14
17.3307,0.0000,0.0000,0.0000,0.0000,0.0000,0.0000,-0.1258,0.4052,-2.2285,0.1238,-0.0273,-0.9919,0.5040,-0.2321,-1.3645,0.9764,-1.1983,-0.4667,0.1885,1.3946,-0.8776,1.4264,0.1086,0.0310,1.6014,-0.9693,-0.0233,0.1396,-0.0039,1.1710,0.0465,-0.5273,0.5000,-0.2000,-1.2004,0.9052,-1.2699,-0.4435,0.2000,1.5670,-0.9133,1.3239,121.4030,-3.6076,4.2205,-5.4974,4.9935,-0.4347,7.0431,-2.8704,13.8961,6.1993,0.0278,0.14
17.3507,0.0000,0.0000,0.0000,0.0000,0.0000,0.0000,-0.0693,0.4945,-2.0573,0.1339,-0.0196,-0.9908,0.5076,-0.2314,-1.3297,0.9489,-1.2052,-0.4642,0.1889,1.4199,-0.8761,1.4153,0.1939,0.0698,1.7293,-1.2330,-0.3141,0.1318,0.0659,1.1477,0.0775,-0.5583,0.5000,-0.2000,-1.2207,0.9103,-1.2627,-0.4528,0.2000,1.5874,-0.9083,1.3139,122.0894,-4.0111,4.4066,-5.6517,5.3106,-0.5285,6.9274,-2.8093,14.0207,6.3399,0.0556,0.14
17.3697,0.0000,0.0000,0.0000,0.0000,0.0000,0.0000,-0.0481,0.5882,-1.7755,0.1452,-0.0125,-0.9893,0.5124,-0.2299,-1.3025,0.9270,-1.2088,-0.4629,0.1892,1.4452,-0.8728,1.4041,0.2830,0.2016,1.1826,-0.9344,-0.1008,0.0116,-0.0543,1.1244,0.2016,-0.5739,0.5000,-0.2000,-1.2411,0.9152,-1.2556,-0.4653,0.2000,1.6078,-0.9031,1.3038,122.8858,-4.4650,4.5901,-5.7912,5.6586,-0.6525,6.8117,-2.7556,14.1572,6.4581,0.0833,0.15
17.3907,0.0000,0.0000,0.0000,0.0000,0.0000,0.0000,-0.0304,0.7067,-1.4343,0.1584,-0.0066,-0.9874,0.5177,-0.2273,-1.2823,0.9095,-1.2095,-0.4637,0.1898,1.4718,-0.8691,1.3922,0.2869,0.1435,0.8414,-0.6475,-0.0543,-0.0582,0.0271,1.1322,0.2094,-0.6708,0.5000,-0.2000,-1.2615,0.9198,-1.2485,-0.4782,0.2000,1.6078,-0.9209,1.3562,123.6929,-4.9180,4.7835,-5.9407,6.0116,-0.7824,6.6778,-2.6881,14.3015,6.5811,0.1111,0.14
17.4107,0.0000,0.0000,0.0000,0.0000,0.0000,0.0000,-0.0445,0.7736,-1.0509,0.1731,0.0003,-0.9849,0.5227,-0.2239,-1.2711,0.8983,-1.2089,-0.4671,0.1903,1.4958,-0.8654,1.3797,0.2249,0.1124,0.5002,-0.4769,0.0465,-0.1939,0.0233,1.1167,0.1861,-0.5622,0.5000,-0.2000,-1.2819,0.9239,-1.2414,-0.4911,0.2000,1.5772,-0.9722,1.3689,124.4524,-5.3356,4.9649,-6.0843,6.3299,-0.9111,6.5483,-2.6181,14.4313,6.6993,0.1389,0.15
17.4297,0.0000,0.0000,0.0000,0.0000,0.0000,0.0000,-0.0418,0.7017,-0.6668,0.1871,0.0058,-0.9823,0.5269,-0.2196,-1.2652,0.8889,-1.2067,-0.4722,0.1907,1.5174,-0.8657,1.3796,0.2404,0.2365,0.2947,-0.4032,0.1124,-0.1861,-0.0465,0.9810,-0.0039,0.0039,0.5000,-0.2000,-1.3022,0.9276,-1.2342,-0.5000,0.2000,1.5467,-1.0200,1.3813,125.1518,-5.6688,5.1263,-6.2376,6.5842,-1.0344,6.4323,-2.5457,14.5460,6.8316,0.1667,0.16
17.4497,0.0000,0.0000,0.0000,0.0000,0.0000,0.0000,-0.1331,0.4405,-0.2749,0.1970,0.0115,-0.9803,0.5303,-0.2153,-1.2638,0.8825,-1.2030,-0.4783,0.1910,1.5312,-0.8723,1.3827,0.1977,0.2288,0.1396,-0.1977,0.2326,-0.2482,-0.0465,0.5894,-0.2404,0.0853,0.5000,-0.2000,-1.3226,0.9306,-1.2271,-0.5000,0.2000,1.5161,-1.0621,1.3931,125.7909,-6.0017,5.2750,-6.3859,6.8402,-1.1494,6.2929,-2.4716,14.6620,6.9646,0.1944,0.15
17.4707,0.0000,0.0000,0.0000,0.0000,0.0000,0.0000,-0.2154,0.0734,0.1470,0.1993,0.0169,-0.9798,0.5329,-0.2120,-1.2648,0.8797,-1.1992,-0.4856,0.1915,1.5389,-0.8845,1.3889,0.1551,0.1822,-0.0465,-0.1163,0.1473,-0.3839,0.0000,0.3490,-0.5777,0.2404,0.5000,-0.2000,-1.3430,0.9331,-1.2200,-0.5000,0.2000,1.4856,-1.0966,1.4039,126.3072,-6.2524,5.4053,-6.5322,7.0330,-1.2471,6.1666,-2.4016,14.7656,7.0891,0.2222,0.15
17.4907,0.0000,0.0000,0.0000,0.0000,0.0000,0.0000,-0.2647,-0.1174,0.5869,0.1963,0.0208,-0.9803,0.5345,-0.2098,-1.2673,0.8802,-1.1962,-0.4917,0.1923,1.5405,-0.9032,1.3971,0.0737,0.1280,-0.0271,0.1124,0.0814,-0.1939,0.0310,0.0000,-0.7522,0.3761,0.5000,-0.2000,-1.3633,0.9348,-1.2128,-0.5000,0.2000,1.4550,-1.1217,1.4136,126.7133,-6.5013,5.5412,-6.6817,7.2130,-1.3271,6.0431,-2.3218,14.8330,7.2092,0.2500,0.14
17.5097,0.0000,0.0000,0.0000,0.0000,0.0000,0.0000,-0.2774,-0.1028,0.9469,0.1936,0.0233,-0.9808,0.5349,-0.2091,-1.2707,0.8832,-1.1939,-0.4966,0.1930,1.5371,-0.9236,1.4070,0.1086,-0.0000,-0.1628,0.2133,0.0698,-0.1667,-0.0155,-0.2171,-0.9267,0.5002,0.5000,-0.2000,-1.3837,0.9358,-1.2057,-0.5000,0.2000,1.4244,-1.1364,1.4221,127.0682,-6.7420,5.6760,-6.8205,7.3772,-1.3834,5.9357,-2.2461,14.8852,7.3151,0.2778,0.15
17.5297,0.0000,0.0000,0.0000,0.0000,0.0000,0.0000,-0.2811,-0.0844,1.1714,0.1916,0.0253,-0.9811,0.5346,-0.2093,-1.2767,0.8879,-1.1916,-0.5005,0.1934,1.5290,-0.9434,1.4179,-0.0427,0.0271,-0.2714,0.2482,0.1396,-0.1047,0.0271,-0.4110,-0.8181,0.4537,0.5000,-0.2000,-1.4041,0.9360,-1.1986,-0.5000,0.2000,1.3939,-1.1398,1.4293,127.3780,-6.9206,5.7797,-6.9315,7.4874,-1.4166,5.8649,-2.1908,14.9317,7.3955,0.3056,0.15
17.5507,0.0000,0.0000,0.0000,0.0000,0.0000,0.0000,-0.2789,-0.0696,1.3065,0.1898,0.0262,-0.9815,0.5337,-0.2098,-1.2851,0.8926,-1.1896,-0.5041,0.1931,1.5178,-0.9628,1.4294,-0.0465,0.0194,-0.3761,0.2559,0.1086,-0.1086,-0.0698,-0.5506,-0.7949,0.4808,0.5000,-0.2000,-1.4244,0.9355,-1.1914,-0.5000,0.2000,1.3633,-1.1318,1.4352,127.6360,-7.0252,5.8603,-7.0194,7.5470,-1.4216,5.8108,-2.1434,14.9651,7.4576,0.3333,0.15
17.5707,0.0000,0.0000,0.0000,0.0000,0.0000,0.0000,-0.2541,0.0097,1.4728,0.1899,0.0258,-0.9815,0.5322,-0.2108,-1.2954,0.8974,-1.1866,-0.5064,0.1922,1.5022,-0.9797,1.4408,-0.1241,-0.0155,-0.4692,0.1822,0.1706,-0.0737,-0.1473,-0.7367,-0.7600,0.5545,0.5000,-0.2000,-1.4448,0.9342,-1.1842,-0.5000,0.2000,1.3328,-1.1129,1.4398,127.8193,-7.0983,5.9325,-7.1040,7.5797,-1.4228,5.7676,-2.0927,14.9724,7.5136,0.3611,0.15
17.5907,0.0000,0.0000,0.0000,0.0000,0.0000,0.0000,-0.2618,0.1020,1.6834,0.1913,0.0247,-0.9812,0.5306,-0.2120,-1.3069,0.9016,-1.1831,-0.5085,0.1906,1.4849,-0.9916,1.4508,-0.0698,-0.0504,-0.5816,0.1590,0.1512,-0.0349,-0.0543,-0.8104,-0.5196,0.3916,0.5000,-0.2000,-1.4652,0.9322,-1.1742,-0.5000,0.2000,1.3022,-1.0839,1.4432,127.8960,-7.1390,5.9899,-7.1809,7.5831,-1.4296,5.7304,-2.0460,14.9617,7.5603,0.3889,0.14
17.6107,0.0000,0.0000,0.0000,0.0000,0.0000,0.0000,-0.2401,0.2444,1.8853,0.1958,0.0222,-0.9804,0.5301,-0.2128,-1.3197,0.9042,-1.1783,-0.5108,0.1891,1.4642,-0.9976,1.4593,-0.0000,-0.0271,-0.5622,0.1047,0.3102,-0.0698,-0.0659,-0.9655,-0.2210,0.4304,0.5000,-0.2000,-1.4856,0.9295,-1.1641,-0.5000,0.2000,1.2717,-1.0461,1.4456,127.8857,-7.1554,6.0360,-7.2512,7.5754,-1.4491,5.7051,-2.0054,14.9349,7.5970,0.4167,0.15
17.6307,0.0000,0.0000,0.0000,0.0000,0.0000,0.0000,-0.2382,0.3743,2.0802,0.2037,0.0187,-0.9789,0.5297,-0.2134,-1.3355,0.9047,-1.1721,-0.5126,0.1875,1.4403,-0.9982,1.4667,-0.0233,0.0116,-0.7832,-0.0233,0.3955,-0.0698,-0.0465,-1.1904,-0.0194,0.2637,0.5000,-0.2000,-1.5059,0.9262,-1.1541,-0.5000,0.2000,1.2411,-1.0014,1.4472,127.7766,-7.1388,6.0603,-7.2987,7.5553,-1.4818,5.6914,-1.9732,14.8974,7.6125,0.4444,0.17
17.6507,0.0000,0.0000,0.0000,0.0000,0.0000,0.0000,-0.2418,0.4556,2.2558,0.2138,0.0136,-0.9768,0.5295,-0.2139,-1.3532,0.9037,-1.1645,-0.5139,0.1860,1.4139,-0.9934,1.4730,0.0078,-0.0233,-0.9383,-0.0698,0.4110,-0.0194,-0.0931,-1.2601,0.2094,0.2908,0.5000,-0.2000,-1.5263,0.9223,-1.1440,-0.5000,0.2000,1.2106,-0.9519,1.4483,127.5594,-7.0694,6.0643,-7.3264,7.5081,-1.5283,5.6908,-1.9503,14.8443,7.6056,0.4722,0.16
17.6707,0.0000,0.0000,0.0000,0.0000,0.0000,0.0000,-0.2290,0.5021,2.4153,0.2252,0.0066,-0.9743,0.5291,-0.2143,-1.3736,0.9009,-1.1557,-0.5148,0.1851,1.3847,-0.9827,1.4773,0.0620,0.0388,-0.9500,-0.2133,0.3955,-0.0233,-0.0582,-1.4424,0.4575,0.2210,0.5000,-0.2000,-1.5467,0.9180,-1.1340,-0.5000,0.2000,1.1800,-0.9000,1.4770,127.2244,-6.9445,6.0421,-7.3371,7.4291,-1.5818,5.7055,-1.9384,14.7786,7.5847,0.5000,0.15
17.6907,0.0000,0.0000,0.0000,0.0000,0.0000,0.0000,-0.2057,0.5391,2.5504,0.2378,-0.0010,-0.9713,0.5288,-0.2144,-1.3962,0.8968,-1.1462,-0.5152,0.1849,1.3522,-0.9663,1.4793,0.0078,0.0582,-1.0973,-0.1861,0.4614,0.0388,0.0233,-1.5897,0.8104,0.0039,0.5000,-0.2000,-1.5670,0.9133,-1.1239,-0.5000,0.2000,1.2004,-0.9052,1.4699,126.7846,-6.7911,5.9977,-7.3267,7.3417,-1.6508,5.7397,-1.9400,14.7011,7.5324,0.5278,0.15
17.7107,0.0000,0.0000,0.0000,0.0000,0.0000,0.0000,-0.1796,0.5235,2.6588,0.2498,-0.0109,-0.9682,0.5281,-0.2143,-1.4204,0.8911,-1.1361,-0.5151,0.1850,1.3173,-0.9459,1.4849,-0.0465,0.0271,-1.2485,-0.2637,0.4963,0.0155,-0.0465,-1.5742,0.9693,0.2792,0.5000,-0.2000,-1.5874,0.9083,-1.1139,-0.5000,0.2000,1.2207,-0.9103,1.4627,126.2356,-6.5683,5.9273,-7.2914,7.2166,-1.7283,5.7919,-1.9544,14.6093,7.4576,0.5556,0.14
17.7307,0.0000,0.0000,0.0000,0.0000,0.0000,0.0000,-0.2786,0.6228,2.6388,0.2625,-0.0208,-0.9647,0.5267,-0.2141,-1.4454,0.8849,-1.1263,-0.5148,0.1854,1.2900,-0.9311,1.4889,-0.0271,0.0543,-1.2601,-0.2908,0.5428,0.0155,-0.0543,-1.3067,0.6979,0.1628,0.5000,-0.2000,-1.6078,0.9031,-1.1038,-0.5000,0.2000,1.2411,-0.9152,1.4556,125.6174,-6.3432,5.8205,-7.2008,7.0988,-1.7802,5.8455,-1.9857,14.5207,7.3488,0.5833,0.14
17.7517,0.0000,0.0000,0.0000,0.0000,0.0000,0.0000,-0.4066,0.6873,2.5412,0.2761,-0.0292,-0.9607,0.5250,-0.2139,-1.4717,0.8782,-1.1162,-0.5148,0.1866,1.2688,-0.9214,1.4915,-0.0582,-0.0000,-1.2950,-0.2869,0.4575,-0.0194,-0.0116,-1.0081,0.4769,0.1861,0.5000,-0.2000,-1.6078,0.9209,-1.1562,-0.5000,0.2000,1.2615,-0.9198,1.4485,124.9257,-6.0636,5.6896,-7.0764,6.9341,-1.7982,5.9072,-2.0230,14.4239,7.2165,0.6111,0.14
17.7707,0.0000,0.0000,0.0000,0.0000,0.0000,0.0000,-0.4383,0.6890,2.4564,0.2914,-0.0350,-0.9560,0.5235,-0.2135,-1.4981,0.8711,-1.1072,-0.5141,0.1891,1.2546,-0.9161,1.4912,-0.0388,0.0233,-1.3571,-0.2947,0.4924,0.0504,0.1280,-0.6708,0.2171,-0.0504,0.5000,-0.2000,-1.5772,0.9722,-1.1689,-0.5000,0.2000,1.2819,-0.9239,1.4414,124.1622,-5.7288,5.5362,-6.9459,6.7221,-1.8037,5.9860,-2.0703,14.3297,7.0776,0.6389,0.14
17.7917,0.0000,0.0000,0.0000,0.0000,0.0000,0.0000,-0.2954,0.3370,2.2533,0.3001,-0.0439,-0.9529,0.5218,-0.2131,-1.5244,0.8661,-1.1096,-0.5127,0.1912,1.2445,-0.9150,1.4897,-0.0853,0.0698,-1.3610,-0.2869,-0.0620,0.1047,0.0504,-0.5467,0.0427,-0.1047,0.5000,-0.2000,-1.5467,1.0200,-1.1813,-0.5000,0.2000,1.3022,-0.9276,1.4342,123.2897,-5.2268,5.3431,-6.8034,6.3774,-1.7674,6.0945,-2.1320,14.2371,6.9281,0.6667,0.14
17.8107,0.0000,0.0000,0.0000,0.0000,0.0000,0.0000,-0.1158,-0.1777,1.7631,0.2981,-0.0540,-0.9530,0.5185,-0.2128,-1.5441,0.8669,-1.1143,-0.5108,0.1941,1.2363,-0.9166,1.4868,-0.2637,0.0155,-0.9965,0.1163,-0.3063,0.1357,0.1047,-0.5002,-0.1628,-0.1939,0.5000,-0.2000,-1.5161,1.0621,-1.1931,-0.5000,0.2000,1.3226,-0.9306,1.4271,122.4351,-4.7050,5.1167,-6.6167,6.0083,-1.6736,6.2097,-2.2155,14.1556,6.7543,0.6944,0.15
17.8307,0.0000,0.0000,0.0000,0.0000,0.0000,0.0000,-0.0609,-0.6041,1.0531,0.2880,-0.0624,-0.9556,0.5136,-0.2127,-1.5587,0.8760,-1.1219,-0.5094,0.1964,1.2283,-0.9216,1.4820,-0.2016,-0.0000,-0.5971,0.5234,-0.3528,0.1396,0.1280,-0.4924,-0.3606,-0.2482,0.5000,-0.2000,-1.4856,1.0966,-1.2039,-0.5000,0.2000,1.3430,-0.9331,1.4200,121.7115,-4.1949,4.8722,-6.3806,5.6333,-1.5209,6.3487,-2.3202,14.0736,6.5632,0.7222,0.18
17.8517,0.0000,0.0000,0.0000,0.0000,0.0000,0.0000,-0.0758,-0.8666,0.3498,0.2730,-0.0646,-0.9599,0.5088,-0.2125,-1.5649,0.8935,-1.1307,-0.5074,0.1982,1.2220,-0.9299,1.4754,-0.2288,-0.0194,-0.2869,0.7716,-0.3877,0.1163,0.0543,-0.4110,-0.5234,-0.3877,0.5000,-0.2000,-1.4550,1.1217,-1.2136,-0.5000,0.2000,1.3633,-0.9348,1.4128,121.1243,-3.7369,4.6410,-6.1434,5.2797,-1.3348,6.5041,-2.4256,13.9837,6.3788,0.7500,0.16
17.8726,0.0000,0.0000,0.0000,0.0000,0.0000,0.0000,0.0297,-0.9500,-0.3621,0.2569,-0.0633,-0.9644,0.5055,-0.2124,-1.5651,0.9124,-1.1380,-0.5061,0.1990,1.2179,-0.9403,1.4669,-0.1047,0.0388,0.0737,1.0120,-0.3296,0.0853,0.0194,-0.3645,-0.4653,-0.4575,0.5000,-0.2000,-1.4244,1.1364,-1.2221,-0.5000,0.2000,1.3837,-0.9358,1.4057,120.7147,-3.3249,4.4377,-5.9353,4.9554,-1.1347,6.6749,-2.5310,13.9072,6.2178,0.7778,0.18
17.8926,0.0000,0.0000,0.0000,0.0000,0.0000,0.0000,0.1170,-0.9184,-1.0426,0.2425,-0.0609,-0.9682,0.5037,-0.2125,-1.5602,0.9348,-1.1452,-0.5052,0.1990,1.2171,-0.9499,1.4581,-0.0465,0.0271,0.2133,1.0159,-0.3684,0.0814,-0.0427,0.0078,-0.4265,-0.4226,0.5000,-0.2000,-1.3939,1.1398,-1.2293,-0.4935,0.2000,1.4041,-0.9360,1.3986,120.4433,-2.9742,4.2596,-5.7417,4.6721,-0.9353,6.8431,-2.6319,13.8387,6.0756,0.8056,0.16
17.9127,0.0000,0.0000,0.0000,0.0000,0.0000,0.0000,0.1291,-0.9107,-1.5638,0.2281,-0.0570,-0.9720,0.5030,-0.2127,-1.5499,0.9562,-1.1525,-0.5042,0.1986,1.2213,-0.9576,1.4493,0.0543,0.0116,0.5079,1.0818,-0.3839,0.0775,-0.0078,0.2288,-0.2443,-0.3567,0.5000,-0.2000,-1.3633,1.1318,-1.2352,-0.4749,0.2000,1.4244,-0.9355,1.3914,120.2716,-2.7196,4.1150,-5.5761,4.4511,-0.7495,6.9761,-2.7140,13.7679,5.9777,0.8333,0.15
17.9326,0.0000,0.0000,0.0000,0.0000,0.0000,0.0000,0.1796,-0.8045,-2.0096,0.2152,-0.0525,-0.9752,0.5030,-0.2133,-1.5349,0.9748,-1.1600,-0.5024,0.1978,1.2303,-0.9624,1.4409,0.0194,-0.0310,0.7406,0.9965,-0.3490,0.0775,-0.0233,0.5312,-0.1628,-0.4032,0.5000,-0.2000,-1.3328,1.1129,-1.2398,-0.4592,0.2000,1.4448,-0.9342,1.3842,120.2052,-2.5586,4.0083,-5.4423,4.3124,-0.5918,7.0919,-2.7884,13.7214,5.9055,0.8611,0.14
17.9527,0.0000,0.0000,0.0000,0.0000,0.0000,0.0000,0.1997,-0.6274,-2.3885,0.2047,-0.0477,-0.9777,0.5032,-0.2148,-1.5164,0.9897,-1.1673,-0.4981,0.1968,1.2428,-0.9638,1.4340,0.0737,-0.1241,0.9655,0.7057,-0.3567,0.2326,-0.1241,0.6243,0.0388,-0.3218,0.5000,-0.2000,-1.3022,1.0839,-1.2432,-0.4460,0.2000,1.4652,-0.9322,1.3742,120.2614,-2.5069,3.9524,-5.3464,4.2555,-0.4603,7.1725,-2.8421,13.6856,5.8751,0.8889,0.14
17.9726,0.0000,0.0000,0.0000,0.0000,0.0000,0.0000,0.1895,-0.4319,-2.6762,0.1982,-0.0416,-0.9793,0.5034,-0.2171,-1.4944,0.9987,-1.1744,-0.4919,0.1951,1.2596,-0.9629,1.4283,0.0388,-0.0737,1.0430,0.5506,-0.2288,0.3218,-0.1745,0.8685,0.1667,-0.2869,0.5000,-0.2000,-1.2717,1.0461,-1.2456,-0.4364,0.2000,1.4856,-0.9295,1.3641,120.4433,-2.5500,3.9237,-5.2708,4.2722,-0.3640,7.2361,-2.8913,13.6704,5.8582,0.9167,0.14
17.9917,0.0000,0.0000,0.0000,0.0000,0.0000,0.0000,0.1804,-0.3229,-2.9013,0.1946,-0.0344,-0.9803,0.5033,-0.2198,-1.4696,1.0016,-1.1816,-0.4845,0.1929,1.2808,-0.9594,1.4224,0.0388,-0.1551,1.2485,0.2016,-0.2675,0.3877,-0.1861,0.9926,0.2133,-0.2830,0.5000,-0.2000,-1.2411,1.0014,-1.2472,-0.4297,0.2000,1.5059,-0.9262,1.3541,120.7270,-2.6664,3.9382,-5.2417,4.3508,-0.2970,7.2595,-2.9191,13.6838,5.8846,0.9444,0.13
18.0116,0.0000,0.0000,0.0000,0.0000,0.0000,0.0000,0.1759,-0.2667,-3.0623,0.1921,-0.0262,-0.9810,0.5034,-0.2225,-1.4414,0.9990,-1.1883,-0.4767,0.1904,1.3050,-0.9545,1.4165,0.0814,-0.1590,1.3648,-0.0620,-0.3567,0.3645,-0.0892,1.2020,0.2714,-0.2753,0.5000,-0.2000,-1.2106,0.9519,-1.2483,-0.4259,0.2000,1.5263,-0.9223,1.3440,121.1147,-2.8438,3.9816,-5.2497,4.4734,-0.2594,7.2572,-2.9337,13.7272,5.9349,0.9722,0.15
18.0316,0.0000,0.0000,0.0000,0.0000,0.0000,0.0000,0.1793,-0.2379,-3.1567,0.1900,-0.0174,-0.9816,0.5034,-0.2252,-1.4085,0.9895,-1.1945,-0.4697,0.1887,1.3337,-0.9468,1.4105,-0.0039,-0.1202,1.4579,-0.3179,-0.3257,0.3761,-0.0931,1.3454,0.4498,-0.2675,0.5000,-0.2000,-1.1800,0.9000,-1.2770,-0.4257,0.2000,1.5467,-0.9180,1.3340,121.6264,-3.1034,4.0661,-5.3044,4.6533,-0.2573,7.2266,-2.9323,13.8048,6.0140,0.0000,0.15
18.0527,0.0000,0.0000,0.0000,0.0000,0.0000,0.0000,0.1996,-0.2312,-3.2176,0.1884,-0.0086,-0.9820,0.5034,-0.2275,-1.3749,0.9745,-1.2005,-0.4633,0.1876,1.3624,-0.9367,1.4043,0.0737,-0.1008,1.6130,-0.6630,-0.2520,0.2675,-0.0969,1.4424,0.4808,-0.2714,0.5000,-0.2000,-1.2004,0.9052,-1.2699,-0.4288,0.2000,1.5670,-0.9133,1.3239,122.2769,-3.4223,4.1824,-5.3960,4.8835,-0.2878,7.1736,-2.9226,13.9223,6.1206,0.0278,0.15
18.0726,0.0000,0.0000,0.0000,0.0000,0.0000,0.0000,0.3199,-0.2142,-3.2225,0.1863,-0.0034,-0.9825,0.5034,-0.2288,-1.3408,0.9540,-1.2111,-0.4580,0.1873,1.3907,-0.9251,1.3979,0.0465,0.0388,1.5936,-0.8840,-0.4188,0.2288,-0.0116,1.4152,0.6436,-0.2830,0.5000,-0.2000,-1.2207,0.9103,-1.2627,-0.4341,0.2000,1.5874,-0.9083,1.3139,123.0397,-3.7490,4.3263,-5.5272,5.1221,-0.3411,7.1131,-2.8938,14.0603,6.2461,0.0556,0.14
18.0916,0.0000,0.0000,0.0000,0.0000,0.0000,0.0000,0.4038,-0.1603,-3.1221,0.1848,0.0000,-0.9828,0.5041,-0.2292,-1.3122,0.9386,-1.2196,-0.4543,0.1875,1.4216,-0.9118,1.3918,0.1008,-0.0000,1.4424,-0.6747,-0.3761,0.1939,-0.0039,1.3454,0.6824,-0.3257,0.5000,-0.2000,-1.2411,0.9152,-1.2556,-0.4417,0.2000,1.6078,-0.9031,1.3038,123.8973,-4.1246,4.4864,-5.6641,5.4108,-0.4168,7.0207,-2.8533,14.2178,6.3684,0.0833,0.14
18.1116,0.0000,0.0000,0.0000,0.0000,0.0000,0.0000,0.4876,-0.0943,-3.0128,0.1840,0.0005,-0.9829,0.5049,-0.2290,-1.2903,0.9276,-1.2244,-0.4526,0.1882,1.4539,-0.8991,1.3858,0.0194,0.0194,1.0857,-0.3451,-0.2249,0.0892,0.0310,1.4230,0.6708,-0.2947,0.5000,-0.2000,-1.2615,0.9198,-1.2485,-0.4492,0.2000,1.6078,-0.9209,1.3562,124.8060,-4.4738,4.6363,-5.7903,5.6795,-0.4921,6.9447,-2.8192,14.3805,6.4714,0.1111,0.14
18.1316,0.0000,0.0000,0.0000,0.0000,0.0000,0.0000,0.4418,-0.0604,-2.8033,0.1837,0.0014,-0.9830,0.5055,-0.2281,-1.2750,0.9222,-1.2266,-0.4517,0.1892,1.4860,-0.8854,1.3778,0.0388,0.0543,0.7832,-0.2326,-0.0659,-0.0116,0.1008,1.5665,0.6669,-0.4537,0.5000,-0.2000,-1.2819,0.9239,-1.2414,-0.4566,0.2000,1.5772,-0.9722,1.3689,125.6645,-4.8073,4.7796,-5.9143,5.9257,-0.5657,6.8545,-2.7777,14.5321,6.5803,0.1389,0.14
18.1527,0.0000,0.0000,0.0000,0.0000,0.0000,0.0000,0.2457,-0.2592,-2.5204,0.1788,0.0044,-0.9839,0.5058,-0.2267,-1.2645,0.9189,-1.2267,-0.4518,0.1902,1.5158,-0.8751,1.3776,0.0233,0.0775,0.5312,-0.0814,0.0349,0.0814,-0.0271,1.4540,0.6824,-0.1900,0.5000,-0.2000,-1.3022,0.9276,-1.2342,-0.4641,0.2000,1.5467,-1.0200,1.3813,126.4502,-5.1077,4.9108,-6.0404,6.1410,-0.6407,6.7543,-2.7274,14.6618,6.6977,0.1667,0.14
18.1727,0.0000,0.0000,0.0000,0.0000,0.0000,0.0000,-0.0384,-0.7691,-1.5148,0.1623,0.0118,-0.9867,0.5064,-0.2243,-1.2566,0.9174,-1.2258,-0.4507,0.1905,1.5381,-0.8734,1.3732,0.1551,0.1706,0.4537,-0.0116,0.0775,0.2559,-0.0310,1.0895,-0.0233,-0.3102,0.5000,-0.2000,-1.3226,0.9306,-1.2271,-0.4802,0.2000,1.5161,-1.0621,1.3931,126.8819,-5.3758,5.0573,-6.2403,6.3602,-0.8023,6.5864,-2.6354,14.7601,6.8708,0.1944,0.14
18.1926,0.0000,0.0000,0.0000,0.0000,0.0000,0.0000,0.0814,-1.0587,-0.4611,0.1401,0.0144,-0.9900,0.5119,-0.2222,-1.2510,0.9179,-1.2246,-0.4506,0.1909,1.5540,-0.8830,1.3710,0.2598,0.1086,0.2714,0.1241,0.0310,-0.0853,-0.0349,0.7483,-0.5583,-0.0543,0.5000,-0.2000,-1.3430,0.9331,-1.2200,-0.4957,0.2000,1.4856,-1.0966,1.4039,126.9901,-5.6010,5.2304,-6.4865,6.5378,-0.9569,6.4024,-2.5212,14.8300,7.0495,0.2222,0.14
18.2126,0.0000,0.0000,0.0000,0.0000,0.0000,0.0000,0.0492,-1.1836,0.2404,0.1146,0.0131,-0.9933,0.5157,-0.2205,-1.2497,0.9214,-1.2241,-0.4573,0.1908,1.5610,-0.9005,1.3712,0.1202,0.1318,-0.0039,0.2792,0.0155,-0.3257,0.0078,0.3335,-0.7910,-0.0388,0.5000,-0.2000,-1.3633,0.9348,-1.2128,-0.5000,0.2000,1.4550,-1.1217,1.4136,126.9711,-5.8476,5.3678,-6.6497,6.6979,-1.0529,6.2425,-2.4289,14.8573,7.1741,0.2500,0.15
18.2316,0.0000,0.0000,0.0000,0.0000,0.0000,0.0000,0.0049,-1.2387,0.9728,0.0869,0.0110,-0.9962,0.5180,-0.2196,-1.2507,0.9275,-1.2240,-0.4652,0.1909,1.5611,-0.9218,1.3724,0.0737,0.0388,0.0078,0.3606,-0.0194,-0.2714,-0.0504,-0.0194,-0.9693,0.0000,0.5000,-0.2000,-1.3837,0.9358,-1.2057,-0.5000,0.2000,1.4244,-1.1364,1.4221,126.8380,-6.0536,5.4974,-6.8087,6.8158,-1.1304,6.1178,-2.3411,14.8448,7.2858,0.2778,0.15
18.2537,0.0000,0.0000,0.0000,0.0000,0.0000,0.0000,0.0188,-1.2336,1.6684,0.0595,0.0065,-0.9982,0.5178,-0.2198,-1.2555,0.9345,-1.2233,-0.4708,0.1910,1.5550,-0.9438,1.3744,-0.0582,-0.0465,-0.2094,0.3877,0.0659,-0.1861,-0.0194,-0.2830,-0.9771,0.0620,0.5000,-0.2000,-1.4041,0.9360,-1.1986,-0.5000,0.2000,1.3939,-1.1398,1.4293,126.5928,-6.2037,5.6078,-6.9553,6.8760,-1.1897,6.0252,-2.2595,14.7986,7.3826,0.3056,0.14
18.2737,0.0000,0.0000,0.0000,0.0000,0.0000,0.0000,-0.0041,-1.1514,2.2446,0.0335,0.0009,-0.9994,0.5173,-0.2206,-1.2634,0.9396,-1.2213,-0.4762,0.1910,1.5427,-0.9678,1.3774,-0.0233,-0.0078,-0.3877,0.1784,0.0931,-0.2637,-0.0388,-0.6436,-0.9383,0.1280,0.5000,-0.2000,-1.4244,0.9355,-1.1914,-0.5000,0.2000,1.3633,-1.1318,1.4352,126.2772,-6.3071,5.6936,-7.0753,6.8915,-1.2096,5.9457,-2.1855,14.7335,7.4708,0.3333,0.14
18.2926,0.0000,0.0000,0.0000,0.0000,0.0000,0.0000,-0.1002,-0.9880,2.7198,0.0109,-0.0012,-0.9999,0.5172,-0.2209,-1.2757,0.9419,-1.2179,-0.4817,0.1909,1.5247,-0.9867,1.3824,0.0698,0.0427,-0.6165,0.1202,0.1396,-0.3451,-0.0737,-0.8259,-0.8104,0.2753,0.5000,-0.2000,-1.4448,0.9342,-1.1842,-0.5000,0.2000,1.3328,-1.1129,1.4398,125.9225,-6.3768,5.7505,-7.1535,6.8868,-1.2126,5.8827,-2.1251,14.6527,7.5227,0.3611,0.14
18.3126,0.0000,0.0000,0.0000,0.0000,0.0000,0.0000,-0.1112,-0.7631,3.0412,-0.0068,-0.0015,-1.0000,0.5173,-0.2209,-1.2924,0.9419,-1.2119,-0.4885,0.1909,1.5004,-1.0008,1.3901,0.0271,0.0504,-0.8414,-0.1163,0.3412,-0.3373,0.0039,-1.1942,-0.7522,0.3955,0.5000,-0.2000,-1.4652,0.9322,-1.1742,-0.5000,0.2000,1.3022,-1.0839,1.4432,125.5779,-6.3995,5.7906,-7.2086,6.8661,-1.2110,5.8413,-2.0785,14.5811,7.5565,0.3889,0.17
18.3326,0.0000,0.0000,0.0000,0.0000,0.0000,0.0000,-0.1487,-0.5736,3.2301,-0.0191,0.0005,-0.9998,0.5172,-0.2207,-1.3124,0.9387,-1.2047,-0.4940,0.1907,1.4732,-1.0105,1.3993,-0.0194,0.0388,-0.8802,-0.2171,0.3955,-0.2288,-0.0388,-1.3648,-0.4381,0.4381,0.5000,-0.2000,-1.4856,0.9295,-1.1641,-0.5000,0.2000,1.2717,-1.0461,1.4456,125.2317,-6.3739,5.8069,-7.2406,6.8196,-1.2065,5.8174,-2.0486,14.5169,7.5650,0.4167,0.16
18.3526,0.0000,0.0000,0.0000,0.0000,0.0000,0.0000,-0.1542,-0.4132,3.3010,-0.0272,0.0068,-0.9996,0.5170,-0.2201,-1.3348,0.9325,-1.1950,-0.4986,0.1902,1.4432,-1.0136,1.4101,-0.0892,0.1280,-1.1438,-0.3567,0.5041,-0.1590,-0.0310,-1.3803,-0.1473,0.5390,0.5000,-0.2000,-1.5059,0.9262,-1.1541,-0.5000,0.2000,1.2411,-1.0014,1.4472,124.8733,-6.2740,5.7908,-7.2396,6.7290,-1.2004,5.8212,-2.0388,14.4594,7.5456,0.4444,0.15
18.3726,0.0000,0.0000,0.0000,0.0000,0.0000,0.0000,0.0560,-0.2897,3.2614,-0.0325,0.0129,-0.9994,0.5159,-0.2190,-1.3581,0.9232,-1.1859,-0.5010,0.1895,1.4135,-1.0113,1.4209,-0.1241,0.0892,-1.1981,-0.5234,0.2559,-0.0543,-0.0853,-1.4191,0.1512,0.4459,0.5000,-0.2000,-1.5263,0.9223,-1.1440,-0.5000,0.2000,1.2106,-0.9519,1.4483,124.4863,-6.0869,5.7621,-7.2465,6.5918,-1.1851,5.8449,-2.0372,14.4210,7.5199,0.4722,0.15
18.3926,0.0000,0.0000,0.0000,0.0000,0.0000,0.0000,0.4008,-0.2118,2.8852,-0.0393,0.0104,-0.9992,0.5133,-0.2176,-1.3840,0.9095,-1.1839,-0.5013,0.1884,1.3796,-1.0018,1.4304,-0.0892,0.0737,-1.2795,-0.4730,-0.0775,-0.0078,-0.1706,-1.5122,0.4110,0.4498,0.5000,-0.2000,-1.5467,0.9180,-1.1340,-0.5000,0.2000,1.1800,-0.9000,1.4770,124.1562,-5.7757,5.6926,-7.2088,6.3962,-1.1520,5.9130,-2.0690,14.4113,7.4494,0.5000,0.19
18.4126,0.0000,0.0000,0.0000,0.0000,0.0000,0.0000,0.2670,-0.0267,2.1479,-0.0454,0.0112,-0.9989,0.5052,-0.2164,-1.4092,0.9023,-1.1879,-0.5005,0.1859,1.3464,-0.9857,1.4379,-0.4149,0.0310,-1.2640,-0.2055,-0.2094,0.1202,-0.1900,-1.5083,0.7212,0.2908,0.5000,-0.2000,-1.5670,0.9133,-1.1239,-0.5000,0.2000,1.2004,-0.9052,1.4699,123.9482,-5.5047,5.5760,-7.0552,6.2323,-1.0740,5.9856,-2.1257,14.3846,7.3083,0.5278,0.17
18.4326,0.0000,0.0000,0.0000,0.0000,0.0000,0.0000,0.1789,0.1341,1.1396,-0.0489,0.0144,-0.9987,0.4941,-0.2138,-1.4334,0.8986,-1.1937,-0.4981,0.1840,1.3152,-0.9648,1.4477,-0.6708,0.1977,-1.0159,-0.1435,-0.2792,0.2443,-0.1590,-1.4618,1.0508,0.3373,0.5000,-0.2000,-1.5874,0.9083,-1.1139,-0.4960,0.2000,1.2207,-0.9103,1.4627,123.8598,-5.0836,5.4104,-6.8504,5.9905,-0.9598,6.1288,-2.2231,14.3934,7.1214,0.5556,0.17
18.4526,0.0000,0.0000,0.0000,0.0000,0.0000,0.0000,0.3240,0.2993,0.3173,-0.0477,0.0123,-0.9988,0.4809,-0.2118,-1.4538,0.8968,-1.1993,-0.4935,0.1834,1.2961,-0.9482,1.4544,-0.4847,0.1512,-0.7716,-0.0000,-0.1667,0.1784,-0.0388,-0.7289,0.9073,0.3606,0.5000,-0.2000,-1.6078,0.9031,-1.1038,-0.4832,0.2000,1.2411,-0.9152,1.4556,123.7480,-4.5834,5.2391,-6.6770,5.6872,-0.8316,6.2830,-2.3096,14.3954,6.9459,0.5833,0.16
18.4726,0.0000,0.0000,0.0000,0.0000,0.0000,0.0000,0.2514,0.4564,-0.4002,-0.0414,0.0074,-0.9991,0.4723,-0.2108,-1.4700,0.8974,-1.2012,-0.4910,0.1837,1.2878,-0.9308,1.4603,-0.2830,0.0659,-0.6902,0.1086,-0.0000,0.1241,0.0349,-0.3955,0.8763,0.2714,0.5000,-0.2000,-1.6078,0.9209,-1.1562,-0.4697,0.2000,1.2615,-0.9198,1.4485,123.6572,-4.1876,5.0755,-6.5012,5.4155,-0.6966,6.4001,-2.3756,14.3658,6.7923,0.6111,0.15
18.4926,0.0000,0.0000,0.0000,0.0000,0.0000,0.0000,0.1484,0.5506,-0.7107,-0.0313,0.0042,-0.9995,0.4690,-0.2105,-1.4855,0.8996,-1.2006,-0.4876,0.1846,1.2860,-0.9127,1.4639,-0.0078,-0.0194,-0.6398,0.1590,0.0892,0.2210,0.1008,-0.0388,0.9073,0.1318,0.5000,-0.2000,-1.5772,0.9722,-1.1689,-0.4614,0.2000,1.2819,-0.9239,1.4414,123.4838,-3.8398,4.9232,-6.3685,5.1534,-0.6140,6.5167,-2.4320,14.3195,6.6707,0.6389,0.15
18.5126,0.0000,0.0000,0.0000,0.0000,0.0000,0.0000,0.1179,0.4432,-0.5648,-0.0220,0.0005,-0.9998,0.4700,-0.2110,-1.4964,0.9058,-1.2055,-0.4817,0.1864,1.2888,-0.8977,1.4641,0.1551,-0.0737,-0.6126,0.3451,-0.1551,0.3218,0.0892,0.1396,0.7251,-0.0039,0.5000,-0.2000,-1.5467,1.0200,-1.1813,-0.4587,0.2000,1.3022,-0.9276,1.4342,123.0760,-3.5256,4.7852,-6.2856,4.8941,-0.5873,6.5987,-2.4598,14.2372,6.5941,0.6667,0.15
18.5326,0.0000,0.0000,0.0000,0.0000,0.0000,0.0000,0.1470,0.1993,-0.3823,-0.0178,-0.0048,-0.9998,0.4728,-0.2119,-1.5037,0.9192,-1.2082,-0.4744,0.1889,1.2944,-0.8868,1.4626,0.1939,-0.0620,-0.4614,0.6204,-0.0969,0.3141,0.0814,0.1900,0.5390,-0.0465,0.5000,-0.2000,-1.5161,1.0621,-1.1931,-0.4575,0.2000,1.3226,-0.9306,1.4271,122.4995,-3.2401,4.6344,-6.1984,4.6399,-0.5749,6.6719,-2.4965,14.1559,6.5210,0.6944,0.15
18.5526,0.0000,0.0000,0.0000,0.0000,0.0000,0.0000,0.1334,-0.0198,-0.2407,-0.0184,-0.0109,-0.9998,0.4758,-0.2133,-1.5074,0.9369,-1.2087,-0.4680,0.1912,1.2988,-0.8806,1.4599,0.1086,-0.0543,-0.2249,0.8220,-0.0155,0.2830,0.0892,0.0310,0.2094,-0.1512,0.5000,-0.2000,-1.4856,1.0966,-1.2039,-0.4550,0.2000,1.3430,-0.9331,1.4200,121.8139,-3.0024,4.4814,-6.0888,4.4246,-0.5498,6.7305,-2.5333,14.0635,6.4418,0.7222,0.14
18.5726,0.0000,0.0000,0.0000,0.0000,0.0000,0.0000,0.1299,-0.0840,-0.1999,-0.0209,-0.0183,-0.9996,0.4785,-0.2151,-1.5079,0.9596,-1.2089,-0.4638,0.1929,1.3032,-0.8772,1.4565,0.1512,-0.0853,-0.0078,1.0430,0.0155,0.1435,0.0814,0.1086,0.1318,-0.1861,0.5000,-0.2000,-1.4550,1.1217,-1.2136,-0.4504,0.2000,1.3633,-0.9348,1.4128,121.0913,-2.7777,4.3332,-5.9676,4.2225,-0.5039,6.7999,-2.5779,13.9681,6.3470,0.7500,0.14
18.5936,0.0000,0.0000,0.0000,0.0000,0.0000,0.0000,0.1331,-0.1260,-0.2931,-0.0237,-0.0248,-0.9994,0.4801,-0.2168,-1.5060,0.9817,-1.2088,-0.4604,0.1944,1.3065,-0.8769,1.4526,0.0931,-0.1008,-0.0775,0.9383,0.0427,0.1473,0.0698,0.0155,-0.0000,-0.1396,0.5000,-0.2000,-1.4244,1.1364,-1.2221,-0.4437,0.2000,1.3837,-0.9358,1.4057,120.4205,-2.5712,4.1919,-5.8324,4.0320,-0.4371,6.8775,-2.6243,13.8708,6.2537,0.7778,0.15
18.6136,0.0000,0.0000,0.0000,0.0000,0.0000,0.0000,0.1304,-0.1078,-0.4339,-0.0249,-0.0320,-0.9992,0.4819,-0.2177,-1.5029,1.0021,-1.2085,-0.4572,0.1953,1.3085,-0.8781,1.4482,0.1202,-0.0543,0.0582,0.7251,0.0543,0.2016,0.0000,0.0000,-0.0388,-0.2404,0.5000,-0.2000,-1.3939,1.1398,-1.2293,-0.4367,0.2000,1.4041,-0.9360,1.3986,119.8280,-2.3914,4.0616,-5.7020,3.8770,-0.3672,6.9634,-2.6795,13.7834,6.1675,0.8056,0.15
18.6336,0.0000,0.0000,0.0000,0.0000,0.0000,0.0000,0.0374,-0.1278,-0.6151,-0.0259,-0.0356,-0.9990,0.4836,-0.2183,-1.4973,1.0184,-1.2084,-0.4536,0.1960,1.3111,-0.8804,1.4437,0.0659,-0.0155,0.1241,0.7716,0.0814,0.1939,-0.0310,-0.0155,-0.1241,-0.1861,0.5000,-0.2000,-1.3633,1.1318,-1.2352,-0.4293,0.2000,1.4244,-0.9355,1.3914,119.3406,-2.2722,3.9418,-5.5588,3.7742,-0.2927,7.0334,-2.7313,13.6929,6.0781,0.8333,0.17
18.6536,0.0000,0.0000,0.0000,0.0000,0.0000,0.0000,-0.0025,-0.1749,-0.8096,-0.0276,-0.0372,-0.9989,0.4850,-0.2188,-1.4891,1.0293,-1.2083,-0.4493,0.1962,1.3152,-0.8846,1.4388,0.1124,-0.0271,0.3800,0.5002,0.0233,0.2016,-0.0620,0.1357,-0.2908,-0.3063,0.5000,-0.2000,-1.3328,1.1129,-1.2398,-0.4225,0.2000,1.4448,-0.9342,1.3842,118.9529,-2.1725,3.8441,-5.4448,3.7026,-0.2247,7.1051,-2.7873,13.6319,6.0175,0.8611,0.15
18.6736,0.0000,0.0000,0.0000,0.0000,0.0000,0.0000,-0.0196,-0.1376,-0.9720,-0.0288,-0.0379,-0.9989,0.4867,-0.2191,-1.4766,1.0356,-1.2083,-0.4447,0.1962,1.3217,-0.8894,1.4333,0.1047,-0.0000,0.5428,0.3606,-0.0543,0.1861,-0.0659,0.2947,-0.1551,-0.2249,0.5000,-0.2000,-1.3022,1.0839,-1.2432,-0.4161,0.2000,1.4652,-0.9322,1.3742,118.6661,-2.1433,3.7852,-5.3630,3.6763,-0.1605,7.1503,-2.8239,13.5754,5.9802,0.8889,0.15
18.6936,0.0000,0.0000,0.0000,0.0000,0.0000,0.0000,-0.0336,-0.0607,-1.1713,-0.0286,-0.0388,-0.9988,0.4879,-0.2195,-1.4606,1.0370,-1.2085,-0.4407,0.1960,1.3303,-0.8941,1.4269,0.0620,-0.0233,0.7871,0.0116,0.0039,0.1784,0.0233,0.3839,-0.1667,-0.3528,0.5000,-0.2000,-1.2717,1.0461,-1.2456,-0.4113,0.2000,1.4856,-0.9295,1.3641,118.5390,-2.1959,3.7586,-5.3043,3.7257,-0.1135,7.1781,-2.8591,13.5518,5.9668,0.9167,0.14
18.7136,0.0000,0.0000,0.0000,0.0000,0.0000,0.0000,-0.0862,0.0374,-1.3692,-0.0271,-0.0380,-0.9989,0.4890,-0.2199,-1.4412,1.0331,-1.2088,-0.4366,0.1955,1.3418,-0.8977,1.4191,0.0504,-0.0310,0.8763,-0.0775,0.0039,0.2171,-0.0698,0.5661,-0.1008,-0.3916,0.5000,-0.2000,-1.2411,1.0014,-1.2472,-0.4087,0.2000,1.5059,-0.9262,1.3541,118.5938,-2.3253,3.7662,-5.2647,3.8454,-0.0866,7.1902,-2.8880,13.5507,5.9568,0.9444,0.14
18.7336,0.0000,0.0000,0.0000,0.0000,0.0000,0.0000,-0.1326,0.1606,-1.5185,-0.0226,-0.0356,-0.9991,0.4899,-0.2203,-1.4188,1.0232,-1.2099,-0.4318,0.1950,1.3567,-0.9005,1.4105,0.0814,-0.0465,1.0585,-0.4498,-0.0775,0.2598,-0.0620,0.6669,-0.1047,-0.4459,0.5000,-0.2000,-1.2106,0.9519,-1.2483,-0.4083,0.2000,1.5263,-0.9223,1.3440,118.8050,-2.5198,3.8188,-5.2694,4.0173,-0.0827,7.1744,-2.8983,13.5744,5.9886,0.9722,0.14
18.7536,0.0000,0.0000,0.0000,0.0000,0.0000,0.0000,-0.1547,0.2279,-1.6139,-0.0173,-0.0330,-0.9993,0.4904,-0.2207,-1.3940,1.0075,-1.2113,-0.4268,0.1945,1.3743,-0.9015,1.4008,0.0039,-0.0000,1.0934,-0.7212,-0.0388,0.2443,-0.1124,0.8104,0.0078,-0.5041,0.5000,-0.2000,-1.1800,0.9000,-1.2770,-0.4107,0.2000,1.5467,-0.9180,1.3340,119.1768,-2.7751,3.9022,-5.3102,4.2286,-0.1074,7.1442,-2.9010,13.6321,6.0395,0.0000,0.14
18.7736,0.0000,0.0000,0.0000,0.0000,0.0000,0.0000,-0.2122,0.2957,-1.6330,-0.0105,-0.0289,-0.9995,0.4905,-0.2211,-1.3675,0.9858,-1.2131,-0.4222,0.1942,1.3943,-0.9012,1.3896,-0.0000,-0.0465,1.2330,-1.0314,-0.0078,0.2520,-0.0388,0.9538,0.0465,-0.5157,0.5000,-0.2000,-1.2004,0.9052,-1.2699,-0.4166,0.2000,1.5670,-0.9133,1.3239,119.6774,-3.1040,4.0277,-5.3916,4.4985,-0.1657,7.0756,-2.8836,13.7150,6.1236,0.0278,0.14
18.7936,0.0000,0.0000,0.0000,0.0000,0.0000,0.0000,-0.1893,0.3835,-1.5269,-0.0022,-0.0251,-0.9997,0.4906,-0.2215,-1.3386,0.9588,-1.2209,-0.4182,0.1939,1.4162,-0.9001,1.3780,0.0620,-0.0271,1.4036,-1.1555,-0.3296,0.1977,-0.0194,1.0857,0.0814,-0.5816,0.5000,-0.2000,-1.2207,0.9103,-1.2627,-0.4260,0.2000,1.5874,-0.9083,1.3139,120.2577,-3.4609,4.1935,-5.5277,4.8034,-0.2597,6.9791,-2.8387,13.8206,6.2350,0.0556,0.14
