t,vx_cmd,vy_cmd,wz_cmd,lin_vx,lin_vy,lin_vz,gyro_x,gyro_y,gyro_z,projg_x,projg_y,projg_z,jpos_hip_yaw_l,jpos_hip_roll_l,jpos_hip_pitch_l,jpos_knee_pitch_l,jpos_ankle_pitch_l,jpos_hip_yaw_r,jpos_hip_roll_r,jpos_hip_pitch_r,jpos_knee_pitch_r,jpos_ankle_pitch_r,jvel_hip_yaw_l,jvel_hip_roll_l,jvel_hip_pitch_l,jvel_knee_pitch_l,jvel_ankle_pitch_l,jvel_hip_yaw_r,jvel_hip_roll_r,jvel_hip_pitch_r,jvel_knee_pitch_r,jvel_ankle_pitch_r,jtgt_hip_yaw_l,jtgt_hip_roll_l,jtgt_hip_pitch_l,jtgt_knee_pitch_l,jtgt_ankle_pitch_l,jtgt_hip_yaw_r,jtgt_hip_roll_r,jtgt_hip_pitch_r,jtgt_knee_pitch_r,jtgt_ankle_pitch_r,act_0,act_1,act_2,act_3,act_4,act_5,act_6,act_7,act_8,act_9,gait_phase,infer_ms
0.0000,0.1200,0.0000,0.0000,0.0000,0.0000,0.0000,0.0003,-0.0036,0.0020,0.1206,0.0072,0.9927,0.3973,-0.0950,-1.4941,0.9528,-1.3192,-0.4004,0.1054,1.4593,-1.0005,1.2511,0.0814,0.0582,-0.0620,-0.0194,0.0543,-0.0000,-0.0931,-0.0039,-0.0698,-0.0078,0.4190,0.0000,-1.4004,1.1052,-1.4204,-0.3777,0.2000,1.5670,-0.9288,1.2059,0.1898,1.6179,-1.6526,1.1756,-0.5055,0.2226,1.1390,-1.3253,0.8450,-0.1804,0.0278,0.57
0.0290,0.1200,0.0000,0.0000,0.0000,0.0000,0.0000,-0.0206,-0.0102,0.0158,0.0404,0.2999,0.9531,0.3991,-0.0814,-1.4820,0.9630,-1.3333,-0.3981,0.1194,1.4659,-0.9932,1.2384,0.1435,0.9344,0.4885,0.5855,-0.9151,0.1512,0.8647,0.3567,0.4032,-0.8608,0.5000,0.0000,-1.4207,1.0421,-1.2627,-0.4532,0.1086,1.5874,-0.9083,1.2091,1.1176,1.3611,-1.7375,0.3180,1.0409,-0.5322,0.0859,-1.6068,1.7817,-0.0473,0.0556,0.22
0.0570,0.1200,0.0000,0.0000,0.0000,0.0000,0.0000,-0.1994,-0.2378,0.5374,0.1704,-0.2596,0.9506,0.4111,-0.0593,-1.4787,0.9682,-1.3334,-0.4041,0.1278,1.4736,-0.9830,1.2157,0.7173,0.6553,-0.0116,0.0465,0.7832,-0.4381,-0.2482,0.2598,0.4188,-0.7134,0.5000,0.0000,-1.4411,0.9152,-1.2556,-0.5000,0.1576,1.6078,-0.9916,1.1038,1.6561,2.0633,-1.2334,-1.1791,1.0346,-1.2613,0.5760,-1.3807,0.1156,-1.7269,0.0833,0.19
0.0850,0.1200,0.0000,0.0000,0.0000,0.0000,0.0000,0.0392,-0.0064,0.8245,0.2883,-0.3883,0.8753,0.4313,-0.0464,-1.4726,0.9522,-1.3168,-0.4206,0.1284,1.4833,-0.9794,1.1856,0.6281,0.3412,0.3296,-0.9151,0.5545,-0.7251,0.2404,0.7251,-0.1396,-1.4540,0.5000,0.0000,-1.3894,0.9198,-1.2485,-0.5000,0.2000,1.6078,-1.1209,1.1562,1.3806,3.0487,-0.2795,-2.6492,1.7454,-1.7027,1.9530,-1.1136,-3.7779,-2.2910,0.1111,0.20
0.1130,0.1200,0.0000,0.0000,0.0000,0.0000,0.0000,0.1735,0.2501,0.8462,-0.0766,-0.1438,0.9866,0.4473,-0.0378,-1.4578,0.9302,-1.3060,-0.4386,0.1408,1.5086,-0.9945,1.1620,0.6359,0.2830,0.5312,-0.6514,0.3257,-0.5506,0.5971,0.9344,-0.8802,-0.4304,0.4699,0.0000,-1.3952,0.9515,-1.2414,-0.5000,0.1719,1.6214,-1.1722,1.2285,0.6992,2.5080,-0.1333,-0.7247,2.4437,-1.0414,0.7187,-0.5578,-2.1348,-0.4044,0.1389,0.19
0.1410,0.1200,0.0000,0.0000,0.0000,0.0000,0.0000,0.3116,-0.3713,0.5605,-0.0496,-0.0096,0.9987,0.4564,-0.0322,-1.4408,0.9202,-1.2985,-0.4498,0.1499,1.5342,-1.0254,1.1618,0.1667,0.1551,0.5079,0.0582,0.2792,-0.2365,0.1667,0.8181,-1.3106,0.3063,0.4538,0.0000,-1.3565,0.9645,-1.2342,-0.4069,0.1049,1.5958,-1.2200,1.3070,0.5385,1.7985,0.4568,-0.6305,2.2187,-0.0692,0.0489,-0.5083,-1.5934,0.2563,0.1667,0.18
0.1690,0.1200,0.0000,0.0000,0.0000,0.0000,0.0000,0.1588,-0.6859,0.2332,-0.0380,-0.1426,0.9890,0.4566,-0.0301,-1.4220,0.9228,-1.2899,-0.4472,0.1439,1.5478,-1.0653,1.1797,-0.0310,0.0737,0.8065,0.2171,0.3179,0.5157,-0.5583,0.2869,-1.5316,0.9461,0.4513,0.0000,-1.3728,1.0134,-1.2271,-0.3025,0.0800,1.5490,-1.2231,1.3410,0.5127,1.3164,0.4983,-0.1729,1.8870,0.9753,-0.2005,-0.6714,-0.6092,0.4795,0.1944,0.18
0.1970,0.1200,0.0000,0.0000,0.0000,0.0000,0.0000,0.1807,-0.8175,0.0914,0.0605,0.0922,0.9939,0.4554,-0.0285,-1.4054,0.9337,-1.2822,-0.4195,0.1303,1.5468,-1.1039,1.2053,-0.0233,0.1008,0.3839,0.6359,0.2016,1.2214,-0.5777,-0.3063,-1.1981,0.8840,0.4447,-0.0913,-1.3787,0.9423,-1.2200,-0.3000,0.1199,1.4946,-1.2080,1.3681,0.4469,0.0866,0.6424,-0.9071,1.8877,1.5365,0.1994,-0.9096,-0.1138,0.6421,0.2222,0.18
0.2250,0.1200,0.0000,0.0000,0.0000,0.0000,0.0000,0.0508,-0.9092,0.1521,0.2557,-0.1444,0.9559,0.4539,-0.0384,-1.3943,0.9404,-1.2763,-0.3897,0.1229,1.5313,-1.1328,1.2311,-0.0659,-0.6553,0.4032,-0.0698,0.2482,0.9538,-0.0659,-0.6398,-0.7794,0.9151,0.4283,-0.1586,-1.3633,0.9348,-1.2128,-0.3000,0.1867,1.5164,-1.3025,1.3155,0.2826,-0.5859,1.2792,-2.1649,1.8436,1.6015,0.8673,-0.3859,-0.8078,0.0184,0.2500,0.17
0.2540,0.1200,0.0000,0.0000,0.0000,0.0000,0.0000,0.2357,-0.6643,-0.0052,0.2400,-0.1293,0.9621,0.4510,-0.0642,-1.3772,0.9373,-1.2737,-0.3659,0.1322,1.5192,-1.1648,1.2474,-0.1435,-1.0585,0.5816,-0.1939,0.0465,0.6669,0.6165,-0.1086,-1.5161,0.2016,0.4008,-0.1735,-1.3837,0.9358,-1.2057,-0.3000,0.2000,1.5577,-1.3364,1.2657,0.0076,-0.7349,1.9679,-2.6181,2.4399,1.5054,1.1935,0.3322,-1.0186,-0.5642,0.2778,0.19
0.2820,0.1200,0.0000,0.0000,0.0000,0.0000,0.0000,0.1300,-0.6092,-0.1703,0.2269,0.0092,0.9739,0.4435,-0.0914,-1.3630,0.9325,-1.2735,-0.3487,0.1472,1.5231,-1.2055,1.2510,-0.3490,-0.8879,0.4071,-0.0775,0.0931,0.4537,0.4071,0.2520,-1.4540,-0.0620,0.3657,-0.2000,-1.4041,0.9360,-1.1986,-0.3000,0.2000,1.5928,-1.3236,1.2549,-0.3433,-1.2239,2.8145,-3.0113,2.7538,1.1873,1.2094,0.9889,-0.8383,-0.7446,0.3056,0.18
0.3100,0.1200,0.0000,0.0000,0.0000,0.0000,0.0000,0.1476,-0.3669,-0.2634,0.3133,0.1814,0.9322,0.4314,-0.1136,-1.3556,0.9305,-1.2736,-0.3373,0.1590,1.5351,-1.2382,1.2510,-0.4575,-0.8026,0.1745,-0.0892,-0.0000,0.3606,0.3839,0.4692,-0.9306,0.0000,0.3337,-0.2000,-1.4244,0.9355,-1.1914,-0.3037,0.2000,1.5633,-1.3204,1.2352,-0.6630,-1.6068,3.5005,-3.1501,2.4601,0.9627,1.1500,1.5993,-0.8856,-1.0689,0.3333,0.17
0.3380,0.1200,0.0000,0.0000,0.0000,0.0000,0.0000,0.0895,0.0361,-0.2696,0.2849,0.2482,0.9259,0.4143,-0.1307,-1.3545,0.9273,-1.2738,-0.3288,0.1674,1.5445,-1.2588,1.2497,-0.6902,-0.4730,-0.0310,-0.0737,0.0620,0.2365,0.2443,0.2792,-0.5002,-0.1512,0.3246,-0.2000,-1.4448,0.9342,-1.1842,-0.3190,0.1569,1.5328,-1.2186,1.2398,-0.7542,-1.9613,3.7322,-2.7061,2.1056,0.8105,0.5694,2.0855,-0.0571,-1.1467,0.3611,0.18
0.3660,0.1200,0.0000,0.0000,0.0000,0.0000,0.0000,0.0032,0.0746,-0.3013,0.2503,0.3636,0.8973,0.3973,-0.1411,-1.3592,0.9246,-1.2738,-0.3251,0.1672,1.5468,-1.2578,1.2480,-0.5390,-0.3063,-0.2908,-0.0078,0.0582,0.0349,-0.1590,-0.1396,0.6165,-0.0078,0.3483,-0.2000,-1.4652,0.9322,-1.1742,-0.3090,0.0342,1.5022,-1.0839,1.2432,-0.5175,-2.3397,3.4560,-2.1352,1.3880,0.9104,-0.6584,2.6790,1.1923,-1.1238,0.3889,0.17
0.3940,0.1200,0.0000,0.0000,0.0000,0.0000,0.0000,-0.1707,0.1210,-0.3498,0.3119,0.4391,0.8426,0.3861,-0.1474,-1.3682,0.9236,-1.2739,-0.3233,0.1458,1.5388,-1.2269,1.2460,-0.2598,-0.1667,-0.4498,0.0078,0.0737,0.0931,-1.4463,-0.5351,1.6595,0.0000,0.4625,-0.2000,-1.4856,0.9701,-1.2212,-0.3068,0.0000,1.4717,-1.0461,1.2456,0.6254,-2.5778,2.7465,-0.5942,0.4292,0.9323,-2.4856,3.2488,2.7414,-1.1885,0.4167,0.18
0.4220,0.1200,0.0000,0.0000,0.0000,0.0000,0.0000,-0.3156,0.3817,-0.1419,0.2223,0.2584,0.9401,0.3943,-0.1525,-1.3828,0.9260,-1.2785,-0.3213,0.1113,1.5206,-1.1805,1.2421,0.8336,-0.1861,-0.6475,0.2249,-0.2869,0.1086,-1.1593,-0.6475,1.7720,-0.1318,0.5000,-0.2000,-1.5092,1.1262,-1.2035,-0.3000,0.0000,1.4411,-1.0014,1.2472,2.1820,-2.7180,0.9674,3.2015,0.5057,1.0889,-3.2678,2.8915,3.8404,-1.2726,0.4444,0.17
0.4500,0.1200,0.0000,0.0000,0.0000,0.0000,0.0000,-0.2490,0.2390,0.1620,0.0510,0.3694,0.9279,0.4183,-0.1579,-1.4058,0.9503,-1.2816,-0.3186,0.0836,1.4998,-1.1336,1.2351,0.9034,-0.1784,-1.1593,1.6014,0.0194,0.1435,-0.8530,-0.8569,1.7099,-0.4498,0.5000,-0.2000,-1.6103,1.1223,-1.1440,-0.3000,0.0000,1.4106,-0.9519,1.2901,1.4621,-2.3930,0.1598,4.8927,1.1580,1.0628,-1.0783,2.2517,2.5584,-0.5815,0.4722,0.17
0.4780,0.1200,0.0000,0.0000,0.0000,0.0000,0.0000,-0.5129,-0.2802,0.2908,0.3288,0.0903,0.9401,0.4400,-0.1630,-1.4430,0.9921,-1.2714,-0.3156,0.0658,1.4734,-1.0901,1.2303,0.6785,-0.1280,-1.4850,1.5083,0.5506,0.1086,-0.5777,-1.0004,1.5122,-0.0969,0.4637,-0.2000,-1.5475,1.1180,-1.2816,-0.3841,0.0826,1.3800,-0.9000,1.2770,0.6372,-3.1230,0.9913,4.4816,-0.4761,0.1594,-0.1738,2.5923,2.8095,-1.0809,0.5000,0.16
0.5060,0.1200,0.0000,0.0000,0.0000,0.0000,0.0000,-0.3794,0.1198,0.2113,0.3491,-0.1005,0.9317,0.4513,-0.1666,-1.4675,1.0271,-1.2724,-0.3236,0.0649,1.4438,-1.0438,1.2272,0.2792,-0.1241,-0.5777,0.8065,-0.4653,-0.5196,0.3916,-1.0353,1.6944,-0.1047,0.4228,-0.2000,-1.5670,1.1133,-1.3239,-0.4537,0.1705,1.4004,-0.9052,1.2699,0.2278,-2.0833,1.1054,3.3047,-1.8454,-0.5372,0.7050,2.4743,3.1567,-2.2671,0.5278,0.17
0.5340,0.1200,0.0000,0.0000,0.0000,0.0000,0.0000,-0.0448,0.0840,-0.2949,0.2482,-0.1627,0.9549,0.4497,-0.1718,-1.4879,1.0473,-1.2906,-0.3510,0.0859,1.4231,-1.0027,1.2223,-0.3373,-0.2016,-0.7755,0.5390,-0.7949,-1.1128,0.9655,-0.5855,1.1904,-0.2830,0.4581,-0.1397,-1.5874,1.1083,-1.3139,-0.4666,0.1958,1.4207,-0.9103,1.2627,0.5806,-0.3970,1.2939,1.8104,-1.7606,-0.6657,0.9582,1.9590,3.9915,-3.2101,0.5556,0.16
0.5620,0.1200,0.0000,0.0000,0.0000,0.0000,0.0000,-0.1127,0.0171,-0.4429,0.2276,-0.0293,0.9733,0.4460,-0.1713,-1.5067,1.0592,-1.3077,-0.3810,0.1155,1.4106,-0.9748,1.2137,0.0582,0.2753,-0.7445,0.3490,-0.3684,-0.9151,0.8802,-0.3645,0.7638,-0.3606,0.5000,-0.0443,-1.6078,1.1031,-1.2772,-0.4728,0.1410,1.4411,-0.9152,1.2556,1.2569,0.5569,1.5506,1.0238,-0.7340,-0.7277,0.4101,1.4080,5.4097,-3.3908,0.5833,0.17
0.5900,0.1200,0.0000,0.0000,0.0000,0.0000,0.0000,-0.2281,0.2722,-0.4959,0.3312,-0.1761,0.9270,0.4511,-0.1522,-1.5263,1.0670,-1.3114,-0.4032,0.1303,1.4048,-0.9567,1.2037,0.2792,1.0546,-0.8026,0.2675,0.0543,-0.6747,0.1939,-0.1202,0.4498,-0.3373,0.5000,-0.0924,-1.6078,1.1209,-1.2831,-0.4549,0.1618,1.4532,-0.9198,1.2485,1.7684,0.0756,1.7550,1.3394,-0.2696,-0.5487,0.6180,0.9171,5.8315,-3.3449,0.6111,0.18
0.6180,0.1200,0.0000,0.0000,0.0000,0.0000,0.0000,-0.2437,0.4449,-0.5387,0.1852,-0.0838,0.9791,0.4575,-0.1350,-1.5466,1.0734,-1.3111,-0.4180,0.1374,1.4055,-0.9436,1.1949,0.2443,0.2637,-0.7134,0.2830,0.1241,-0.3490,0.3102,0.0698,0.4847,-0.3335,0.5000,-0.1740,-1.5772,1.1722,-1.2412,-0.4148,0.2000,1.4566,-0.9239,1.2414,1.6504,-0.7402,1.2719,1.9197,0.2774,-0.1484,1.0270,0.7471,5.2846,-2.8000,0.6389,0.17
0.6460,0.1200,0.0000,0.0000,0.0000,0.0000,0.0000,-0.1668,0.4164,-0.4809,0.0911,0.0011,0.9958,0.4619,-0.1409,-1.5602,1.0861,-1.3068,-0.4215,0.1493,1.4070,-0.9351,1.1873,0.1280,-0.4885,-0.3994,0.5855,0.2830,0.0698,0.5390,-0.0039,0.1977,-0.3179,0.4958,-0.2000,-1.5467,1.2200,-1.2565,-0.4201,0.2000,1.4623,-0.9276,1.2342,0.9580,-1.2467,1.2743,1.8827,0.2488,-0.2006,1.6676,0.6009,4.7463,-2.1415,0.6667,0.17
0.6740,0.1200,0.0000,0.0000,0.0000,0.0000,0.0000,-0.1533,-0.0021,-0.1811,0.0789,-0.0178,0.9967,0.4644,-0.1567,-1.5680,1.1037,-1.3008,-0.4208,0.1638,1.4069,-0.9335,1.1810,0.0969,-0.5700,-0.1822,0.8026,0.2288,-0.0039,0.4149,-0.0427,0.0155,-0.2559,0.4207,-0.2000,-1.5161,1.2506,-1.2895,-0.4642,0.2000,1.4935,-0.9306,1.2271,0.2069,-1.1698,1.3637,0.8844,0.0354,-0.6419,2.0885,0.7091,3.9335,-2.0915,0.6944,0.16
0.7020,0.1200,0.0000,0.0000,0.0000,0.0000,0.0000,-0.0049,-0.2339,0.1411,0.1608,0.0089,0.9869,0.4575,-0.1704,-1.5670,1.1253,-1.2994,-0.4273,0.1731,1.4069,-0.9359,1.1761,-0.5390,-0.3335,0.1318,0.7910,-0.0582,-0.4110,0.2559,0.1086,-0.0853,-0.2288,0.3741,-0.1786,-1.4856,1.2297,-1.3060,-0.5000,0.2000,1.5000,-0.9331,1.2200,-0.2593,-0.7859,1.0782,0.3312,-0.0214,-1.1463,1.7198,0.5703,4.3627,-2.5964,0.7222,0.17
0.7300,0.1200,0.0000,0.0000,0.0000,0.0000,0.0000,0.0128,-0.1489,0.3374,0.2126,-0.1047,0.9715,0.4390,-0.1773,-1.5591,1.1403,-1.3003,-0.4404,0.1801,1.4078,-0.9384,1.1712,-0.7406,-0.1163,0.3916,0.3296,-0.0737,-0.4730,0.2947,0.0233,-0.0543,-0.1512,0.3805,-0.1491,-1.4703,1.2240,-1.2954,-0.5000,0.2000,1.4706,-0.9348,1.2128,-0.1951,-0.4913,0.8466,0.0232,0.1821,-1.2562,1.8152,0.0726,5.4629,-2.9658,0.7500,0.17
0.7580,0.1200,0.0000,0.0000,0.0000,0.0000,0.0000,0.0055,-0.0673,0.1806,0.1002,-0.0129,0.9949,0.4222,-0.1770,-1.5463,1.1475,-1.2990,-0.4539,0.1854,1.4072,-0.9388,1.1670,-0.4769,0.1241,0.4381,0.2520,0.1512,-0.4226,0.0543,-0.0892,0.0233,-0.2055,0.4121,-0.1517,-1.4647,1.2217,-1.2277,-0.5000,0.2000,1.4423,-0.9358,1.2057,0.1205,-0.5169,0.5974,-0.1468,0.9439,-1.1464,1.7479,-0.4140,5.4571,-2.7702,0.7778,0.17
0.7860,0.1200,0.0000,0.0000,0.0000,0.0000,0.0000,-0.0116,-0.1728,0.1257,0.0955,-0.0480,0.9943,0.4128,-0.1759,-1.5353,1.1522,-1.2874,-0.4629,0.1882,1.4025,-0.9381,1.1627,-0.1435,0.0388,0.4110,0.2675,0.8530,-0.2326,0.0465,-0.3102,0.0543,-0.1590,0.4135,-0.2000,-1.4472,1.2858,-1.2293,-0.4965,0.2000,1.4141,-0.9360,1.1986,0.1354,-1.1971,0.4664,0.4607,1.1742,-0.9653,1.5679,-0.8999,5.7929,-2.4089,0.8056,0.18
0.8140,0.1200,0.0000,0.0000,0.0000,0.0000,0.0000,-0.0193,-0.3311,0.0293,-0.0215,0.1142,0.9932,0.4115,-0.1816,-1.5216,1.1622,-1.2712,-0.4676,0.1892,1.3923,-0.9377,1.1594,0.0388,-0.3296,0.3451,0.6126,0.4653,-0.1357,0.0194,-0.4459,0.0388,-0.0931,0.4088,-0.2000,-1.4054,1.3104,-1.2352,-0.5000,0.2000,1.4244,-0.9355,1.1914,0.0876,-1.7160,0.5797,0.7854,1.3555,-1.0656,1.2704,-1.1713,5.1122,-1.5656,0.8333,0.18
0.8420,0.1200,0.0000,0.0000,0.0000,0.0000,0.0000,-0.0642,-0.6954,-0.0062,0.0872,0.0218,0.9960,0.4088,-0.1898,-1.5076,1.1803,-1.2607,-0.4709,0.1892,1.3804,-0.9398,1.1562,0.0116,-0.1163,0.6126,0.7134,0.2986,-0.1861,0.0039,-0.5583,-0.1124,-0.1784,0.4043,-0.2000,-1.3849,1.3129,-1.2398,-0.5000,0.2000,1.4448,-0.9342,1.1842,0.0429,-2.0382,0.4788,1.1518,1.0341,-1.2723,1.2632,-1.4852,4.9318,-1.3621,0.8611,0.18
0.8700,0.1200,0.0000,0.0000,0.0000,0.0000,0.0000,0.0440,-0.7629,0.2077,0.1790,0.0122,0.9838,0.4059,-0.1949,-1.4902,1.1954,-1.2536,-0.4739,0.1891,1.3702,-0.9447,1.1513,-0.0465,-0.0737,0.5545,0.4769,0.2326,-0.0543,0.0039,-0.3063,-0.1784,-0.2288,0.4098,-0.2000,-1.3755,1.2839,-1.2521,-0.5000,0.2000,1.4652,-0.9322,1.1742,0.0978,-2.0552,0.2676,1.4833,0.9110,-1.5569,1.4272,-1.7978,4.9566,-1.4543,0.8889,0.17
0.8980,0.1200,0.0000,0.0000,0.0000,0.0000,0.0000,0.0785,-0.6023,0.4238,0.2773,-0.1047,0.9551,0.4042,-0.1989,-1.4734,1.2033,-1.2502,-0.4755,0.1892,1.3662,-0.9485,1.1429,-0.0000,-0.1241,0.5971,0.1512,0.1357,-0.0814,0.0039,-0.0698,-0.0620,-0.3490,0.4148,-0.2000,-1.3814,1.2461,-1.2864,-0.5000,0.2000,1.4856,-0.9295,1.1641,0.1479,-1.8673,-0.0976,1.5746,0.5919,-1.6521,1.6899,-2.0341,5.4266,-1.8176,0.9167,0.18
0.9260,0.1200,0.0000,0.0000,0.0000,0.0000,0.0000,0.1366,-0.3621,0.5435,0.2905,-0.1385,0.9468,0.4039,-0.2032,-1.4599,1.2020,-1.2526,-0.4757,0.1898,1.3695,-0.9494,1.1316,0.0427,-0.1706,0.4963,-0.1357,-0.1551,0.0427,0.0388,0.1241,0.0349,-0.4459,0.4351,-0.2000,-1.3767,1.2014,-1.2683,-0.5000,0.2000,1.5059,-0.9262,1.1541,0.3508,-1.5168,-0.3559,1.4636,0.7890,-1.6839,1.6954,-2.1464,5.7984,-2.0615,0.9444,0.16
0.9542,0.1200,0.0000,0.0000,0.0000,0.0000,0.0000,0.1542,-0.1920,0.5184,0.2727,-0.2088,0.9392,0.4060,-0.2077,-1.4498,1.1936,-1.2549,-0.4757,0.1907,1.3794,-0.9486,1.1192,0.1396,-0.1008,0.3800,-0.4226,0.0271,0.0388,0.0310,0.5273,0.1008,-0.4614,0.4626,-0.1976,-1.3621,1.1519,-1.2550,-0.5000,0.2000,1.5263,-0.9223,1.1440,0.6257,-0.9765,-0.5151,1.0574,0.9322,-1.5259,1.5312,-2.2132,6.1623,-2.1443,0.9722,0.17
0.9820,0.1200,0.0000,0.0000,0.0000,0.0000,0.0000,0.1836,-0.0789,0.4793,0.3058,-0.2450,0.9200,0.4117,-0.2115,-1.4386,1.1754,-1.2543,-0.4756,0.1919,1.3933,-0.9474,1.1066,0.2482,-0.2016,0.4537,-0.8026,0.0155,0.0465,0.0310,0.5273,0.0892,-0.4071,0.5000,-0.1148,-1.3430,1.0290,-1.2770,-0.5000,0.2000,1.5467,-0.9180,1.1340,1.0811,-0.1479,-0.6300,0.2904,1.0705,-1.4382,1.0817,-2.2797,6.5332,-2.2341,0.0000,0.19
1.0120,0.1200,0.0000,0.0000,0.0000,0.0000,0.0000,0.1659,-0.0044,0.4901,0.4015,-0.4166,0.8156,0.4236,-0.2035,-1.4253,1.1366,-1.2579,-0.4756,0.1922,1.4092,-0.9449,1.0909,0.5234,0.6010,0.6243,-1.7060,-0.2482,0.0116,0.0116,0.5157,0.1473,-0.5894,0.5000,-0.0145,-1.3481,0.9531,-1.2699,-0.5000,0.1672,1.5670,-0.9133,1.1239,1.8010,0.8553,-0.4772,-0.5214,1.0222,-1.3829,0.6717,-2.1972,6.4001,-2.7148,0.0278,0.24
1.0400,0.1200,0.0000,0.0000,0.0000,0.0000,0.0000,0.1771,0.2657,0.4266,0.3522,-0.2818,0.8925,0.4377,-0.1742,-1.4088,1.0859,-1.2654,-0.4754,0.1876,1.4310,-0.9392,1.0742,0.2753,1.3765,0.4692,-1.8185,-0.2637,0.0931,-0.3218,0.7367,0.2792,-0.6359,0.5000,0.0000,-1.3252,0.9113,-1.2627,-0.5000,0.1353,1.5874,-0.9083,1.1139,2.4723,1.1900,-0.0448,-0.9898,1.2484,-1.3875,0.3526,-2.0882,4.5704,-2.7477,0.0556,0.20
1.0680,0.1200,0.0000,0.0000,0.0000,0.0000,0.0000,0.1147,0.4932,0.3633,0.2833,-0.2214,0.9331,0.4443,-0.1396,-1.3937,1.0348,-1.2720,-0.4745,0.1759,1.4551,-0.9318,1.0587,0.1435,1.2291,0.5467,-1.8379,-0.0892,0.0116,-0.6281,0.8298,0.2637,-0.4808,0.5000,0.0000,-1.3240,0.9152,-1.2556,-0.5000,0.1240,1.6078,-0.9031,1.1038,2.4623,1.2215,0.1711,-1.3561,1.5325,-1.2091,0.2396,-1.8922,1.7456,-2.4322,0.0833,0.19
1.0960,0.1200,0.0000,0.0000,0.0000,0.0000,0.0000,0.1332,0.4038,0.4585,0.2304,-0.1093,0.9669,0.4473,-0.1118,-1.3794,0.9922,-1.2765,-0.4741,0.1604,1.4813,-0.9256,1.0458,0.1396,0.8685,0.3490,-1.2485,-0.1745,-0.0039,-0.5777,0.8995,0.1861,-0.5041,0.5000,-0.0001,-1.3070,0.9198,-1.2485,-0.5000,0.1698,1.6078,-1.1209,1.1562,1.6620,0.9992,0.5448,-2.3015,2.0295,-1.1682,0.6984,-1.6087,-1.5641,-1.6404,0.1111,0.19
1.1240,0.1200,0.0000,0.0000,0.0000,0.0000,0.0000,0.1947,0.2494,0.6575,0.0912,-0.2000,0.9755,0.4513,-0.0906,-1.3663,0.9612,-1.2812,-0.4746,0.1538,1.5059,-0.9393,1.0425,0.1667,0.6824,0.4769,-0.9887,-0.2055,-0.0388,0.0155,0.9849,-1.1438,-0.0814,0.4712,0.0000,-1.2943,0.9239,-1.2414,-0.4368,0.2000,1.5772,-1.1722,1.1689,0.7123,1.2649,0.8751,-2.2040,2.5745,-0.3681,1.3060,-1.1169,-3.1198,-1.1399,0.1389,0.18
1.1520,0.1200,0.0000,0.0000,0.0000,0.0000,0.0000,0.4870,-0.3435,0.7405,-0.0603,-0.1832,0.9812,0.4529,-0.0746,-1.3487,0.9410,-1.2842,-0.4661,0.1577,1.5274,-0.9808,1.0520,-0.0814,0.4343,0.5622,-0.5661,0.0271,0.5894,0.2520,0.5855,-1.9038,0.4692,0.4206,0.0000,-1.3022,0.9276,-1.2342,-0.3665,0.1580,1.5647,-1.2200,1.2525,0.2062,1.2746,1.1658,-1.1791,2.8741,0.3355,0.5799,-0.8200,-1.2951,-0.2883,0.1667,0.17
1.1800,0.1200,0.0000,0.0000,0.0000,0.0000,0.0000,0.4458,-0.9650,0.6872,0.1084,-0.0606,0.9923,0.4472,-0.0626,-1.3276,0.9338,-1.2852,-0.4417,0.1578,1.5418,-1.0350,1.0771,-0.3063,0.4071,0.8879,-0.1124,0.0078,1.0663,-0.1202,0.3335,-1.8883,1.0934,0.3663,-0.0625,-1.3226,0.9306,-1.2271,-0.3507,0.1830,1.5539,-1.2621,1.3122,-0.3367,0.3753,2.0484,-2.0981,2.4399,0.4928,0.8296,-0.6219,-1.4346,0.1914,0.1944,0.18
1.2080,0.1200,0.0000,0.0000,0.0000,0.0000,0.0000,0.4373,-0.9407,0.2639,0.3425,0.0359,0.9388,0.4310,-0.0607,-1.3078,0.9346,-1.2867,-0.4122,0.1576,1.5468,-1.0885,1.1130,-0.6824,-0.1512,0.6126,0.1784,-0.0349,0.9189,0.1124,0.0892,-1.8728,1.4812,0.3000,-0.1102,-1.3430,0.9331,-1.2200,-0.3291,0.2000,1.5686,-1.2966,1.2855,-1.1927,-0.1020,2.6704,-2.9322,2.5122,0.7089,1.8048,-0.1696,-1.8929,-0.1837,0.2222,0.18
1.2360,0.1200,0.0000,0.0000,0.0000,0.0000,0.0000,0.3464,-0.6159,-0.3562,0.3070,0.0632,0.9496,0.4063,-0.0710,-1.2946,0.9362,-1.2870,-0.3882,0.1627,1.5516,-1.1380,1.1479,-1.0585,-0.5041,0.1822,0.1241,-0.0659,0.7755,0.2249,0.2094,-1.7526,1.0081,0.3000,-0.1557,-1.3633,0.9348,-1.2128,-0.3454,0.2000,1.5903,-1.3217,1.2828,-1.4817,-0.5566,3.1150,-2.5848,3.0661,0.5456,1.7727,0.3533,-1.1924,-0.3083,0.2500,0.17
1.2650,0.1200,0.0000,0.0000,0.0000,0.0000,0.0000,0.1053,-0.3016,-0.7798,0.3687,0.2151,0.9043,0.3784,-0.0880,-1.2924,0.9363,-1.2880,-0.3694,0.1689,1.5609,-1.1838,1.1739,-0.8065,-0.6243,-0.0659,-0.0310,-0.0853,0.5312,0.2210,0.4381,-1.5432,0.6747,0.3000,-0.2000,-1.3837,0.9358,-1.2057,-0.3575,0.2000,1.5986,-1.3364,1.2686,-1.7667,-1.2096,3.8268,-2.7284,2.5894,0.4248,1.9455,0.7420,-1.1868,-0.5350,0.2778,0.20
1.2930,0.1200,0.0000,0.0000,0.0000,0.0000,0.0000,-0.0713,-0.2722,-1.0301,0.3317,0.2121,0.9192,0.3570,-0.1103,-1.2973,0.9344,-1.2918,-0.3600,0.1720,1.5709,-1.2245,1.1903,-0.5777,-0.8453,-0.2326,-0.0543,-0.1241,0.2133,0.1124,0.2443,-1.3028,0.4420,0.3000,-0.2000,-1.4041,0.9360,-1.1986,-0.3487,0.2000,1.5939,-1.2739,1.2579,-1.9241,-1.7848,3.8588,-2.3453,2.3957,0.5134,1.6625,1.0800,-0.3411,-0.7144,0.3056,0.18
1.3210,0.1200,0.0000,0.0000,0.0000,0.0000,0.0000,-0.1440,-0.2920,-1.0512,0.3853,0.3616,0.8490,0.3415,-0.1283,-1.3057,0.9328,-1.2964,-0.3535,0.1748,1.5770,-1.2487,1.1997,-0.4110,-0.4924,-0.4071,-0.0000,-0.1590,0.3179,0.0892,0.0465,-0.3955,0.2753,0.3000,-0.2000,-1.4244,0.9355,-1.1914,-0.3316,0.2000,1.5633,-1.1772,1.2390,-1.8265,-2.3421,4.0408,-2.4561,1.6073,0.6845,1.0614,1.5522,0.5464,-0.9624,0.3333,0.17
1.3490,0.1200,0.0000,0.0000,0.0000,0.0000,0.0000,-0.2764,-0.0289,-0.9538,0.4400,0.4334,0.7865,0.3316,-0.1400,-1.3195,0.9317,-1.2997,-0.3462,0.1780,1.5721,-1.2463,1.2026,-0.2443,-0.3257,-0.6398,-0.0620,-0.0892,0.3916,0.0698,-0.3839,0.5545,0.0388,0.3000,-0.2000,-1.4448,0.9342,-1.2181,-0.3056,0.0846,1.5328,-1.1129,1.2398,-1.2462,-2.6906,3.9611,-2.3740,0.6609,0.9435,-0.1540,2.1473,1.8243,-1.3531,0.3611,0.18
1.3770,0.1200,0.0000,0.0000,0.0000,0.0000,0.0000,-0.3666,0.2987,-0.8217,0.3753,0.3706,0.8496,0.3251,-0.1477,-1.3383,0.9281,-1.3042,-0.3357,0.1648,1.5590,-1.2245,1.2012,-0.1977,-0.2520,-0.7910,-0.1745,-0.1745,0.5777,-0.8647,-0.6010,1.1671,0.0116,0.4238,-0.2000,-1.4652,0.9322,-1.3112,-0.3000,0.0000,1.5022,-1.0839,1.2432,0.2383,-2.5671,3.1729,-1.3499,-0.3705,1.0363,-2.1135,2.8052,3.4964,-1.6019,0.3889,0.18
1.4050,0.1200,0.0000,0.0000,0.0000,0.0000,0.0000,-0.3295,0.3059,-0.6802,0.3505,0.2638,0.8986,0.3358,-0.1548,-1.3618,0.9242,-1.3197,-0.3245,0.1313,1.5416,-1.1936,1.1985,0.8065,-0.2288,-0.9228,-0.0620,-0.7677,0.2947,-1.4269,-0.6902,1.1128,-0.1435,0.5000,-0.2000,-1.4856,1.1295,-1.3093,-0.3000,0.0000,1.4717,-1.0461,1.2456,2.2496,-2.6677,1.4620,1.7749,-0.4522,1.2745,-3.6858,2.8112,4.6225,-1.5642,0.4167,0.18
1.4330,0.1200,0.0000,0.0000,0.0000,0.0000,0.0000,-0.2278,0.0488,-0.3627,0.1251,0.4074,0.9047,0.3679,-0.1632,-1.3901,0.9414,-1.3378,-0.3179,0.0986,1.5200,-1.1601,1.1933,1.4114,-0.3102,-1.1748,1.3261,-0.5932,0.1435,-1.0353,-0.9189,1.3338,-0.3102,0.5000,-0.2000,-1.6436,1.1262,-1.1541,-0.3000,0.0000,1.4411,-1.0014,1.2594,2.2707,-2.8863,-0.3763,4.5765,1.4351,1.6901,-2.5096,2.0886,3.8354,-0.8779,0.4444,0.18
1.4610,0.1200,0.0000,0.0000,0.0000,0.0000,0.0000,-0.5393,-0.5418,-0.2768,0.2583,0.1371,0.9563,0.4022,-0.1711,-1.4377,0.9818,-1.3316,-0.3157,0.0764,1.4911,-1.1256,1.1840,1.1012,-0.2055,-1.9775,1.8146,0.6940,0.1396,-0.7251,-1.1477,1.2950,-0.2908,0.5000,-0.2000,-1.5873,1.1223,-1.1762,-0.3089,0.0152,1.4106,-0.9519,1.2697,1.3297,-2.8201,0.3899,4.4513,0.6784,0.9113,-0.8483,2.1236,2.7255,-0.7859,0.4722,0.18
1.4890,0.1200,0.0000,0.0000,0.0000,0.0000,0.0000,-0.6614,-0.1337,-0.1174,0.4859,-0.0635,0.8717,0.4268,-0.1761,-1.4734,1.0227,-1.3127,-0.3151,0.0621,1.4592,-1.0899,1.1807,0.7910,-0.1047,-1.0004,1.0779,0.6747,0.0349,-0.4071,-1.2291,1.4812,0.0620,0.4834,-0.2000,-1.5817,1.1180,-1.3340,-0.3815,0.0430,1.3800,-0.9000,1.2770,0.8336,-3.1816,0.6494,4.2621,-1.1670,0.1853,-0.5698,2.2729,3.9614,-1.5488,0.5000,0.17
1.5180,0.1200,0.0000,0.0000,0.0000,0.0000,0.0000,-0.3696,0.1651,-0.1898,0.4010,-0.0537,0.9145,0.4435,-0.1794,-1.4983,1.0473,-1.3130,-0.3237,0.0570,1.4312,-1.0493,1.1838,0.4653,-0.1396,-0.9034,0.5894,-0.5661,-0.6204,-0.0388,-0.9732,1.6246,0.1396,0.4811,-0.2000,-1.5959,1.1133,-1.3239,-0.4256,0.1424,1.4004,-0.9052,1.2699,0.8114,-1.7686,0.7113,3.2379,-1.2905,-0.2557,0.4243,1.9629,3.6927,-2.4121,0.5278,0.17
1.5459,0.1200,0.0000,0.0000,0.0000,0.0000,0.0000,0.0918,0.0533,-0.5793,0.2458,-0.0767,0.9663,0.4533,-0.1843,-1.5242,1.0621,-1.3312,-0.3470,0.0722,1.4099,-1.0076,1.1867,0.1745,-0.2094,-0.8298,0.3335,-0.6902,-0.8995,0.8026,-0.5894,1.1206,-0.0116,0.4948,-0.1845,-1.5878,1.1083,-1.3139,-0.4237,0.1845,1.4207,-0.9103,1.2627,0.9484,-0.8451,0.9957,2.1677,-1.2852,-0.2372,0.8449,1.8177,4.1119,-2.8216,0.5556,0.17
1.5739,0.1200,0.0000,0.0000,0.0000,0.0000,0.0000,0.0418,-0.1555,-0.3720,0.2576,-0.0145,0.9662,0.4565,-0.1883,-1.5428,1.0701,-1.3489,-0.3676,0.0987,1.3977,-0.9826,1.1836,0.0698,-0.0427,-0.5816,0.2830,-0.5079,-0.5661,1.0159,-0.3296,0.6475,-0.2288,0.5000,-0.1372,-1.6078,1.1031,-1.2710,-0.4263,0.1568,1.4411,-0.9152,1.2556,1.3395,-0.3718,1.0852,1.7244,-0.6716,-0.2628,0.5681,1.5754,5.1335,-3.0698,0.5833,0.19
1.6019,0.1200,0.0000,0.0000,0.0000,0.0000,0.0000,-0.0560,-0.1705,-0.1462,0.3505,-0.1205,0.9288,0.4596,-0.1841,-1.5572,1.0759,-1.3543,-0.3798,0.1179,1.3914,-0.9670,1.1781,0.2016,0.3761,-0.4808,0.2016,0.0465,-0.4071,0.3955,-0.1357,0.4885,-0.2714,0.5000,-0.1749,-1.6078,1.1209,-1.2768,-0.3960,0.1818,1.4615,-0.9198,1.2485,1.6838,-0.7492,1.2233,1.9945,-0.2061,0.0404,0.8177,1.2240,5.9860,-3.1599,0.6111,0.19
1.6299,0.1200,0.0000,0.0000,0.0000,0.0000,0.0000,-0.0493,0.0652,0.0009,0.3162,-0.0214,0.9485,0.4633,-0.1812,-1.5695,1.0818,-1.3537,-0.3844,0.1311,1.3923,-0.9577,1.1740,0.0969,-0.0504,-0.4885,0.2830,0.0039,0.0620,0.5196,0.0969,0.2792,-0.1667,0.5000,-0.2000,-1.5772,1.1722,-1.2540,-0.3790,0.2000,1.4796,-0.9239,1.2414,1.4111,-1.2849,1.1228,2.2972,0.1497,0.2100,1.1995,0.9776,5.8940,-2.8318,0.6389,0.18
1.6579,0.1200,0.0000,0.0000,0.0000,0.0000,0.0000,0.0552,0.1841,0.1265,0.1837,0.0372,0.9823,0.4664,-0.1863,-1.5761,1.0937,-1.3501,-0.3810,0.1460,1.4002,-0.9524,1.1711,0.1318,-0.2714,-0.1357,0.5894,0.2133,0.2055,0.5041,0.3141,0.1202,-0.1551,0.4657,-0.2000,-1.5467,1.2200,-1.2752,-0.4004,0.2000,1.4903,-0.9276,1.2342,0.6567,-1.4069,1.2228,1.8472,0.0608,-0.0041,1.8717,0.8803,4.9595,-2.3798,0.6667,0.18
1.6859,0.1200,0.0000,0.0000,0.0000,0.0000,0.0000,0.0211,-0.2338,0.2899,0.1633,0.0892,0.9825,0.4639,-0.1919,-1.5787,1.1107,-1.3457,-0.3793,0.1585,1.4080,-0.9512,1.1675,-0.1124,-0.1396,0.0000,0.7987,0.0931,-0.0039,0.3839,0.1900,-0.0582,-0.1590,0.3949,-0.2000,-1.5161,1.2580,-1.3080,-0.4490,0.2000,1.5226,-0.9306,1.2271,-0.0508,-1.1953,1.2326,0.9584,-0.1493,-0.4901,1.8121,1.0016,4.1576,-2.4586,0.6944,0.18
1.7140,0.1200,0.0000,0.0000,0.0000,0.0000,0.0000,0.2132,-0.5802,0.4228,0.2220,0.0480,0.9739,0.4506,-0.1955,-1.5743,1.1344,-1.3473,-0.3869,0.1675,1.4150,-0.9543,1.1622,-0.7289,-0.0931,0.2637,0.9693,-0.1977,-0.4885,0.2598,0.2559,-0.1745,-0.2171,0.3639,-0.1825,-1.4881,1.2330,-1.3367,-0.4749,0.2000,1.5238,-0.9331,1.2200,-0.3609,-0.8251,0.9742,0.3644,-0.3286,-0.7494,1.6539,0.8081,4.5539,-2.7402,0.7222,0.18
1.7419,0.1200,0.0000,0.0000,0.0000,0.0000,0.0000,0.3776,-0.6517,0.5691,0.3262,-0.1508,0.9332,0.4247,-0.1964,-1.5642,1.1548,-1.3575,-0.4037,0.1726,1.4224,-0.9581,1.1550,-1.0159,0.0504,0.5467,0.5855,-0.4769,-0.6592,0.1318,0.2404,-0.0000,-0.3102,0.3863,-0.1483,-1.4803,1.2215,-1.3360,-0.4665,0.2000,1.5008,-0.9348,1.2128,-0.1368,-0.4829,0.7473,-0.0028,-0.2237,-0.6654,1.9954,0.3750,5.8153,-3.0809,0.7500,0.18
1.7699,0.1200,0.0000,0.0000,0.0000,0.0000,0.0000,0.5187,-0.6672,0.9740,0.2914,-0.0461,0.9555,0.4034,-0.1918,-1.5477,1.1677,-1.3697,-0.4179,0.1771,1.4277,-0.9583,1.1478,-0.4226,0.2908,0.6553,0.3839,-0.3994,-0.3451,0.0698,0.1124,0.0310,-0.2753,0.3994,-0.1392,-1.4644,1.2178,-1.2528,-0.4506,0.2000,1.4933,-0.9358,1.2057,-0.0058,-0.3918,0.6004,-0.1859,0.6934,-0.5059,1.9670,0.0959,6.0276,-3.1617,0.7778,0.19
1.7979,0.1200,0.0000,0.0000,0.0000,0.0000,0.0000,0.4577,-0.7824,1.3360,0.2793,-0.0072,0.9602,0.3949,-0.1853,-1.5274,1.1791,-1.3689,-0.4240,0.1809,1.4319,-0.9563,1.1397,-0.1939,0.2249,0.9073,0.3373,0.4226,-0.0465,0.1086,0.1590,0.1086,-0.2869,0.3791,-0.2000,-1.4350,1.2675,-1.2334,-0.4337,0.2000,1.4862,-0.9360,1.1986,-0.2094,-1.0364,0.5884,0.2771,0.9596,-0.3373,1.6992,-0.1789,6.1551,-2.9493,0.8056,0.18
1.8259,0.1200,0.0000,0.0000,0.0000,0.0000,0.0000,0.3419,-0.8961,1.5393,0.2631,0.0320,0.9642,0.3886,-0.1879,-1.5021,1.1944,-1.3541,-0.4229,0.1834,1.4356,-0.9535,1.1327,-0.1939,-0.2947,0.9655,0.9228,0.5118,0.0775,0.1512,0.0775,0.1822,-0.2482,0.3349,-0.2000,-1.4116,1.2731,-1.2652,-0.4364,0.2000,1.4717,-0.9355,1.1914,-0.6513,-1.5929,0.5170,0.4132,0.7005,-0.3638,1.6828,-0.5275,6.2807,-2.6262,0.8333,0.18
1.8540,0.1200,0.0000,0.0000,0.0000,0.0000,0.0000,0.4518,-0.9526,1.4402,0.2979,-0.0293,0.9542,0.3772,-0.1937,-1.4756,1.2145,-1.3440,-0.4214,0.1854,1.4386,-0.9505,1.1302,-0.4885,-0.1551,0.9732,0.7367,0.2598,-0.0504,0.0427,0.0310,0.1512,-0.1086,0.3263,-0.2000,-1.3993,1.2457,-1.2803,-0.4553,0.2000,1.4577,-0.9342,1.1842,-0.7368,-1.8703,0.3346,0.3285,0.5955,-0.5526,1.8473,-0.8710,6.3703,-2.5015,0.8611,0.17
1.8819,0.1200,0.0000,0.0000,0.0000,0.0000,0.0000,0.5283,-1.0514,1.3224,0.3262,0.0154,0.9452,0.3617,-0.1965,-1.4505,1.2272,-1.3420,-0.4238,0.1877,1.4395,-0.9456,1.1285,-0.4769,-0.0078,0.8453,0.2908,0.0969,-0.1163,0.1086,-0.0388,0.2133,-0.0388,0.3315,-0.2000,-1.3962,1.2317,-1.2651,-0.4645,0.2000,1.4652,-0.9322,1.1742,-0.6848,-1.9275,0.0607,0.4786,0.7816,-0.6446,1.6505,-1.1130,6.3338,-2.3762,0.8889,0.18
1.9099,0.1200,0.0000,0.0000,0.0000,0.0000,0.0000,0.4001,-1.1411,1.2418,0.3825,0.0066,0.9240,0.3521,-0.1980,-1.4258,1.2328,-1.3412,-0.4298,0.1895,1.4404,-0.9390,1.1238,-0.2326,-0.0039,0.8802,0.1628,0.1008,-0.2598,0.0698,-0.0116,0.3141,-0.2714,0.3400,-0.2000,-1.3897,1.2076,-1.2702,-0.4672,0.2000,1.4856,-0.9295,1.1641,-0.6004,-1.8361,-0.1801,0.6152,0.7542,-0.6719,1.3126,-1.3602,6.5172,-2.3668,0.9167,0.18
1.9379,0.1200,0.0000,0.0000,0.0000,0.0000,0.0000,0.3054,-1.0614,1.0943,0.3952,-0.0525,0.9171,0.3477,-0.1992,-1.4039,1.2339,-1.3410,-0.4362,0.1910,1.4465,-0.9327,1.1166,-0.1357,-0.0465,0.6359,0.0039,0.0620,-0.1706,0.0427,0.3335,0.1435,-0.3335,0.3661,-0.2000,-1.3800,1.1667,-1.2739,-0.4642,0.2000,1.5059,-0.9262,1.1541,-0.3385,-1.5830,-0.3890,0.6525,0.7329,-0.6417,1.0797,-1.5501,6.6064,-2.3386,0.9444,0.18
1.9659,0.1200,0.0000,0.0000,0.0000,0.0000,0.0000,0.2839,-0.9758,1.0501,0.4198,-0.0874,0.9034,0.3470,-0.1998,-1.3857,1.2273,-1.3431,-0.4407,0.1930,1.4578,-0.9273,1.1107,0.1318,0.0116,0.6243,-0.4110,-0.0543,-0.1241,0.0504,0.4459,0.2637,-0.2482,0.3992,-0.2000,-1.3694,1.0921,-1.2887,-0.4560,0.1800,1.5263,-0.9223,1.1440,-0.0075,-1.0110,-0.5881,0.4017,0.5955,-0.5601,0.7996,-1.5897,6.5389,-2.3763,0.9722,0.18
1.9940,0.1200,0.0000,0.0000,0.0000,0.0000,0.0000,0.1992,-0.9262,1.1427,0.5384,-0.1306,0.8325,0.3525,-0.2001,-1.3692,1.2078,-1.3484,-0.4430,0.1922,1.4732,-0.9207,1.1051,0.2908,-0.0000,0.5467,-1.0973,-0.2365,-0.0388,-0.0775,0.5932,0.2404,-0.2520,0.4552,-0.1083,-1.3501,0.9945,-1.3508,-0.4524,0.1414,1.5467,-0.9180,1.1340,0.5524,-0.0828,-0.7008,-0.0547,0.2623,-0.5242,0.4142,-1.4597,6.3777,-2.6327,0.0000,0.20
2.0239,0.1200,0.0000,0.0000,0.0000,0.0000,0.0000,0.0859,-0.7427,1.3138,0.5561,-0.2349,0.7972,0.3685,-0.1878,-1.3512,1.1688,-1.3637,-0.4433,0.1851,1.4947,-0.9115,1.0970,0.7832,0.7367,0.5816,-1.6130,-0.6204,0.0271,-0.4575,0.8491,0.4343,-0.2947,0.5000,-0.0522,-1.3439,0.9664,-1.3440,-0.4476,0.1260,1.5670,-0.9133,1.1239,1.1303,0.4779,-0.4353,-0.3880,0.2584,-0.4760,0.2603,-1.2086,5.9125,-2.8467,0.0278,0.21
2.0520,0.1200,0.0000,0.0000,0.0000,0.0000,0.0000,-0.0145,-0.5711,1.3020,0.5611,-0.1828,0.8073,0.3950,-0.1605,-1.3359,1.1239,-1.3784,-0.4429,0.1742,1.5209,-0.8991,1.0880,0.9616,1.1167,0.3916,-1.5005,-0.3684,0.0620,-0.4420,0.9849,0.5002,-0.3141,0.5000,-0.0618,-1.3089,0.9746,-1.3219,-0.4383,0.1090,1.5957,-0.9083,1.1139,1.4625,0.3819,0.1186,-0.3573,0.4085,-0.3835,0.0897,-0.9167,4.6608,-2.7813,0.0556,0.19
2.0809,0.1200,0.0000,0.0000,0.0000,0.0000,0.0000,-0.2730,-0.4857,1.2413,0.5588,-0.1159,0.8212,0.4170,-0.1368,-1.3226,1.0858,-1.3823,-0.4409,0.1618,1.5522,-0.8844,1.0807,0.6592,0.7445,0.3839,-1.1981,0.1047,0.1784,-0.4537,1.0779,0.4265,-0.1784,0.5000,-0.1142,-1.2873,1.0135,-1.3228,-0.4009,0.0799,1.6587,-0.9031,1.1038,1.2975,-0.1424,0.5386,-0.0176,0.3283,-0.0085,-0.2012,-0.4903,3.1549,-2.3974,0.0833,0.20
2.1090,0.1200,0.0000,0.0000,0.0000,0.0000,0.0000,-0.3016,-0.4916,1.1775,0.6774,-0.0410,0.7344,0.4345,-0.1270,-1.3122,1.0592,-1.3803,-0.4339,0.1464,1.5901,-0.8730,1.0770,0.5777,0.1086,0.3179,-0.6398,0.1590,0.3800,-0.6087,1.4889,0.3063,-0.0969,0.4847,-0.1698,-1.2681,1.0441,-1.3768,-0.3597,0.0517,1.7183,-0.9209,1.1562,0.8468,-0.6976,0.9340,0.2429,-0.2827,0.4030,-0.4831,0.1053,1.9526,-1.8678,0.1111,0.20
2.1369,0.1200,0.0000,0.0000,0.0000,0.0000,0.0000,-0.3363,-0.0188,1.0778,0.6557,-0.1093,0.7471,0.4468,-0.1326,-1.3069,1.0435,-1.3821,-0.4204,0.1286,1.6329,-0.8667,1.0819,0.3645,-0.3179,-0.0737,-0.5002,-0.2016,0.5661,-0.5971,1.6944,0.1241,0.3528,0.4344,-0.2000,-1.2819,1.0523,-1.4414,-0.3140,0.0463,1.7483,-0.9722,1.1689,0.3438,-1.3055,1.1130,0.2837,-1.2085,0.8598,-0.5370,0.7106,1.6726,-1.2576,0.1389,0.18
2.1649,0.1200,0.0000,0.0000,0.0000,0.0000,0.0000,-0.1214,-0.0411,1.0425,0.7051,-0.0969,0.7025,0.4493,-0.1444,-1.3145,1.0311,-1.3928,-0.3996,0.1150,1.6743,-0.8706,1.0929,-0.0775,-0.4847,-0.4032,-0.3761,-0.5390,0.8530,-0.3528,1.3726,-0.3528,0.3684,0.4087,-0.2000,-1.3022,1.0544,-1.4342,-0.3000,0.0054,1.7467,-1.0200,1.1813,0.0874,-1.8552,1.1370,0.2686,-1.6460,1.2881,-0.9462,1.2096,2.2645,-1.0063,0.1667,0.17
2.1929,0.1200,0.0000,0.0000,0.0000,0.0000,0.0000,-0.0273,0.3159,0.7052,0.7476,-0.2359,0.6208,0.4428,-0.1555,-1.3288,1.0250,-1.4045,-0.3767,0.1031,1.7117,-0.8820,1.1063,-0.3528,-0.2986,-0.4963,-0.1280,-0.2792,0.8065,-0.5273,1.2330,-0.4537,0.3994,0.4452,-0.2000,-1.3226,1.1000,-1.4271,-0.3000,0.0000,1.7161,-1.0621,1.1931,0.4521,-2.1525,1.0611,0.6935,-1.9692,1.8000,-1.4202,1.6122,3.1451,-1.2613,0.1944,0.18
2.2209,0.1200,0.0000,0.0000,0.0000,0.0000,0.0000,-0.1188,0.4224,0.3738,0.6112,-0.1545,0.7763,0.4367,-0.1635,-1.3435,1.0266,-1.4111,-0.3547,0.0911,1.7414,-0.8969,1.1183,-0.0194,-0.2055,-0.6010,0.3257,-0.0892,0.7794,-0.4769,0.8298,-0.5739,0.4304,0.5000,-0.2000,-1.4049,1.1331,-1.4200,-0.3000,0.0000,1.6856,-1.0966,1.2039,1.1366,-2.6638,0.3807,1.6547,-1.2566,2.2975,-1.8706,1.7900,3.8735,-1.4069,0.2222,0.17
2.2499,0.1200,0.0000,0.0000,0.0000,0.0000,0.0000,-0.2931,-0.0209,-0.0577,0.5373,-0.2450,0.8070,0.4435,-0.1691,-1.3679,1.0401,-1.4127,-0.3359,0.0824,1.7569,-0.9159,1.1316,0.5622,-0.2055,-0.9500,0.7018,-0.0078,0.5622,-0.3218,0.2559,-0.7445,0.4265,0.5000,-0.2000,-1.5013,1.1348,-1.3618,-0.3000,0.0000,1.6550,-1.1217,1.2136,1.5363,-3.0611,-0.3796,2.7133,-0.4893,2.5485,-1.8233,1.9639,3.8158,-1.3770,0.2500,0.19
2.2779,0.1200,0.0000,0.0000,0.0000,0.0000,0.0000,-0.3285,-0.1627,-0.6174,0.6591,-0.3179,0.6815,0.4577,-0.1742,-1.4027,1.0605,-1.4068,-0.3234,0.0734,1.7604,-0.9401,1.1444,0.4614,-0.1745,-1.3493,0.7173,0.4730,0.3218,-0.3179,0.0698,-0.8336,0.3296,0.5000,-0.2000,-1.5230,1.1358,-1.3566,-0.3000,0.0000,1.6244,-1.1364,1.2221,1.6811,-3.3276,-0.3931,3.3505,-0.5095,2.2609,-1.8278,2.0610,3.9694,-1.5780,0.2778,0.20
2.3059,0.1200,0.0000,0.0000,0.0000,0.0000,0.0000,-0.2689,-0.0284,-1.2942,0.6044,-0.3033,0.7367,0.4679,-0.1797,-1.4381,1.0775,-1.3997,-0.3164,0.0631,1.7565,-0.9633,1.1572,0.2559,-0.1473,-1.1283,0.5545,0.1318,0.2133,-0.3645,-0.2482,-0.8298,0.4343,0.5000,-0.2000,-1.5628,1.1360,-1.3433,-0.3000,0.0000,1.5939,-1.1398,1.2293,1.7749,-3.2886,-0.5878,3.7180,-0.4474,2.1809,-1.6315,1.9907,3.9846,-1.2121,0.3056,0.19
2.3339,0.1200,0.0000,0.0000,0.0000,0.0000,0.0000,-0.2655,-0.0402,-1.6196,0.6698,-0.1392,0.7294,0.4725,-0.1855,-1.4713,1.0896,-1.3958,-0.3111,0.0516,1.7439,-0.9855,1.1715,0.1318,-0.1396,-1.2873,0.4188,0.1977,0.1706,-0.4032,-0.4730,-0.8065,0.5467,0.5000,-0.2000,-1.5832,1.1355,-1.3280,-0.3000,0.0000,1.5633,-1.1318,1.2352,1.7840,-3.3649,-0.5876,3.8721,-0.3651,1.8860,-2.0489,1.9497,3.9582,-1.1598,0.3333,0.19
2.3619,0.1200,0.0000,0.0000,0.0000,0.0000,0.0000,-0.3403,0.0594,-1.8798,0.6826,-0.1082,0.7227,0.4752,-0.1901,-1.5033,1.0974,-1.3896,-0.3076,0.0407,1.7251,-1.0024,1.1866,0.0698,-0.1086,-1.1904,0.2094,0.3412,0.0892,-0.3490,-0.8375,-0.5894,0.5739,0.5000,-0.2000,-1.6124,1.1342,-1.3277,-0.3000,0.0000,1.5328,-1.1129,1.2398,1.8882,-3.2354,-0.6758,4.1186,-0.4351,1.6043,-2.2558,1.9570,3.6789,-1.1677,0.3611,0.19
2.3910,0.1200,0.0000,0.0000,0.0000,0.0000,0.0000,-0.4090,0.1142,-2.0449,0.7242,-0.0292,0.6889,0.4770,-0.1932,-1.5348,1.1012,-1.3832,-0.3046,0.0301,1.7010,-1.0140,1.2008,0.0620,-0.0698,-1.2408,0.0233,0.2094,0.1512,-0.2675,-0.8957,-0.2753,0.3722,0.5000,-0.2000,-1.6347,1.1322,-1.3278,-0.3000,0.0000,1.5022,-1.0839,1.2432,1.9830,-3.1205,-0.6956,4.3541,-0.5367,1.3342,-2.4059,1.9949,3.5018,-1.1673,0.3889,0.19
2.4190,0.1200,0.0000,0.0000,0.0000,0.0000,0.0000,-0.3678,0.2690,-2.1451,0.7242,-0.0780,0.6852,0.4781,-0.1954,-1.5674,1.1014,-1.3786,-0.3023,0.0223,1.6721,-1.0176,1.2124,0.1008,-0.0582,-1.2097,-0.0000,0.1977,0.1900,-0.2404,-1.0973,0.0116,0.3490,0.5000,-0.2000,-1.6559,1.1295,-1.3314,-0.3000,0.0000,1.4717,-1.0461,1.2456,2.0370,-2.9135,-0.7036,4.5913,-0.6727,1.2319,-2.0586,1.9978,3.4942,-1.0881,0.4167,0.18
2.4470,0.1200,0.0000,0.0000,0.0000,0.0000,0.0000,-0.3209,0.3552,-2.1014,0.6855,-0.0425,0.7268,0.4798,-0.1970,-1.5984,1.0995,-1.3763,-0.2997,0.0166,1.6411,-1.0141,1.2215,0.0310,-0.0543,-1.0857,-0.0427,0.0737,0.1318,-0.1939,-1.1748,0.2675,0.2675,0.5000,-0.2000,-1.6703,1.1262,-1.3228,-0.3000,0.0000,1.4411,-1.0014,1.2567,1.8580,-2.8205,-0.6435,4.7142,-0.6874,1.2254,-1.6078,1.9548,3.5093,-0.9052,0.4444,0.17
2.4749,0.1200,0.0000,0.0000,0.0000,0.0000,0.0000,-0.3055,0.2044,-1.9529,0.6763,0.0065,0.7366,0.4807,-0.1975,-1.6262,1.0968,-1.3752,-0.2974,0.0109,1.6073,-1.0048,1.2280,0.0620,0.0388,-1.0004,-0.0271,0.0465,0.0969,-0.2133,-1.3299,0.4885,0.2249,0.5000,-0.2000,-1.6704,1.1223,-1.3243,-0.3000,0.0000,1.4106,-0.9519,1.2558,1.5983,-2.7418,-0.4412,4.5891,-0.8030,1.1035,-1.1549,1.9633,3.3568,-0.9243,0.4722,0.17
2.5029,0.1200,0.0000,0.0000,0.0000,0.0000,0.0000,-0.3212,0.1512,-1.7117,0.7149,0.0791,0.6947,0.4814,-0.1975,-1.6467,1.0937,-1.3755,-0.2960,0.0052,1.5693,-0.9872,1.2319,0.0737,0.0543,-0.6940,-0.1202,0.0310,0.1047,-0.2288,-1.4463,0.7832,0.1008,0.5000,-0.2000,-1.6718,1.1180,-1.3340,-0.3116,0.0028,1.3800,-0.9000,1.2770,1.4281,-2.6794,-0.2513,4.4349,-1.1289,0.8838,-0.9716,1.9759,3.5433,-1.1323,0.5000,0.16
2.5309,0.1200,0.0000,0.0000,0.0000,0.0000,0.0000,-0.3082,0.3455,-1.4158,0.7005,0.1181,0.7038,0.4823,-0.1970,-1.6634,1.0886,-1.3769,-0.2963,0.0019,1.5316,-0.9617,1.2375,0.0620,0.0892,-0.5390,-0.1822,-0.0000,0.0271,-0.1280,-1.3726,1.0585,0.3684,0.5000,-0.2000,-1.6721,1.1133,-1.3239,-0.3415,0.0426,1.4004,-0.9052,1.2699,1.3368,-2.2910,-0.0504,4.0961,-1.3280,0.5849,-0.5740,1.8753,3.7122,-1.4243,0.5278,0.16
2.5589,0.1200,0.0000,0.0000,0.0000,0.0000,0.0000,-0.1687,0.4766,-1.1509,0.6448,0.0580,0.7621,0.4835,-0.1965,-1.6782,1.0817,-1.3774,-0.3012,0.0052,1.5013,-0.9386,1.2445,0.0543,-0.0000,-0.5312,-0.2947,0.0349,-0.2443,0.1551,-0.8453,0.6902,0.1590,0.5000,-0.2000,-1.6697,1.1083,-1.3139,-0.3569,0.1072,1.4207,-0.9103,1.2627,1.2278,-1.9439,0.1766,3.7967,-1.4801,0.4313,0.0720,1.7944,3.9105,-1.8358,0.5556,0.16
2.5869,0.1200,0.0000,0.0000,0.0000,0.0000,0.0000,-0.1013,0.5312,-0.8052,0.5620,0.0969,0.8215,0.4841,-0.1964,-1.6902,1.0744,-1.3766,-0.3118,0.0210,1.4850,-0.9236,1.2477,0.0931,0.0427,-0.3994,-0.2094,0.0310,-0.4381,0.7716,-0.3994,0.4924,-0.0078,0.4932,-0.2000,-1.6626,1.1031,-1.3038,-0.3752,0.1674,1.4411,-0.9152,1.2556,0.9324,-1.5403,0.4518,3.3706,-1.4626,0.2477,0.6739,1.8050,3.7659,-2.2105,0.5833,0.17
2.6149,0.1200,0.0000,0.0000,0.0000,0.0000,0.0000,-0.0361,0.4517,-0.4525,0.5394,0.0448,0.8408,0.4837,-0.1969,-1.6962,1.0685,-1.3745,-0.3237,0.0493,1.4784,-0.9137,1.2471,-0.0271,-0.0814,-0.1822,-0.0543,0.0892,-0.3800,1.0663,-0.0737,0.2830,-0.0659,0.4608,-0.2000,-1.6450,1.1209,-1.3562,-0.3840,0.2000,1.4615,-0.9198,1.2485,0.6076,-1.3643,0.6282,3.0113,-1.7100,0.1604,1.0867,1.8216,4.0350,-2.5799,0.6111,0.17
2.6429,0.1200,0.0000,0.0000,0.0000,0.0000,0.0000,-0.0032,0.4304,-0.1590,0.4799,0.0903,0.8727,0.4795,-0.1979,-1.6966,1.0665,-1.3761,-0.3346,0.0804,1.4784,-0.9091,1.2452,-0.1745,-0.0000,0.0543,0.0465,-0.2326,-0.3412,1.0895,0.0155,0.1628,-0.0892,0.4346,-0.1903,-1.6051,1.1722,-1.3689,-0.4012,0.2000,1.4819,-0.9239,1.2414,0.3463,-0.9034,0.7208,2.4015,-1.5454,-0.0118,1.4402,1.7671,4.0022,-2.8487,0.6389,0.17
2.6709,0.1200,0.0000,0.0000,0.0000,0.0000,0.0000,0.0786,0.3657,-0.0086,0.4482,0.1675,0.8781,0.4685,-0.1991,-1.6924,1.0720,-1.3805,-0.3462,0.1063,1.4825,-0.9069,1.2414,-0.5002,-0.0000,0.2675,0.3839,-0.1357,-0.3722,0.8530,0.2016,0.0233,-0.1784,0.4144,-0.1750,-1.5748,1.2200,-1.3813,-0.4101,0.2000,1.5022,-0.9276,1.2342,0.1441,-0.7500,0.7189,2.0708,-1.3040,-0.1014,1.3642,1.6099,4.1812,-2.9986,0.6667,0.17
2.6989,0.1200,0.0000,0.0000,0.0000,0.0000,0.0000,0.0408,0.1933,0.2356,0.4556,0.1591,0.8758,0.4513,-0.1987,-1.6845,1.0875,-1.3841,-0.3587,0.1246,1.4887,-0.9067,1.2341,-0.5700,0.0620,0.3102,0.7755,-0.1939,-0.4381,0.5894,0.2482,-0.0078,-0.3490,0.3961,-0.1794,-1.5471,1.2621,-1.3931,-0.4067,0.2000,1.5226,-0.9306,1.2271,-0.0393,-0.7938,0.6900,1.8937,-1.2040,-0.0672,1.4822,1.3605,4.3764,-3.0208,0.6944,0.16
2.7269,0.1200,0.0000,0.0000,0.0000,0.0000,0.0000,0.0422,0.0917,0.5714,0.5137,0.0860,0.8536,0.4326,-0.1989,-1.6733,1.1112,-1.3863,-0.3693,0.1387,1.4968,-0.9072,1.2230,-0.7134,-0.0116,0.4769,0.9577,-0.0892,-0.2598,0.3994,0.3024,0.0155,-0.4304,0.3718,-0.1869,-1.5173,1.2966,-1.4039,-0.4079,0.2000,1.5430,-0.9331,1.2200,-0.2819,-0.8688,0.6823,1.6664,-1.2637,-0.0794,1.6999,1.0874,4.8342,-3.0795,0.7222,0.16
2.7549,0.1200,0.0000,0.0000,0.0000,0.0000,0.0000,0.1182,0.1675,0.9594,0.5451,0.0383,0.8375,0.4119,-0.2011,-1.6575,1.1389,-1.3889,-0.3760,0.1479,1.5075,-0.9074,1.2118,-0.7638,-0.0892,0.5855,1.0895,-0.1008,-0.2171,0.3141,0.3179,-0.0000,-0.4575,0.3397,-0.1825,-1.4963,1.3217,-1.4136,-0.4181,0.2000,1.5454,-0.9348,1.2128,-0.6026,-0.8247,0.5875,1.2482,-1.1483,-0.1814,1.8641,0.8203,5.2221,-3.2090,0.7500,0.16
2.7829,0.1200,0.0000,0.0000,0.0000,0.0000,0.0000,0.2322,0.2524,1.2918,0.5458,-0.0356,0.8372,0.3887,-0.2028,-1.6388,1.1688,-1.3935,-0.3821,0.1565,1.5180,-0.9074,1.2009,-0.8647,0.0271,0.7522,1.1632,-0.2055,-0.2365,0.3916,0.3490,0.0698,-0.3645,0.3088,-0.1769,-1.4824,1.3143,-1.4146,-0.4264,0.2000,1.5370,-0.9358,1.2057,-0.9117,-0.7686,0.4205,0.7794,-0.9243,-0.2641,1.9976,0.5326,5.6028,-3.2807,0.7778,0.17
2.8109,0.1200,0.0000,0.0000,0.0000,0.0000,0.0000,0.4073,0.2707,1.5426,0.5714,-0.1196,0.8119,0.3630,-0.2026,-1.6156,1.1970,-1.3988,-0.3897,0.1653,1.5288,-0.9065,1.1918,-0.9616,0.0427,0.9267,0.9926,-0.2171,-0.3606,0.2443,0.3684,0.1008,-0.3645,0.3000,-0.1787,-1.4710,1.2879,-1.3912,-0.4238,0.2000,1.5299,-0.9360,1.1986,-1.0745,-0.7872,0.2288,0.4808,-0.6188,-0.2376,2.0876,0.2584,6.1081,-3.2635,0.8056,0.16
2.8389,0.1200,0.0000,0.0000,0.0000,0.0000,0.0000,0.5793,0.2572,1.6955,0.6003,-0.1315,0.7889,0.3394,-0.2017,-1.5885,1.2177,-1.4023,-0.3967,0.1725,1.5386,-0.9033,1.1842,-0.7483,-0.0233,0.9306,0.7289,0.0116,-0.1861,0.2637,0.2753,0.2404,-0.2326,0.3000,-0.1973,-1.4634,1.2810,-1.3635,-0.4171,0.2000,1.5214,-0.9355,1.1914,-1.1229,-0.9735,-0.0002,0.4917,-0.2827,-0.1711,2.0374,-0.0309,6.5074,-3.1703,0.8333,0.17
2.8669,0.1200,0.0000,0.0000,0.0000,0.0000,0.0000,0.5630,0.3773,1.7470,0.5499,-0.0467,0.8339,0.3215,-0.2026,-1.5597,1.2330,-1.4010,-0.4011,0.1800,1.5478,-0.8961,1.1765,-0.4537,-0.0349,0.9693,0.5196,0.1435,-0.0310,0.3335,0.2869,0.3877,-0.2830,0.3000,-0.2000,-1.4631,1.2714,-1.3444,-0.4178,0.2000,1.5053,-0.9342,1.1842,-1.2229,-1.2587,-0.3027,0.5850,-0.0462,-0.1781,1.8278,-0.3950,6.4634,-3.0454,0.8611,0.16
2.8949,0.1200,0.0000,0.0000,0.0000,0.0000,0.0000,0.5933,0.4467,1.6046,0.4978,-0.0843,0.8632,0.3104,-0.2041,-1.5343,1.2439,-1.3963,-0.4035,0.1881,1.5547,-0.8866,1.1693,-0.2598,-0.0737,0.7832,0.3722,0.1939,-0.0582,0.2637,0.1900,0.3141,-0.2288,0.3000,-0.2000,-1.4646,1.2549,-1.3505,-0.4231,0.2000,1.4922,-0.9322,1.1742,-1.3585,-1.5389,-0.6234,0.7104,-0.0725,-0.2307,1.7644,-0.7297,6.3984,-2.9160,0.8889,0.16
2.9229,0.1200,0.0000,0.0000,0.0000,0.0000,0.0000,0.5924,0.3178,1.3002,0.4681,-0.0302,0.8832,0.3034,-0.2043,-1.5133,1.2507,-1.3925,-0.4064,0.1942,1.5580,-0.8795,1.1635,-0.1008,-0.0039,0.6553,0.2055,0.0233,-0.0427,0.1512,0.0078,0.2675,-0.2365,0.3000,-0.2000,-1.4576,1.2288,-1.3415,-0.4382,0.2000,1.4910,-0.9295,1.1641,-1.3104,-1.6107,-0.8593,0.8268,0.0411,-0.3821,1.5394,-0.9455,6.1041,-2.7563,0.9167,0.16
2.9509,0.1200,0.0000,0.0000,0.0000,0.0000,0.0000,0.3393,0.2997,0.9002,0.4345,0.0109,0.9006,0.3005,-0.2043,-1.4920,1.2519,-1.3903,-0.4119,0.1986,1.5580,-0.8724,1.1554,-0.0931,-0.0078,0.8104,-0.1086,0.2443,-0.2675,0.1086,-0.0349,0.2792,-0.3412,0.3000,-0.2000,-1.4411,1.2014,-1.3396,-0.4584,0.2000,1.5059,-0.9262,1.1541,-1.0779,-1.4402,-1.0591,1.0092,0.0763,-0.5836,1.0978,-1.0903,5.6390,-2.5245,0.9444,0.16
2.9789,0.1200,0.0000,0.0000,0.0000,0.0000,0.0000,0.0276,0.2558,0.4246,0.3655,-0.1258,0.9223,0.3002,-0.2042,-1.4717,1.2444,-1.3837,-0.4216,0.2007,1.5578,-0.8679,1.1449,0.0620,0.0698,0.7212,-0.3722,0.3761,-0.3179,-0.0194,-0.0504,0.1047,-0.4032,0.3288,-0.2000,-1.4106,1.1519,-1.3572,-0.4647,0.1942,1.5263,-0.9223,1.1440,-0.7121,-1.0610,-1.1901,1.0649,-0.0899,-0.6471,0.9421,-1.1588,5.1211,-2.3096,0.9722,0.17
3.0069,0.1200,0.0000,0.0000,0.0000,0.0000,0.0000,0.0949,0.3419,-0.1343,0.3775,-0.1177,0.9185,0.3042,-0.2041,-1.4516,1.2257,-1.3801,-0.4314,0.2003,1.5590,-0.8676,1.1358,0.2443,0.0349,0.7251,-0.8608,0.0659,-0.2908,-0.0659,0.0349,0.0039,-0.3024,0.4068,-0.1023,-1.3800,1.0626,-1.4127,-0.4657,0.1602,1.5467,-0.9180,1.1340,0.0683,-0.0227,-1.4054,0.6262,-0.3571,-0.6574,0.6016,-1.2384,4.8597,-2.1684,0.0000,0.17
3.0349,0.1200,0.0000,0.0000,0.0000,0.0000,0.0000,-0.0270,0.3720,-0.2911,0.3806,-0.0196,0.9245,0.3181,-0.1902,-1.4309,1.1897,-1.3867,-0.4388,0.1945,1.5621,-0.8679,1.1262,0.8995,0.9926,0.6592,-1.8069,-0.2482,-0.1241,-0.3761,0.1473,-0.0039,-0.3916,0.5000,0.0000,-1.4004,1.0004,-1.3909,-0.4833,0.0969,1.5670,-0.9133,1.1239,1.1011,1.0899,-1.4086,-0.0481,-0.2103,-0.8326,-0.0311,-1.2463,3.8906,-2.3088,0.0278,0.16
3.0629,0.1200,0.0000,0.0000,0.0000,0.0000,0.0000,-0.1659,0.3564,-0.2360,0.4449,-0.2088,0.8709,0.3485,-0.1556,-1.4180,1.1426,-1.3956,-0.4460,0.1770,1.5673,-0.8678,1.1130,1.3803,1.5238,0.3335,-1.5781,-0.2482,-0.3218,-0.9810,0.1745,0.0775,-0.5739,0.5000,0.0000,-1.4207,0.9503,-1.3577,-0.5000,0.1050,1.5874,-0.9083,1.1139,1.8515,1.5577,-1.0378,-0.6003,0.0506,-1.1104,0.0504,-1.3185,1.4250,-2.8203,0.0556,0.17
3.0909,0.1200,0.0000,0.0000,0.0000,0.0000,0.0000,-0.2816,0.4658,-0.1980,0.3801,-0.1290,0.9159,0.3826,-0.1201,-1.4130,1.0955,-1.3979,-0.4557,0.1570,1.5764,-0.8664,1.0979,0.9732,1.1632,0.0310,-1.5858,0.0155,-0.3722,-0.5971,0.4188,0.1318,-0.6436,0.5000,0.0000,-1.4036,0.9152,-1.2783,-0.5000,0.1714,1.6078,-1.1031,1.1038,1.3234,1.6775,-0.6251,-1.5635,0.7730,-1.2848,0.7143,-1.0287,-2.3009,-2.1969,0.0833,0.18
3.1189,0.1200,0.0000,0.0000,0.0000,0.0000,0.0000,-0.2098,0.6659,-0.1410,0.1786,-0.4171,0.8911,0.4055,-0.0960,-1.4083,1.0517,-1.3885,-0.4654,0.1512,1.5930,-0.8802,1.0844,0.7832,0.6669,0.2404,-1.5044,0.6165,-0.3412,0.1435,0.9577,-1.0159,-0.4847,0.4900,0.0000,-1.3647,0.9198,-1.2529,-0.4474,0.2000,1.6470,-1.1209,1.1562,0.9001,2.8612,-0.0320,-1.9722,0.9562,-0.4742,1.8361,-0.6075,-4.6291,-1.9737,0.1111,0.17
3.1469,0.1200,0.0000,0.0000,0.0000,0.0000,0.0000,-0.0473,0.3600,-0.1263,0.1600,-0.2152,0.9634,0.4208,-0.0785,-1.3950,1.0155,-1.3707,-0.4634,0.1566,1.6229,-0.9156,1.0836,0.3645,0.5002,0.5545,-1.0197,0.6902,0.2908,0.2947,1.0197,-1.4773,0.1435,0.4420,0.0000,-1.3256,0.9676,-1.2414,-0.4370,0.1968,1.6771,-1.1722,1.2553,0.4198,2.3517,0.5629,-0.5638,2.0408,-0.3698,0.9682,-0.0013,-3.1948,-0.1360,0.1389,0.17
3.1749,0.1200,0.0000,0.0000,0.0000,0.0000,0.0000,0.1637,0.1591,-0.1966,0.3257,-0.1447,0.9343,0.4246,-0.0668,-1.3747,0.9951,-1.3515,-0.4537,0.1621,1.6508,-0.9623,1.1025,-0.1008,0.3955,0.6553,-0.3451,0.6669,0.3800,0.1473,0.9151,-1.8340,1.1206,0.3830,0.0000,-1.3022,0.9439,-1.2342,-0.4089,0.1532,1.6882,-1.2200,1.3592,-0.1705,1.6506,2.0765,-0.8365,2.2337,-0.0889,0.5323,0.4154,-3.9402,0.7789,0.1667,0.17
3.2029,0.1200,0.0000,0.0000,0.0000,0.0000,0.0000,0.3505,0.0662,-0.2660,0.3455,-0.1749,0.9220,0.4133,-0.0577,-1.3556,0.9819,-1.3340,-0.4421,0.1599,1.6716,-1.0141,1.1445,-0.5739,0.3063,0.6514,-0.4304,0.6514,0.4265,-0.1900,0.6165,-1.9077,1.7797,0.3000,0.0000,-1.3226,0.9890,-1.2271,-0.3554,0.1906,1.6776,-1.2621,1.3931,-1.0625,1.1279,2.8745,-0.4165,1.9862,0.4465,0.9058,0.6144,-3.6271,1.5371,0.1944,0.17
3.2309,0.1200,0.0000,0.0000,0.0000,0.0000,0.0000,0.4453,0.2424,-0.2989,0.3705,-0.0084,0.9288,0.3860,-0.0508,-1.3418,0.9765,-1.3169,-0.4229,0.1610,1.6842,-1.0644,1.1946,-1.1787,0.2326,0.2792,0.1551,0.5506,0.8142,0.2365,0.5041,-1.6595,1.7720,0.3000,-0.1125,-1.3430,1.0055,-1.2200,-0.3482,0.1993,1.6576,-1.2966,1.4039,-1.7713,-0.1252,3.3134,-0.2754,1.6241,0.5177,0.9935,0.7202,-2.3065,2.0891,0.2222,0.17
3.2589,0.1200,0.0000,0.0000,0.0000,0.0000,0.0000,0.4798,0.2707,-0.2229,0.3838,-0.0293,0.9230,0.3547,-0.0596,-1.3378,0.9816,-1.3027,-0.4012,0.1682,1.6928,-1.1096,1.2409,-0.8491,-0.6785,0.1318,0.2637,0.5041,0.7600,0.3296,0.2482,-1.4075,1.4734,0.3000,-0.2000,-1.3633,0.9781,-1.2146,-0.3127,0.2000,1.6485,-1.3217,1.4136,-2.0887,-1.0949,3.5804,-0.5666,0.9826,0.8728,1.3451,0.9349,-1.0695,1.8442,0.2500,0.19
3.2870,0.1200,0.0000,0.0000,0.0000,0.0000,0.0000,0.3609,0.0661,-0.4654,0.4302,0.0712,0.8999,0.3342,-0.0887,-1.3382,0.9854,-1.2929,-0.3790,0.1749,1.6970,-1.1501,1.2804,-0.4847,-1.2524,-0.0620,0.0504,0.3528,0.8608,0.2404,0.0853,-1.4501,1.1865,0.3000,-0.2000,-1.3837,0.9358,-1.2143,-0.3000,0.2000,1.6244,-1.2180,1.4221,-2.0895,-1.8957,3.4501,-1.0129,0.9137,1.0643,1.4956,1.2328,0.1839,1.0216,0.2778,0.18
3.3159,0.1200,0.0000,0.0000,0.0000,0.0000,0.0000,0.2015,0.1567,-0.6066,0.6264,0.2342,0.7434,0.3232,-0.1198,-1.3392,0.9808,-1.2880,-0.3586,0.1811,1.6942,-1.1697,1.3091,-0.2947,-0.8336,-0.0388,-0.3606,0.1008,0.7832,0.1784,-0.3412,-0.0814,0.8414,0.3000,-0.2000,-1.4041,0.9360,-1.2559,-0.3000,0.1687,1.5939,-1.1398,1.3436,-1.8221,-2.5106,3.6452,-1.2792,0.4271,1.1231,0.6873,2.0217,1.1480,0.1430,0.3056,0.20
3.3449,0.1200,0.0000,0.0000,0.0000,0.0000,0.0000,0.0173,0.7219,-0.9212,0.6080,0.2216,0.7624,0.3144,-0.1417,-1.3459,0.9694,-1.2906,-0.3396,0.1826,1.6798,-1.1615,1.3204,-0.1784,-0.6553,-0.4343,-0.3916,-0.2133,0.5545,-0.0969,-0.6281,0.7522,-0.0388,0.3114,-0.2000,-1.4244,0.9836,-1.3425,-0.3000,0.0169,1.5633,-1.1318,1.2852,-0.8864,-2.7399,3.3334,-0.5182,-0.5105,1.3267,-0.8314,2.8127,2.5706,-0.5003,0.3333,0.20
3.3739,0.1200,0.0000,0.0000,0.0000,0.0000,0.0000,-0.2014,0.8627,-1.0712,0.3331,0.2360,0.9129,0.3106,-0.1568,-1.3617,0.9624,-1.3061,-0.3274,0.1569,1.6629,-1.1427,1.3133,0.0465,-0.4924,-0.7677,0.0582,-0.9461,0.3528,-1.5238,-0.6010,0.5971,-0.5894,0.4939,-0.2000,-1.4448,1.1342,-1.3309,-0.3000,0.0000,1.5328,-1.1129,1.2874,0.9393,-2.6616,1.4871,1.3780,-0.4674,1.4385,-2.3853,2.9655,3.9011,-0.5242,0.3611,0.20
3.4019,0.1200,0.0000,0.0000,0.0000,0.0000,0.0000,-0.3054,0.3916,-0.9935,0.0953,0.3472,0.9329,0.3285,-0.1670,-1.3864,0.9819,-1.3278,-0.3183,0.1161,1.6421,-1.1264,1.2973,1.3687,-0.2598,-1.0973,1.2330,-0.6553,0.3102,-1.3571,-0.9344,0.5196,-0.6747,0.5000,-0.2000,-1.6027,1.1322,-1.1742,-0.3000,0.0000,1.5022,-1.0839,1.3258,1.6581,-2.6868,-0.3751,3.3310,1.0498,1.9158,-2.1921,2.4503,2.8594,-0.1741,0.3889,0.20
3.4299,0.1200,0.0000,0.0000,0.0000,0.0000,0.0000,-0.5192,-0.4432,-0.8065,0.3757,0.0966,0.9217,0.3658,-0.1743,-1.4302,1.0164,-1.3280,-0.3130,0.0856,1.6096,-1.1148,1.2854,1.4424,-0.2908,-1.9619,1.4773,0.6049,0.2171,-1.0081,-1.3299,0.5583,-0.2404,0.5000,-0.2000,-1.6094,1.1295,-1.1849,-0.3000,0.0000,1.4717,-1.0461,1.2912,1.2578,-3.1963,-0.2381,4.7735,0.7925,1.3343,-1.8916,2.4166,2.6848,-0.5443,0.4167,0.20
3.4579,0.1200,0.0000,0.0000,0.0000,0.0000,0.0000,-0.6763,0.0267,-0.6902,0.5411,0.0845,0.8367,0.4003,-0.1794,-1.4662,1.0504,-1.3144,-0.3092,0.0626,1.5724,-1.0987,1.2755,1.1826,-0.1396,-1.1516,1.0934,0.5079,0.1900,-0.7445,-1.3299,0.6553,-0.3994,0.5000,-0.2000,-1.6053,1.1262,-1.3138,-0.3359,0.0000,1.4411,-1.0014,1.2725,1.0216,-3.1077,0.0061,5.0632,-0.5972,0.6409,-1.3637,2.4593,2.8770,-0.7469,0.4444,0.20
3.4859,0.1200,0.0000,0.0000,0.0000,0.0000,0.0000,-0.5344,0.8123,-0.7760,0.5261,-0.0182,0.8502,0.4271,-0.1831,-1.4961,1.0722,-1.3151,-0.3099,0.0453,1.5406,-1.0762,1.2673,0.8259,-0.1241,-0.9577,0.5545,-0.4885,-0.1280,-0.4885,-1.0197,1.0430,-0.2637,0.4820,-0.2000,-1.6100,1.1223,-1.3440,-0.3866,0.0316,1.4106,-0.9519,1.2483,0.8198,-2.6390,0.1631,4.4526,-1.3375,0.1342,-0.6839,2.2616,3.2455,-1.1741,0.4722,0.19
3.5139,0.1200,0.0000,0.0000,0.0000,0.0000,0.0000,-0.2294,0.8863,-1.0947,0.3018,0.0290,0.9529,0.4430,-0.1866,-1.5254,1.0822,-1.3330,-0.3221,0.0383,1.5127,-1.0427,1.2582,0.4381,-0.0543,-0.9887,0.2171,-0.7600,-0.5390,-0.0969,-1.0546,1.3222,-0.4537,0.4675,-0.2000,-1.5916,1.1180,-1.3340,-0.4072,0.1076,1.3800,-0.9000,1.2770,0.6747,-1.6389,0.5509,3.2581,-1.3796,-0.0719,0.0757,2.1377,2.0519,-1.6123,0.5000,0.19
3.5419,0.1200,0.0000,0.0000,0.0000,0.0000,0.0000,-0.2734,0.5016,-1.1504,0.2066,0.0774,0.9754,0.4473,-0.1899,-1.5458,1.0866,-1.3542,-0.3403,0.0471,1.4810,-1.0074,1.2475,0.0194,-0.0465,-0.5506,0.0853,-0.5932,-0.5467,0.5777,-1.2214,1.4269,-0.2365,0.4559,-0.1748,-1.5929,1.1133,-1.3239,-0.4342,0.0906,1.4004,-0.9052,1.2699,0.5595,-0.7477,0.7415,2.2667,-1.8492,-0.3422,-0.0942,2.1005,2.1534,-2.0612,0.5278,0.18
3.5709,0.1200,0.0000,0.0000,0.0000,0.0000,0.0000,-0.2934,0.1953,-1.0071,0.3490,-0.0259,0.9368,0.4461,-0.1899,-1.5554,1.0876,-1.3667,-0.3585,0.0580,1.4499,-0.9773,1.2398,-0.1357,0.1667,-0.2326,0.0349,-0.2637,-0.6514,0.2249,-1.0508,0.7406,-0.4381,0.5000,-0.0954,-1.6128,1.1083,-1.3139,-0.4429,0.0637,1.4207,-0.9103,1.2627,1.0447,0.0463,0.7459,1.8439,-2.3373,-0.4286,-0.3633,1.5894,4.4322,-2.5312,0.5556,0.19
3.5989,0.1200,0.0000,0.0000,0.0000,0.0000,0.0000,-0.3353,0.5102,-0.7152,0.3432,0.0579,0.9375,0.4483,-0.1772,-1.5632,1.0876,-1.3703,-0.3774,0.0585,1.4280,-0.9602,1.2304,0.2714,0.7677,-0.3606,-0.0349,0.0659,-0.5079,-0.0582,-0.5661,0.4420,-0.3916,0.5000,-0.0408,-1.6327,1.1031,-1.2950,-0.4356,0.0875,1.4411,-0.9152,1.2556,1.8298,0.5920,0.7510,1.5989,-0.9121,-0.3559,-0.1252,1.0977,5.0320,-2.9290,0.5833,0.17
3.6269,0.1200,0.0000,0.0000,0.0000,0.0000,0.0000,-0.3976,0.8654,-0.4970,0.2598,-0.0654,0.9634,0.4546,-0.1510,-1.5753,1.0860,-1.3662,-0.3891,0.0589,1.4203,-0.9492,1.2207,0.2133,1.0197,-0.4614,-0.0465,0.2753,-0.3218,0.0271,-0.1318,0.3567,-0.3528,0.5000,-0.1448,-1.6179,1.1209,-1.2490,-0.4171,0.1277,1.4579,-0.9198,1.2485,1.8545,-0.4484,0.8985,2.2738,0.0718,-0.1708,0.2772,0.9644,4.8584,-2.8156,0.6111,0.17
3.6549,0.1200,0.0000,0.0000,0.0000,0.0000,0.0000,-0.2763,0.9819,-0.4320,0.1313,0.0510,0.9900,0.4581,-0.1409,-1.5855,1.0852,-1.3538,-0.3936,0.0667,1.4204,-0.9405,1.2123,0.0931,-0.2210,-0.3606,-0.0388,0.6592,-0.0427,0.4459,0.0155,0.2598,-0.3528,0.5000,-0.2000,-1.5772,1.1722,-1.2697,-0.4067,0.1995,1.4783,-0.9239,1.2414,1.0147,-1.4037,1.1041,2.6979,-0.0073,-0.0674,0.9953,0.9648,4.2058,-2.0883,0.6389,0.16
3.6829,0.1200,0.0000,0.0000,0.0000,0.0000,0.0000,-0.2176,0.8519,-0.2888,0.1064,0.1600,0.9814,0.4604,-0.1535,-1.5888,1.0909,-1.3410,-0.3932,0.0884,1.4237,-0.9371,1.2048,0.1435,-0.6049,-0.0388,0.4459,0.4071,0.1047,1.0469,0.2094,-0.0000,-0.3490,0.4059,-0.2000,-1.5467,1.2200,-1.3538,-0.4809,0.2000,1.5022,-0.9276,1.2342,0.0593,-1.1325,1.5654,1.1118,-0.7251,-0.8088,1.4610,1.1732,2.9270,-1.9730,0.6667,0.16
3.7109,0.1200,0.0000,0.0000,0.0000,0.0000,0.0000,-0.1048,0.5968,-0.2736,0.0851,0.1189,0.9893,0.4511,-0.1691,-1.5878,1.1019,-1.3392,-0.4018,0.1125,1.4294,-0.9383,1.1974,-0.7716,-0.4459,0.0504,0.5312,-0.2559,-0.6281,0.7716,0.1939,-0.1124,-0.2869,0.3466,-0.1109,-1.5161,1.1216,-1.3771,-0.5000,0.2000,1.5226,-0.9306,1.2271,-0.5341,-0.1091,1.2647,-0.4051,-0.8402,-1.6122,1.1438,1.1227,2.5028,-2.4457,0.6944,0.16
3.7389,0.1200,0.0000,0.0000,0.0000,0.0000,0.0000,-0.1380,0.2562,-0.2958,0.1677,-0.2514,0.9532,0.4257,-0.1681,-1.5813,1.1013,-1.3462,-0.4223,0.1298,1.4339,-0.9408,1.1887,-0.9771,0.3451,0.5079,-0.3296,-0.2443,-0.7406,0.5467,0.1357,-0.0737,-0.3218,0.3393,0.0000,-1.4940,1.0966,-1.3864,-0.5000,0.2000,1.5037,-0.9331,1.2200,-0.6074,1.2120,0.9151,-1.2951,-0.8253,-1.8993,1.6647,0.6073,3.6094,-3.0533,0.7222,0.16
3.7669,0.1200,0.0000,0.0000,0.0000,0.0000,0.0000,-0.1424,0.5579,-0.3843,0.1304,-0.2157,0.9677,0.4016,-0.1450,-1.5671,1.0878,-1.3519,-0.4403,0.1431,1.4346,-0.9405,1.1803,-0.7173,1.2757,0.3994,-0.5196,-0.1977,-0.5428,0.3141,-0.0582,0.1163,-0.2404,0.3449,0.0000,-1.4550,1.1217,-1.2579,-0.5000,0.2000,1.4750,-0.9348,1.2128,-0.5514,1.7139,1.1660,-1.6856,0.5573,-2.3019,2.4308,0.1168,2.1361,-3.3675,0.7500,0.16
3.7949,0.1200,0.0000,0.0000,0.0000,0.0000,0.0000,-0.1524,0.5095,-0.5939,-0.0623,-0.1261,0.9901,0.3853,-0.1182,-1.5546,1.0780,-1.3382,-0.4545,0.1525,1.4296,-0.9356,1.1769,-0.3994,0.7483,0.4459,-0.1861,1.2795,-0.5390,0.2249,-0.3645,0.1551,-0.0543,0.3000,0.0000,-1.4244,1.2036,-1.2221,-0.5000,0.2000,1.4941,-1.1358,1.2057,-1.0959,1.1764,1.1401,-0.3277,1.6542,-2.8477,2.5154,0.1038,-1.2707,-2.9906,0.7778,0.18
3.8229,0.1200,0.0000,0.0000,0.0000,0.0000,0.0000,-0.1684,0.2004,-0.5974,-0.1175,-0.1978,0.9732,0.3684,-0.1014,-1.5391,1.0826,-1.3058,-0.4671,0.1606,1.4233,-0.9494,1.1773,-0.7096,0.5234,0.4614,0.4769,1.1865,-0.4381,0.2908,0.0427,-1.0740,-0.0078,0.3000,-0.0164,-1.3939,1.3398,-1.2710,-0.5000,0.2000,1.5504,-1.0841,1.1986,-1.6720,0.8357,1.3338,1.2023,0.5835,-2.9441,1.7856,0.4635,-0.4814,-2.1748,0.8056,0.19
3.8509,0.1200,0.0000,0.0000,0.0000,0.0000,0.0000,0.0414,-0.3804,-0.3940,-0.0962,0.1592,0.9825,0.3490,-0.0928,-1.5214,1.1129,-1.2841,-0.4761,0.1657,1.4284,-0.9807,1.1802,-0.6049,0.3063,0.3994,1.5975,0.5196,-0.1745,0.1202,0.2520,-1.3144,0.0233,0.3000,-0.0785,-1.3633,1.1856,-1.3407,-0.5000,0.2000,1.5553,-0.9355,1.1914,-2.3742,0.2146,1.4674,-0.4621,-0.0553,-3.1405,1.1945,0.3082,1.2889,-1.3703,0.8333,0.17
3.8789,0.1200,0.0000,0.0000,0.0000,0.0000,0.0000,0.0352,-0.7585,0.2209,0.4834,-0.5316,0.6955,0.3330,-0.0941,-1.5052,1.1311,-1.2836,-0.4833,0.1681,1.4312,-0.9952,1.1800,-0.3916,-0.3102,0.9112,0.0039,-0.3567,-0.1551,0.0116,-0.0969,0.2210,-0.1086,0.3000,0.0000,-1.3328,1.1410,-1.4398,-0.5000,0.2000,1.5033,-0.9342,1.1842,-2.4339,1.5401,1.4988,-0.7187,-1.3872,-2.7918,3.1852,-0.4155,3.4975,-2.8072,0.8611,0.17
3.9069,0.1200,0.0000,0.0000,0.0000,0.0000,0.0000,-0.0079,-0.0439,0.9531,0.0932,-0.3306,0.9392,0.3231,-0.0886,-1.4764,1.1203,-1.3051,-0.4892,0.1689,1.4301,-0.9870,1.1751,-0.3024,0.5816,1.1167,-0.7832,-1.0546,-0.1047,-0.0388,-0.0271,0.5506,-0.2016,0.3000,0.0000,-1.3022,1.0839,-1.2432,-0.5000,0.2000,1.5116,-0.9322,1.1742,-2.0391,2.5232,1.7403,-1.4065,1.6368,-3.2756,2.8476,-0.5355,4.0073,-3.5226,0.8889,0.16
3.9349,0.1200,0.0000,0.0000,0.0000,0.0000,0.0000,0.1171,-0.1059,1.1913,0.1103,-0.1885,0.9759,0.3173,-0.0769,-1.4455,1.0958,-1.3118,-0.4887,0.1682,1.4286,-0.9735,1.1681,-0.1784,0.3179,1.2718,-0.8491,0.7445,0.1047,-0.0388,0.0000,0.4343,-0.3257,0.3000,0.0000,-1.2717,1.0948,-1.2456,-0.5000,0.2000,1.5599,-1.0162,1.1641,-2.1506,1.5099,2.2601,-0.5127,2.7177,-3.3781,2.7603,-0.2563,0.1334,-3.2837,0.9167,0.17
3.9629,0.1200,0.0000,0.0000,0.0000,0.0000,0.0000,0.1424,0.0387,1.0586,0.0395,-0.1567,0.9869,0.3115,-0.0705,-1.4088,1.0772,-1.2921,-0.4875,0.1680,1.4382,-0.9720,1.1586,-0.1357,0.1784,1.2524,-0.5816,0.9616,0.0465,0.0155,0.6010,-0.2520,-0.4459,0.3000,-0.0399,-1.2411,1.2014,-1.2472,-0.5000,0.2000,1.6378,-1.1118,1.1541,-2.4473,0.6006,2.7935,1.9081,1.4195,-3.0484,2.2304,0.3186,-0.8559,-2.0440,0.9444,0.16
3.9909,0.1200,0.0000,0.0000,0.0000,0.0000,0.0000,0.3788,-0.1403,0.8642,-0.0673,0.0498,0.9965,0.3082,-0.0714,-1.3765,1.0754,-1.2694,-0.4857,0.1680,1.4646,-0.9945,1.1481,-0.0892,-0.1745,0.9034,0.3373,0.6669,-0.0659,0.0194,1.1555,-1.2059,-0.4459,0.3000,-0.0684,-1.2106,1.1519,-1.4483,-0.5000,0.2000,1.6553,-0.9223,1.1886,-2.7531,0.3157,2.3531,1.1138,-1.6435,-2.5337,1.7300,0.2902,1.0367,-0.5541,0.9722,0.19
4.0189,0.1200,0.0000,0.0000,0.0000,0.0000,0.0000,0.2798,-0.6819,0.7806,0.2088,-0.0165,0.9778,0.3046,-0.0787,-1.3495,1.0768,-1.2742,-0.4845,0.1680,1.4933,-1.0112,1.1420,-0.1473,-0.2675,1.1283,-0.1124,-0.9228,0.0853,-0.0233,0.6747,-0.0194,-0.1977,0.3000,-0.0219,-1.1800,1.0423,-1.4664,-0.5000,0.2000,1.5488,-0.9180,1.1340,-2.5137,0.7807,1.9377,0.4234,-0.8944,-2.9559,2.3017,-0.9789,2.4714,-1.6363,0.0000,0.18
4.0469,0.1200,0.0000,0.0000,0.0000,0.0000,0.0000,0.1298,-0.4055,1.0464,0.2300,-0.4976,0.8364,0.3000,-0.0783,-1.3231,1.0577,-1.3074,-0.4858,0.1675,1.4955,-1.0041,1.1301,-0.1861,0.2288,1.0159,-1.1361,-1.4152,0.1473,-0.1124,-0.3490,0.5932,-0.5583,0.3000,0.0000,-1.2004,1.0052,-1.3883,-0.5000,0.2000,1.5682,-0.9133,1.1239,-1.8324,1.1768,1.9682,-0.0005,-0.1842,-2.6186,2.4266,-0.9889,3.9542,-2.2388,0.0278,0.18
4.0759,0.1200,0.0000,0.0000,0.0000,0.0000,0.0000,0.1956,-0.5139,1.1175,0.2296,0.0318,0.9728,0.2962,-0.0711,-1.2958,1.0278,-1.3303,-0.4832,0.1661,1.4952,-0.9882,1.1125,-0.0504,0.3490,0.9771,-0.9228,-0.1667,0.1086,-0.0814,0.0271,0.5894,-0.7057,0.3000,0.0000,-1.2207,0.9507,-1.2627,-0.5000,0.2000,1.6189,-0.9083,1.1139,-1.5745,1.1410,2.1296,-0.5961,1.2288,-2.2032,1.5799,-0.6850,3.7116,-1.9942,0.0556,0.19
4.1039,0.1200,0.0000,0.0000,0.0000,0.0000,0.0000,0.2534,-0.1953,0.9427,0.3238,-0.0662,0.9438,0.2945,-0.0638,-1.2712,0.9979,-1.3209,-0.4801,0.1649,1.5053,-0.9735,1.0938,-0.0659,0.2210,0.7406,-0.9693,1.0546,0.1163,-0.0155,0.4692,0.4692,-0.7638,0.3000,-0.0456,-1.2411,0.9282,-1.2556,-0.5000,0.2000,1.6549,-0.9031,1.1038,-1.5338,0.5436,2.6564,-0.8699,1.0790,-1.6724,1.3202,-0.5285,2.5213,-1.8597,0.0833,0.18
4.1319,0.1200,0.0000,0.0000,0.0000,0.0000,0.0000,0.2670,0.4189,0.6505,0.3436,-0.0162,0.9390,0.2930,-0.0655,-1.2575,0.9704,-1.2987,-0.4786,0.1650,1.5266,-0.9586,1.0750,-0.0310,-0.1900,0.2792,-0.9577,0.7755,0.0155,-0.0582,0.8840,0.5079,-0.5971,0.3000,-0.0818,-1.2615,0.9212,-1.2915,-0.5000,0.1913,1.6376,-0.9209,1.1562,-1.6915,0.1819,3.0724,-0.9854,0.5695,-1.2868,0.9129,-0.7014,2.3322,-1.2591,0.1111,0.18
4.1599,0.1200,0.0000,0.0000,0.0000,0.0000,0.0000,0.1486,0.7474,0.2487,0.1589,-0.0762,0.9843,0.2926,-0.0773,-1.2547,0.9439,-1.2861,-0.4789,0.1648,1.5496,-0.9449,1.0656,0.0116,-0.5545,-0.0310,-0.8685,0.2133,0.0078,0.0155,0.6979,0.4808,-0.0504,0.3000,-0.1152,-1.2819,0.9368,-1.3044,-0.4945,0.1956,1.5881,-0.9722,1.1929,-1.6590,-0.1521,2.7165,-0.8714,0.3698,-0.9448,0.9561,-0.8908,2.5145,-0.7604,0.1389,0.18
4.1879,0.1200,0.0000,0.0000,0.0000,0.0000,0.0000,0.1833,0.4170,-0.2261,0.0285,-0.0964,0.9949,0.2923,-0.0941,-1.2630,0.9250,-1.2829,-0.4795,0.1653,1.5613,-0.9392,1.0714,0.0155,-0.6243,-0.5196,-0.5079,-0.0039,-0.0078,0.0233,0.2094,-0.0543,0.3994,0.3044,-0.1800,-1.3022,0.9585,-1.2616,-0.4559,0.1732,1.5544,-1.0200,1.2325,-0.9560,-0.7996,2.1475,-0.6908,0.7261,-0.5593,0.7317,-0.9226,2.6664,-0.4885,0.1667,0.19
4.2159,0.1200,0.0000,0.0000,0.0000,0.0000,0.0000,0.1987,-0.1066,-0.5927,0.1017,-0.0503,0.9935,0.2926,-0.1193,-1.2742,0.9169,-1.2779,-0.4758,0.1638,1.5611,-0.9477,1.0888,0.0388,-1.0275,-0.4459,-0.0349,0.3528,0.3179,-0.1086,-0.1280,-0.5041,0.6708,0.3611,-0.2000,-1.3226,0.9306,-1.2784,-0.3737,0.1492,1.5587,-1.0621,1.2279,-0.3889,-1.4343,1.8562,-1.2785,0.4868,0.2630,0.4918,-0.5744,2.3693,-0.6518,0.1944,0.18
4.2449,0.1200,0.0000,0.0000,0.0000,0.0000,0.0000,0.1913,-0.2566,-0.6939,0.2805,-0.0460,0.9588,0.2995,-0.1455,-1.2845,0.9108,-1.2742,-0.4575,0.1591,1.5575,-0.9683,1.1074,0.4730,-0.8375,-0.3800,-0.3335,0.0116,0.8918,-0.1784,-0.0659,-0.8104,0.5583,0.4049,-0.2000,-1.3430,0.9331,-1.2911,-0.3166,0.1122,1.5901,-1.0966,1.2039,0.0492,-1.7166,2.1701,-2.0270,0.2890,0.8345,0.1220,0.0451,2.0933,-1.3420,0.2222,0.20
4.2729,0.1200,0.0000,0.0000,0.0000,0.0000,0.0000,0.0253,-0.1259,-0.5339,0.2899,0.0719,0.9544,0.3174,-0.1654,-1.2980,0.9033,-1.2778,-0.4245,0.1485,1.5580,-0.9965,1.1185,0.7406,-0.5739,-0.5816,-0.1396,-0.2443,1.3842,-0.5312,0.0775,-1.0081,0.1590,0.4385,-0.2000,-1.3633,0.9348,-1.2603,-0.3000,0.0929,1.6305,-1.1217,1.2136,0.3849,-2.0912,2.5910,-2.3697,0.5253,1.2764,-0.0712,0.7548,1.6081,-1.7126,0.2500,0.19
4.3009,0.1200,0.0000,0.0000,0.0000,0.0000,0.0000,-0.0875,-0.0057,-0.4266,0.3336,0.0787,0.9394,0.3378,-0.1761,-1.3134,0.8999,-1.2805,-0.3897,0.1343,1.5669,-1.0270,1.1239,0.8491,-0.3684,-0.6281,-0.0388,-0.0194,1.1516,-0.5118,0.3877,-1.0391,0.1667,0.4774,-0.2000,-1.3837,0.9358,-1.2676,-0.3000,0.0521,1.6244,-1.1364,1.2221,0.7738,-2.4361,2.9877,-2.4696,0.3811,1.6464,-0.4785,1.4487,1.7450,-1.8934,0.2778,0.17
4.3289,0.1200,0.0000,0.0000,0.0000,0.0000,0.0000,-0.0430,0.1626,-0.2557,0.3201,0.0114,0.9473,0.3633,-0.1839,-1.3303,0.8982,-1.2821,-0.3632,0.1168,1.5760,-1.0551,1.1304,0.9810,-0.2171,-0.6243,-0.0233,-0.1473,0.7328,-0.7638,0.3102,-0.7871,0.2559,0.5000,-0.2000,-1.4041,0.9360,-1.3008,-0.3000,0.0000,1.5939,-1.1398,1.2293,1.6012,-2.7310,2.8320,-1.7918,-0.0223,1.8832,-1.4667,2.1564,2.9940,-1.8329,0.3056,0.17
4.3569,0.1200,0.0000,0.0000,0.0000,0.0000,0.0000,-0.0284,0.2111,-0.0734,0.3038,0.0084,0.9527,0.3909,-0.1896,-1.3478,0.8983,-1.2887,-0.3459,0.0917,1.5800,-1.0748,1.1397,1.0469,-0.1435,-0.6514,0.0814,-0.3722,0.5622,-1.0624,0.0892,-0.5700,0.3490,0.5000,-0.2000,-1.4244,1.0675,-1.2768,-0.3000,0.0000,1.5633,-1.1318,1.2352,2.6505,-3.2668,1.8095,0.3207,0.1469,2.1900,-2.7965,2.5494,4.4155,-1.5960,0.3333,0.17
4.3849,0.1200,0.0000,0.0000,0.0000,0.0000,0.0000,-0.0081,0.1751,-0.0022,0.0820,0.3132,0.9461,0.4163,-0.1930,-1.3658,0.9155,-1.2934,-0.3338,0.0685,1.5773,-1.0850,1.1499,0.8181,-0.0543,-0.6592,1.2524,-0.0853,0.3567,-0.7755,-0.1706,-0.2249,0.3141,0.5000,-0.2000,-1.5284,1.1342,-1.1842,-0.3000,0.0000,1.5328,-1.1129,1.2398,2.6286,-3.3591,0.1642,2.6855,1.6200,2.4272,-2.8225,2.0464,4.1356,-1.0316,0.3611,0.18
4.4129,0.1200,0.0000,0.0000,0.0000,0.0000,0.0000,-0.2784,-0.0944,0.1444,0.1604,0.2675,0.9501,0.4338,-0.1937,-1.3946,0.9532,-1.2807,-0.3254,0.0496,1.5666,-1.0903,1.1607,0.5700,0.0388,-1.2291,1.6944,0.8414,0.3412,-0.5777,-0.5196,-0.0698,0.3606,0.5000,-0.2000,-1.5676,1.1322,-1.1742,-0.3000,0.0000,1.5022,-1.0839,1.2432,1.7406,-3.1971,-0.0240,3.8890,1.8020,1.5185,-2.2668,1.9392,3.3024,-1.0471,0.3889,0.18
4.4409,0.1200,0.0000,0.0000,0.0000,0.0000,0.0000,-0.3569,0.2352,0.1836,0.3669,0.0898,0.9259,0.4487,-0.1932,-1.4249,0.9947,-1.2597,-0.3196,0.0356,1.5515,-1.0897,1.1731,0.5390,0.0427,-1.1206,1.2873,0.7134,0.1628,-0.4614,-0.4808,0.2055,0.4924,0.5000,-0.2000,-1.5740,1.1295,-1.2341,-0.3264,0.0000,1.4717,-1.0461,1.2456,1.1514,-3.4538,0.1154,4.4355,0.3000,0.7364,-1.8521,2.2906,2.9444,-1.2007,0.4167,0.17
4.4689,0.1200,0.0000,0.0000,0.0000,0.0000,0.0000,-0.1841,0.6374,0.0628,0.2606,0.1815,0.9482,0.4606,-0.1924,-1.4517,1.0241,-1.2502,-0.3177,0.0249,1.5373,-1.0777,1.1853,0.3373,0.0892,-1.0004,0.8879,0.0427,0.0582,-0.3451,-0.5583,0.6708,0.4071,0.4734,-0.2000,-1.5873,1.1262,-1.2769,-0.3874,0.0000,1.4411,-1.0014,1.2500,0.7340,-2.3393,0.1864,4.0840,-0.2285,0.1257,-1.0591,2.3442,1.9680,-0.9727,0.4444,0.17
4.4969,0.1200,0.0000,0.0000,0.0000,0.0000,0.0000,-0.1914,0.4991,-0.3286,0.1750,0.2181,0.9601,0.4648,-0.1917,-1.4760,1.0419,-1.2534,-0.3264,0.0184,1.5212,-1.0555,1.1951,0.0388,0.0155,-0.7600,0.5428,-0.2559,-0.5002,-0.2443,-0.6708,0.9616,0.3102,0.4346,-0.2000,-1.5650,1.1223,-1.3201,-0.4418,0.0039,1.4106,-0.9519,1.2483,0.3460,-1.7245,0.6131,3.3544,-0.7609,-0.4177,-0.9608,2.5337,1.1420,-1.1546,0.4722,0.17
4.5249,0.1200,0.0000,0.0000,0.0000,0.0000,0.0000,-0.2008,0.3677,-0.7036,0.1070,0.1593,0.9814,0.4601,-0.1914,-1.4920,1.0518,-1.2644,-0.3486,0.0145,1.4989,-1.0276,1.2013,-0.2986,0.0465,-0.3877,0.1784,-0.4963,-0.9306,-0.0853,-0.9500,1.0779,0.2133,0.4302,-0.1644,-1.5562,1.1180,-1.3340,-0.4903,0.0273,1.3800,-0.9110,1.2770,0.3023,-0.6441,0.9043,2.6187,-1.5340,-0.9028,-0.7266,2.2873,0.8905,-1.6046,0.5000,0.17
4.5529,0.1200,0.0000,0.0000,0.0000,0.0000,0.0000,-0.2585,0.1840,-1.0959,0.0389,0.1071,0.9935,0.4519,-0.1872,-1.5030,1.0561,-1.2782,-0.3804,0.0146,1.4709,-0.9955,1.2088,-0.2714,0.2404,-0.4188,0.1667,-0.4575,-1.1244,0.1241,-0.9810,1.2601,0.3179,0.4336,-0.0405,-1.5670,1.1133,-1.3239,-0.5000,0.0620,1.4004,-0.9052,1.2699,0.3363,0.5954,1.1121,1.5634,-2.0217,-1.2470,-0.3801,1.6667,1.3062,-2.2542,0.5278,0.16
4.5809,0.1200,0.0000,0.0000,0.0000,0.0000,0.0000,-0.2923,0.0047,-1.2617,0.1613,-0.0097,0.9869,0.4450,-0.1635,-1.5142,1.0586,-1.2880,-0.4117,0.0225,1.4437,-0.9668,1.2146,-0.1435,1.3997,-0.4808,0.0737,-0.2326,-1.0314,0.4265,-0.8879,0.8802,0.0853,0.4401,0.0000,-1.5874,1.0504,-1.3139,-0.5000,0.0590,1.4034,-0.9103,1.2627,0.4010,1.8491,1.4443,0.4208,-2.4001,-1.5255,-0.4095,0.8268,3.7455,-2.8372,0.5556,0.17
4.6088,0.1200,0.0000,0.0000,0.0000,0.0000,0.0000,-0.2787,0.2585,-1.2725,0.1955,-0.2776,0.9406,0.4423,-0.1274,-1.5286,1.0533,-1.2939,-0.4376,0.0313,1.4213,-0.9474,1.2166,-0.0271,1.2640,-0.5700,-0.3296,-0.1939,-0.8298,0.2520,-0.7134,0.6708,0.0969,0.4897,0.0000,-1.6078,0.9608,-1.3038,-0.5000,0.1269,1.3680,-0.9152,1.2556,0.8970,2.7103,1.8229,-0.4234,-1.3703,-1.7161,0.2695,0.2684,4.0147,-3.4456,0.5833,0.17
4.6369,0.1200,0.0000,0.0000,0.0000,0.0000,0.0000,-0.1561,0.5524,-1.1104,0.1875,-0.3365,0.9228,0.4472,-0.0988,-1.5463,1.0320,-1.2988,-0.4579,0.0480,1.4016,-0.9295,1.2192,0.3684,0.7794,-0.6436,-1.0197,-0.1396,-0.6630,0.8647,-0.6436,0.6592,0.0931,0.4538,0.0000,-1.6078,0.9916,-1.3011,-0.5000,0.2000,1.3911,-0.9198,1.2485,0.5376,2.3595,2.3305,-0.2935,-0.4494,-2.2192,1.0405,0.2963,1.7814,-3.4413,0.6111,0.16
4.6649,0.1200,0.0000,0.0000,0.0000,0.0000,0.0000,-0.0186,0.5569,-1.0230,0.0315,-0.0733,0.9968,0.4531,-0.0805,-1.5600,1.0104,-1.3037,-0.4735,0.0792,1.3899,-0.9124,1.2212,0.1008,0.5971,-0.5273,-0.5157,-0.2171,-0.4188,1.2640,-0.2869,0.5428,0.0388,0.3315,0.0000,-1.5772,1.0860,-1.2471,-0.5000,0.2000,1.4078,-1.0761,1.2414,-0.6855,2.1440,2.5489,0.1385,0.2186,-2.9300,1.3500,0.2596,-0.5215,-2.9566,0.6389,0.17
4.6929,0.1200,0.0000,0.0000,0.0000,0.0000,0.0000,-0.0821,0.6126,-0.9906,-0.1083,-0.1568,0.9817,0.4365,-0.0703,-1.5685,1.0088,-1.3014,-0.4858,0.1092,1.3863,-0.9174,1.2245,-1.1399,0.2559,-0.2133,0.3528,0.2365,-0.3955,0.9538,0.1590,-0.6979,0.0775,0.3000,0.0000,-1.5467,1.1839,-1.3606,-0.5000,0.2000,1.4359,-1.1276,1.2342,-1.5652,2.3435,2.8180,0.6389,-0.7923,-3.6543,1.7522,0.3372,-1.3187,-2.6669,0.6667,0.16
4.7208,0.1200,0.0000,0.0000,0.0000,0.0000,0.0000,0.0310,-0.0502,-0.8088,-0.1854,-0.0360,0.9820,0.4027,-0.0638,-1.5714,1.0313,-1.3058,-0.4941,0.1293,1.3929,-0.9470,1.2299,-1.0469,0.2559,-0.0194,1.1942,-0.6475,-0.1628,0.6785,0.2869,-1.3842,0.1318,0.3000,0.0000,-1.5161,1.1182,-1.3687,-0.5000,0.2000,1.4693,-1.0392,1.2271,-2.6802,2.6617,2.6364,-0.4398,-0.7561,-4.0877,1.3585,0.4667,-0.0859,-2.4040,0.6944,0.16
4.7488,0.1200,0.0000,0.0000,0.0000,0.0000,0.0000,0.1175,-0.8023,-0.5673,0.2047,-0.2290,0.9517,0.3755,-0.0592,-1.5691,1.0521,-1.3201,-0.4993,0.1423,1.3990,-0.9744,1.2316,-0.8220,0.1667,0.3218,0.3490,-0.3761,-0.1512,0.3257,0.0000,-0.6592,-0.0388,0.3000,0.0000,-1.4856,1.1144,-1.4039,-0.5000,0.2000,1.4549,-1.1331,1.2200,-3.1083,3.7870,3.2363,-0.8215,-1.0576,-4.3639,2.6982,0.1192,-1.0361,-3.4079,0.7222,0.16
4.7769,0.1200,0.0000,0.0000,0.0000,0.0000,0.0000,0.1202,-0.2632,-0.2473,0.0004,-0.2318,0.9728,0.3582,-0.0562,-1.5563,1.0554,-1.3339,-0.5035,0.1488,1.3969,-0.9998,1.2328,-0.4575,0.0659,0.4730,-0.0155,-0.4769,-0.1551,0.2055,0.0543,-0.9383,-0.0504,0.3000,0.0000,-1.4550,1.2182,-1.2910,-0.5000,0.2000,1.4914,-1.1348,1.2128,-3.4506,3.9412,3.5071,-0.0349,0.2258,-4.9471,2.3458,0.2803,-1.3861,-3.1437,0.7500,0.17
4.8048,0.1200,0.0000,0.0000,0.0000,0.0000,0.0000,0.2112,-0.5237,-0.1093,-0.1564,0.1437,0.9772,0.3471,-0.0547,-1.5427,1.0661,-1.3299,-0.5062,0.1530,1.4040,-1.0263,1.2330,-0.2986,0.1047,0.4537,0.7677,0.8181,-0.0853,0.1357,0.2869,-1.0430,-0.1086,0.3000,0.0000,-1.4244,1.3099,-1.2803,-0.5000,0.2000,1.5809,-1.1358,1.2057,-3.8576,2.7315,3.3574,0.7355,0.4181,-4.9715,1.7210,0.9718,-1.8427,-2.2341,0.7778,0.17
4.8329,0.1200,0.0000,0.0000,0.0000,0.0000,0.0000,0.0983,-0.7345,0.0631,-0.1029,0.0819,0.9913,0.3381,-0.0526,-1.5285,1.0959,-1.3103,-0.5083,0.1553,1.4196,-1.0562,1.2292,-0.2869,0.1086,0.3994,1.4424,0.6592,-0.1047,0.0853,0.7561,-1.0934,-0.3412,0.3000,0.0000,-1.3939,1.2534,-1.3905,-0.5000,0.2000,1.6041,-1.0723,1.1986,-4.1512,2.3166,2.9819,0.1363,-0.6113,-4.5266,1.3037,1.1900,-0.3627,-1.5100,0.8056,0.17
4.8609,0.1200,0.0000,0.0000,0.0000,0.0000,0.0000,0.2015,-0.8159,0.5746,0.1917,0.0079,0.9814,0.3291,-0.0505,-1.5154,1.1168,-1.3095,-0.5092,0.1569,1.4397,-1.0771,1.2208,-0.2249,0.0271,0.6087,0.4381,-0.4614,-0.0078,0.0465,0.6785,-0.3451,-0.3490,0.3000,0.0000,-1.3633,1.1318,-1.4352,-0.5000,0.2000,1.5768,-0.9852,1.1914,-4.5876,3.4529,3.2250,-1.2184,-1.5270,-4.4642,2.3062,0.5232,0.5021,-2.5215,0.8333,0.17
4.8888,0.1200,0.0000,0.0000,0.0000,0.0000,0.0000,0.0741,-0.6611,1.1402,0.3427,-0.0483,0.9382,0.3221,-0.0487,-1.4963,1.1117,-1.3291,-0.5094,0.1587,1.4553,-1.0719,1.2097,-0.2094,0.0659,0.9151,-0.6747,-0.8336,0.0504,0.0233,0.2869,0.7561,-0.4692,0.3000,0.0000,-1.3328,1.1129,-1.3050,-0.5000,0.2000,1.5410,-1.0062,1.1842,-4.7952,4.2292,3.5613,-1.6580,0.3482,-4.8886,2.6528,-0.0382,0.2792,-3.2521,0.8611,0.17
4.9168,0.1200,0.0000,0.0000,0.0000,0.0000,0.0000,0.1812,-0.3247,1.4667,0.0555,-0.1274,0.9903,0.3165,-0.0479,-1.4676,1.0939,-1.3311,-0.5064,0.1602,1.4597,-1.0544,1.1949,-0.2133,0.0427,1.0004,-0.6592,0.6824,0.3063,-0.0078,0.0659,0.6126,-0.6087,0.3000,0.0000,-1.3022,1.1651,-1.2432,-0.5000,0.2000,1.6103,-1.1322,1.1742,-4.8169,3.2603,3.6212,-0.1879,1.8371,-5.0770,2.5662,0.4510,-1.9820,-2.9521,0.8889,0.16
4.9448,0.1200,0.0000,0.0000,0.0000,0.0000,0.0000,0.3190,-0.4050,1.1952,0.0166,-0.0535,0.9984,0.3118,-0.0483,-1.4357,1.0856,-1.3069,-0.4984,0.1612,1.4761,-1.0571,1.1767,-0.1008,-0.0194,0.9422,-0.0465,1.0895,0.1939,0.0465,1.1089,-0.6475,-0.8104,0.3000,0.0000,-1.2717,1.2461,-1.2996,-0.5000,0.2000,1.6856,-1.1295,1.1641,-4.4386,2.6277,3.6304,1.6564,0.4599,-4.2554,1.9293,1.1833,-1.7363,-1.5312,0.9167,0.16
4.9729,0.1200,0.0000,0.0000,0.0000,0.0000,0.0000,0.2881,-0.7571,0.7692,0.1551,0.1304,0.9793,0.3079,-0.0485,-1.4081,1.0951,-1.2891,-0.4917,0.1618,1.5076,-1.0791,1.1592,-0.1280,-0.0155,0.7871,0.5545,0.2443,0.1435,-0.0155,1.1555,-0.8879,-0.6359,0.3000,0.0000,-1.2411,1.1987,-1.4472,-0.5000,0.2000,1.6960,-0.9863,1.1541,-4.1074,2.6459,3.6839,0.9724,-1.7740,-3.5834,1.9984,0.9007,0.3991,-1.1565,0.9444,0.18
5.0008,0.1200,0.0000,0.0000,0.0000,0.0000,0.0000,0.1803,-0.7622,0.7243,0.6766,0.0389,0.7353,0.3022,-0.0483,-1.3884,1.1002,-1.3036,-0.4885,0.1618,1.5319,-1.0862,1.1411,-0.2094,0.0155,0.7677,-0.1396,-1.2640,0.1861,-0.0969,0.4420,0.3102,-0.7328,0.3000,0.0000,-1.2106,0.9843,-1.4483,-0.5000,0.2000,1.5880,-0.9223,1.1440,-3.9384,3.6261,4.5294,-0.6761,-2.0575,-3.6422,2.3741,-0.3832,3.3064,-2.2451,0.9722,0.18
5.0288,0.1200,0.0000,0.0000,0.0000,0.0000,0.0000,0.1183,-0.3540,1.0174,0.6657,-0.3036,0.6817,0.2965,-0.0477,-1.3688,1.0763,-1.3323,-0.4869,0.1616,1.5325,-1.0649,1.1227,-0.1435,0.0039,1.0702,-1.3997,-0.8608,0.2365,-0.0116,-0.3373,1.2485,-0.6398,0.3000,0.0000,-1.1800,0.9000,-1.4563,-0.5000,0.2000,1.5585,-0.9180,1.1340,-3.4738,4.3345,4.4848,-1.3330,-0.7933,-4.0089,2.5295,-0.8818,3.1458,-2.9987,0.0000,0.17
5.0568,0.1200,0.0000,0.0000,0.0000,0.0000,0.0000,0.2446,-0.1176,0.9562,0.5362,-0.4001,0.7432,0.2922,-0.0478,-1.3365,1.0261,-1.3571,-0.4842,0.1615,1.5252,-1.0330,1.1074,-0.1745,-0.0233,1.4036,-2.2760,-0.8491,0.1202,-0.0620,-0.2443,1.1904,-0.5079,0.3000,0.0000,-1.2004,0.9085,-1.3410,-0.5000,0.2000,1.5873,-0.9220,1.1239,-3.5270,3.9861,4.6195,-0.9673,0.2887,-4.2252,2.6029,-0.7971,0.9131,-2.9463,0.0278,0.17
5.0848,0.1200,0.0000,0.0000,0.0000,0.0000,0.0000,0.2995,0.1419,0.6388,0.3954,0.0308,0.9180,0.2907,-0.0487,-1.3051,0.9765,-1.3613,-0.4825,0.1618,1.5253,-1.0041,1.0906,-0.0271,-0.0000,0.8647,-1.3997,0.5118,0.0349,-0.0582,0.1590,0.9616,-0.7096,0.3000,0.0000,-1.2207,1.0166,-1.2627,-0.5000,0.2000,1.6293,-1.0901,1.1139,-3.9088,2.8188,5.0249,0.0631,1.1272,-4.2070,1.8345,-0.5808,-0.8180,-1.8000,0.0556,0.18
5.1129,0.1200,0.0000,0.0000,0.0000,0.0000,0.0000,0.1009,0.4670,0.2328,0.1575,0.0251,0.9872,0.2903,-0.0495,-1.2887,0.9546,-1.3372,-0.4830,0.1622,1.5365,-1.0004,1.0734,0.0155,0.0388,0.2016,-0.2094,1.2369,-0.0388,0.0349,0.6979,-0.6281,-0.7212,0.3000,0.0000,-1.2411,1.1152,-1.3324,-0.5000,0.2000,1.6782,-1.0930,1.1326,-3.7538,1.8117,4.6275,1.2988,0.2323,-3.1613,1.8876,-0.2962,-0.8983,-0.7122,0.0833,0.18
5.1408,0.1200,0.0000,0.0000,0.0000,0.0000,0.0000,0.0213,0.0706,-0.1495,0.2093,0.2016,0.9568,0.2899,-0.0497,-1.2871,0.9598,-1.3181,-0.4827,0.1623,1.5607,-1.0207,1.0639,0.0310,0.0388,-0.1784,0.5894,0.1473,-0.0388,-0.0620,0.8802,-0.9151,-0.2520,0.3000,-0.0041,-1.2615,1.1198,-1.4331,-0.5000,0.2000,1.6688,-0.9274,1.2619,-3.2931,0.9585,4.1484,1.3396,-0.8464,-2.2319,1.6724,-0.3899,0.9353,0.0573,0.1111,0.17
5.1688,0.1200,0.0000,0.0000,0.0000,0.0000,0.0000,-0.0230,-0.1520,-0.2083,0.5183,0.2791,0.8084,0.2879,-0.0493,-1.2940,0.9730,-1.3269,-0.4829,0.1614,1.5740,-1.0286,1.0776,-0.0853,0.0853,-0.3606,0.5041,-0.6979,0.0504,-0.0737,-0.0465,0.3955,1.0934,0.3000,-0.0226,-1.2819,1.0636,-1.4414,-0.5000,0.2000,1.5900,-0.9722,1.2592,-2.9132,0.7738,3.8776,0.3962,-1.6936,-1.7784,1.4346,-0.8723,2.7242,-0.0974,0.1389,0.16
5.1969,0.1200,0.0000,0.0000,0.0000,0.0000,0.0000,0.0498,0.4069,0.0397,0.4022,-0.1252,0.9069,0.2860,-0.0503,-1.3055,0.9744,-1.3452,-0.4831,0.1613,1.5629,-1.0228,1.1038,-0.0310,-0.0814,-0.4032,-0.1357,-0.6281,0.0737,-0.0582,-0.5041,0.2947,1.0120,0.3000,-0.0161,-1.3022,1.0758,-1.4342,-0.5000,0.1832,1.5467,-1.0200,1.2101,-1.8591,0.8392,3.1350,0.4818,-1.3453,-1.9929,0.8320,-1.0007,3.9569,-0.7119,0.1667,0.18
5.2248,0.1200,0.0000,0.0000,0.0000,0.0000,0.0000,0.0409,0.4225,0.0968,0.1576,0.0609,0.9856,0.2859,-0.0516,-1.3163,0.9739,-1.3596,-0.4833,0.1599,1.5512,-1.0194,1.1226,0.0349,0.0116,-0.3955,0.1086,-0.3218,-0.0349,-0.1396,-0.4459,0.0582,0.3684,0.3000,-0.0722,-1.3226,1.0940,-1.3688,-0.5000,0.1062,1.5666,-1.0621,1.2320,-1.0996,0.2778,2.1841,0.6334,-0.4169,-1.5857,0.0623,-0.4953,2.7899,-0.6104,0.1944,0.17
5.2529,0.1200,0.0000,0.0000,0.0000,0.0000,0.0000,-0.1214,0.0753,-0.0612,0.1661,0.0682,0.9837,0.2868,-0.0589,-1.3258,0.9818,-1.3616,-0.4832,0.1466,1.5465,-1.0256,1.1337,0.0737,-0.4537,-0.2947,0.4032,0.2986,-0.0078,-0.8491,-0.1396,-0.4226,0.2482,0.3025,-0.1665,-1.3430,1.0160,-1.3634,-0.4800,0.0799,1.5604,-1.0966,1.2530,-0.9746,-0.6645,1.8537,-0.1703,-0.4348,-0.8001,-0.2007,-0.2514,1.9308,-0.5093,0.2222,0.19
5.2808,0.1200,0.0000,0.0000,0.0000,0.0000,0.0000,-0.0113,0.0506,-0.2800,0.3618,-0.1285,0.9234,0.2874,-0.0824,-1.3314,0.9827,-1.3568,-0.4810,0.1253,1.5432,-1.0420,1.1444,0.0892,-1.1477,-0.1086,-0.2869,0.1357,0.1784,-0.7212,-0.1202,-0.6592,0.3606,0.3170,-0.2000,-1.3633,0.9388,-1.4128,-0.4142,0.0769,1.5648,-1.1217,1.2136,-0.8303,-1.0476,2.1960,-0.9593,-1.0806,-0.1418,-0.2311,0.0979,1.9835,-1.0532,0.2500,0.18
5.3089,0.1200,0.0000,0.0000,0.0000,0.0000,0.0000,0.1176,0.2962,-0.4891,0.3376,-0.0881,0.9371,0.2904,-0.1142,-1.3357,0.9664,-1.3603,-0.4692,0.1099,1.5421,-1.0597,1.1516,0.2559,-1.1477,-0.1124,-0.9112,-0.2792,0.5932,-0.4265,0.0543,-0.5390,0.0233,0.3830,-0.2000,-1.3837,0.9358,-1.4057,-0.3792,0.0210,1.5787,-1.1364,1.2221,-0.1698,-1.1906,2.5391,-1.0529,-1.0823,0.2076,-0.7899,0.5429,2.7009,-1.4024,0.2778,0.17
5.3368,0.1200,0.0000,0.0000,0.0000,0.0000,0.0000,0.0083,0.4900,-0.5106,0.2234,0.0357,0.9741,0.3046,-0.1403,-1.3432,0.9455,-1.3671,-0.4505,0.0923,1.5452,-1.0753,1.1537,0.8220,-0.7794,-0.3955,-0.7212,-0.0427,0.7483,-0.8336,0.1202,-0.4498,0.0620,0.4689,-0.2000,-1.4041,0.9591,-1.3911,-0.3462,0.0000,1.5939,-1.1398,1.2293,0.6892,-1.7376,2.3140,-0.7686,-0.9256,0.5379,-1.7384,1.2212,3.4333,-1.5093,0.3056,0.16
5.3648,0.1200,0.0000,0.0000,0.0000,0.0000,0.0000,0.0560,0.4687,-0.5226,0.1652,-0.0072,0.9862,0.3366,-0.1584,-1.3562,0.9325,-1.3685,-0.4297,0.0716,1.5492,-1.0867,1.1604,1.4734,-0.5622,-0.5196,-0.3063,0.0039,0.7445,-0.7018,0.0582,-0.3955,0.3877,0.5000,-0.2000,-1.4244,1.0477,-1.3532,-0.3000,0.0000,1.5633,-1.1318,1.2352,2.0444,-2.1842,1.3605,0.1225,-0.6177,1.1054,-2.6760,1.7928,3.8828,-1.4761,0.3333,0.16
5.3928,0.1200,0.0000,0.0000,0.0000,0.0000,0.0000,0.0061,0.5822,-0.2517,-0.0124,0.2246,0.9744,0.3779,-0.1697,-1.3754,0.9336,-1.3625,-0.4049,0.0546,1.5490,-1.0955,1.1730,1.4230,-0.2908,-1.0042,0.2908,0.4110,1.0702,-0.5739,-0.0620,-0.1628,0.4226,0.5000,-0.2000,-1.5179,1.1342,-1.1906,-0.3000,0.0000,1.5328,-1.1129,1.2398,2.7930,-2.5680,0.2694,1.1192,0.9363,1.8284,-2.8399,1.7242,3.4591,-1.0716,0.3611,0.18
5.4208,0.1200,0.0000,0.0000,0.0000,0.0000,0.0000,-0.1410,0.3431,-0.1506,0.0399,0.2751,0.9606,0.4119,-0.1757,-1.4074,0.9550,-1.3325,-0.3792,0.0423,1.5418,-1.0987,1.1859,1.0042,-0.1977,-1.3765,1.2873,1.6634,0.9267,-0.4653,-0.4769,0.0427,0.3877,0.5000,-0.2000,-1.5565,1.1322,-1.1742,-0.3000,0.0000,1.5022,-1.0839,1.2432,2.6271,-2.7718,0.0864,2.2357,1.8550,1.6056,-3.0259,1.6211,2.9429,-1.3521,0.3889,0.18
5.4488,0.1200,0.0000,0.0000,0.0000,0.0000,0.0000,-0.3168,0.3717,0.0423,0.1902,0.1187,0.9745,0.4333,-0.1792,-1.4405,0.9856,-1.2913,-0.3599,0.0314,1.5305,-1.0947,1.1979,0.6979,-0.0310,-1.0934,1.1516,1.4036,0.6010,-0.3490,-0.4808,0.2443,0.3335,0.5000,-0.2000,-1.5851,1.1295,-1.1641,-0.3000,0.0000,1.4717,-1.0461,1.2456,1.9560,-3.0284,0.0047,3.8539,1.1959,1.0425,-2.6631,1.9622,2.4977,-1.3878,0.4167,0.17
5.4768,0.1200,0.0000,0.0000,0.0000,0.0000,0.0000,-0.2399,0.5083,0.1674,0.2457,0.1432,0.9587,0.4499,-0.1810,-1.4697,1.0116,-1.2613,-0.3456,0.0237,1.5184,-1.0819,1.2084,0.4769,-0.0388,-1.0081,0.9461,0.8840,0.4847,-0.2598,-0.6010,0.7600,0.4149,0.5000,-0.2000,-1.6031,1.1262,-1.2320,-0.3560,0.0000,1.4411,-1.0014,1.2652,1.2466,-2.5443,0.0285,4.4269,0.2206,0.4399,-1.5602,2.1989,2.0214,-0.8201,0.4444,0.17
5.5048,0.1200,0.0000,0.0000,0.0000,0.0000,0.0000,-0.2246,0.6570,0.2456,0.2120,0.1664,0.9630,0.4613,-0.1814,-1.4942,1.0312,-1.2491,-0.3416,0.0189,1.5041,-1.0582,1.2193,0.3761,-0.0000,-0.8104,0.6165,0.0698,-0.0698,-0.1396,-0.4924,1.0275,0.4343,0.4524,-0.2000,-1.5693,1.1223,-1.2902,-0.4357,0.0290,1.4106,-0.9519,1.2603,0.5243,-2.1008,0.5701,3.8207,-0.4614,-0.3565,-0.7098,2.5632,1.2214,-0.8792,0.4722,0.16
5.5329,0.1200,0.0000,0.0000,0.0000,0.0000,0.0000,-0.1551,0.5561,-0.0208,0.1720,0.0968,0.9803,0.4638,-0.1817,-1.5105,1.0437,-1.2533,-0.3549,0.0193,1.4886,-1.0266,1.2266,-0.1628,0.0543,-0.3451,0.3994,-0.1241,-0.6863,0.1706,-0.6243,1.3261,0.1822,0.4061,-0.2000,-1.5476,1.1180,-1.3340,-0.4966,0.0621,1.3800,-0.9038,1.2770,0.0612,-1.2271,0.9903,2.9498,-1.4794,-0.9661,-0.3788,2.6663,0.9617,-1.5563,0.5000,0.16
5.5608,0.1200,0.0000,0.0000,0.0000,0.0000,0.0000,-0.2076,0.3348,-0.4277,0.1219,0.0857,0.9888,0.4539,-0.1828,-1.5168,1.0484,-1.2658,-0.3829,0.0269,1.4673,-0.9905,1.2310,-0.4188,-0.0271,-0.0931,0.0698,-0.5855,-1.0314,0.3722,-0.9189,1.4036,0.1357,0.3945,-0.0560,-1.5670,1.1133,-1.3239,-0.5000,0.0790,1.4004,-0.9052,1.2699,-0.0553,0.4399,1.2665,1.6744,-2.2735,-1.4126,-0.2102,2.0931,1.5999,-2.4366,0.5278,0.16
5.5889,0.1200,0.0000,0.0000,0.0000,0.0000,0.0000,-0.3131,0.2288,-0.8911,0.1528,0.0030,0.9882,0.4389,-0.1650,-1.5228,1.0504,-1.2772,-0.4132,0.0375,1.4458,-0.9588,1.2340,-0.5118,1.2795,-0.3063,0.1396,-0.2365,-0.9344,0.3916,-0.6630,0.9344,0.0659,0.4024,0.0000,-1.5874,1.0157,-1.3139,-0.5000,0.0845,1.4207,-0.9103,1.2627,0.0239,2.3075,1.6414,0.0739,-2.2721,-1.7531,-0.1553,1.0313,3.7726,-3.1776,0.5556,0.18
5.6168,0.1200,0.0000,0.0000,0.0000,0.0000,0.0000,-0.3060,0.4645,-0.9919,0.2657,-0.2960,0.9175,0.4273,-0.1297,-1.5336,1.0409,-1.2836,-0.4359,0.0482,1.4305,-0.9372,1.2345,-0.2443,1.3338,-0.3722,-0.6398,-0.1047,-0.6979,0.2869,-0.4188,0.6630,0.0194,0.4210,0.0000,-1.6078,0.9278,-1.3038,-0.5000,0.1545,1.3818,-0.9152,1.2556,0.2101,2.9747,2.4494,-0.7537,-1.2785,-2.1216,0.5451,0.4064,3.3776,-3.7344,0.5833,0.16
5.6448,0.1200,0.0000,0.0000,0.0000,0.0000,0.0000,-0.0584,0.9245,-1.0479,0.1250,-0.3484,0.9290,0.4241,-0.0994,-1.5481,1.0141,-1.2876,-0.4539,0.0677,1.4165,-0.9190,1.2370,0.0310,0.8918,-0.5079,-1.2330,-0.0775,-0.6359,0.9926,-0.5583,0.7638,0.0969,0.3612,0.0000,-1.6078,0.9741,-1.2822,-0.5000,0.2000,1.3929,-0.9602,1.2485,-0.3884,3.0110,2.7856,-0.4684,-0.2609,-2.7095,1.2810,0.3147,0.5954,-3.5734,0.6111,0.16
5.6729,0.1200,0.0000,0.0000,0.0000,0.0000,0.0000,0.0509,1.0172,-1.2877,-0.1108,-0.1311,0.9852,0.4198,-0.0798,-1.5606,0.9885,-1.2877,-0.4719,0.0981,1.4080,-0.9055,1.2418,-0.3528,0.5506,-0.4730,-0.6514,0.0659,-0.6087,1.1283,-0.2288,0.2326,0.2133,0.3000,0.0000,-1.5772,1.1502,-1.2406,-0.5000,0.2000,1.4090,-1.1239,1.2414,-1.4653,2.6239,2.8493,0.7800,0.2832,-3.5358,1.5648,0.2717,-2.0362,-2.7860,0.6389,0.16
5.7008,0.1200,0.0000,0.0000,0.0000,0.0000,0.0000,-0.0441,0.7255,-1.4245,-0.1948,-0.0097,0.9808,0.4003,-0.0689,-1.5700,0.9917,-1.2805,-0.4863,0.1243,1.4044,-0.9165,1.2497,-0.8995,0.3645,-0.4459,0.7561,0.4149,-0.5041,0.7910,0.0000,-0.8724,0.3179,0.3000,0.0000,-1.5467,1.2200,-1.3641,-0.5000,0.2000,1.4606,-1.1276,1.2342,-2.1812,2.4245,2.9474,1.1724,-0.8279,-3.8852,1.3950,0.5834,-1.4348,-1.8716,0.6667,0.16
5.7288,0.1200,0.0000,0.0000,0.0000,0.0000,0.0000,0.0236,-0.1681,-1.1585,-0.2422,0.0107,0.9702,0.3740,-0.0616,-1.5758,1.0226,-1.2832,-0.4954,0.1415,1.4091,-0.9493,1.2564,-0.8181,0.2869,-0.2675,1.4346,-0.6708,-0.2326,0.3451,0.1667,-1.3920,0.0543,0.3000,0.0000,-1.5161,1.1379,-1.3557,-0.5000,0.2000,1.4905,-1.0352,1.2271,-2.9976,2.0301,2.4971,-0.2423,-0.6263,-3.9892,1.0198,0.6788,-0.0461,-1.8439,0.6944,0.16
5.7568,0.1200,0.0000,0.0000,0.0000,0.0000,0.0000,0.1542,-0.8138,-0.7263,0.1826,-0.1597,0.9701,0.3568,-0.0555,-1.5758,1.0465,-1.2975,-0.5018,0.1508,1.4113,-0.9792,1.2550,-0.4692,0.1357,0.3257,0.3761,-0.3955,-0.1551,0.2365,-0.1473,-0.6669,-0.1202,0.3000,0.0000,-1.4856,1.0967,-1.4039,-0.5000,0.2000,1.4635,-1.1060,1.2200,-3.3206,3.5902,2.8844,-0.9989,-1.7511,-4.2204,2.6804,0.2053,-0.7290,-3.2413,0.7222,0.15
5.7849,0.1200,0.0000,0.0000,0.0000,0.0000,0.0000,0.0537,-0.1126,-0.2638,0.0784,-0.2636,0.9614,0.3462,-0.0516,-1.5649,1.0483,-1.3131,-0.5066,0.1577,1.4067,-1.0036,1.2534,-0.3102,0.1551,0.3722,-0.1706,-0.6785,-0.1745,0.1861,-0.0039,-0.8220,0.0000,0.3000,0.0000,-1.4550,1.1656,-1.3044,-0.5000,0.2000,1.4692,-1.1161,1.2128,-3.5137,4.2968,3.3600,-0.5618,0.0925,-4.8928,2.5183,0.0591,-0.8129,-3.3367,0.7500,0.18
5.8129,0.1200,0.0000,0.0000,0.0000,0.0000,0.0000,0.1376,-0.1826,0.0221,-0.2289,0.0630,0.9714,0.3387,-0.0503,-1.5514,1.0491,-1.3139,-0.5099,0.1622,1.4080,-1.0229,1.2538,-0.2869,0.0659,0.5157,0.3179,0.4963,-0.0969,0.0659,-0.0271,-0.7173,-0.0388,0.3000,0.0000,-1.4244,1.2951,-1.2221,-0.5000,0.2000,1.5680,-1.1358,1.2057,-3.9318,2.8558,3.1400,0.5878,1.1204,-5.0959,1.9096,0.8432,-2.2098,-2.4550,0.7778,0.17
5.8409,0.1200,0.0000,0.0000,0.0000,0.0000,0.0000,0.0769,-0.4900,0.1478,-0.1582,0.1361,0.9780,0.3337,-0.0493,-1.5339,1.0738,-1.2882,-0.5121,0.1644,1.4191,-1.0468,1.2511,-0.0969,0.1124,0.4692,1.3222,1.3144,-0.0620,0.0620,0.6863,-1.0585,-0.2016,0.3000,0.0000,-1.3939,1.3314,-1.3379,-0.5000,0.2000,1.6041,-1.1217,1.1986,-4.0619,1.9142,2.9382,0.9163,-0.0852,-4.5155,1.0779,1.4037,-0.8572,-1.1574,0.8056,0.16
5.8689,0.1200,0.0000,0.0000,0.0000,0.0000,0.0000,0.1378,-0.5394,0.5935,-0.1277,0.1047,0.9863,0.3284,-0.0479,-1.5193,1.1061,-1.2726,-0.5137,0.1652,1.4379,-1.0722,1.2435,-0.1241,0.0388,0.4226,1.1051,-0.1473,-0.0000,0.0543,0.6979,-0.8375,-0.3839,0.3000,0.0000,-1.3633,1.1414,-1.3822,-0.5000,0.2000,1.6244,-1.0253,1.1987,-4.4467,1.5479,2.5441,-0.9040,-0.4699,-4.3880,1.2794,1.0923,0.1015,-0.9277,0.8333,0.16
5.8968,0.1200,0.0000,0.0000,0.0000,0.0000,0.0000,-0.0019,-0.7306,1.1475,0.3575,-0.2956,0.8859,0.3230,-0.0469,-1.5036,1.1170,-1.2846,-0.5142,0.1652,1.4570,-1.0808,1.2325,-0.2443,0.0116,0.9732,-0.1357,-0.6010,-0.0116,-0.0737,0.4653,0.2249,-0.4653,0.3000,0.0000,-1.3328,1.1129,-1.4398,-0.5000,0.2000,1.5740,-0.9666,1.1842,-4.7691,3.6638,2.8492,-1.9437,-1.2291,-4.0822,2.8513,0.2920,0.6759,-2.8595,0.8611,0.16
5.9248,0.1200,0.0000,0.0000,0.0000,0.0000,0.0000,-0.0689,-0.2126,1.8135,0.1250,-0.0330,0.9916,0.3183,-0.0460,-1.4747,1.1034,-1.3101,-0.5139,0.1658,1.4711,-1.0639,1.2211,-0.0775,0.0388,1.2097,-0.9034,-1.0236,0.0504,-0.0039,0.3916,1.1283,-0.2637,0.3000,0.0000,-1.3022,1.0839,-1.2432,-0.5000,0.2000,1.5855,-1.0436,1.1742,-4.9457,3.6597,3.0800,-1.5121,1.7959,-4.9398,2.4162,0.2031,-0.1144,-3.1014,0.8889,0.16
5.9528,0.1200,0.0000,0.0000,0.0000,0.0000,0.0000,-0.0979,-0.1761,2.1592,-0.0568,-0.1947,0.9792,0.3158,-0.0449,-1.4409,1.0811,-1.3144,-0.5135,0.1659,1.4835,-1.0440,1.2132,0.0116,0.0388,1.3377,-0.7212,0.7522,0.0892,0.0233,0.5467,0.4420,-0.3877,0.3000,0.0000,-1.2717,1.1972,-1.2456,-0.5000,0.2000,1.6856,-1.1295,1.1641,-4.9734,2.5668,3.4041,0.5114,2.0150,-4.6052,2.3059,1.1033,-2.4373,-2.4209,0.9167,0.16
5.9809,0.1200,0.0000,0.0000,0.0000,0.0000,0.0000,0.3428,-0.2660,2.3312,-0.0944,-0.0163,0.9954,0.3146,-0.0447,-1.4014,1.0792,-1.2913,-0.5088,0.1670,1.5147,-1.0463,1.1983,-0.0039,0.0543,1.1942,0.4188,1.0081,0.2869,0.0620,1.5858,-0.6863,-0.6747,0.3000,0.0000,-1.2411,1.2014,-1.3555,-0.5000,0.2000,1.7059,-1.0877,1.1898,-4.6681,2.1113,3.3420,1.3869,-0.0831,-3.8807,1.2317,1.7946,-0.6148,-0.6430,0.9444,0.17
6.0109,0.1200,0.0000,0.0000,0.0000,0.0000,0.0000,0.1318,-0.7334,1.9066,-0.0178,-0.0568,0.9982,0.3122,-0.0450,-1.3686,1.0920,-1.2848,-0.5028,0.1685,1.5528,-1.0588,1.1825,-0.1008,0.0582,1.0895,0.5506,-0.4149,0.1977,-0.0388,1.0663,-0.2986,-0.4420,0.3000,0.0000,-1.2106,1.0271,-1.4483,-0.5000,0.2000,1.7263,-0.9692,1.1440,-4.7143,2.0799,3.2491,-0.2484,-1.0424,-3.5889,1.4256,1.2527,0.5311,-1.0369,0.9722,0.25
6.0389,0.1200,0.0000,0.0000,0.0000,0.0000,0.0000,0.2519,-0.9072,1.7685,0.5810,-0.4269,0.6930,0.3076,-0.0445,-1.3353,1.0853,-1.3113,-0.4977,0.1682,1.5808,-1.0568,1.1602,-0.1512,0.0504,1.4501,-1.0546,-1.2873,0.2598,-0.0969,0.7251,0.5894,-0.9189,0.3000,0.0000,-1.1800,0.9000,-1.4770,-0.5000,0.2000,1.6581,-0.9180,1.1340,-4.3767,3.6822,4.3040,-1.4874,-1.7142,-3.2767,2.6722,0.1141,2.4821,-2.4765,0.0000,0.20
6.0668,0.1200,0.0000,0.0000,0.0000,0.0000,0.0000,0.2046,-0.3059,1.8668,0.3764,-0.3530,0.8566,0.3024,-0.0440,-1.2984,1.0415,-1.3472,-0.4935,0.1678,1.5926,-1.0335,1.1340,-0.0659,0.0155,1.4075,-2.2760,-1.1477,0.2559,-0.0310,0.2210,1.3183,-0.8298,0.3000,0.0000,-1.2004,0.9052,-1.3148,-0.5000,0.2000,1.6466,-0.9133,1.1239,-4.1393,4.2728,4.4194,-1.5136,0.5512,-4.0894,2.0320,-0.2048,2.1169,-2.9842,0.0278,0.19
6.0948,0.1200,0.0000,0.0000,0.0000,0.0000,0.0000,0.3516,-0.2082,1.5657,0.1330,0.0538,0.9897,0.3002,-0.0440,-1.2648,0.9932,-1.3566,-0.4900,0.1676,1.5989,-1.0005,1.1112,0.0155,0.0039,1.0120,-1.2950,0.5196,0.0814,-0.0465,0.2404,1.1477,-0.6630,0.3000,0.0000,-1.2207,0.9715,-1.2627,-0.5000,0.2000,1.7020,-1.1083,1.1139,-4.4774,2.7330,4.4155,-0.3885,2.0280,-4.2070,1.5543,0.1456,-1.1866,-2.2602,0.0556,0.18
6.1228,0.1200,0.0000,0.0000,0.0000,0.0000,0.0000,0.2723,-0.0369,1.1720,0.0206,-0.1313,0.9911,0.2996,-0.0441,-1.2386,0.9705,-1.3343,-0.4891,0.1677,1.6154,-0.9919,1.0916,-0.0194,-0.0000,0.6165,-0.3567,1.0973,-0.0194,0.0078,0.9965,-0.5467,-0.9034,0.3000,0.0000,-1.2411,1.1152,-1.2764,-0.5000,0.2000,1.7884,-1.1031,1.1231,-4.2571,1.3793,4.5897,1.6589,0.7924,-2.9787,1.3861,0.8061,-1.4625,-0.8072,0.0833,0.17
6.1508,0.1200,0.0000,0.0000,0.0000,0.0000,0.0000,0.1800,-0.2831,0.7329,-0.0603,0.1040,0.9927,0.2996,-0.0441,-1.2278,0.9792,-1.3083,-0.4881,0.1676,1.6530,-1.0096,1.0767,-0.0194,0.0698,-0.0543,0.9500,0.7289,0.0465,-0.0039,1.4734,-0.8802,-0.4420,0.3000,-0.0598,-1.2615,1.1198,-1.4398,-0.5000,0.2000,1.7775,-0.9209,1.3040,-3.7533,0.4025,3.5686,1.5999,-0.9130,-2.3009,1.0395,0.6972,1.1457,0.4780,0.1111,0.17
6.1788,0.1200,0.0000,0.0000,0.0000,0.0000,0.0000,0.0384,-0.7617,0.4178,0.1475,0.1572,0.9765,0.2994,-0.0508,-1.2307,0.9979,-1.3111,-0.4871,0.1669,1.6827,-1.0175,1.0849,0.0310,-0.3684,-0.1745,0.5894,-0.8879,0.1706,-0.0582,0.5506,0.3684,0.9422,0.3000,-0.1077,-1.2819,1.1237,-1.4414,-0.5000,0.2000,1.7150,-0.9722,1.2391,-3.0955,-0.0773,3.0188,0.9981,-1.0732,-1.5408,1.1681,0.3782,1.7052,-0.2988,0.1389,0.17
6.2068,0.1200,0.0000,0.0000,0.0000,0.0000,0.0000,0.2158,-0.4193,0.3650,0.1756,0.0425,0.9836,0.2972,-0.0666,-1.2412,1.0101,-1.3334,-0.4878,0.1666,1.6823,-1.0117,1.1076,-0.0465,-0.6785,-0.5312,0.4924,-0.7406,0.0155,0.0155,-0.1473,0.1784,0.7561,0.3000,-0.1557,-1.3022,1.0940,-1.4107,-0.5000,0.1523,1.6838,-1.0200,1.2312,-2.2445,-0.5574,2.6980,0.6637,-0.7646,-1.0070,0.5231,0.3715,2.5274,-0.5010,0.1667,0.17
6.2348,0.1200,0.0000,0.0000,0.0000,0.0000,0.0000,0.1306,-0.4622,0.4296,-0.0592,0.0429,0.9973,0.2970,-0.0897,-1.2555,1.0180,-1.3495,-0.4892,0.1619,1.6803,-1.0091,1.1297,0.0310,-0.8336,-0.4808,0.2094,-0.3490,-0.0543,-0.4032,-0.0737,-0.0465,0.5932,0.3000,-0.1705,-1.3226,1.1282,-1.3458,-0.4659,0.1238,1.7008,-1.0621,1.2708,-1.0623,-0.7046,1.5320,0.9761,-0.1867,-0.6590,0.2384,0.8466,1.3929,-0.2221,0.1944,0.17
6.2628,0.1200,0.0000,0.0000,0.0000,0.0000,0.0000,0.1530,-0.8700,0.4451,-0.0563,0.1314,0.9897,0.2969,-0.1135,-1.2688,1.0298,-1.3509,-0.4856,0.1515,1.6816,-1.0150,1.1470,0.0116,-0.7871,-0.4614,0.7018,0.3102,0.2171,-0.4692,0.0271,-0.4071,0.6436,0.3641,-0.2000,-1.3430,1.0477,-1.2562,-0.4059,0.1389,1.6856,-1.1125,1.2829,-0.3588,-1.0627,1.1910,0.1469,0.6374,-0.0588,0.3891,1.1266,0.8407,-0.2103,0.2222,0.19
6.2908,0.1200,0.0000,0.0000,0.0000,0.0000,0.0000,0.1151,-1.0879,0.4652,0.1568,-0.1314,0.9788,0.3058,-0.1360,-1.2757,1.0371,-1.3340,-0.4708,0.1430,1.6825,-1.0299,1.1624,0.6436,-0.7832,-0.1357,0.0775,0.8879,0.7096,-0.1861,-0.0271,-0.7134,0.5428,0.4178,-0.2000,-1.3633,0.9402,-1.2128,-0.3090,0.0530,1.6550,-1.1217,1.2263,0.1781,-2.1368,2.1555,-0.9456,1.5216,0.9099,-0.4703,1.9185,1.6656,-0.8728,0.2500,0.18
6.3188,0.1200,0.0000,0.0000,0.0000,0.0000,0.0000,0.2585,-0.8612,0.4692,0.1733,-0.1160,0.9780,0.3289,-0.1558,-1.2792,1.0265,-1.3069,-0.4383,0.1287,1.6816,-1.0462,1.1702,1.0508,-0.5273,-0.1551,-0.7910,0.9810,1.5975,-0.8220,-0.0814,-0.4459,-0.0116,0.4852,-0.2000,-1.3837,0.9782,-1.2057,-0.3000,0.0000,1.6244,-1.1364,1.2221,0.8518,-2.8241,2.1260,-0.5756,1.3038,1.9400,-1.4879,2.9346,2.4777,-1.3310,0.2778,0.18
6.3468,0.1200,0.0000,0.0000,0.0000,0.0000,0.0000,0.0064,-0.8332,0.1872,-0.0129,0.0592,0.9982,0.3640,-0.1707,-1.2856,1.0128,-1.2823,-0.4014,0.1016,1.6811,-1.0549,1.1692,1.5703,-0.3567,-0.4226,-0.3296,0.7445,1.3377,-1.1904,-0.1086,-0.2094,-0.1822,0.5000,-0.2000,-1.4227,1.0568,-1.1986,-0.3000,0.0000,1.5939,-1.1398,1.2293,1.6441,-2.8955,0.8138,0.2079,1.6549,2.3964,-1.7756,2.7942,3.1175,-1.0641,0.3056,0.17
6.3748,0.1200,0.0000,0.0000,0.0000,0.0000,0.0000,-0.3665,-1.3064,-0.5783,0.0286,0.2240,0.9742,0.4008,-0.1805,-1.2996,1.0119,-1.2725,-0.3700,0.0755,1.6731,-1.0615,1.1649,1.1826,-0.3218,-0.6087,0.2986,-0.0155,0.8957,-0.8453,-0.4575,-0.2908,-0.1357,0.5000,-0.2000,-1.4865,1.0794,-1.1914,-0.3000,0.0000,1.5633,-1.1318,1.2352,2.0204,-2.7916,0.3799,0.4392,2.0868,2.2008,-2.1932,2.1270,2.9804,-1.3928,0.3333,0.18
6.4028,0.1200,0.0000,0.0000,0.0000,0.0000,0.0000,-0.8577,-1.7614,-0.4204,0.4128,0.0589,0.9089,0.4198,-0.1856,-1.3243,1.0297,-1.2748,-0.3462,0.0543,1.6552,-1.0719,1.1653,0.6553,-0.1124,-1.0004,0.9849,-0.0388,0.9034,-0.7638,-0.8375,-0.3373,0.1590,0.5000,-0.2000,-1.4834,1.1342,-1.1842,-0.3000,0.0000,1.5328,-1.1129,1.2398,2.2720,-3.6090,0.6146,2.0161,1.2259,1.7594,-3.4219,2.3895,2.8318,-2.2227,0.3611,0.18
6.4308,0.1200,0.0000,0.0000,0.0000,0.0000,0.0000,-0.7109,-1.5981,-0.5994,0.4638,0.2060,0.8617,0.4412,-0.1887,-1.3489,1.0560,-1.2762,-0.3295,0.0366,1.6322,-1.0779,1.1744,0.6824,-0.0620,-0.9422,1.1399,-0.0737,0.4885,-0.6436,-0.8259,-0.0931,0.4614,0.5000,-0.2000,-1.5753,1.1322,-1.1919,-0.3000,0.0000,1.5022,-1.0839,1.2432,2.1928,-3.3437,-0.1009,3.9347,0.8225,1.3625,-3.3452,2.3321,2.7826,-1.8830,0.3889,0.18
6.4588,0.1200,0.0000,0.0000,0.0000,0.0000,0.0000,-0.6571,-1.4144,-0.6437,0.6789,0.2619,0.6860,0.4567,-0.1896,-1.3822,1.0812,-1.2822,-0.3176,0.0223,1.6069,-1.0767,1.1859,0.4110,0.0427,-1.3532,0.9500,-0.3451,0.4963,-0.4381,-0.9034,0.1551,0.4110,0.5000,-0.2000,-1.6020,1.1295,-1.2553,-0.3251,0.0000,1.4717,-1.0461,1.2456,1.9693,-3.2837,-0.1646,4.8864,0.0884,0.7488,-2.8792,2.3713,3.1911,-1.6864,0.4167,0.18
6.4868,0.1200,0.0000,0.0000,0.0000,0.0000,0.0000,-0.5725,-0.8075,-0.7997,0.7133,0.2011,0.6714,0.4663,-0.1897,-1.4200,1.0992,-1.2970,-0.3116,0.0115,1.5846,-1.0651,1.1976,0.3296,-0.0116,-1.3765,0.4847,-0.6630,0.1318,-0.3839,-0.7716,0.6669,0.4265,0.5000,-0.2000,-1.6333,1.1262,-1.2921,-0.3389,0.0000,1.4411,-1.0014,1.2472,1.8045,-3.0886,-0.2735,5.1404,-0.3805,0.6109,-2.1520,2.3213,3.6955,-1.4572,0.4444,0.17
6.5148,0.1200,0.0000,0.0000,0.0000,0.0000,0.0000,-0.4395,-0.5217,-1.0447,0.7002,0.2279,0.6766,0.4737,-0.1905,-1.4622,1.1081,-1.3184,-0.3129,0.0031,1.5634,-1.0419,1.2089,0.1512,-0.0194,-1.5858,0.2675,-0.8608,-0.0271,-0.2637,-0.7483,1.0430,0.3373,0.5000,-0.2000,-1.6511,1.1223,-1.2915,-0.3342,0.0000,1.4106,-0.9519,1.2483,1.5736,-3.0003,-0.2485,4.9714,-0.4746,0.6580,-1.7324,2.1564,4.0568,-1.3583,0.4722,0.17
6.5428,0.1200,0.0000,0.0000,0.0000,0.0000,0.0000,-0.4347,-0.3882,-1.1192,0.6471,0.2024,0.7351,0.4765,-0.1927,-1.5035,1.1117,-1.3369,-0.3142,-0.0012,1.5404,-1.0113,1.2163,0.1241,-0.0310,-1.3803,0.0698,-0.5390,0.0543,-0.1396,-0.9500,1.1632,0.1280,0.5000,-0.2000,-1.6555,1.1180,-1.2970,-0.3426,0.0000,1.3800,-0.9000,1.2770,1.4311,-2.7039,-0.0885,4.5670,-0.6306,0.5739,-1.3004,2.0047,3.8861,-1.4159,0.5000,0.18
6.5708,0.1200,0.0000,0.0000,0.0000,0.0000,0.0000,-0.4866,-0.3898,-1.1171,0.6341,0.1264,0.7629,0.4773,-0.1953,-1.5383,1.1126,-1.3496,-0.3156,-0.0037,1.5138,-0.9750,1.2212,0.0310,-0.0775,-1.0934,-0.0000,-0.4188,-0.0233,-0.0775,-1.1555,1.3416,0.2753,0.5000,-0.2000,-1.6582,1.1133,-1.3239,-0.3518,0.0098,1.4004,-0.9052,1.2699,1.3864,-2.4625,0.0884,4.1831,-1.0006,0.4823,-0.9019,1.8947,4.0411,-1.6159,0.5278,0.17
6.5988,0.1200,0.0000,0.0000,0.0000,0.0000,0.0000,-0.3603,-0.4113,-1.1412,0.5078,-0.0535,0.8598,0.4773,-0.1979,-1.5673,1.1104,-1.3610,-0.3203,-0.0036,1.4892,-0.9434,1.2247,-0.0155,-0.0659,-1.0081,-0.1241,-0.4032,-0.1435,0.0078,-0.7561,0.8840,-0.0465,0.5000,-0.2000,-1.6443,1.1083,-1.3139,-0.3561,0.1206,1.4207,-0.9103,1.2627,1.3878,-1.8689,0.4310,3.6142,-1.1391,0.4390,0.2061,1.7868,3.6860,-1.8389,0.5556,0.18
6.6268,0.1200,0.0000,0.0000,0.0000,0.0000,0.0000,-0.2659,-0.4698,-1.0045,0.4887,-0.0314,0.8719,0.4775,-0.2008,-1.5894,1.1064,-1.3679,-0.3254,0.0128,1.4751,-0.9231,1.2246,-0.0000,-0.1822,-0.7212,-0.1939,-0.1628,-0.1163,1.0857,-0.3567,0.6436,-0.1008,0.5000,-0.2000,-1.6403,1.1031,-1.3038,-0.3657,0.1590,1.4411,-0.9152,1.2556,1.1856,-1.7043,0.6750,3.3352,-1.3666,0.3426,0.5903,1.8468,3.9948,-2.2125,0.5833,0.18
6.6548,0.1200,0.0000,0.0000,0.0000,0.0000,0.0000,-0.1609,-0.5830,-0.8042,0.4406,-0.0869,0.8935,0.4774,-0.2046,-1.6053,1.1005,-1.3703,-0.3293,0.0433,1.4692,-0.9113,1.2224,0.0155,-0.0620,-0.5467,-0.2714,0.0388,-0.1086,1.0857,-0.1512,0.2637,-0.0853,0.4994,-0.2000,-1.6231,1.1209,-1.3562,-0.3679,0.2000,1.4615,-0.9198,1.2485,0.9942,-1.3337,0.8464,2.9095,-1.3175,0.3208,1.3317,1.8401,3.9753,-2.4341,0.6111,0.18
6.6828,0.1200,0.0000,0.0000,0.0000,0.0000,0.0000,-0.1162,-0.7565,-0.6033,0.4050,0.0007,0.9143,0.4768,-0.2087,-1.6156,1.0960,-1.3749,-0.3333,0.0747,1.4681,-0.9069,1.2199,0.0271,-0.1047,-0.3373,-0.0582,-0.3024,-0.0737,1.2214,0.0504,0.0737,-0.1241,0.4697,-0.2000,-1.5884,1.1722,-1.3689,-0.3808,0.2000,1.4819,-0.9239,1.2414,0.6967,-1.1897,0.8882,2.5828,-1.0956,0.1921,1.4652,1.8809,3.9271,-2.6296,0.6389,0.17
6.7108,0.1200,0.0000,0.0000,0.0000,0.0000,0.0000,0.0044,-0.9554,-0.4628,0.3611,0.0690,0.9300,0.4729,-0.2134,-1.6218,1.0988,-1.3817,-0.3384,0.1012,1.4709,-0.9065,1.2168,-0.2675,-0.1706,-0.2016,0.2675,-0.1900,-0.2094,0.7638,0.1124,0.0543,-0.2326,0.4422,-0.2000,-1.5574,1.2200,-1.3752,-0.3862,0.2000,1.5022,-0.9276,1.2342,0.4224,-1.1391,0.8929,2.2035,-0.9386,0.1381,1.6727,1.8426,3.7677,-2.6134,0.6667,0.17
6.7388,0.1200,0.0000,0.0000,0.0000,0.0000,0.0000,0.0276,-1.2442,-0.2408,0.4031,0.0909,0.9106,0.4601,-0.2171,-1.6226,1.1100,-1.3874,-0.3453,0.1198,1.4758,-0.9077,1.2111,-0.5234,-0.1008,0.0155,0.6010,-0.1706,-0.2171,0.4924,0.1086,-0.0000,-0.2947,0.4186,-0.2000,-1.5333,1.2621,-1.3903,-0.3860,0.2000,1.5226,-0.9306,1.2271,0.1863,-1.2016,0.8281,2.0208,-0.9725,0.1402,1.7272,1.7036,4.0211,-2.6730,0.6944,0.17
6.7668,0.1200,0.0000,0.0000,0.0000,0.0000,0.0000,0.0469,-1.3444,0.1093,0.4622,0.0909,0.8821,0.4423,-0.2196,-1.6204,1.1288,-1.3916,-0.3514,0.1333,1.4820,-0.9103,1.2046,-0.5932,-0.0233,0.0310,0.8453,-0.1435,-0.2210,0.4343,0.2986,-0.0543,-0.2171,0.3969,-0.2000,-1.5069,1.2966,-1.4034,-0.3833,0.2000,1.5430,-0.9331,1.2200,-0.0306,-1.2132,0.7870,1.7685,-0.9953,0.1668,1.8896,1.4493,4.4213,-2.7454,0.7222,0.17
6.7948,0.1200,0.0000,0.0000,0.0000,0.0000,0.0000,0.1051,-1.3504,0.5142,0.5972,0.0939,0.7966,0.4222,-0.2212,-1.6154,1.1516,-1.3949,-0.3556,0.1430,1.4922,-0.9120,1.1986,-0.7445,-0.0349,0.1900,0.9151,-0.1241,-0.0543,0.2365,0.4381,-0.0388,-0.2055,0.3778,-0.2000,-1.4854,1.3217,-1.4136,-0.3761,0.2000,1.5633,-0.9348,1.2128,-0.2215,-1.2554,0.6958,1.5861,-1.0844,0.2389,1.8338,1.0748,5.1859,-2.9150,0.7500,0.18
6.8228,0.1200,0.0000,0.0000,0.0000,0.0000,0.0000,0.1426,-1.2213,0.9296,0.6772,0.0607,0.7333,0.4015,-0.2218,-1.6079,1.1752,-1.3983,-0.3584,0.1502,1.5088,-0.9121,1.1930,-0.6902,0.0388,0.2753,0.9461,-0.0969,-0.0388,0.2288,0.5894,0.0271,-0.2094,0.3570,-0.2000,-1.4734,1.3364,-1.4221,-0.3703,0.2000,1.5509,-0.9358,1.2057,-0.4301,-1.2027,0.5106,1.2621,-1.0233,0.2965,1.9029,0.6721,5.7096,-3.0037,0.7778,0.18
6.8508,0.1200,0.0000,0.0000,0.0000,0.0000,0.0000,0.1680,-1.0564,1.3369,0.7381,0.0261,0.6742,0.3816,-0.2219,-1.5995,1.1972,-1.4019,-0.3601,0.1583,1.5262,-0.9100,1.1889,-0.7328,0.0388,0.2482,0.9538,-0.1008,-0.0039,0.2210,0.6243,0.1706,-0.1396,0.3323,-0.2000,-1.4669,1.3378,-1.4156,-0.3692,0.2000,1.5362,-0.9360,1.1986,-0.6771,-1.1973,0.2700,0.9803,-0.8625,0.3082,1.8698,0.3216,6.0489,-3.0537,0.8056,0.17
6.8788,0.1200,0.0000,0.0000,0.0000,0.0000,0.0000,0.2522,-1.0157,1.5436,0.7832,-0.0666,0.6181,0.3618,-0.2216,-1.5884,1.2176,-1.4034,-0.3608,0.1662,1.5431,-0.9032,1.1864,-0.7600,0.0543,0.5234,0.7289,0.0271,0.0233,0.2443,0.6165,0.3373,-0.0931,0.3198,-0.2000,-1.4642,1.3159,-1.4152,-0.3641,0.2000,1.5233,-0.9355,1.1914,-0.8020,-1.2179,-0.0086,0.8407,-0.7996,0.3594,1.9463,-0.0117,6.3480,-3.0073,0.8333,0.17
6.9068,0.1200,0.0000,0.0000,0.0000,0.0000,0.0000,0.2222,-0.9094,1.5734,0.8421,-0.0894,0.5319,0.3429,-0.2210,-1.5743,1.2332,-1.4040,-0.3607,0.1737,1.5584,-0.8922,1.1847,-0.6204,0.0310,0.4730,0.4614,0.0271,0.1396,0.2016,0.5079,0.4614,-0.1435,0.3208,-0.2000,-1.4665,1.3048,-1.4087,-0.3627,0.2000,1.5154,-0.9342,1.1842,-0.7918,-1.2136,-0.3368,0.9187,-0.6889,0.3734,1.8205,-0.2946,6.5431,-2.9383,0.8611,0.17
6.9348,0.1200,0.0000,0.0000,0.0000,0.0000,0.0000,0.1869,-0.5418,1.3830,0.8346,-0.1160,0.5385,0.3284,-0.2197,-1.5618,1.2416,-1.4042,-0.3602,0.1818,1.5740,-0.8799,1.1835,-0.3916,0.0543,0.3179,0.2404,-0.0078,0.0078,0.2792,0.5428,0.5273,-0.0388,0.3269,-0.2000,-1.4702,1.2839,-1.4112,-0.3669,0.2000,1.5080,-0.9322,1.1742,-0.7311,-1.1484,-0.6802,1.0377,-0.6801,0.3309,1.6993,-0.5720,6.6005,-2.8491,0.8889,0.17
6.9628,0.1200,0.0000,0.0000,0.0000,0.0000,0.0000,0.0894,-0.4404,1.1019,0.8336,-0.1665,0.5266,0.3192,-0.2191,-1.5517,1.2441,-1.4042,-0.3602,0.1896,1.5881,-0.8663,1.1827,-0.2598,-0.0349,0.3024,0.0039,0.0388,0.0427,0.1977,0.4110,0.4692,-0.1086,0.3450,-0.1934,-1.4714,1.2461,-1.4183,-0.3690,0.2000,1.5112,-0.9295,1.1641,-0.5500,-0.9339,-0.9972,1.1332,-0.7263,0.3097,1.5732,-0.7432,6.4995,-2.7614,0.9167,0.17
6.9908,0.1200,0.0000,0.0000,0.0000,0.0000,0.0000,-0.0929,-0.4730,0.8244,0.8137,-0.2507,0.5245,0.3164,-0.2168,-1.5429,1.2404,-1.4051,-0.3607,0.1961,1.5982,-0.8546,1.1788,0.0155,0.1357,0.2908,-0.2947,-0.0349,-0.0078,0.2016,0.1861,0.4381,-0.1900,0.3735,-0.1549,-1.4411,1.2014,-1.4246,-0.3652,0.2000,1.5252,-0.9262,1.1541,-0.2652,-0.5488,-1.2269,1.1504,-0.7735,0.3475,1.4953,-0.8077,6.2887,-2.6951,0.9444,0.18
7.0198,0.1200,0.0000,0.0000,0.0000,0.0000,0.0000,-0.2154,-0.3852,0.4667,0.8161,-0.2953,0.4968,0.3204,-0.2089,-1.5311,1.2269,-1.4071,-0.3615,0.2010,1.6072,-0.8455,1.1718,0.1784,0.4343,0.5196,-0.7600,-0.0698,0.0388,0.0659,0.3257,0.2133,-0.3490,0.4306,-0.1035,-1.4106,1.1519,-1.4313,-0.3668,0.2000,1.5426,-0.9223,1.1440,0.3062,-0.0351,-1.3244,1.1116,-0.8309,0.3321,1.2618,-0.8368,6.0009,-2.5709,0.9722,0.22
7.0478,0.1200,0.0000,0.0000,0.0000,0.0000,0.0000,-0.3212,-0.3149,0.2777,0.8178,-0.3266,0.4739,0.3339,-0.1906,-1.5165,1.2013,-1.4105,-0.3614,0.2051,1.6163,-0.8403,1.1630,0.6902,0.7755,0.4847,-1.0934,-0.1628,0.0233,0.0000,0.2094,0.1745,-0.3451,0.4935,-0.0442,-1.3800,1.0989,-1.4645,-0.3795,0.2000,1.5699,-0.9180,1.1340,0.9351,0.5580,-1.3161,0.9894,-0.8746,0.2051,1.0602,-0.7678,5.3357,-2.5338,0.0000,0.21
7.0758,0.1200,0.0000,0.0000,0.0000,0.0000,0.0000,-0.4254,-0.3634,0.2054,0.7862,-0.4294,0.4443,0.3586,-0.1640,-1.5008,1.1680,-1.4179,-0.3628,0.2060,1.6231,-0.8382,1.1535,1.0779,1.0779,0.7173,-1.3803,-0.3684,-0.1473,-0.0078,0.2675,0.1163,-0.3645,0.5000,0.0000,-1.4004,1.0898,-1.4610,-0.3908,0.2000,1.6048,-0.9133,1.1239,1.4606,1.0942,-1.1213,0.8461,-0.9117,0.0920,1.2365,-0.6222,4.2042,-2.5691,0.0278,0.20
7.1038,0.1200,0.0000,0.0000,0.0000,0.0000,0.0000,-0.4259,-0.2443,0.1189,0.8347,-0.2563,0.4874,0.3869,-0.1317,-1.4878,1.1348,-1.4260,-0.3675,0.2049,1.6338,-0.8384,1.1435,0.8026,1.1748,0.3218,-1.0546,-0.1977,-0.2404,-0.0814,0.5312,0.0233,-0.3373,0.5000,0.0000,-1.3932,1.0737,-1.4085,-0.4250,0.1987,1.6356,-0.9083,1.1139,1.7392,1.2399,-0.7244,0.6336,-0.4579,-0.2504,0.9870,-0.5181,2.2893,-2.2759,0.0556,0.18
7.1318,0.1200,0.0000,0.0000,0.0000,0.0000,0.0000,-0.3249,0.0436,0.1486,0.7859,-0.3353,0.5196,0.4078,-0.1034,-1.4813,1.1056,-1.4262,-0.3765,0.2037,1.6508,-0.8385,1.1344,0.5273,0.7871,0.1667,-1.0546,0.2016,-0.3800,-0.0698,0.6165,-0.0504,-0.2869,0.5000,0.0000,-1.3763,1.0614,-1.3897,-0.4229,0.2000,1.6932,-1.0312,1.1038,1.3338,1.3928,-0.3516,0.4615,-0.3411,-0.2287,1.2169,-0.1455,-0.2806,-1.9525,0.0833,0.18
7.1598,0.1200,0.0000,0.0000,0.0000,0.0000,0.0000,-0.2658,0.0672,0.2423,0.5365,-0.4943,0.6840,0.4215,-0.0837,-1.4738,1.0798,-1.4192,-0.3869,0.2017,1.6762,-0.8535,1.1254,0.4730,0.5894,0.3567,-0.8181,0.2830,-0.4381,-0.1047,1.0895,-1.0585,-0.4110,0.4778,0.0000,-1.3698,1.0049,-1.3638,-0.3487,0.2000,1.7191,-1.1209,1.1562,0.7784,1.9731,-0.0835,-0.1485,-0.1537,0.5128,1.6225,0.1130,-2.7266,-1.5581,0.1111,0.17
7.1878,0.1200,0.0000,0.0000,0.0000,0.0000,0.0000,-0.1187,-0.2207,0.3859,0.5758,-0.5274,0.6247,0.4301,-0.0702,-1.4630,1.0540,-1.4091,-0.3858,0.1995,1.7109,-0.8900,1.1243,0.2210,0.4304,0.4769,-0.9112,0.4769,0.3490,-0.0349,1.1748,-1.5199,0.0853,0.4244,0.0000,-1.3227,1.0053,-1.3190,-0.3281,0.2000,1.7501,-1.1722,1.2044,0.2436,2.5315,0.5917,-0.1864,0.2237,0.7187,1.2386,0.7292,-4.4832,-0.6458,0.1389,0.18
7.2158,0.1200,0.0000,0.0000,0.0000,0.0000,0.0000,0.1431,-0.1455,0.4132,0.6158,-0.3153,0.7220,0.4280,-0.0595,-1.4430,1.0306,-1.3927,-0.3713,0.1985,1.7448,-0.9372,1.1353,-0.2714,0.3412,0.7832,-0.6863,0.7794,0.6243,-0.0775,1.1051,-1.6634,0.5777,0.3569,0.0000,-1.3022,1.0420,-1.2681,-0.3702,0.1710,1.7467,-1.2200,1.3813,-0.4306,1.9289,1.6617,0.1447,0.6613,0.2975,0.7102,1.3055,-4.6998,1.0129,0.1667,0.18
7.2448,0.1200,0.0000,0.0000,0.0000,0.0000,0.0000,0.0749,-0.3558,0.1752,0.5864,-0.2491,0.7708,0.4093,-0.0510,-1.4209,1.0179,-1.3681,-0.3617,0.1945,1.7715,-0.9858,1.1686,-0.9267,0.3451,0.8259,-0.0853,1.0469,0.0698,-0.3024,0.8220,-1.7797,1.6828,0.3000,-0.0274,-1.3226,1.1035,-1.2431,-0.3446,0.1438,1.7161,-1.2621,1.3931,-1.2862,0.7260,2.4452,0.7283,0.8394,0.5536,0.4377,1.6148,-3.7361,2.2389,0.1944,0.20
7.2728,0.1200,0.0000,0.0000,0.0000,0.0000,0.0000,0.2256,-0.6889,-0.1281,0.6346,-0.0824,0.7684,0.3788,-0.0479,-1.4020,1.0234,-1.3397,-0.3599,0.1859,1.7831,-1.0362,1.2202,-1.0740,0.0349,0.3684,0.6592,0.9538,0.1861,-0.3645,0.1706,-1.7371,1.8418,0.3000,-0.1802,-1.3430,1.0971,-1.2671,-0.3000,0.1853,1.6856,-1.2966,1.4039,-2.0869,-0.8015,2.9422,0.6401,0.5287,1.0243,0.8531,1.7624,-2.6252,2.7540,0.2222,0.18
7.3008,0.1200,0.0000,0.0000,0.0000,0.0000,0.0000,0.2356,-0.6242,-0.2176,0.7802,-0.1552,0.6060,0.3512,-0.0679,-1.3946,1.0360,-1.3180,-0.3505,0.1843,1.7848,-1.0810,1.2705,-0.6747,-1.2601,0.0737,0.4304,0.5816,0.6049,0.1396,-0.0271,-1.5820,1.7564,0.3000,-0.2000,-1.3633,1.0634,-1.3431,-0.3000,0.2000,1.6550,-1.3217,1.4136,-2.2154,-1.6297,3.3263,0.2865,-0.3024,1.2405,1.2487,1.9346,-1.3116,2.3387,0.2500,0.18
7.3288,0.1200,0.0000,0.0000,0.0000,0.0000,0.0000,0.2314,-0.4242,-0.4661,0.8653,-0.1892,0.4642,0.3337,-0.1019,-1.3933,1.0393,-1.3148,-0.3358,0.1903,1.7822,-1.1192,1.3136,-0.5002,-1.1826,-0.0388,-0.0271,-0.1745,0.4730,0.2753,-0.1124,-1.2408,1.3067,0.3000,-0.2000,-1.3837,1.0971,-1.3957,-0.3000,0.1508,1.6244,-1.1751,1.4221,-1.8201,-2.2791,3.1049,0.6136,-0.9001,1.3949,0.5084,2.3475,0.6125,1.4334,0.2778,0.18
7.3568,0.1200,0.0000,0.0000,0.0000,0.0000,0.0000,0.0157,-0.4710,-1.0708,0.9205,0.1866,0.3434,0.3220,-0.1284,-1.4001,1.0402,-1.3273,-0.3244,0.1904,1.7739,-1.1301,1.3439,-0.4226,-0.8608,-0.4885,0.1318,-0.6398,0.3296,-0.2753,-0.7832,0.2210,0.8840,0.3000,-0.2000,-1.4041,1.1360,-1.3986,-0.3000,0.0133,1.5939,-1.1398,1.3782,-1.0108,-2.9366,2.2243,1.2656,-1.4578,1.8001,-0.8673,2.9683,2.3551,0.4885,0.3056,0.17
7.3848,0.1200,0.0000,0.0000,0.0000,0.0000,0.0000,-0.1831,-0.2866,-1.3403,0.8296,0.1138,0.5466,0.3122,-0.1476,-1.4173,1.0459,-1.3428,-0.3189,0.1655,1.7490,-1.1193,1.3579,-0.2986,-0.6165,-0.8142,0.3063,-0.5196,0.1628,-1.4501,-1.0469,0.4924,0.1241,0.4642,-0.2000,-1.4569,1.1355,-1.3914,-0.3000,0.0000,1.5633,-1.1318,1.3069,0.6415,-3.3319,0.6758,3.0962,-1.5253,2.1142,-2.1038,3.0549,3.8632,-0.2830,0.3333,0.18
7.4128,0.1200,0.0000,0.0000,0.0000,0.0000,0.0000,-0.5446,-0.5081,-1.0879,0.8588,-0.1026,0.5018,0.3225,-0.1617,-1.4461,1.0529,-1.3545,-0.3157,0.1283,1.7205,-1.1051,1.3513,1.1516,-0.4692,-1.2601,0.1435,-0.3218,0.1435,-1.2214,-1.0042,0.5157,-0.5079,0.5000,-0.2000,-1.6014,1.1342,-1.3486,-0.3000,0.0000,1.5328,-1.1129,1.2463,1.5623,-3.7150,-0.5662,5.2511,-0.6444,2.1650,-1.7375,2.7766,4.2771,-0.9351,0.3611,0.18
7.4408,0.1200,0.0000,0.0000,0.0000,0.0000,0.0000,-0.7822,-0.5943,-0.8768,0.8859,-0.0881,0.4554,0.3603,-0.1706,-1.4894,1.0626,-1.3575,-0.3128,0.0977,1.6944,-1.0912,1.3295,1.5432,-0.2094,-1.7952,0.5273,0.1396,0.0853,-1.0895,-0.9461,0.5312,-1.0236,0.5000,-0.2000,-1.6206,1.1322,-1.3162,-0.3000,0.0003,1.5022,-1.0839,1.2432,1.1934,-3.9089,-0.5546,5.7788,-0.4203,1.7253,-0.9974,2.7482,3.9778,-1.0467,0.3889,0.18
7.4688,0.1200,0.0000,0.0000,0.0000,0.0000,0.0000,-0.7641,-0.3818,-1.1286,0.8212,-0.0069,0.5705,0.3985,-0.1776,-1.5337,1.0712,-1.3568,-0.3104,0.0722,1.6702,-1.0720,1.3070,1.2679,-0.2443,-1.5044,0.2404,0.1280,0.1900,-0.8104,-0.8569,0.7638,-0.7057,0.4843,-0.2000,-1.6179,1.1295,-1.3521,-0.3000,0.0318,1.4717,-1.0461,1.2456,0.8430,-3.7089,-0.3239,5.3723,-0.8799,1.3656,-0.6817,2.7745,3.5403,-1.0029,0.4167,0.17
7.4968,0.1200,0.0000,0.0000,0.0000,0.0000,0.0000,-0.7558,-0.3273,-1.4780,0.8635,-0.0351,0.5031,0.4239,-0.1823,-1.5703,1.0743,-1.3564,-0.3070,0.0567,1.6436,-1.0500,1.2926,0.7096,-0.1047,-1.2873,0.0116,-0.0892,0.0969,-0.3839,-1.0585,0.8879,-0.2869,0.4944,-0.2000,-1.6298,1.1262,-1.3541,-0.3000,0.0235,1.4411,-1.0014,1.2472,0.9438,-3.4750,-0.2386,5.0395,-1.3674,1.2211,-0.7652,2.6590,3.9264,-1.1932,0.4444,0.18
7.5248,0.1200,0.0000,0.0000,0.0000,0.0000,0.0000,-0.4989,-0.3179,-1.6714,0.8848,0.1757,0.4316,0.4401,-0.1852,-1.6033,1.0726,-1.3588,-0.3060,0.0476,1.6147,-1.0249,1.2855,0.5816,-0.0620,-1.2252,-0.1047,0.0078,-0.0078,-0.3994,-1.1361,0.9422,-0.2094,0.5000,-0.2000,-1.6538,1.1223,-1.3440,-0.3000,0.0080,1.4106,-0.9519,1.2483,1.1973,-3.1222,-0.2750,4.8617,-1.2131,1.1776,-0.9201,2.3727,4.1824,-1.3299,0.4722,0.18
7.5528,0.1200,0.0000,0.0000,0.0000,0.0000,0.0000,-0.5549,-0.3384,-1.5568,0.9087,0.1873,0.3730,0.4535,-0.1873,-1.6349,1.0689,-1.3577,-0.3054,0.0382,1.5836,-0.9948,1.2796,0.4110,-0.0349,-1.1942,-0.1008,0.1124,0.0814,-0.4459,-1.1399,1.2718,-0.1473,0.5000,-0.2000,-1.6737,1.1180,-1.3340,-0.3000,0.0136,1.3800,-0.9000,1.2770,1.3381,-3.0637,-0.2703,4.8615,-1.1381,1.1527,-0.8639,2.2089,4.3570,-1.4580,0.5000,0.18
7.5808,0.1200,0.0000,0.0000,0.0000,0.0000,0.0000,-0.5303,-0.3165,-1.4035,0.9285,0.1419,0.3430,0.4630,-0.1882,-1.6657,1.0654,-1.3537,-0.3041,0.0305,1.5508,-0.9596,1.2773,0.3373,-0.0233,-1.0391,-0.0543,0.2869,0.0427,-0.2133,-1.2059,1.3648,-0.0039,0.5000,-0.2000,-1.6806,1.1133,-1.3239,-0.3000,0.0589,1.4004,-0.9052,1.2699,1.3914,-2.8643,-0.1358,4.6840,-1.2293,1.0280,-0.4112,2.0284,4.5526,-1.6488,0.5278,0.17
7.6088,0.1200,0.0000,0.0000,0.0000,0.0000,0.0000,-0.3090,-0.2150,-1.1982,0.8896,-0.0004,0.4568,0.4683,-0.1886,-1.6932,1.0615,-1.3464,-0.3033,0.0328,1.5237,-0.9278,1.2767,0.2171,-0.0194,-0.9616,-0.1241,0.3645,-0.0194,0.2133,-0.6940,0.9073,-0.0194,0.5000,-0.2000,-1.6762,1.1083,-1.3139,-0.3073,0.1458,1.4207,-0.9103,1.2627,1.3620,-2.5798,0.1120,4.3609,-1.3741,0.9272,0.4581,1.8271,4.7829,-1.9571,0.5556,0.17
7.6368,0.1200,0.0000,0.0000,0.0000,0.0000,0.0000,-0.2784,-0.1259,-0.7830,0.8793,-0.0144,0.4760,0.4722,-0.1897,-1.7157,1.0567,-1.3347,-0.3041,0.0532,1.5116,-0.9052,1.2737,0.1241,-0.0194,-0.7018,-0.0853,0.5390,-0.0271,0.9655,-0.2986,0.6747,-0.1706,0.5000,-0.2000,-1.6730,1.1031,-1.3038,-0.3168,0.1998,1.4411,-0.9152,1.2556,1.1130,-2.4199,0.3473,4.0402,-1.4855,0.8319,0.9983,1.7442,5.0253,-2.3242,0.5833,0.17
7.6648,0.1200,0.0000,0.0000,0.0000,0.0000,0.0000,-0.1404,-0.1736,-0.3134,0.8789,-0.0622,0.4729,0.4746,-0.1918,-1.7298,1.0512,-1.3208,-0.3051,0.0866,1.5094,-0.8899,1.2699,0.1202,-0.0737,-0.4343,-0.1357,0.5079,0.0155,1.2330,0.0194,0.5041,-0.1784,0.4824,-0.2000,-1.6562,1.1209,-1.3562,-0.3192,0.2000,1.4615,-0.9198,1.2485,0.8238,-2.1974,0.5153,3.6558,-1.6282,0.8083,1.6086,1.6847,5.2001,-2.6546,0.6111,0.16
7.6928,0.1200,0.0000,0.0000,0.0000,0.0000,0.0000,-0.0333,-0.2021,-0.0046,0.8614,-0.0045,0.5079,0.4747,-0.1946,-1.7367,1.0490,-1.3150,-0.3065,0.1164,1.5137,-0.8790,1.2658,-0.0543,-0.0620,-0.1396,-0.0039,-0.0155,-0.0427,0.8724,0.2830,0.3490,-0.2443,0.4576,-0.2000,-1.6172,1.1722,-1.3689,-0.3228,0.2000,1.4819,-0.9239,1.2414,0.5756,-1.9145,0.5999,3.2404,-1.5820,0.7722,1.9442,1.6032,5.2908,-2.9160,0.6389,0.16
7.7208,0.1200,0.0000,0.0000,0.0000,0.0000,0.0000,0.0067,-0.1908,0.2379,0.8437,0.0795,0.5308,0.4702,-0.1983,-1.7370,1.0537,-1.3157,-0.3101,0.1376,1.5234,-0.8697,1.2605,-0.2288,-0.1047,-0.0427,0.3839,-0.0233,-0.1280,0.6281,0.3373,0.3684,-0.2792,0.4352,-0.2000,-1.5821,1.2200,-1.3813,-0.3275,0.2000,1.5022,-0.9276,1.2342,0.3516,-1.7531,0.6457,2.9289,-1.4564,0.7250,1.9855,1.4560,5.3715,-3.0641,0.6667,0.16
7.7488,0.1200,0.0000,0.0000,0.0000,0.0000,0.0000,-0.0226,-0.2097,0.4936,0.8415,0.0580,0.5371,0.4585,-0.2020,-1.7334,1.0669,-1.3180,-0.3147,0.1511,1.5358,-0.8640,1.2541,-0.4343,-0.0775,0.1706,0.6436,-0.2210,-0.1977,0.4226,0.3722,0.1667,-0.2133,0.4125,-0.2000,-1.5526,1.2621,-1.3931,-0.3282,0.2000,1.5226,-0.9306,1.2271,0.1252,-1.6618,0.6352,2.6516,-1.4857,0.7183,2.0738,1.2726,5.4636,-3.1151,0.6944,0.16
7.7768,0.1200,0.0000,0.0000,0.0000,0.0000,0.0000,-0.0225,-0.3947,0.7794,0.8527,0.0566,0.5194,0.4441,-0.2052,-1.7244,1.0874,-1.3227,-0.3191,0.1619,1.5486,-0.8631,1.2474,-0.4381,-0.0543,0.3839,0.8608,-0.1551,-0.1551,0.2365,0.4614,-0.0349,-0.2404,0.3889,-0.2000,-1.5277,1.2966,-1.4039,-0.3302,0.2000,1.5430,-0.9331,1.2200,-0.1107,-1.5518,0.5789,2.3449,-1.4631,0.6978,2.1483,1.0923,5.4985,-3.1561,0.7222,0.17
7.8048,0.1200,0.0000,0.0000,0.0000,0.0000,0.0000,0.0549,-0.3769,0.7688,0.5937,0.0740,0.8013,0.4291,-0.2073,-1.7104,1.1119,-1.3293,-0.3268,0.1695,1.5601,-0.8652,1.2451,-0.6320,0.0310,0.4885,1.0779,-0.2908,-0.1357,0.1745,0.2055,-0.1900,-0.0775,0.3558,-0.2000,-1.5055,1.3217,-1.4060,-0.3500,0.2000,1.5633,-0.9348,1.2128,-0.4417,-1.3786,0.4947,1.7303,-0.9238,0.5000,2.5242,1.0838,4.5998,-2.9243,0.7500,0.16
7.8328,0.1200,0.0000,0.0000,0.0000,0.0000,0.0000,0.0838,-0.3333,1.0561,0.9343,-0.0837,0.3466,0.4098,-0.2086,-1.6915,1.1396,-1.3377,-0.3337,0.1745,1.5693,-0.8704,1.2403,-0.9189,0.0388,0.6165,0.9693,-0.3218,-0.2210,0.1435,0.3722,-0.2598,-0.2443,0.3461,-0.2000,-1.4663,1.3364,-1.4221,-0.3630,0.2000,1.5719,-0.9358,1.2057,-0.5392,-1.5855,0.5811,2.0245,-1.6120,0.3704,2.1410,0.8825,5.7365,-3.0314,0.7778,0.17
7.8608,0.1200,0.0000,0.0000,0.0000,0.0000,0.0000,0.2521,-0.3035,1.2343,0.9002,-0.1276,0.4164,0.3877,-0.2088,-1.6687,1.1656,-1.3483,-0.3410,0.1803,1.5793,-0.8747,1.2331,-0.7328,0.0388,0.8530,0.8142,-0.4575,-0.3257,0.3063,0.3451,-0.0349,-0.3645,0.3250,-0.2000,-1.4690,1.3398,-1.4293,-0.3546,0.2000,1.5519,-0.9360,1.1986,-0.7501,-1.1694,0.2493,1.3304,-1.6418,0.4538,2.6214,0.4781,6.0967,-3.2092,0.8056,0.17
7.8888,0.1200,0.0000,0.0000,0.0000,0.0000,0.0000,0.3115,-0.3891,1.4137,0.9011,-0.1328,0.4129,0.3677,-0.2090,-1.6452,1.1892,-1.3613,-0.3473,0.1862,1.5869,-0.8760,1.2244,-0.6785,-0.0194,0.8995,0.7561,-0.5390,-0.1939,0.1086,0.1357,0.0465,-0.4304,0.3289,-0.1906,-1.4628,1.3318,-1.4311,-0.3618,0.2000,1.5437,-0.9355,1.1914,-0.7106,-0.9056,0.0057,1.0477,-0.9586,0.3816,2.4804,0.1927,6.4779,-3.2160,0.8333,0.16
7.9168,0.1200,0.0000,0.0000,0.0000,0.0000,0.0000,0.4358,-0.3360,1.4891,0.9038,-0.2060,0.3752,0.3513,-0.2079,-1.6206,1.2106,-1.3736,-0.3516,0.1911,1.5923,-0.8753,1.2172,-0.4381,0.0892,0.8608,0.6475,-0.4071,-0.1241,0.1396,0.1861,0.0775,-0.2559,0.3302,-0.2000,-1.4502,1.3129,-1.4116,-0.3576,0.2000,1.5383,-0.9342,1.1842,-0.6979,-1.0846,-0.1738,1.2858,-0.7183,0.4237,2.4085,-0.0649,6.6496,-3.0924,0.8611,0.16
7.9448,0.1200,0.0000,0.0000,0.0000,0.0000,0.0000,0.4863,-0.2678,1.3768,0.8998,-0.2014,0.3869,0.3394,-0.2077,-1.5965,1.2251,-1.3824,-0.3534,0.1956,1.5982,-0.8723,1.2107,-0.3722,-0.0194,0.8414,0.4071,-0.1396,-0.0116,0.1822,0.1861,0.2288,-0.2055,0.3245,-0.2000,-1.4409,1.2839,-1.4301,-0.3567,0.2000,1.5349,-0.9322,1.1742,-0.7550,-1.2517,-0.3870,1.3454,-0.8686,0.4333,2.3150,-0.3032,6.7842,-2.9707,0.8889,0.16
7.9728,0.1200,0.0000,0.0000,0.0000,0.0000,0.0000,0.3344,-0.2421,1.1952,0.9014,-0.2146,0.3760,0.3303,-0.2076,-1.5727,1.2308,-1.3900,-0.3545,0.1998,1.6037,-0.8675,1.2030,-0.2171,0.0155,0.7832,0.0465,-0.2637,-0.0349,0.1357,0.2520,0.1435,-0.3684,0.3318,-0.2000,-1.4416,1.2461,-1.4380,-0.3585,0.2000,1.5335,-0.9295,1.1641,-0.6819,-1.1016,-0.6991,1.1897,-0.9236,0.4153,2.1545,-0.5210,6.8099,-2.8860,0.9167,0.16
8.0008,0.1200,0.0000,0.0000,0.0000,0.0000,0.0000,0.2966,-0.1706,0.8902,0.8932,-0.2667,0.3621,0.3263,-0.2068,-1.5520,1.2278,-1.3995,-0.3564,0.2049,1.6091,-0.8626,1.1950,-0.1124,0.0931,0.7251,-0.1977,-0.3296,-0.0388,0.1667,0.1628,0.1473,-0.2675,0.3629,-0.1755,-1.4411,1.2014,-1.4337,-0.3561,0.2000,1.5364,-0.9262,1.1541,-0.3708,-0.7553,-1.0024,1.1126,-0.8645,0.4393,1.9449,-0.6955,6.8397,-2.7769,0.9444,0.18
8.0287,0.1200,0.0000,0.0000,0.0000,0.0000,0.0000,0.1785,-0.1780,0.5220,0.9098,-0.2638,0.3204,0.3286,-0.2027,-1.5350,1.2170,-1.4088,-0.3580,0.2095,1.6129,-0.8593,1.1867,0.1318,0.3218,0.5777,-0.5118,-0.3218,-0.0349,0.0543,0.0427,0.0039,-0.3335,0.4231,-0.1245,-1.4106,1.1519,-1.4276,-0.3569,0.2000,1.5472,-0.9223,1.1440,0.2310,-0.2450,-1.1911,1.0839,-0.7930,0.4307,1.5020,-0.7912,6.5888,-2.6298,0.9722,0.17
8.0567,0.1200,0.0000,0.0000,0.0000,0.0000,0.0000,-0.0189,-0.1313,0.2937,0.8897,-0.3044,0.3403,0.3403,-0.1892,-1.5171,1.1958,-1.4142,-0.3590,0.2122,1.6157,-0.8575,1.1773,0.6204,0.7289,0.6436,-0.8724,-0.1047,0.0116,-0.1047,0.0775,0.1086,-0.4149,0.4901,-0.0665,-1.3800,1.0995,-1.4590,-0.3725,0.2000,1.5680,-0.9180,1.1340,0.9007,0.3354,-1.1766,0.9947,-0.8203,0.2755,1.1676,-0.7864,5.8872,-2.5772,0.0000,0.16
8.0857,0.1200,0.0000,0.0000,0.0000,0.0000,0.0000,-0.1964,-0.2330,0.1973,0.8819,-0.3439,0.3226,0.3652,-0.1667,-1.4982,1.1654,-1.4218,-0.3613,0.2120,1.6180,-0.8574,1.1665,0.9500,0.9693,0.7096,-1.2912,-0.2016,-0.0931,-0.0814,-0.0233,-0.0000,-0.4304,0.5000,-0.0113,-1.4004,1.0976,-1.4594,-0.3922,0.2000,1.6027,-0.9133,1.1239,1.4853,0.8871,-1.0258,0.9236,-0.8957,0.0784,1.1067,-0.6437,4.6355,-2.5886,0.0278,0.18
8.1137,0.1200,0.0000,0.0000,0.0000,0.0000,0.0000,-0.3603,-0.2318,0.1083,0.8990,-0.2523,0.3578,0.3955,-0.1362,-1.4821,1.1348,-1.4279,-0.3689,0.2101,1.6228,-0.8583,1.1559,0.9383,1.2175,0.3490,-0.9228,-0.2249,-0.2171,-0.1977,0.2288,0.0039,-0.3645,0.5000,0.0000,-1.3883,1.0867,-1.4285,-0.4249,0.1950,1.6343,-0.9083,1.1139,1.8481,1.1499,-0.6756,0.7642,-0.6572,-0.2489,0.9496,-0.5311,2.8687,-2.3719,0.0556,0.18
8.1417,0.1200,0.0000,0.0000,0.0000,0.0000,0.0000,-0.2898,-0.0089,-0.0246,0.8852,-0.3030,0.3530,0.4178,-0.1065,-1.4729,1.1101,-1.4283,-0.3822,0.2061,1.6333,-0.8594,1.1463,0.6281,1.0585,0.2443,-0.7677,0.0969,-0.5467,-0.2133,0.3877,-0.0659,-0.3528,0.5000,0.0000,-1.3678,1.0599,-1.4060,-0.4389,0.2000,1.6761,-0.9314,1.1038,1.6674,1.3491,-0.2673,0.4466,-0.5036,-0.3889,1.0558,-0.3172,0.7170,-1.9961,0.0833,0.17
8.1697,0.1200,0.0000,0.0000,0.0000,0.0000,0.0000,-0.2459,0.0140,0.0008,0.8695,-0.3511,0.3473,0.4328,-0.0851,-1.4629,1.0861,-1.4232,-0.3984,0.2013,1.6490,-0.8649,1.1373,0.4614,0.7057,0.3955,-0.8530,0.3567,-0.6049,-0.2792,0.6165,-0.3102,-0.3179,0.4870,0.0000,-1.3175,1.0110,-1.3854,-0.4470,0.2000,1.7181,-1.1209,1.1562,0.8702,1.5395,0.4400,-0.0883,-0.3688,-0.4703,1.3691,0.1029,-1.6541,-1.4708,0.1111,0.17
8.1978,0.1200,0.0000,0.0000,0.0000,0.0000,0.0000,-0.1424,-0.0209,0.1363,0.6699,-0.5811,0.4620,0.4421,-0.0702,-1.4458,1.0588,-1.4139,-0.4154,0.1969,1.6713,-0.8930,1.1364,0.2482,0.3761,0.7949,-1.0818,0.4459,-0.6126,-0.0659,1.0508,-1.5936,0.1124,0.4073,0.0000,-1.2819,0.9842,-1.3487,-0.3810,0.2000,1.7188,-1.1722,1.1689,0.0734,2.4777,1.1474,-0.3975,-0.0732,0.1904,1.8102,0.4156,-3.6749,-1.2102,0.1389,0.18
8.2258,0.1200,0.0000,0.0000,0.0000,0.0000,0.0000,-0.0004,-0.2975,0.2033,0.7099,-0.4777,0.5175,0.4390,-0.0592,-1.4189,1.0307,-1.3987,-0.4193,0.1950,1.6977,-0.9441,1.1424,-0.4459,0.3412,1.1283,-0.9500,0.6359,0.1396,-0.0349,0.8569,-1.9852,0.2326,0.3328,0.0000,-1.3022,1.0609,-1.2857,-0.4239,0.2000,1.7467,-1.2200,1.3090,-0.6722,2.2344,2.2768,0.3329,0.4856,-0.2386,1.1448,1.0614,-4.4146,0.2770,0.1667,0.19
8.2537,0.1200,0.0000,0.0000,0.0000,0.0000,0.0000,0.1083,-0.3676,0.1125,0.8224,-0.2255,0.5223,0.4182,-0.0498,-1.3922,1.0205,-1.3743,-0.4170,0.1948,1.7231,-1.0016,1.1689,-1.0314,0.3451,0.7367,0.1473,1.0857,-0.0233,-0.0116,0.8802,-2.0977,1.4695,0.3000,-0.0086,-1.3226,1.1306,-1.2909,-0.4404,0.1962,1.7161,-1.2621,1.3931,-1.7584,0.9140,3.5368,1.0980,0.3617,-0.4035,0.9623,1.6301,-4.5805,1.7969,0.1944,0.19
8.2817,0.1200,0.0000,0.0000,0.0000,0.0000,0.0000,0.1250,-0.4612,0.0708,0.7284,-0.2717,0.6290,0.3893,-0.0424,-1.3759,1.0351,-1.3487,-0.4206,0.1954,1.7381,-1.0563,1.2173,-1.0042,0.2830,0.2830,0.9771,0.7328,-0.2094,0.0543,0.3102,-1.8107,1.8883,0.3000,-0.1775,-1.3430,1.1331,-1.3734,-0.3954,0.1942,1.6856,-1.2966,1.4039,-2.3709,-0.7748,4.0434,1.4070,-0.5344,0.0461,0.9418,1.6757,-2.2314,2.7637,0.2222,0.18
8.3097,0.1200,0.0000,0.0000,0.0000,0.0000,0.0000,0.3821,-0.6849,0.0855,0.7691,-0.3631,0.5260,0.3669,-0.0575,-1.3693,1.0569,-1.3418,-0.4214,0.1958,1.7432,-1.1033,1.2678,-0.6281,-1.1477,0.1745,0.7483,-0.1628,0.1939,0.0349,0.0000,-1.5897,1.6634,0.3000,-0.2000,-1.3633,1.1348,-1.4128,-0.3469,0.2000,1.6550,-1.2051,1.4136,-2.1401,-1.8946,3.5633,1.5518,-1.8646,0.5313,1.0883,1.6548,0.1661,2.0780,0.2500,0.18
8.3387,0.1200,0.0000,0.0000,0.0000,0.0000,0.0000,0.5151,-0.7116,0.1095,0.9962,-0.0439,0.0748,0.3551,-0.0906,-1.3659,1.0765,-1.3532,-0.4114,0.1975,1.7393,-1.1293,1.3115,-0.3257,-1.1051,-0.0310,0.6592,-0.6087,0.5506,0.0543,-0.4575,-0.3567,1.3726,0.3000,-0.2000,-1.3837,1.1358,-1.4057,-0.3070,0.0488,1.6244,-1.1364,1.3933,-1.4747,-2.4171,2.8592,1.3124,-2.3509,0.9304,-0.5116,2.1828,2.7578,0.7118,0.2778,0.21
8.3667,0.1200,0.0000,0.0000,0.0000,0.0000,0.0000,0.0809,-0.3352,-0.0198,0.9924,-0.0870,0.0868,0.3479,-0.1191,-1.3674,1.0920,-1.3664,-0.3955,0.1803,1.7221,-1.1286,1.3429,-0.1706,-0.7832,-0.2830,0.4537,-0.3296,0.6630,-1.2175,-0.7057,0.3877,0.7522,0.3877,-0.2000,-1.4041,1.1360,-1.3986,-0.3000,0.0000,1.5939,-1.1398,1.2682,-0.1228,-2.6260,1.5959,2.2791,-2.5922,1.4371,-1.6926,2.6073,4.4794,-0.6116,0.3056,0.18
8.3948,0.1200,0.0000,0.0000,0.0000,0.0000,0.0000,-0.2122,-0.1280,-0.0892,0.9485,-0.2008,0.2452,0.3542,-0.1371,-1.3745,1.1032,-1.3731,-0.3784,0.1447,1.7010,-1.1204,1.3445,0.6475,-0.5351,-0.3412,0.3296,-0.1745,0.5661,-1.4734,-0.7638,0.2637,-0.4226,0.5000,-0.2000,-1.5059,1.1355,-1.3914,-0.3000,0.0000,1.5633,-1.1318,1.2352,1.2703,-3.0079,0.1853,3.7775,-1.6308,1.8205,-1.5117,2.4842,5.4060,-1.2922,0.3333,0.18
8.4227,0.1200,0.0000,0.0000,0.0000,0.0000,0.0000,-0.6226,-0.1465,-0.2181,0.9408,-0.2056,0.2694,0.3859,-0.1496,-1.3971,1.1108,-1.3757,-0.3639,0.1119,1.6832,-1.1112,1.3265,1.5936,-0.4304,-1.3106,0.2404,-0.0465,0.4575,-1.1438,-0.7173,0.3761,-0.7289,0.5000,-0.2000,-1.5914,1.1342,-1.3455,-0.3000,0.0000,1.5328,-1.1129,1.2398,1.6779,-3.7142,-0.4663,4.8455,-0.6126,1.8501,-1.4214,2.5576,5.6132,-1.4852,0.3611,0.18
8.4507,0.1200,0.0000,0.0000,0.0000,0.0000,0.0000,-0.7962,-0.1100,-0.4953,0.9563,-0.1952,0.2177,0.4285,-0.1605,-1.4342,1.1196,-1.3728,-0.3527,0.0841,1.6632,-1.0993,1.3110,1.4346,-0.3916,-1.3842,0.3916,0.2404,0.4769,-0.9887,-0.8608,0.4847,-0.5428,0.5000,-0.2000,-1.6143,1.1322,-1.3203,-0.3000,0.0000,1.5022,-1.0839,1.2432,1.4837,-3.8872,-0.4915,5.1575,-0.4615,1.5490,-1.1873,2.5465,5.2137,-1.5379,0.3889,0.18
8.4787,0.1200,0.0000,0.0000,0.0000,0.0000,0.0000,-0.7105,0.0522,-0.7870,0.9348,-0.3128,0.1683,0.4608,-0.1680,-1.4678,1.1286,-1.3635,-0.3415,0.0613,1.6407,-1.0858,1.3005,1.0546,-0.2249,-1.1283,0.2482,0.4226,0.4575,-0.7367,-0.8802,0.5855,-0.2714,0.5000,-0.2000,-1.6235,1.1295,-1.3486,-0.3000,0.0198,1.4717,-1.0461,1.2456,1.3885,-3.7534,-0.3793,4.8879,-0.8448,1.3798,-0.8018,2.4910,5.1475,-1.5514,0.4167,0.18
8.5068,0.1200,0.0000,0.0000,0.0000,0.0000,0.0000,-0.5564,0.0808,-1.1613,0.9423,-0.2626,0.2079,0.4834,-0.1737,-1.4958,1.1333,-1.3584,-0.3326,0.0463,1.6136,-1.0670,1.2938,0.7406,-0.2094,-0.9189,0.1318,0.0698,0.3063,-0.3645,-1.0120,0.7483,-0.2094,0.5000,-0.2000,-1.6341,1.1262,-1.3522,-0.3000,0.0245,1.4411,-1.0014,1.2472,1.5464,-3.4560,-0.2812,4.5239,-0.9814,1.2658,-0.7546,2.2601,5.5733,-1.6014,0.4444,0.17
8.5347,0.1200,0.0000,0.0000,0.0000,0.0000,0.0000,-0.4314,0.0387,-1.3391,0.9505,-0.1994,0.2384,0.4991,-0.1791,-1.5214,1.1341,-1.3591,-0.3264,0.0379,1.5818,-1.0453,1.2889,0.4692,-0.2055,-0.8879,0.0078,0.0155,0.2404,-0.2947,-1.2214,0.7716,-0.1822,0.5000,-0.2000,-1.6491,1.1223,-1.3304,-0.3000,0.0274,1.4106,-0.9519,1.2483,1.8025,-3.2216,-0.2276,4.3439,-0.8640,1.2283,-0.7261,2.0003,5.9508,-1.7127,0.4722,0.17
8.5628,0.1200,0.0000,0.0000,0.0000,0.0000,0.0000,-0.3235,-0.0218,-1.4567,0.9600,-0.1055,0.2595,0.5080,-0.1837,-1.5451,1.1334,-1.3584,-0.3222,0.0324,1.5458,-1.0205,1.2836,0.2288,-0.1318,-0.8453,-0.0775,0.0775,0.1939,-0.2288,-1.3338,0.9965,-0.1900,0.5000,-0.2000,-1.6595,1.1180,-1.3070,-0.3000,0.0341,1.3800,-0.9000,1.2770,1.9826,-3.0560,-0.1282,4.2217,-0.7307,1.1435,-0.6589,1.7147,6.2171,-1.8076,0.5000,0.18
8.5908,0.1200,0.0000,0.0000,0.0000,0.0000,0.0000,-0.2979,-0.0495,-1.4480,0.9588,-0.0554,0.2785,0.5135,-0.1871,-1.5672,1.1312,-1.3553,-0.3213,0.0306,1.5068,-0.9910,1.2822,0.2365,-0.1590,-0.8181,-0.0892,0.2637,0.0698,-0.0078,-1.4967,1.1904,0.0775,0.5000,-0.2000,-1.6664,1.1133,-1.2936,-0.3000,0.0538,1.4004,-0.9052,1.2699,2.0842,-2.8419,0.0064,4.0631,-0.6967,1.0201,-0.4617,1.4109,6.4289,-1.9105,0.5278,0.19
8.6188,0.1200,0.0000,0.0000,0.0000,0.0000,0.0000,-0.2116,-0.0874,-1.3527,0.9108,-0.1642,0.3787,0.5172,-0.1885,-1.5870,1.1272,-1.3473,-0.3220,0.0328,1.4741,-0.9662,1.2826,0.1435,-0.0427,-0.7483,-0.1357,0.3528,-0.0116,0.1396,-0.9538,0.6320,-0.0504,0.5000,-0.2000,-1.6677,1.1083,-1.2820,-0.3050,0.1150,1.4207,-0.9103,1.2627,2.1476,-2.5592,0.1967,3.8215,-0.6812,0.9500,0.1497,1.0737,6.6268,-2.0489,0.5556,0.18
8.6467,0.1200,0.0000,0.0000,0.0000,0.0000,0.0000,-0.1283,-0.1159,-1.1578,0.9322,-0.0811,0.3529,0.5201,-0.1892,-1.6042,1.1229,-1.3374,-0.3250,0.0465,1.4518,-0.9533,1.2809,0.0814,0.0349,-0.5234,-0.1473,0.3839,-0.0969,0.8104,-0.6281,0.3063,-0.2016,0.5000,-0.2000,-1.6652,1.1031,-1.2714,-0.3169,0.1373,1.4218,-0.9152,1.2556,2.0954,-2.4310,0.4256,3.5908,-0.6756,0.8311,0.3731,0.8068,6.9294,-2.2275,0.5833,0.17
8.6747,0.1200,0.0000,0.0000,0.0000,0.0000,0.0000,-0.0224,-0.1655,-1.0218,0.9439,-0.0661,0.3236,0.5212,-0.1893,-1.6160,1.1183,-1.3263,-0.3295,0.0677,1.4365,-0.9476,1.2767,-0.0194,0.0388,-0.4071,-0.1784,0.3994,-0.1784,0.7987,-0.5312,0.2326,-0.1784,0.5000,-0.2000,-1.6495,1.1209,-1.3267,-0.3217,0.1747,1.4136,-0.9198,1.2485,2.0744,-2.2195,0.5832,3.2897,-0.7057,0.7833,0.7468,0.5216,7.1776,-2.3388,0.6111,0.17
8.7027,0.1200,0.0000,0.0000,0.0000,0.0000,0.0000,0.0111,-0.2294,-0.9137,0.9351,0.1127,0.3359,0.5225,-0.1894,-1.6230,1.1157,-1.3219,-0.3360,0.0928,1.4222,-0.9453,1.2721,0.3024,0.0039,-0.1977,-0.0388,0.0194,-0.2094,0.8530,-0.5002,0.0582,-0.2443,0.5000,-0.2000,-1.6090,1.1722,-1.3205,-0.3348,0.1739,1.4006,-0.9239,1.2414,2.0494,-1.9798,0.6818,2.9168,-0.5160,0.6520,0.7394,0.1873,7.3529,-2.4069,0.6389,0.17
8.7308,0.1200,0.0000,0.0000,0.0000,0.0000,0.0000,0.0628,-0.3484,-0.4214,0.9196,0.2393,0.3116,0.5271,-0.1898,-1.6218,1.1225,-1.3213,-0.3422,0.1161,1.4080,-0.9451,1.2668,0.0969,0.0427,0.2326,0.4110,0.1163,-0.1861,0.6940,-0.5234,0.0853,-0.1784,0.5000,-0.2000,-1.5753,1.2200,-1.3107,-0.3455,0.1700,1.3899,-0.9276,1.2342,1.9128,-1.7891,0.7139,2.5912,-0.2940,0.5452,0.6999,-0.1236,7.3714,-2.4124,0.6667,0.17
8.7587,0.1200,0.0000,0.0000,0.0000,0.0000,0.0000,0.0593,-0.4546,0.0165,0.9285,0.1658,0.3322,0.5288,-0.1898,-1.6132,1.1383,-1.3172,-0.3496,0.1327,1.3968,-0.9449,1.2620,0.0931,-0.0543,0.4692,0.7832,0.2016,-0.2598,0.4537,-0.4924,-0.0039,-0.1861,0.5000,-0.2000,-1.5391,1.2621,-1.3261,-0.3576,0.1954,1.3785,-0.9306,1.2271,1.7970,-1.6028,0.7698,2.2629,-0.3307,0.4239,0.9542,-0.4414,7.5660,-2.4859,0.6944,0.16
8.7867,0.1200,0.0000,0.0000,0.0000,0.0000,0.0000,0.1943,-0.6126,0.3504,0.9273,0.1916,0.3217,0.5288,-0.1901,-1.5995,1.1611,-1.3143,-0.3581,0.1469,1.3872,-0.9447,1.2563,-0.0310,-0.0078,0.5312,0.8995,0.0698,-0.2133,0.4885,-0.3373,0.0194,-0.2249,0.5000,-0.2000,-1.5127,1.2966,-1.3201,-0.3777,0.2000,1.3642,-0.9331,1.2200,1.6721,-1.3338,0.7289,1.8320,-0.1618,0.2230,1.1550,-0.7874,7.7969,-2.5845,0.7222,0.17
8.8147,0.1200,0.0000,0.0000,0.0000,0.0000,0.0000,0.3110,-0.8233,0.5338,0.9613,0.0429,0.2721,0.5279,-0.1913,-1.5843,1.1872,-1.3127,-0.3709,0.1615,1.3771,-0.9447,1.2502,-0.0620,-0.0543,0.5777,1.0740,0.1124,-0.6010,0.4265,-0.4537,0.0504,-0.1861,0.5000,-0.2000,-1.4864,1.3217,-1.3233,-0.3979,0.2000,1.3633,-0.9348,1.2128,1.6383,-1.1157,0.6860,1.5176,-0.0967,0.0213,1.4910,-1.1463,8.2346,-2.7282,0.7500,0.16
8.8427,0.1200,0.0000,0.0000,0.0000,0.0000,0.0000,0.4434,-0.8880,0.2792,0.9545,0.0580,0.2926,0.5238,-0.1938,-1.5671,1.2135,-1.3109,-0.3879,0.1719,1.3654,-0.9455,1.2442,-0.0931,-0.1124,0.5506,0.8957,0.0543,-0.4924,0.2598,-0.4459,-0.1008,-0.2365,0.5000,-0.1936,-1.4682,1.3364,-1.2984,-0.4235,0.2000,1.3837,-0.9358,1.2057,1.8245,-0.9363,0.5622,1.2762,0.2374,-0.2347,1.4691,-1.6404,8.6444,-2.6866,0.7778,0.17
8.8707,0.1200,0.0000,0.0000,0.0000,0.0000,0.0000,0.3082,-0.8994,0.1051,0.9671,0.0275,0.2530,0.5187,-0.1963,-1.5506,1.2370,-1.3066,-0.4068,0.1789,1.3564,-0.9484,1.2362,-0.2482,-0.0349,0.6553,0.7755,0.2753,-0.7173,0.1473,-0.3024,-0.1590,-0.4032,0.5000,-0.1769,-1.4582,1.3398,-1.2748,-0.4415,0.2000,1.4041,-0.9360,1.1986,2.1051,-0.7687,0.3572,1.2644,0.5455,-0.4153,1.2177,-2.0665,8.7177,-2.6220,0.8056,0.16
8.8987,0.1200,0.0000,0.0000,0.0000,0.0000,0.0000,0.3051,-0.8584,0.0766,0.9787,-0.0170,0.2044,0.5133,-0.1958,-1.5356,1.2556,-1.2969,-0.4277,0.1844,1.3521,-0.9539,1.2267,-0.1163,0.0427,0.5002,0.5816,0.4343,-0.7251,0.1047,-0.0853,-0.2094,-0.3490,0.5000,-0.1403,-1.4457,1.3318,-1.2691,-0.4558,0.2000,1.4244,-0.9355,1.1914,2.3898,-0.4030,0.1766,1.2467,0.6614,-0.5582,1.0446,-2.3706,8.6369,-2.6407,0.8333,0.17
8.9267,0.1200,0.0000,0.0000,0.0000,0.0000,0.0000,0.1712,-0.8604,-0.0148,0.9909,-0.0194,0.1331,0.5089,-0.1897,-1.5203,1.2688,-1.2856,-0.4480,0.1880,1.3512,-0.9595,1.2182,-0.1396,0.3877,0.5506,0.4614,0.3955,-0.7096,0.0892,-0.0620,-0.1396,-0.2792,0.5000,-0.0782,-1.4297,1.3129,-1.2643,-0.4791,0.1813,1.4448,-0.9342,1.1842,2.8340,0.2177,0.0303,1.1016,0.7547,-0.7907,0.8127,-2.5936,8.3125,-2.7523,0.8611,0.16
8.9548,0.1200,0.0000,0.0000,0.0000,0.0000,0.0000,0.0384,-0.9036,-0.1157,0.9956,-0.0709,0.0615,0.5067,-0.1715,-1.5044,1.2754,-1.2768,-0.4680,0.1878,1.3540,-0.9630,1.2106,-0.0814,0.9306,0.6436,0.1628,0.3412,-0.6514,-0.0969,0.1473,-0.0155,-0.3102,0.5000,-0.0114,-1.4053,1.2807,-1.2634,-0.5000,0.1679,1.4652,-0.9322,1.1742,3.3561,0.8856,-0.0303,0.9688,0.7979,-1.0868,0.6787,-2.7148,7.6077,-2.8849,0.8889,0.16
8.9827,0.1200,0.0000,0.0000,0.0000,0.0000,0.0000,-0.1199,-0.9362,-0.2433,0.9970,-0.0663,0.0390,0.5059,-0.1397,-1.4851,1.2743,-1.2703,-0.4881,0.1843,1.3619,-0.9643,1.2024,0.0078,1.3028,0.6863,-0.1590,0.1977,-0.6669,-0.1939,0.3373,0.0543,-0.2714,0.5000,0.0000,-1.3802,1.2273,-1.2669,-0.5000,0.1518,1.4856,-0.9295,1.1641,3.8933,1.5609,-0.0850,0.8116,0.7873,-1.4426,0.5176,-2.7572,6.5707,-2.8889,0.9167,0.18
9.0108,0.1200,0.0000,0.0000,0.0000,0.0000,0.0000,-0.2057,-1.0482,-0.2621,0.9975,-0.0660,-0.0242,0.5062,-0.1054,-1.4622,1.2634,-1.2665,-0.5050,0.1787,1.3732,-0.9644,1.1933,0.1124,1.1555,0.8957,-0.6087,0.1280,-0.4459,-0.2792,0.3645,-0.0078,-0.2598,0.5000,0.0000,-1.3533,1.1618,-1.2659,-0.5000,0.1502,1.5059,-0.9262,1.1541,4.2799,2.2201,-0.1219,0.6040,0.8131,-1.7884,0.5025,-2.7196,5.0358,-2.8257,0.9444,0.18
9.0387,0.1200,0.0000,0.0000,0.0000,0.0000,0.0000,-0.2316,-1.2210,-0.0636,0.9985,-0.0256,-0.0489,0.5097,-0.0785,-1.4345,1.2417,-1.2646,-0.5172,0.1714,1.3881,-0.9640,1.1840,0.0814,0.9849,1.0430,-0.9151,0.0969,-0.3994,-0.2753,0.5273,0.0543,-0.3373,0.5000,0.0000,-1.3208,1.0545,-1.2483,-0.5000,0.1545,1.5263,-0.9223,1.1440,4.1967,2.6873,-0.1026,0.0259,1.2129,-2.0981,0.5450,-2.6049,3.0266,-2.5670,0.9722,0.17
9.0668,0.1200,0.0000,0.0000,0.0000,0.0000,0.0000,-0.2875,0.4831,-0.2429,0.9959,-0.0902,0.0038,0.5130,-0.0580,-1.4044,1.2015,-1.2609,-0.5266,0.1676,1.4115,-0.9585,1.1752,0.1086,0.7134,0.9732,-1.9426,0.2094,-0.1047,-0.0775,1.0973,0.2326,-0.3955,0.5000,0.0000,-1.2654,0.9307,-1.2770,-0.5000,0.1830,1.5467,-0.9571,1.1340,3.5901,2.9310,0.1457,-0.6927,1.6063,-2.8024,0.8297,-2.4676,0.6089,-2.0463,0.0000,0.17
9.0947,0.1200,0.0000,0.0000,0.0000,0.0000,0.0000,-0.1673,0.0540,-0.1351,0.9812,-0.1153,-0.1548,0.5172,-0.0437,-1.3704,1.1395,-1.2592,-0.5277,0.1690,1.4350,-0.9595,1.1661,0.0853,0.5234,1.2563,-2.4078,-0.0271,-0.2249,0.1086,0.8608,-0.1784,-0.2559,0.5000,0.0000,-1.2262,0.9052,-1.2699,-0.5000,0.2000,1.5670,-1.1133,1.1239,2.0136,3.1981,0.7414,-1.5754,1.9649,-3.0816,1.4882,-1.9390,-2.4712,-1.5391,0.0278,0.18
9.1227,0.1200,0.0000,0.0000,0.0000,0.0000,0.0000,-0.0473,0.0331,-0.0183,0.9515,-0.3069,0.0235,0.5212,-0.0336,-1.3295,1.0761,-1.2597,-0.5313,0.1743,1.4576,-0.9841,1.1571,0.1435,0.2986,1.4850,-1.9464,-0.0155,-0.1861,0.3024,0.8802,-1.7758,-0.3800,0.4371,0.0000,-1.2207,0.9103,-1.2627,-0.5000,0.2000,1.5874,-1.1083,1.1139,0.3712,3.4045,2.2293,-1.5575,2.2135,-3.1640,1.8374,-1.2829,-4.4838,-1.0275,0.0556,0.18
9.1507,0.1200,0.0000,0.0000,0.0000,0.0000,0.0000,0.0288,0.0561,-0.0023,0.9998,0.0094,-0.0192,0.5165,-0.0260,-1.2945,1.0281,-1.2590,-0.5322,0.1804,1.4818,-1.0238,1.1474,-0.4110,0.2171,1.0973,-1.4036,0.0853,0.0465,0.1822,0.6747,-1.3571,-0.3877,0.3000,0.0000,-1.2411,0.9285,-1.2556,-0.5000,0.2000,1.6528,-1.1031,1.2002,-1.2166,2.9976,3.6481,-0.8667,2.2314,-2.9133,1.7566,-0.5495,-5.2258,-0.0364,0.0833,0.17
9.1787,0.1200,0.0000,0.0000,0.0000,0.0000,0.0000,0.1067,0.0381,0.0450,0.9994,0.0337,-0.0017,0.4915,-0.0206,-1.2696,0.9993,-1.2580,-0.5357,0.1857,1.5027,-1.0564,1.1501,-1.3299,0.1977,0.7832,-0.6940,-0.0698,-0.1861,0.1396,0.7251,-0.9771,0.4769,0.3000,0.0000,-1.2615,1.0093,-1.2485,-0.5000,0.2000,1.6953,-1.1209,1.3351,-2.3924,2.5316,4.7870,-0.1050,1.3366,-2.3078,2.1215,-0.1244,-4.6395,0.7897,0.1111,0.17
9.2067,0.1200,0.0000,0.0000,0.0000,0.0000,0.0000,0.2170,0.0480,0.2141,0.9780,0.1618,0.1314,0.4526,-0.0154,-1.2511,0.9964,-1.2570,-0.5414,0.1897,1.5257,-1.0850,1.1837,-1.2485,0.1280,0.4963,0.4808,0.0155,-0.2210,0.1241,0.8647,-0.9538,1.7138,0.3000,0.0000,-1.2819,1.0361,-1.3265,-0.5000,0.2000,1.6734,-1.1722,1.3689,-3.0872,1.6357,5.5343,0.1217,0.1483,-2.0171,2.1864,-0.0387,-2.8639,1.5285,0.1389,0.17
9.2347,0.1200,0.0000,0.0000,0.0000,0.0000,0.0000,0.1615,-0.0348,-0.0270,0.9888,-0.0540,0.1391,0.4238,-0.0114,-1.2450,1.0084,-1.2660,-0.5473,0.1916,1.5456,-1.1130,1.2311,-0.8414,0.1241,0.0775,0.5506,-0.5234,-0.1047,-0.0116,0.7561,-1.0702,1.5975,0.3000,0.0000,-1.3022,0.9987,-1.4342,-0.5000,0.2000,1.6029,-1.1487,1.3813,-3.2029,1.5031,5.8075,-0.2890,-1.3236,-2.0242,2.3030,-0.4379,-0.2873,1.0697,0.1667,0.19
9.2627,0.1200,0.0000,0.0000,0.0000,0.0000,0.0000,0.1905,-0.0410,-0.1349,0.9940,-0.0026,-0.1096,0.4017,-0.0092,-1.2471,1.0143,-1.2981,-0.5453,0.1920,1.5574,-1.1312,1.2717,-0.6320,0.1086,-0.0931,-0.0000,-1.5936,0.1745,-0.0039,0.1202,-0.2598,1.3261,0.3000,0.0000,-1.3226,0.9844,-1.4271,-0.5000,0.2000,1.5557,-1.0621,1.3055,-3.0189,1.6865,5.4892,-0.4629,-1.5290,-2.3962,1.5890,-0.6036,2.1726,0.1249,0.1944,0.20
9.2907,0.1200,0.0000,0.0000,0.0000,0.0000,0.0000,0.1888,-0.0212,-0.0734,0.9845,0.1634,-0.0636,0.3875,-0.0078,-1.2510,1.0144,-1.3358,-0.5422,0.1928,1.5544,-1.1267,1.2906,-0.4032,0.1047,-0.1435,-0.0039,-1.0120,0.0892,-0.0465,-0.4847,0.6592,0.1241,0.3000,0.0000,-1.3430,0.9754,-1.4200,-0.5000,0.1759,1.5464,-1.0966,1.2209,-2.7416,1.5841,5.2077,-0.5764,-1.5033,-2.6204,0.7590,-0.3918,2.8527,-0.8295,0.2222,0.18
9.3187,0.1200,0.0000,0.0000,0.0000,0.0000,0.0000,0.1532,-0.0092,-0.0047,0.9988,0.0145,0.0459,0.3779,-0.0070,-1.2552,1.0138,-1.3605,-0.5428,0.1907,1.5410,-1.1210,1.2821,-0.1977,0.0388,-0.1784,-0.0271,-0.7018,-0.0853,-0.1473,-0.3994,-0.0233,-0.6708,0.3000,0.0000,-1.3633,0.9616,-1.4128,-0.5000,0.1412,1.5307,-1.1217,1.2136,-2.3761,1.6520,5.2827,-0.7317,-2.1156,-2.6263,0.4120,-0.2432,3.2555,-1.6001,0.2500,0.18
9.3467,0.1200,0.0000,0.0000,0.0000,0.0000,0.0000,0.0496,0.0344,0.0201,1.0000,-0.0011,0.0065,0.3727,-0.0062,-1.2624,1.0116,-1.3759,-0.5427,0.1824,1.5263,-1.1249,1.2651,-0.1163,0.0698,-0.4188,-0.1396,-0.4575,-0.0000,-0.3567,-0.5506,-0.2675,-0.4808,0.3000,0.0000,-1.3837,0.9637,-1.4057,-0.5000,0.1035,1.5133,-1.1364,1.2221,-2.0516,1.8161,5.3748,-0.7206,-2.4369,-2.6484,0.0347,-0.1115,3.8286,-1.9856,0.2778,0.17
9.3747,0.1200,0.0000,0.0000,0.0000,0.0000,0.0000,0.0361,0.0192,0.0875,0.9996,0.0205,0.0205,0.3702,-0.0051,-1.2731,1.0086,-1.3849,-0.5429,0.1656,1.5101,-1.1326,1.2530,-0.0000,0.0194,-0.3877,-0.0814,-0.2637,0.0310,-0.7057,-0.6979,-0.3412,-0.3335,0.3000,0.0000,-1.4041,0.9644,-1.3986,-0.5000,0.0723,1.5005,-1.1398,1.2293,-1.7912,1.9125,5.4100,-0.7161,-2.7275,-2.6240,-0.2766,0.0666,4.1617,-2.3005,0.3056,0.17
9.4027,0.1200,0.0000,0.0000,0.0000,0.0000,0.0000,-0.0204,0.0195,0.0251,0.9976,-0.0558,0.0413,0.3667,-0.0043,-1.2876,1.0062,-1.3894,-0.5440,0.1444,1.4927,-1.1417,1.2465,-0.1318,0.0969,-0.5816,-0.0582,-0.0814,0.0078,-0.8453,-0.6165,-0.4149,-0.1202,0.3000,0.0000,-1.4244,0.9621,-1.3914,-0.5000,0.0547,1.4831,-1.1318,1.2352,-1.4747,2.0990,5.4415,-0.7337,-3.0778,-2.5936,-0.4533,0.1972,4.5563,-2.6006,0.3333,0.17
9.4307,0.1200,0.0000,0.0000,0.0000,0.0000,0.0000,0.0023,-0.0224,-0.0309,0.9995,0.0310,0.0058,0.3637,-0.0039,-1.3054,1.0036,-1.3904,-0.5458,0.1225,1.4744,-1.1497,1.2437,-0.0543,-0.0194,-0.6475,-0.0775,0.0620,-0.0233,-0.8336,-0.6475,-0.1667,-0.0775,0.3000,0.0000,-1.4448,0.9567,-1.3842,-0.5000,0.0288,1.4673,-1.1129,1.2398,-1.2441,2.2144,5.3927,-0.7744,-3.1098,-2.6237,-0.7124,0.3454,4.6702,-2.7891,0.3611,0.16
9.4587,0.1200,0.0000,0.0000,0.0000,0.0000,0.0000,-0.0120,0.0049,0.0093,0.9992,0.0330,-0.0214,0.3614,-0.0039,-1.3242,1.0003,-1.3900,-0.5470,0.1006,1.4559,-1.1515,1.2430,-0.0349,0.0039,-0.6708,-0.1435,0.0969,-0.0698,-0.8840,-0.6824,0.0659,0.0427,0.3000,0.0000,-1.4652,0.9461,-1.3742,-0.5000,0.0257,1.4520,-1.0839,1.2432,-1.1411,2.3854,5.4064,-0.8611,-3.2451,-2.6793,-0.7431,0.4981,4.5491,-3.0172,0.3889,0.17
9.4867,0.1200,0.0000,0.0000,0.0000,0.0000,0.0000,-0.0268,-0.0069,0.0060,0.9992,0.0340,-0.0196,0.3600,-0.0039,-1.3424,0.9952,-1.3889,-0.5473,0.0808,1.4391,-1.1472,1.2431,-0.0465,-0.0078,-0.7367,-0.2133,0.0465,0.0271,-0.6630,-0.6785,0.3218,-0.0310,0.3000,0.0000,-1.4856,0.9295,-1.3641,-0.5000,0.0334,1.4285,-1.0461,1.2456,-1.1660,2.7554,5.5099,-0.9995,-3.3103,-2.8905,-0.6659,0.5688,4.3647,-3.2286,0.4167,0.16
9.5147,0.1200,0.0000,0.0000,0.0000,0.0000,0.0000,0.0057,-0.0032,0.0058,0.9985,0.0154,-0.0519,0.3590,-0.0039,-1.3607,0.9874,-1.3855,-0.5473,0.0671,1.4209,-1.1349,1.2433,0.0078,-0.0465,-0.6553,-0.2908,0.2210,0.0582,-0.4304,-0.7638,0.6165,0.0271,0.3000,0.0000,-1.5059,0.9262,-1.3541,-0.5000,0.0615,1.3965,-1.0014,1.2472,-1.3651,3.3097,5.7273,-1.1754,-3.3121,-3.2590,-0.3848,0.5541,3.9402,-3.4393,0.4444,0.16
9.5427,0.1200,0.0000,0.0000,0.0000,0.0000,0.0000,0.0232,-0.0088,-0.0042,0.9974,0.0710,-0.0116,0.3587,-0.0039,-1.3797,0.9803,-1.3805,-0.5472,0.0621,1.4005,-1.1133,1.2435,0.0582,0.0427,-0.7134,-0.2598,0.2598,0.0388,-0.0504,-0.7716,1.0004,-0.0349,0.3000,0.0000,-1.5263,0.9223,-1.3440,-0.5000,0.1042,1.3519,-0.9519,1.2483,-1.8860,4.0024,6.0814,-1.4644,-3.1725,-3.8769,0.0419,0.4130,3.0752,-3.5603,0.4722,0.16
9.5707,0.1200,0.0000,0.0000,0.0000,0.0000,0.0000,0.0229,-0.0118,-0.0062,0.9930,0.1060,-0.0511,0.3584,-0.0039,-1.3990,0.9735,-1.3736,-0.5469,0.0679,1.3763,-1.0839,1.2438,0.0155,0.0039,-0.6863,-0.1939,0.2482,0.0271,0.3063,-0.9655,1.2640,-0.0039,0.3000,0.0000,-1.5467,0.9180,-1.3340,-0.5000,0.1711,1.2966,-0.9000,1.2770,-2.7516,4.7913,6.5905,-1.8414,-2.9791,-4.6947,0.7110,0.1658,1.8204,-3.5775,0.5000,0.16
9.5987,0.1200,0.0000,0.0000,0.0000,0.0000,0.0000,0.0161,-0.0060,0.0009,0.9907,0.1249,-0.0545,0.3583,-0.0039,-1.4189,0.9666,-1.3656,-0.5462,0.0871,1.3468,-1.0475,1.2485,-0.0543,0.0582,-0.6592,-0.2171,0.3024,0.0775,0.9034,-1.1516,1.5044,0.2792,0.3000,0.0000,-1.5670,0.9133,-1.3239,-0.5000,0.2000,1.2955,-0.9562,1.2699,-3.7597,5.4413,7.2128,-2.0844,-2.6664,-5.5734,1.5351,-0.0490,0.4905,-3.4519,0.5278,0.16
9.6267,0.1200,0.0000,0.0000,0.0000,0.0000,0.0000,0.0372,-0.0044,0.0022,0.9944,-0.0871,0.0595,0.3582,-0.0039,-1.4387,0.9602,-1.3571,-0.5463,0.1134,1.3187,-1.0228,1.2544,0.0155,0.0155,-0.6785,-0.1667,0.2753,0.0078,1.0004,-0.8647,0.4110,0.1280,0.3000,0.0000,-1.5874,0.9083,-1.3139,-0.5000,0.2000,1.3086,-1.0603,1.2627,-4.3644,6.0277,7.7688,-1.9271,-2.4002,-6.2172,2.3674,-0.1215,-0.4996,-3.4195,0.5556,0.16
9.6547,0.1200,0.0000,0.0000,0.0000,0.0000,0.0000,0.0071,-0.0008,-0.0258,0.9926,-0.0839,0.0882,0.3580,-0.0039,-1.4595,0.9550,-1.3488,-0.5463,0.1372,1.3014,-1.0254,1.2573,0.0388,-0.0000,-0.7406,-0.1396,0.3102,-0.0155,0.7251,-0.4343,-0.7716,0.1628,0.3000,0.0000,-1.6078,0.9031,-1.3038,-0.5000,0.2000,1.3450,-1.1152,1.2556,-4.6962,6.1314,8.0966,-1.3687,-2.0168,-6.5863,2.7169,0.0388,-1.4105,-3.2018,0.5833,0.16
9.6827,0.1200,0.0000,0.0000,0.0000,0.0000,0.0000,0.0577,-0.0326,0.0084,0.9951,-0.0811,0.0568,0.3580,-0.0038,-1.4792,0.9497,-1.3395,-0.5455,0.1537,1.3000,-1.0436,1.2592,-0.0078,0.0427,-0.7289,-0.1706,0.4071,0.1357,0.5002,0.3063,-0.9461,-0.1086,0.3000,0.0000,-1.6078,0.9301,-1.3562,-0.5000,0.2000,1.3863,-1.1198,1.2485,-4.8284,6.2041,8.3292,-0.9085,-2.2162,-6.6573,2.9892,0.2480,-1.8641,-3.0129,0.6111,0.16
9.7107,0.1200,0.0000,0.0000,0.0000,0.0000,0.0000,0.0353,-0.0142,-0.0664,0.9963,0.0264,0.0816,0.3576,-0.0039,-1.4973,0.9471,-1.3377,-0.5418,0.1657,1.3142,-1.0651,1.2589,-0.0000,-0.0194,-0.6979,0.0737,-0.2210,0.0814,0.3141,0.5467,-0.7638,-0.0931,0.3000,0.0000,-1.5772,0.9960,-1.3689,-0.5000,0.2000,1.4173,-1.1239,1.2414,-4.9246,6.2920,8.3309,-0.7615,-2.3983,-6.6131,3.1144,0.3544,-1.7507,-2.8764,0.6389,0.16
9.7387,0.1200,0.0000,0.0000,0.0000,0.0000,0.0000,0.0071,-0.0154,-0.0503,0.9920,0.0852,0.0937,0.3565,-0.0038,-1.5104,0.9550,-1.3438,-0.5404,0.1734,1.3295,-1.0839,1.2571,-0.0349,0.0698,-0.4071,0.6320,-0.1590,0.0931,0.1745,0.5971,-0.7134,-0.1318,0.3000,0.0000,-1.5467,1.0431,-1.3813,-0.5000,0.2000,1.4378,-1.1276,1.2342,-5.0003,6.3333,8.1405,-0.7688,-2.3313,-6.5771,3.1606,0.3562,-1.5991,-2.9020,0.6667,0.16
9.7667,0.1200,0.0000,0.0000,0.0000,0.0000,0.0000,0.0497,0.0320,0.0439,0.9938,0.1109,-0.0075,0.3533,-0.0039,-1.5161,0.9742,-1.3518,-0.5398,0.1788,1.3446,-1.1015,1.2530,-0.0582,-0.0000,-0.0465,0.8879,-0.3490,0.0388,0.1590,0.4692,-0.5816,-0.1396,0.3000,0.0000,-1.5161,1.0882,-1.3931,-0.5000,0.2000,1.4585,-1.1306,1.2271,-5.0611,6.2517,7.9643,-0.7396,-2.1735,-6.5102,3.2040,0.3589,-1.5600,-2.9154,0.6944,0.16
9.7947,0.1200,0.0000,0.0000,0.0000,0.0000,0.0000,0.0251,0.0633,0.1108,0.9929,0.0955,0.0704,0.3503,-0.0039,-1.5121,1.0021,-1.3615,-0.5396,0.1840,1.3606,-1.1149,1.2476,-0.0388,0.0310,0.2326,1.1516,-0.3645,0.0349,0.1628,0.4924,-0.5002,-0.2133,0.3000,0.0000,-1.4856,1.1308,-1.4039,-0.5000,0.2000,1.4760,-1.1331,1.2200,-5.0598,6.1443,7.8305,-0.6580,-2.1229,-6.4381,3.2365,0.3306,-1.4125,-2.8800,0.7222,0.17
9.8227,0.1200,0.0000,0.0000,0.0000,0.0000,0.0000,0.0228,0.0332,0.0559,0.9901,-0.0242,0.1382,0.3490,-0.0038,-1.4977,1.0370,-1.3709,-0.5413,0.1870,1.3745,-1.1275,1.2424,-0.0931,0.0853,0.6049,1.3803,-0.2986,-0.0698,0.0698,0.4188,-0.4265,-0.2365,0.3000,0.0000,-1.4550,1.1573,-1.4136,-0.5000,0.2000,1.4807,-1.1226,1.2128,-4.9605,6.1352,7.7057,-0.6444,-2.1969,-6.3157,3.3219,0.1732,-0.8786,-2.9061,0.7500,0.19
9.8507,0.1200,0.0000,0.0000,0.0000,0.0000,0.0000,0.0640,-0.0016,-0.0575,0.9979,0.0334,0.0559,0.3488,-0.0032,-1.4769,1.0729,-1.3809,-0.5430,0.1894,1.3849,-1.1359,1.2361,0.1047,0.0543,0.7987,1.2912,-0.3257,-0.0078,0.0814,0.3412,-0.1473,-0.2869,0.3000,0.0000,-1.4244,1.1572,-1.4221,-0.5000,0.2000,1.4776,-1.0903,1.2057,-4.9091,6.0125,7.4329,-0.7920,-1.9160,-6.1878,3.3433,-0.0610,-0.5458,-2.8762,0.7778,0.18
9.8787,0.1200,0.0000,0.0000,0.0000,0.0000,0.0000,0.0738,-0.0034,-0.0224,0.9959,0.0898,0.0116,0.3500,-0.0031,-1.4493,1.1041,-1.3910,-0.5439,0.1914,1.3926,-1.1362,1.2289,-0.0078,-0.0233,1.0081,1.0042,-0.3141,0.0116,0.0039,0.1241,0.1512,-0.3063,0.3000,0.0000,-1.3939,1.1588,-1.4293,-0.5000,0.2000,1.4816,-1.0889,1.1986,-4.8911,5.7168,7.1507,-0.8099,-1.5523,-6.0552,3.3323,-0.2252,-0.5293,-2.7316,0.8056,0.18
9.9067,0.1200,0.0000,0.0000,0.0000,0.0000,0.0000,0.0260,-0.0004,0.0129,0.9998,0.0192,0.0007,0.3512,-0.0031,-1.4176,1.1281,-1.4007,-0.5442,0.1923,1.3987,-1.1323,1.2217,0.0349,0.0388,1.0663,0.7134,-0.3412,-0.0078,0.0155,0.1784,0.1202,-0.2714,0.3000,0.0000,-1.3633,1.1633,-1.4352,-0.5000,0.2000,1.4881,-1.0673,1.1914,-4.7615,5.4280,7.0440,-0.6850,-1.5254,-5.8452,3.3972,-0.3632,-0.3190,-2.5683,0.8333,0.17
9.9347,0.1200,0.0000,0.0000,0.0000,0.0000,0.0000,0.0084,0.0107,0.0093,0.9996,0.0264,0.0089,0.3517,-0.0031,-1.3858,1.1459,-1.4097,-0.5440,0.1924,1.4052,-1.1262,1.2152,0.0155,0.0155,1.0585,0.5816,-0.2404,-0.0155,0.0775,0.1745,0.3761,-0.2482,0.3000,0.0000,-1.3328,1.1421,-1.4398,-0.5000,0.2000,1.4893,-1.0072,1.1842,-4.6238,5.1759,6.8996,-0.7080,-1.5099,-5.6094,3.3608,-0.5548,0.2700,-2.4006,0.8611,0.16
9.9627,0.1200,0.0000,0.0000,0.0000,0.0000,0.0000,0.0008,-0.0117,-0.0040,0.9950,0.0523,-0.0853,0.3517,-0.0030,-1.3559,1.1561,-1.4177,-0.5445,0.1929,1.4097,-1.1114,1.2087,0.0349,0.0310,1.1051,0.1512,-0.2482,-0.0000,0.0000,0.0543,0.8647,-0.2908,0.3000,0.0000,-1.3022,1.0966,-1.4432,-0.5000,0.2000,1.4845,-0.9632,1.1742,-4.5055,4.9839,6.6160,-0.8730,-1.3494,-5.3969,3.3366,-0.8070,0.6901,-2.3105,0.8889,0.16
9.9907,0.1200,0.0000,0.0000,0.0000,0.0000,0.0000,-0.0694,-0.0467,-0.0064,0.8663,0.4664,0.1789,0.3523,-0.0033,-1.3293,1.1488,-1.4233,-0.5459,0.1928,1.4106,-1.0868,1.2011,0.0194,0.0775,0.6126,-0.2714,-0.2365,-0.0000,-0.0465,-0.0155,1.0391,-0.3645,0.3000,0.0000,-1.2717,1.0478,-1.3686,-0.5000,0.2000,1.4865,-1.0294,1.1641,-4.6278,4.4490,5.8499,-0.9835,-0.2301,-5.2824,3.0058,-0.9909,0.0008,-1.8941,0.9167,0.17
10.0187,0.1200,0.0000,0.0000,0.0000,0.0000,0.0000,0.0051,0.0275,0.0572,0.9868,-0.1576,-0.0383,0.3473,-0.0032,-1.3133,1.1293,-1.4179,-0.5461,0.1933,1.4133,-1.0702,1.1928,-0.2133,-0.0116,0.6281,-0.9189,0.5312,0.0271,0.0233,0.3335,0.1435,-0.2559,0.3000,0.0000,-1.2411,1.0911,-1.4472,-0.5000,0.2000,1.5123,-1.0355,1.1541,-4.0179,4.0919,6.2632,-0.1032,-1.1354,-4.8189,3.4243,-0.9358,-0.0934,-1.9623,0.9444,0.17
10.0467,0.1200,0.0000,0.0000,0.0000,0.0000,0.0000,-0.1311,-0.0593,-0.0707,0.9945,-0.0171,0.1037,0.3439,-0.0033,-1.2904,1.1132,-1.4160,-0.5451,0.1931,1.4242,-1.0675,1.1839,-0.0427,0.0078,0.7483,-0.2637,-0.1396,0.1202,-0.0853,0.2986,-0.0271,-0.4188,0.3000,0.0000,-1.2106,1.0337,-1.4483,-0.5000,0.2000,1.5263,-0.9223,1.1440,-3.6873,3.8253,6.3942,-0.1827,-1.6096,-4.5036,2.9718,-1.1144,1.6097,-1.5740,0.9722,0.17
10.0747,0.1200,0.0000,0.0000,0.0000,0.0000,0.0000,0.0120,0.0333,0.0045,0.9791,0.0961,-0.1793,0.3428,-0.0032,-1.2715,1.0962,-1.4210,-0.5448,0.1935,1.4326,-1.0523,1.1742,-0.0000,0.0620,0.6281,-0.7406,-0.1086,0.0039,0.0465,0.0310,1.2601,-0.3916,0.3000,0.0000,-1.1800,0.9404,-1.4770,-0.5000,0.2000,1.5467,-0.9180,1.1340,-3.4613,3.8350,5.8941,-0.5956,-1.5385,-4.3739,2.6608,-1.4230,2.4553,-1.7071,0.0000,0.16
10.1027,0.1200,0.0000,0.0000,0.0000,0.0000,0.0000,0.0692,-0.0318,0.0486,0.9929,-0.1055,-0.0541,0.3416,-0.0031,-1.2510,1.0623,-1.4286,-0.5483,0.1944,1.4382,-1.0277,1.1648,-0.1008,-0.0155,0.7328,-1.5005,-0.4537,-0.1086,-0.0465,0.3063,0.8647,-0.3567,0.3000,0.0000,-1.2004,0.9383,-1.4699,-0.5000,0.2000,1.5670,-0.9133,1.1239,-3.0587,3.8385,5.7381,-0.6695,-1.5203,-4.3000,2.5992,-1.6129,2.5497,-1.9329,0.0278,0.19
10.1307,0.1200,0.0000,0.0000,0.0000,0.0000,0.0000,0.0377,-0.0153,-0.0625,0.9971,-0.0076,0.0756,0.3396,-0.0031,-1.2334,1.0258,-1.4366,-0.5499,0.1948,1.4501,-1.0074,1.1554,0.0194,0.0543,0.4381,-1.0391,-0.2830,-0.0388,-0.0504,0.4885,0.6669,-0.3451,0.3000,0.0000,-1.2207,0.9565,-1.4627,-0.5000,0.2000,1.5874,-0.9083,1.1139,-2.8354,3.5061,5.7348,-0.5380,-1.1888,-4.1761,2.2507,-1.6580,2.2127,-1.7447,0.0556,0.18
10.1587,0.1200,0.0000,0.0000,0.0000,0.0000,0.0000,0.0981,0.0014,-0.0064,0.9970,0.0753,0.0164,0.3397,-0.0032,-1.2230,1.0045,-1.4414,-0.5491,0.1944,1.4666,-0.9895,1.1459,-0.0155,0.0504,0.2443,-0.4226,-0.1241,0.1202,0.0039,0.6979,0.6281,-0.3373,0.3000,0.0000,-1.2411,0.9692,-1.4556,-0.5000,0.2000,1.6078,-0.9031,1.1038,-2.8024,3.0594,5.7044,-0.4599,-1.2375,-3.8480,2.0156,-1.5797,1.7514,-1.4894,0.0833,0.17
10.1867,0.1200,0.0000,0.0000,0.0000,0.0000,0.0000,0.0208,0.0101,0.0054,0.9942,0.1015,0.0356,0.3395,-0.0032,-1.2194,0.9956,-1.4439,-0.5487,0.1947,1.4876,-0.9746,1.1357,0.0349,-0.0465,0.0194,-0.1551,-0.0233,-0.0194,0.0698,0.7483,0.5002,-0.3606,0.3000,0.0000,-1.2615,0.9760,-1.4485,-0.5000,0.2000,1.6078,-0.9209,1.1562,-2.8050,2.7220,5.6402,-0.4380,-1.4291,-3.5471,1.7652,-1.4968,1.7545,-1.2749,0.1111,0.17
10.2147,0.1200,0.0000,0.0000,0.0000,0.0000,0.0000,-0.0024,0.0056,0.0106,0.9983,-0.0361,0.0460,0.3397,-0.0032,-1.2197,0.9927,-1.4446,-0.5483,0.1949,1.5060,-0.9644,1.1347,-0.0349,-0.0039,-0.0698,0.0349,0.0155,0.0310,0.0116,0.6359,0.2947,0.2055,0.3000,0.0000,-1.2819,0.9815,-1.4414,-0.5000,0.2000,1.5772,-0.9722,1.1689,-2.6695,2.5713,5.6224,-0.4241,-1.8514,-3.3157,1.5687,-1.3883,2.2427,-1.3079,0.1389,0.17
10.2437,0.1200,0.0000,0.0000,0.0000,0.0000,0.0000,0.0012,-0.0052,-0.0163,0.9974,-0.0122,0.0717,0.3398,-0.0032,-1.2225,0.9929,-1.4445,-0.5471,0.1948,1.5174,-0.9641,1.1420,-0.0504,-0.0155,-0.1861,0.1357,0.0465,0.0659,-0.0233,0.3451,-0.1861,0.2365,0.3000,0.0000,-1.3022,0.9857,-1.4342,-0.5000,0.2000,1.5467,-1.0200,1.1813,-2.4839,2.4117,5.5389,-0.4191,-1.9609,-3.2147,1.1601,-1.2624,2.7716,-1.4025,0.1667,0.19
10.2717,0.1200,0.0000,0.0000,0.0000,0.0000,0.0000,0.0017,-0.0001,-0.0294,0.9951,-0.0553,0.0816,0.3400,-0.0032,-1.2277,0.9953,-1.4438,-0.5444,0.1948,1.5221,-0.9749,1.1511,0.0155,0.0116,-0.2210,0.1280,0.0853,0.0388,-0.0388,0.0388,-0.5739,0.3412,0.3000,0.0000,-1.3226,0.9843,-1.4271,-0.5000,0.1866,1.5161,-1.0621,1.1931,-2.2490,2.2716,5.4710,-0.4634,-2.2156,-3.0725,0.8662,-1.1065,3.1475,-1.6042,0.1944,0.18
10.3007,0.1200,0.0000,0.0000,0.0000,0.0000,0.0000,-0.0077,-0.0114,-0.0444,0.9971,-0.0461,0.0601,0.3408,-0.0032,-1.2352,0.9992,-1.4425,-0.5425,0.1932,1.5172,-0.9967,1.1614,0.0582,0.0388,-0.2559,0.1396,0.0931,0.0582,-0.1628,-0.2675,-0.9577,0.2986,0.3000,0.0000,-1.3430,0.9806,-1.4200,-0.5000,0.1527,1.4924,-1.0966,1.2039,-1.9919,2.1545,5.4312,-0.5249,-2.3628,-2.9653,0.5269,-0.9317,3.5681,-1.7682,0.2222,0.18
10.3287,0.1200,0.0000,0.0000,0.0000,0.0000,0.0000,-0.0031,0.0023,-0.0236,0.9992,-0.0247,0.0323,0.3430,-0.0032,-1.2443,1.0027,-1.4395,-0.5420,0.1869,1.5026,-1.0254,1.1719,0.0465,-0.0427,-0.3179,0.1822,0.1086,-0.0000,-0.3179,-0.6320,-1.0702,0.3800,0.3000,0.0000,-1.3633,0.9723,-1.4128,-0.5000,0.1191,1.4829,-1.1217,1.2136,-1.7520,2.0435,5.4187,-0.6249,-2.5194,-2.8676,0.1909,-0.7214,3.9659,-1.9479,0.2500,0.17
10.3567,0.1200,0.0000,0.0000,0.0000,0.0000,0.0000,-0.0072,0.0227,0.0413,1.0000,0.0030,-0.0065,0.3451,-0.0031,-1.2548,1.0040,-1.4357,-0.5428,0.1741,1.4840,-1.0562,1.1814,0.1318,0.0620,-0.4381,0.0310,0.1086,-0.0078,-0.6126,-0.6902,-1.0740,0.2714,0.3000,0.0000,-1.3837,0.9619,-1.4057,-0.5000,0.0889,1.4766,-1.1364,1.2221,-1.5497,1.9748,5.4206,-0.7385,-2.6841,-2.7851,-0.1115,-0.4786,4.2427,-2.1636,0.2778,0.17
10.3847,0.1200,0.0000,0.0000,0.0000,0.0000,0.0000,-0.0388,0.0413,0.1116,1.0000,-0.0020,-0.0056,0.3469,-0.0032,-1.2686,1.0032,-1.4306,-0.5447,0.1557,1.4659,-1.0861,1.1906,0.1008,0.0194,-0.4692,-0.0892,0.2249,-0.0659,-0.7406,-0.7367,-1.0275,0.3179,0.3000,0.0000,-1.4041,0.9549,-1.3986,-0.5000,0.0626,1.4719,-1.1398,1.2293,-1.3798,1.9737,5.4484,-0.8110,-2.8918,-2.7223,-0.3739,-0.2197,4.5273,-2.3908,0.3056,0.18
10.4127,0.1200,0.0000,0.0000,0.0000,0.0000,0.0000,-0.1027,0.0248,0.0026,0.9972,-0.0723,0.0191,0.3472,-0.0030,-1.2845,1.0003,-1.4243,-0.5471,0.1331,1.4487,-1.1113,1.1990,0.0388,-0.0078,-0.6592,-0.1396,0.2637,-0.0349,-0.7600,-0.5351,-0.7871,0.2443,0.3000,0.0000,-1.4244,0.9499,-1.3914,-0.5000,0.0485,1.4603,-1.1318,1.2352,-1.1218,2.1304,5.4535,-0.8557,-3.1560,-2.6905,-0.5149,-0.0302,4.8285,-2.6579,0.3333,0.17
10.4407,0.1200,0.0000,0.0000,0.0000,0.0000,0.0000,-0.0185,-0.0108,-0.0224,0.9996,-0.0002,0.0281,0.3477,-0.0029,-1.3027,0.9954,-1.4181,-0.5480,0.1117,1.4326,-1.1290,1.2072,-0.0233,0.0271,-0.6824,-0.2559,0.1590,-0.0310,-0.7445,-0.5506,-0.4110,0.2171,0.3033,0.0000,-1.4448,0.9423,-1.3842,-0.5000,0.0315,1.4487,-1.1129,1.2398,-0.9675,2.2823,5.4350,-0.9191,-3.1673,-2.7262,-0.6853,0.1593,4.8796,-2.8525,0.3611,0.17
10.4687,0.1200,0.0000,0.0000,0.0000,0.0000,0.0000,-0.0176,-0.0503,-0.0078,0.9965,0.0826,0.0088,0.3480,-0.0030,-1.3216,0.9900,-1.4122,-0.5490,0.0924,1.4184,-1.1365,1.2153,0.0931,-0.0194,-0.7367,-0.2133,0.2288,-0.0078,-0.7794,-0.4730,-0.0504,0.2830,0.3015,0.0000,-1.4652,0.9322,-1.3742,-0.5000,0.0243,1.4359,-1.0839,1.2432,-0.9847,2.4240,5.4619,-1.0238,-3.1366,-2.8196,-0.7568,0.3369,4.5329,-3.0161,0.3889,0.16
10.4967,0.1200,0.0000,0.0000,0.0000,0.0000,0.0000,-0.0308,0.0128,0.0068,0.9964,-0.0022,-0.0851,0.3489,-0.0030,-1.3407,0.9836,-1.4059,-0.5498,0.0755,1.4058,-1.1351,1.2218,0.0349,-0.0465,-0.7289,-0.2404,0.2675,-0.0194,-0.5622,-0.4188,0.2404,0.2288,0.3000,0.0000,-1.4856,0.9295,-1.3641,-0.5000,0.0457,1.4139,-1.0461,1.2456,-1.0997,2.8419,5.6435,-1.1566,-3.3146,-3.0287,-0.5428,0.4223,4.2706,-3.2499,0.4167,0.17
10.5247,0.1200,0.0000,0.0000,0.0000,0.0000,0.0000,0.0108,0.0071,0.0166,0.9986,0.0417,0.0331,0.3494,-0.0029,-1.3604,0.9782,-1.3978,-0.5497,0.0654,1.3934,-1.1252,1.2264,0.0078,0.0543,-0.7483,-0.1628,0.3179,0.0582,-0.1784,-0.6204,0.5312,0.1163,0.3000,0.0000,-1.5059,0.9262,-1.3541,-0.5000,0.0681,1.3786,-1.0014,1.2472,-1.4507,3.4632,5.8991,-1.3721,-3.2449,-3.5009,-0.3193,0.3752,3.8606,-3.4180,0.4444,0.16
10.5527,0.1200,0.0000,0.0000,0.0000,0.0000,0.0000,0.0192,-0.0232,-0.0180,0.9951,0.0750,-0.0642,0.3495,-0.0029,-1.3801,0.9730,-1.3889,-0.5491,0.0627,1.3769,-1.1060,1.2300,0.0233,0.0427,-0.6553,-0.2016,0.3412,0.0814,-0.0582,-0.8142,0.9577,0.1163,0.3000,0.0000,-1.5263,0.9223,-1.3440,-0.5000,0.1206,1.3346,-0.9519,1.2483,-2.0848,4.1801,6.2211,-1.6541,-3.0921,-4.1008,0.2060,0.2408,2.8006,-3.5417,0.4722,0.16
10.5807,0.1200,0.0000,0.0000,0.0000,0.0000,0.0000,0.0385,-0.0041,-0.0071,0.9867,0.1609,-0.0246,0.3500,-0.0029,-1.3994,0.9676,-1.3799,-0.5486,0.0713,1.3557,-1.0785,1.2331,0.0349,0.0504,-0.7677,-0.2133,0.3451,0.0155,0.5273,-0.8375,1.3338,0.0737,0.3000,0.0000,-1.5467,0.9180,-1.3340,-0.5000,0.1871,1.2817,-0.9000,1.2770,-3.0557,4.9033,6.7784,-2.0108,-2.8386,-4.9731,0.8712,0.0166,1.4293,-3.4942,0.5000,0.17
10.6087,0.1200,0.0000,0.0000,0.0000,0.0000,0.0000,0.0209,-0.0093,0.0092,0.9865,0.1554,-0.0526,0.3502,-0.0029,-1.4190,0.9625,-1.3702,-0.5476,0.0939,1.3285,-1.0437,1.2406,0.0620,0.0388,-0.6785,-0.2598,0.3877,0.1047,0.9771,-1.0740,1.3959,0.3451,0.3000,0.0000,-1.5670,0.9133,-1.3239,-0.5000,0.2000,1.2887,-0.9919,1.2699,-4.0227,5.4876,7.3710,-2.1615,-2.5479,-5.7504,1.7391,-0.1165,0.1334,-3.3470,0.5278,0.17
10.6367,0.1200,0.0000,0.0000,0.0000,0.0000,0.0000,0.0301,0.0011,-0.0032,0.9828,-0.1460,0.1133,0.3503,-0.0030,-1.4389,0.9580,-1.3604,-0.5470,0.1203,1.3029,-1.0238,1.2495,0.0853,0.0194,-0.7638,-0.1086,0.2869,0.0116,0.9306,-0.6436,0.0737,0.3567,0.3000,0.0000,-1.5874,0.9083,-1.3139,-0.5000,0.2000,1.3072,-1.0733,1.2627,-4.4664,6.1048,7.8977,-1.8558,-2.3622,-6.3197,2.5093,-0.1355,-0.6295,-3.3430,0.5556,0.17
10.6647,0.1200,0.0000,0.0000,0.0000,0.0000,0.0000,0.0161,-0.0266,-0.0504,0.9930,-0.0920,0.0744,0.3503,-0.0029,-1.4595,0.9534,-1.3510,-0.5454,0.1420,1.2927,-1.0284,1.2548,-0.0000,0.0543,-0.7832,-0.1551,0.3606,0.1473,0.5196,-0.0582,-0.5855,0.0737,0.3000,0.0000,-1.6078,0.9031,-1.3038,-0.5000,0.2000,1.3458,-1.1152,1.2556,-4.7403,6.2072,8.1473,-1.3285,-2.0193,-6.6379,2.7942,0.0470,-1.5276,-3.1772,0.5833,0.17
10.6927,0.1200,0.0000,0.0000,0.0000,0.0000,0.0000,0.0390,-0.0254,-0.0766,0.9927,-0.1124,0.0438,0.3503,-0.0029,-1.4794,0.9482,-1.3409,-0.5415,0.1559,1.2979,-1.0467,1.2571,-0.0078,-0.0039,-0.8259,-0.1939,0.3257,0.1008,0.4963,0.3528,-0.8375,0.0000,0.3000,0.0000,-1.6078,0.9374,-1.3562,-0.5000,0.2000,1.3874,-1.1198,1.2485,-4.8353,6.2496,8.3805,-0.8353,-2.2470,-6.6761,3.0258,0.2589,-1.8727,-2.9917,0.6111,0.16
10.7207,0.1200,0.0000,0.0000,0.0000,0.0000,0.0000,0.0183,-0.0198,-0.0832,0.9977,0.0287,0.0615,0.3504,-0.0029,-1.4972,0.9468,-1.3387,-0.5384,0.1669,1.3127,-1.0673,1.2573,0.1047,0.0931,-0.6436,0.1241,-0.0814,0.0698,0.2753,0.6475,-0.7832,-0.0233,0.3000,0.0000,-1.5772,0.9990,-1.3689,-0.5000,0.2000,1.4176,-1.1239,1.2414,-4.9296,6.3105,8.3644,-0.7321,-2.4480,-6.6114,3.1251,0.3575,-1.7200,-2.8663,0.6389,0.16
10.7487,0.1200,0.0000,0.0000,0.0000,0.0000,0.0000,0.0850,0.0192,0.0186,0.9907,0.1183,0.0669,0.3498,-0.0030,-1.5103,0.9558,-1.3447,-0.5369,0.1738,1.3287,-1.0853,1.2553,-0.0659,-0.0000,-0.3877,0.6553,-0.2559,0.0078,0.1977,0.5816,-0.5234,-0.2171,0.3000,0.0000,-1.5467,1.0364,-1.3813,-0.5000,0.2000,1.4384,-1.1276,1.2342,-5.0382,6.3661,8.1551,-0.8357,-2.3499,-6.5778,3.1508,0.3616,-1.5197,-2.9252,0.6667,0.16
10.7767,0.1200,0.0000,0.0000,0.0000,0.0000,0.0000,0.0745,0.0361,0.1006,0.9968,0.0794,-0.0016,0.3482,-0.0031,-1.5160,0.9745,-1.3526,-0.5372,0.1793,1.3448,-1.1021,1.2514,-0.0349,0.0039,-0.0388,0.8608,-0.3916,-0.0271,0.1357,0.5157,-0.5041,-0.2714,0.3000,0.0000,-1.5161,1.0826,-1.3931,-0.5000,0.2000,1.4569,-1.1306,1.2271,-5.0839,6.3243,7.9889,-0.7959,-2.1931,-6.5486,3.2287,0.3430,-1.5214,-2.9854,0.6944,0.16
10.8047,0.1200,0.0000,0.0000,0.0000,0.0000,0.0000,0.0465,0.0861,0.1373,0.9944,0.0466,0.0954,0.3463,-0.0031,-1.5112,1.0011,-1.3620,-0.5378,0.1842,1.3605,-1.1148,1.2465,-0.0194,0.0194,0.3296,1.2369,-0.3141,-0.0892,0.1667,0.5428,-0.4381,-0.1977,0.3000,0.0000,-1.4856,1.1303,-1.4039,-0.5000,0.2000,1.4737,-1.1331,1.2200,-5.0612,6.2156,7.8941,-0.6630,-2.1453,-6.4828,3.2544,0.3077,-1.3343,-2.9319,0.7222,0.17
10.8337,0.1200,0.0000,0.0000,0.0000,0.0000,0.0000,0.0886,-0.0040,-0.0171,0.9916,0.0034,0.1291,0.3452,-0.0029,-1.4972,1.0352,-1.3713,-0.5396,0.1874,1.3738,-1.1276,1.2415,-0.0271,-0.0155,0.5971,1.4579,-0.2792,-0.0116,0.1861,0.4304,-0.3684,-0.2714,0.3000,0.0000,-1.4550,1.1552,-1.4136,-0.5000,0.2000,1.4785,-1.1282,1.2128,-4.9655,6.1469,7.6903,-0.6654,-2.1324,-6.3293,3.3245,0.1518,-0.9346,-2.9177,0.7500,0.20
10.8617,0.1200,0.0000,0.0000,0.0000,0.0000,0.0000,0.0831,0.0120,-0.0500,0.9877,0.1204,0.0993,0.3458,-0.0025,-1.4763,1.0722,-1.3813,-0.5416,0.1898,1.3845,-1.1370,1.2352,0.0892,0.0310,0.7987,1.2873,-0.4149,-0.1241,0.0349,0.2675,-0.2520,-0.2520,0.3000,0.0000,-1.4244,1.1610,-1.4221,-0.5000,0.2000,1.4817,-1.1096,1.2057,-4.9565,5.9166,7.3889,-0.7539,-1.8034,-6.1937,3.2941,-0.0202,-0.7385,-2.7980,0.7778,0.18
10.8897,0.1200,0.0000,0.0000,0.0000,0.0000,0.0000,0.0737,-0.0045,0.0058,0.9975,0.0706,-0.0007,0.3469,-0.0026,-1.4484,1.1038,-1.3914,-0.5430,0.1913,1.3930,-1.1399,1.2282,0.0969,0.0388,1.0779,0.9810,-0.3335,-0.1124,-0.0388,0.2869,0.0116,-0.2598,0.3000,0.0000,-1.3939,1.1655,-1.4293,-0.5000,0.2000,1.4864,-1.0930,1.1986,-4.8879,5.6887,7.1911,-0.7429,-1.6862,-6.0109,3.3675,-0.1772,-0.5700,-2.6877,0.8056,0.18
10.9177,0.1200,0.0000,0.0000,0.0000,0.0000,0.0000,0.0325,0.0103,0.0124,0.9996,0.0217,0.0203,0.3480,-0.0026,-1.4174,1.1291,-1.4010,-0.5432,0.1920,1.4001,-1.1381,1.2212,0.0620,-0.0543,1.0236,0.7987,-0.3179,0.0155,-0.0155,0.2249,0.1590,-0.1939,0.3000,0.0000,-1.3633,1.1601,-1.4352,-0.5000,0.2000,1.4881,-1.0468,1.1914,-4.7656,5.4720,7.0547,-0.7177,-1.5995,-5.8246,3.3694,-0.3632,-0.1132,-2.5601,0.8333,0.18
10.9457,0.1200,0.0000,0.0000,0.0000,0.0000,0.0000,0.0244,-0.0029,-0.0039,0.9973,0.0662,-0.0324,0.3491,-0.0025,-1.3862,1.1471,-1.4099,-0.5435,0.1927,1.4058,-1.1286,1.2148,0.1590,0.0310,1.1206,0.5545,-0.2830,0.0620,0.0465,0.1318,0.5079,-0.2365,0.3000,0.0000,-1.3328,1.1302,-1.4398,-0.5000,0.2000,1.4852,-1.0076,1.1842,-4.6657,5.2309,6.8271,-0.8264,-1.4336,-5.6236,3.3563,-0.5960,0.2655,-2.4350,0.8611,0.17
10.9737,0.1200,0.0000,0.0000,0.0000,0.0000,0.0000,0.0184,-0.0129,0.0020,0.9974,0.0342,-0.0636,0.3502,-0.0024,-1.3556,1.1551,-1.4180,-0.5445,0.1930,1.4085,-1.1104,1.2083,0.0620,0.0582,1.1865,0.0892,-0.2094,0.0078,-0.0388,0.0155,0.9732,-0.2482,0.3000,0.0000,-1.3022,1.0974,-1.4432,-0.5000,0.2000,1.4838,-0.9768,1.1742,-4.5259,5.0012,6.6178,-0.8641,-1.2859,-5.4364,3.3663,-0.8135,0.5535,-2.3268,0.8889,0.16
11.0017,0.1200,0.0000,0.0000,0.0000,0.0000,0.0000,-0.0525,-0.0441,-0.0110,0.8743,0.4411,0.2023,0.3511,-0.0029,-1.3283,1.1473,-1.4235,-0.5453,0.1928,1.4104,-1.0875,1.2009,0.0543,-0.0000,0.6010,-0.3257,-0.2288,0.0388,0.0155,0.0582,0.9267,-0.3916,0.3000,0.0000,-1.2717,1.0550,-1.3732,-0.5000,0.2000,1.4890,-1.0357,1.1641,-4.6211,4.4531,5.9235,-0.9108,-0.2760,-5.2961,3.0263,-0.9655,-0.0619,-1.8839,0.9167,0.18
11.0297,0.1200,0.0000,0.0000,0.0000,0.0000,0.0000,0.0073,0.0347,0.0547,0.9921,-0.1211,-0.0327,0.3464,-0.0027,-1.3124,1.1295,-1.4186,-0.5454,0.1934,1.4143,-1.0731,1.1927,-0.1745,-0.0233,0.7251,-0.8104,0.4343,-0.0078,0.0465,0.3024,0.1241,-0.3063,0.3000,0.0000,-1.2411,1.0900,-1.4472,-0.5000,0.2000,1.5139,-1.0295,1.1541,-4.0464,4.0806,6.3075,-0.1147,-1.1891,-4.8141,3.3957,-0.9207,-0.0334,-1.9121,0.9444,0.17
11.0577,0.1200,0.0000,0.0000,0.0000,0.0000,0.0000,-0.1251,-0.0573,-0.0579,0.9960,-0.0124,0.0887,0.3431,-0.0028,-1.2905,1.1139,-1.4171,-0.5450,0.1933,1.4248,-1.0702,1.1838,-0.1163,0.0427,0.6359,-0.3567,-0.1473,0.0931,-0.0659,0.2792,0.1047,-0.4110,0.3000,0.0000,-1.2106,1.0271,-1.4483,-0.5000,0.2000,1.5263,-0.9223,1.1440,-3.7257,3.8688,6.3818,-0.2487,-1.6292,-4.5136,2.9845,-1.1220,1.6790,-1.5941,0.9722,0.17
11.0867,0.1200,0.0000,0.0000,0.0000,0.0000,0.0000,0.0104,0.0359,0.0108,0.9822,0.0863,-0.1666,0.3424,-0.0026,-1.2716,1.0956,-1.4216,-0.5449,0.1936,1.4326,-1.0546,1.1742,-0.0116,0.0892,0.6398,-0.8104,-0.0349,0.0310,0.0543,0.0814,1.1981,-0.3179,0.3000,0.0000,-1.1800,0.9381,-1.4770,-0.5000,0.2000,1.5467,-0.9180,1.1340,-3.4789,3.8689,5.9044,-0.6186,-1.5016,-4.4033,2.6623,-1.4262,2.4421,-1.7364,0.0000,0.18
11.1147,0.1200,0.0000,0.0000,0.0000,0.0000,0.0000,0.0686,-0.0494,0.0258,0.9960,-0.0856,-0.0247,0.3412,-0.0025,-1.2504,1.0603,-1.4292,-0.5485,0.1945,1.4382,-1.0287,1.1646,-0.0194,-0.0310,0.6785,-1.3803,-0.3839,-0.1551,0.0853,0.3528,0.9073,-0.3490,0.3000,0.0000,-1.2004,0.9380,-1.4699,-0.5000,0.2000,1.5670,-0.9133,1.1239,-3.0783,3.8286,5.7702,-0.6720,-1.4741,-4.3252,2.5850,-1.6115,2.4750,-1.9190,0.0278,0.17
11.1427,0.1200,0.0000,0.0000,0.0000,0.0000,0.0000,0.0513,-0.0062,-0.0507,0.9939,0.0374,0.1040,0.3396,-0.0025,-1.2327,1.0241,-1.4371,-0.5498,0.1947,1.4504,-1.0079,1.1553,0.0931,0.0388,0.4537,-1.0430,-0.2482,-0.0039,-0.0543,0.5467,0.7096,-0.3257,0.3000,0.0000,-1.2207,0.9560,-1.4627,-0.5000,0.2000,1.5874,-0.9083,1.1139,-2.8958,3.4848,5.7374,-0.5437,-1.1508,-4.1745,2.2476,-1.6511,2.0779,-1.6952,0.0556,0.17
11.1707,0.1200,0.0000,0.0000,0.0000,0.0000,0.0000,0.0933,0.0060,0.0022,0.9958,0.0913,0.0088,0.3396,-0.0026,-1.2225,1.0034,-1.4418,-0.5491,0.1944,1.4673,-0.9897,1.1458,0.0155,-0.0504,0.1977,-0.4692,-0.0969,0.0504,-0.0078,0.7096,0.5971,-0.3528,0.3000,0.0000,-1.2411,0.9701,-1.4556,-0.5000,0.2000,1.6078,-0.9031,1.1038,-2.8649,3.0390,5.7122,-0.4515,-1.2224,-3.8315,2.0234,-1.5700,1.6532,-1.4491,0.0833,0.16
11.1987,0.1200,0.0000,0.0000,0.0000,0.0000,0.0000,0.0088,0.0089,0.0041,0.9953,0.0889,0.0387,0.3394,-0.0026,-1.2190,0.9947,-1.4442,-0.5486,0.1946,1.4880,-0.9747,1.1356,0.0465,-0.0233,0.0465,-0.1163,-0.0543,0.1086,-0.0310,0.6553,0.5312,-0.2986,0.3000,0.0000,-1.2615,0.9774,-1.4485,-0.5000,0.2000,1.6078,-0.9209,1.1562,-2.8381,2.7332,5.6656,-0.4238,-1.4760,-3.5319,1.7980,-1.4894,1.7577,-1.2595,0.1111,0.17
11.2267,0.1200,0.0000,0.0000,0.0000,0.0000,0.0000,-0.0016,0.0063,0.0029,0.9978,-0.0445,0.0487,0.3396,-0.0026,-1.2192,0.9921,-1.4448,-0.5484,0.1947,1.5063,-0.9645,1.1346,0.0465,0.0543,-0.0504,-0.0737,0.0698,0.0388,-0.0543,0.6087,0.2598,0.2133,0.3000,0.0000,-1.2819,0.9829,-1.4414,-0.5000,0.2000,1.5772,-0.9722,1.1689,-2.6734,2.6036,5.6437,-0.4101,-1.8926,-3.3248,1.5821,-1.3946,2.3129,-1.3158,0.1389,0.17
11.2547,0.1200,0.0000,0.0000,0.0000,0.0000,0.0000,0.0000,-0.0088,-0.0120,0.9974,-0.0181,0.0699,0.3396,-0.0026,-1.2224,0.9928,-1.4446,-0.5470,0.1947,1.5175,-0.9642,1.1418,-0.0000,-0.0233,-0.1977,0.1318,0.0543,0.1628,0.0582,0.2908,-0.1977,0.2249,0.3000,0.0000,-1.3022,0.9868,-1.4342,-0.5000,0.2000,1.5467,-1.0200,1.1813,-2.4696,2.4339,5.5439,-0.4077,-1.9685,-3.2330,1.1504,-1.2654,2.8320,-1.4251,0.1667,0.20
11.2827,0.1200,0.0000,0.0000,0.0000,0.0000,0.0000,-0.0027,0.0000,-0.0263,0.9952,-0.0547,0.0807,0.3399,-0.0026,-1.2277,0.9953,-1.4439,-0.5445,0.1947,1.5221,-0.9747,1.1508,0.0388,-0.0000,-0.2869,0.1202,0.0698,0.0853,0.0155,0.0194,-0.5739,0.3761,0.3000,0.0000,-1.3226,0.9849,-1.4271,-0.5000,0.1857,1.5161,-1.0621,1.1931,-2.2371,2.2742,5.4706,-0.4574,-2.2093,-3.0782,0.8565,-1.1042,3.1570,-1.6182,0.1944,0.18
11.3107,0.1200,0.0000,0.0000,0.0000,0.0000,0.0000,-0.0064,-0.0106,-0.0436,0.9967,-0.0478,0.0659,0.3406,-0.0026,-1.2353,0.9994,-1.4425,-0.5425,0.1931,1.5173,-0.9964,1.1612,0.0155,0.0543,-0.3373,0.1784,0.0271,-0.0194,-0.0969,-0.3335,-0.9655,0.3606,0.3000,0.0000,-1.3430,0.9810,-1.4200,-0.5000,0.1515,1.4929,-1.0966,1.2039,-1.9858,2.1449,5.4384,-0.5210,-2.3603,-2.9638,0.5154,-0.9265,3.5933,-1.7714,0.2222,0.18
11.3386,0.1200,0.0000,0.0000,0.0000,0.0000,0.0000,-0.0080,-0.0014,-0.0300,0.9994,-0.0286,0.0183,0.3427,-0.0025,-1.2443,1.0028,-1.4395,-0.5419,0.1866,1.5034,-1.0244,1.1716,0.0892,0.0194,-0.4071,0.1280,0.1318,0.0620,-0.3179,-0.5894,-1.0973,0.3024,0.3000,0.0000,-1.3633,0.9730,-1.4128,-0.5000,0.1191,1.4835,-1.1217,1.2136,-1.7426,2.0336,5.4059,-0.6181,-2.5173,-2.8549,0.1910,-0.7153,3.9385,-1.9568,0.2500,0.17
11.3666,0.1200,0.0000,0.0000,0.0000,0.0000,0.0000,-0.0064,0.0217,0.0322,0.9998,0.0162,0.0113,0.3449,-0.0025,-1.2547,1.0042,-1.4356,-0.5428,0.1736,1.4849,-1.0555,1.1812,0.1086,-0.0000,-0.4459,0.0271,0.1706,-0.0620,-0.5855,-0.6979,-1.2020,0.3761,0.3000,0.0000,-1.3837,0.9630,-1.4057,-0.5000,0.0854,1.4765,-1.1364,1.2221,-1.5513,1.9335,5.4255,-0.7273,-2.6660,-2.7741,-0.1461,-0.4791,4.2512,-2.1417,0.2778,0.17
11.3947,0.1200,0.0000,0.0000,0.0000,0.0000,0.0000,-0.0381,0.0409,0.1108,1.0000,0.0060,-0.0076,0.3467,-0.0025,-1.2686,1.0035,-1.4304,-0.5446,0.1549,1.4667,-1.0855,1.1903,0.0698,0.0543,-0.5583,-0.0116,0.1822,-0.0931,-0.7987,-0.6669,-0.9965,0.3528,0.3000,0.0000,-1.4041,0.9552,-1.3986,-0.5000,0.0613,1.4729,-1.1398,1.2293,-1.3756,1.9337,5.4279,-0.8083,-2.9078,-2.6946,-0.3872,-0.2096,4.5155,-2.3778,0.3056,0.18
11.4227,0.1200,0.0000,0.0000,0.0000,0.0000,0.0000,-0.1022,0.0273,0.0094,0.9970,-0.0751,0.0190,0.3472,-0.0024,-1.2844,1.0008,-1.4242,-0.5471,0.1320,1.4492,-1.1108,1.1989,0.0504,-0.0078,-0.5894,-0.1861,0.2365,-0.0698,-0.8298,-0.5777,-0.7212,0.2753,0.3000,0.0000,-1.4244,0.9502,-1.3914,-0.5000,0.0485,1.4614,-1.1318,1.2352,-1.1085,2.1263,5.4347,-0.8524,-3.1943,-2.6621,-0.5155,-0.0198,4.8762,-2.6573,0.3333,0.17
11.4506,0.1200,0.0000,0.0000,0.0000,0.0000,0.0000,-0.0202,-0.0104,-0.0228,1.0000,0.0021,0.0090,0.3476,-0.0024,-1.3026,0.9958,-1.4179,-0.5480,0.1107,1.4332,-1.1288,1.2072,0.0039,0.0078,-0.7057,-0.2249,0.1977,0.0116,-0.6204,-0.5739,-0.3761,0.3567,0.3069,0.0000,-1.4448,0.9435,-1.3842,-0.5000,0.0281,1.4505,-1.1129,1.2398,-0.9310,2.2597,5.4203,-0.9063,-3.1638,-2.7031,-0.7191,0.1776,4.9576,-2.8533,0.3611,0.18
11.4787,0.1200,0.0000,0.0000,0.0000,0.0000,0.0000,-0.0140,-0.0527,-0.0042,0.9959,0.0899,0.0073,0.3482,-0.0024,-1.3216,0.9905,-1.4122,-0.5490,0.0911,1.4192,-1.1364,1.2152,0.0078,0.0504,-0.7057,-0.2365,0.1939,-0.0465,-0.7096,-0.4381,-0.0620,0.2133,0.3068,0.0000,-1.4652,0.9322,-1.3742,-0.5000,0.0220,1.4380,-1.0839,1.2432,-0.9319,2.3790,5.4260,-1.0245,-3.1296,-2.7824,-0.7797,0.3576,4.5601,-3.0255,0.3889,0.17
11.5066,0.1200,0.0000,0.0000,0.0000,0.0000,0.0000,-0.0329,0.0101,0.0064,0.9971,0.0161,-0.0749,0.3505,-0.0024,-1.3409,0.9840,-1.4058,-0.5498,0.0738,1.4068,-1.1349,1.2217,0.1202,0.0620,-0.7832,-0.2908,0.3141,0.0310,-0.5351,-0.4188,0.2559,0.2210,0.3000,0.0000,-1.4856,0.9295,-1.3641,-0.5000,0.0414,1.4167,-1.0461,1.2456,-1.0476,2.7737,5.6150,-1.1374,-3.2870,-2.9978,-0.5865,0.4507,4.2635,-3.2403,0.4167,0.16
11.5347,0.1200,0.0000,0.0000,0.0000,0.0000,0.0000,0.0123,0.0051,0.0138,0.9990,0.0427,0.0098,0.3513,-0.0024,-1.3606,0.9785,-1.3978,-0.5497,0.0632,1.3946,-1.1251,1.2264,-0.0000,-0.0000,-0.7057,-0.1551,0.3102,0.0853,-0.3179,-0.4847,0.5506,0.1241,0.3000,0.0000,-1.5059,0.9262,-1.3541,-0.5000,0.0661,1.3813,-1.0014,1.2472,-1.3909,3.4022,5.8563,-1.3583,-3.2626,-3.4408,-0.3391,0.4020,3.8520,-3.4094,0.4444,0.16
11.5627,0.1200,0.0000,0.0000,0.0000,0.0000,0.0000,0.0219,-0.0226,-0.0122,0.9971,0.0567,-0.0515,0.3512,-0.0024,-1.3799,0.9733,-1.3889,-0.5492,0.0599,1.3787,-1.1060,1.2300,0.0582,0.0310,-0.6708,-0.2520,0.3296,0.0737,0.0504,-0.6979,0.9228,0.1163,0.3000,0.0000,-1.5263,0.9223,-1.3440,-0.5000,0.1179,1.3369,-0.9519,1.2483,-2.0040,4.1472,6.2003,-1.6294,-3.1317,-4.0539,0.1794,0.2634,2.8973,-3.5504,0.4722,0.16
11.5907,0.1200,0.0000,0.0000,0.0000,0.0000,0.0000,0.0352,-0.0041,-0.0064,0.9889,0.1448,-0.0328,0.3513,-0.0024,-1.3991,0.9679,-1.3799,-0.5486,0.0683,1.3576,-1.0784,1.2331,0.0039,0.0388,-0.6398,-0.1977,0.3257,0.0620,0.4730,-0.8608,1.1981,0.0659,0.3000,0.0000,-1.5467,0.9180,-1.3340,-0.5000,0.1829,1.2830,-0.9000,1.2770,-2.9658,4.8797,6.7330,-1.9878,-2.8614,-4.9154,0.8291,0.0302,1.5557,-3.5171,0.5000,0.18
11.6186,0.1200,0.0000,0.0000,0.0000,0.0000,0.0000,0.0200,-0.0106,0.0072,0.9917,0.1052,-0.0737,0.3513,-0.0024,-1.4188,0.9626,-1.3702,-0.5475,0.0907,1.3306,-1.0436,1.2405,0.0969,-0.0310,-0.6359,-0.1784,0.4226,0.0698,0.9693,-1.0973,1.4618,0.3684,0.3000,0.0000,-1.5670,0.9133,-1.3239,-0.5000,0.2000,1.2887,-0.9761,1.2699,-3.9271,5.5168,7.3524,-2.1445,-2.6179,-5.7172,1.7027,-0.1168,0.2916,-3.4083,0.5278,0.17
11.6467,0.1200,0.0000,0.0000,0.0000,0.0000,0.0000,0.0288,-0.0026,-0.0034,0.9908,-0.1098,0.0788,0.3512,-0.0024,-1.4388,0.9581,-1.3604,-0.5470,0.1176,1.3039,-1.0219,1.2488,0.0504,-0.0233,-0.6281,-0.1590,0.3645,-0.0698,0.9500,-0.5816,0.1512,0.1939,0.3000,0.0000,-1.5874,0.9083,-1.3139,-0.5000,0.2000,1.3055,-1.0705,1.2627,-4.4371,6.0823,7.8620,-1.9013,-2.3569,-6.3097,2.4656,-0.1523,-0.6020,-3.3755,0.5556,0.17
11.6747,0.1200,0.0000,0.0000,0.0000,0.0000,0.0000,0.0261,-0.0158,-0.0291,0.9846,-0.1175,0.1296,0.3511,-0.0023,-1.4596,0.9534,-1.3509,-0.5461,0.1404,1.2921,-1.0254,1.2546,0.0349,0.0194,-0.7134,-0.1163,0.4226,0.1745,0.5971,-0.0775,-0.5622,0.0853,0.3000,0.0000,-1.6078,0.9031,-1.3038,-0.5000,0.2000,1.3427,-1.1152,1.2556,-4.7150,6.2321,8.1316,-1.3497,-2.0261,-6.6512,2.7995,0.0155,-1.4841,-3.2002,0.5833,0.16
11.7026,0.1200,0.0000,0.0000,0.0000,0.0000,0.0000,0.0357,-0.0228,-0.0806,0.9962,-0.0762,0.0424,0.3510,-0.0024,-1.4794,0.9482,-1.3409,-0.5421,0.1543,1.2965,-1.0439,1.2567,-0.0000,0.0194,-0.7251,-0.1551,0.3994,0.1706,0.4149,0.3567,-0.8802,0.0388,0.3000,0.0000,-1.6078,0.9371,-1.3562,-0.5000,0.2000,1.3868,-1.1198,1.2485,-4.8409,6.2104,8.3484,-0.8380,-2.1825,-6.6760,3.0095,0.2533,-1.9481,-2.9708,0.6111,0.16
11.7307,0.1200,0.0000,0.0000,0.0000,0.0000,0.0000,0.0125,-0.0228,-0.0924,0.9971,0.0439,0.0620,0.3511,-0.0023,-1.4974,0.9467,-1.3388,-0.5391,0.1663,1.3115,-1.0651,1.2567,0.0349,0.0310,-0.5816,0.1047,-0.1435,0.1163,0.3567,0.5661,-0.8142,-0.0659,0.3000,0.0000,-1.5772,1.0007,-1.3689,-0.5000,0.2000,1.4191,-1.1239,1.2414,-4.9277,6.2651,8.3528,-0.7147,-2.4440,-6.5960,3.1252,0.3729,-1.7869,-2.8335,0.6389,0.16
11.7586,0.1200,0.0000,0.0000,0.0000,0.0000,0.0000,0.0854,0.0148,0.0076,0.9905,0.1230,0.0618,0.3506,-0.0025,-1.5106,0.9560,-1.3448,-0.5375,0.1734,1.3280,-1.0839,1.2549,-0.0000,-0.0155,-0.4343,0.6979,-0.2598,0.0427,0.2288,0.5700,-0.6010,-0.1473,0.3000,0.0000,-1.5467,1.0371,-1.3813,-0.5000,0.2000,1.4392,-1.1276,1.2342,-5.0301,6.3441,8.1522,-0.8289,-2.3679,-6.5545,3.1480,0.3698,-1.5084,-2.9016,0.6667,0.16
11.7866,0.1200,0.0000,0.0000,0.0000,0.0000,0.0000,0.0669,0.0391,0.0931,0.9956,0.0933,0.0129,0.3487,-0.0025,-1.5162,0.9749,-1.3527,-0.5377,0.1789,1.3444,-1.1012,1.2510,-0.0853,0.0853,-0.0775,0.8181,-0.3451,0.1008,0.1473,0.5467,-0.5079,-0.1706,0.3000,0.0000,-1.5161,1.0814,-1.3931,-0.5000,0.2000,1.4567,-1.1306,1.2271,-5.0853,6.3163,7.9691,-0.8077,-2.1813,-6.5382,3.2308,0.3414,-1.5225,-2.9658,0.6944,0.17
11.8147,0.1200,0.0000,0.0000,0.0000,0.0000,0.0000,0.0373,0.0826,0.1392,0.9949,0.0485,0.0888,0.3468,-0.0025,-1.5113,1.0011,-1.3621,-0.5380,0.1839,1.3602,-1.1143,1.2463,0.0271,0.0853,0.2986,1.1787,-0.3916,0.0659,0.1473,0.5467,-0.5079,-0.2210,0.3000,0.0000,-1.4856,1.1306,-1.4039,-0.5000,0.2000,1.4741,-1.1331,1.2200,-5.0613,6.2070,7.8788,-0.6598,-2.1212,-6.4828,3.2670,0.3113,-1.3998,-2.9282,0.7222,0.18
11.8426,0.1200,0.0000,0.0000,0.0000,0.0000,0.0000,0.0809,-0.0073,-0.0039,0.9952,-0.0155,0.0970,0.3456,-0.0023,-1.4971,1.0351,-1.3713,-0.5399,0.1871,1.3737,-1.1272,1.2413,0.0078,-0.0039,0.5118,1.4230,-0.2753,-0.1086,0.0737,0.3800,-0.3800,-0.2637,0.3000,0.0000,-1.4550,1.1589,-1.4136,-0.5000,0.2000,1.4802,-1.1285,1.2128,-4.9601,6.1387,7.7153,-0.6287,-2.1522,-6.3255,3.3224,0.1683,-0.9375,-2.9197,0.7500,0.18
11.8707,0.1200,0.0000,0.0000,0.0000,0.0000,0.0000,0.0874,0.0099,-0.0560,0.9951,0.0728,0.0675,0.3461,-0.0019,-1.4768,1.0715,-1.3811,-0.5418,0.1895,1.3844,-1.1364,1.2351,0.0620,0.0620,0.7367,1.3571,-0.4226,-0.0427,-0.0582,0.2947,-0.1667,-0.3218,0.3000,0.0000,-1.4244,1.1609,-1.4221,-0.5000,0.2000,1.4804,-1.1004,1.2057,-4.9243,5.9711,7.4279,-0.7548,-1.8835,-6.1861,3.3198,-0.0330,-0.6464,-2.8423,0.7778,0.17
11.8987,0.1200,0.0000,0.0000,0.0000,0.0000,0.0000,0.0725,-0.0052,0.0036,0.9972,0.0687,-0.0284,0.3470,-0.0020,-1.4495,1.1037,-1.3912,-0.5431,0.1913,1.3927,-1.1386,1.2281,0.0271,-0.0000,1.0081,1.0663,-0.2947,0.0310,0.0000,0.1667,0.1086,-0.3412,0.3000,0.0000,-1.3939,1.1623,-1.4293,-0.5000,0.2000,1.4841,-1.0872,1.1986,-4.8841,5.7130,7.1788,-0.7749,-1.6282,-6.0293,3.3437,-0.1998,-0.5117,-2.7289,0.8056,0.16
11.9266,0.1200,0.0000,0.0000,0.0000,0.0000,0.0000,0.0256,0.0092,0.0158,0.9999,0.0079,0.0086,0.3481,-0.0019,-1.4180,1.1286,-1.4008,-0.5433,0.1920,1.3992,-1.1354,1.2211,0.0969,0.0388,1.1322,0.7096,-0.3141,0.0349,0.0078,0.1202,0.2094,-0.2675,0.3000,0.0000,-1.3633,1.1607,-1.4352,-0.5000,0.2000,1.4869,-1.0526,1.1914,-4.7595,5.4741,7.0621,-0.7112,-1.5954,-5.8420,3.4043,-0.3755,-0.1715,-2.5896,0.8333,0.16
11.9547,0.1200,0.0000,0.0000,0.0000,0.0000,0.0000,0.0229,-0.0010,-0.0046,0.9977,0.0679,0.0049,0.3494,-0.0018,-1.3864,1.1464,-1.4098,-0.5435,0.1925,1.4049,-1.1264,1.2148,0.0543,0.0039,1.0702,0.5428,-0.3024,-0.0116,-0.0349,0.1667,0.5428,-0.1939,0.3000,0.0000,-1.3328,1.1331,-1.4398,-0.5000,0.2000,1.4861,-1.0090,1.1842,-4.6634,5.2262,6.8411,-0.7974,-1.4275,-5.6335,3.3504,-0.5871,0.2522,-2.4159,0.8611,0.16
11.9826,0.1200,0.0000,0.0000,0.0000,0.0000,0.0000,0.0107,-0.0114,-0.0058,0.9948,0.0484,-0.0898,0.3504,-0.0018,-1.3561,1.1550,-1.4179,-0.5442,0.1929,1.4083,-1.1096,1.2084,0.0853,0.0465,1.0430,0.0737,-0.2210,-0.0543,-0.0078,-0.0620,0.9112,-0.3412,0.3000,0.0000,-1.3022,1.0990,-1.4432,-0.5000,0.2000,1.4848,-0.9801,1.1742,-4.5326,4.9771,6.6101,-0.8488,-1.2628,-5.4355,3.3500,-0.8037,0.5202,-2.3247,0.8889,0.17
12.0107,0.1200,0.0000,0.0000,0.0000,0.0000,0.0000,-0.0591,-0.0439,-0.0059,0.8617,0.4570,0.2204,0.3513,-0.0022,-1.3285,1.1477,-1.4234,-0.5452,0.1928,1.4101,-1.0878,1.2010,0.0543,0.0388,0.5661,-0.1977,-0.2404,-0.0116,0.0388,-0.0155,0.8530,-0.3141,0.3000,0.0000,-1.2717,1.0564,-1.3707,-0.5000,0.2000,1.4901,-1.0353,1.1641,-4.6278,4.4161,5.9019,-0.8975,-0.2509,-5.2823,3.0076,-0.9545,-0.0586,-1.8619,0.9167,0.17
12.0387,0.1200,0.0000,0.0000,0.0000,0.0000,0.0000,0.0096,0.0367,0.0575,0.9914,-0.1300,-0.0180,0.3465,-0.0020,-1.3127,1.1302,-1.4182,-0.5453,0.1933,1.4143,-1.0738,1.1927,-0.2365,0.0931,0.7096,-0.7561,0.4498,-0.0271,0.0775,0.3606,0.0969,-0.3063,0.3000,0.0000,-1.2411,1.0897,-1.4472,-0.5000,0.2000,1.5138,-1.0271,1.1541,-4.0300,4.0686,6.3052,-0.1168,-1.2199,-4.7988,3.4066,-0.9217,-0.0088,-1.9145,0.9444,0.16
12.0667,0.1200,0.0000,0.0000,0.0000,0.0000,0.0000,-0.1239,-0.0573,-0.0616,0.9957,-0.0111,0.0920,0.3432,-0.0021,-1.2907,1.1146,-1.4166,-0.5450,0.1932,1.4247,-1.0703,1.1838,-0.0892,-0.0000,0.6669,-0.2598,-0.1745,0.0116,-0.0388,0.2675,0.0271,-0.3528,0.3000,0.0000,-1.2106,1.0260,-1.4483,-0.5000,0.2000,1.5263,-0.9223,1.1440,-3.7069,3.8610,6.3742,-0.2598,-1.6279,-4.5067,2.9659,-1.1328,1.7463,-1.5942,0.9722,0.16
12.0946,0.1200,0.0000,0.0000,0.0000,0.0000,0.0000,0.0099,0.0372,0.0113,0.9826,0.0811,-0.1673,0.3424,-0.0020,-1.2719,1.0958,-1.4214,-0.5450,0.1935,1.4324,-1.0543,1.1742,0.0116,-0.0155,0.6630,-0.8569,-0.0892,-0.0116,-0.0349,0.0620,1.1399,-0.3412,0.3000,0.0000,-1.1800,0.9387,-1.4770,-0.5000,0.2000,1.5467,-0.9180,1.1340,-3.4549,3.8668,5.8794,-0.6129,-1.5091,-4.3957,2.6572,-1.4367,2.4508,-1.7506,0.0000,0.20
12.1226,0.1200,0.0000,0.0000,0.0000,0.0000,0.0000,0.0697,-0.0439,0.0307,0.9958,-0.0813,-0.0424,0.3413,-0.0019,-1.2510,1.0607,-1.4290,-0.5484,0.1944,1.4380,-1.0292,1.1648,0.0271,-0.0233,0.8220,-1.4579,-0.4304,-0.1047,-0.0271,0.3296,0.9228,-0.3451,0.3000,0.0000,-1.2004,0.9378,-1.4699,-0.5000,0.2000,1.5670,-0.9133,1.1239,-3.0671,3.8382,5.7446,-0.6741,-1.4800,-4.3158,2.6011,-1.6164,2.4558,-1.9183,0.0278,0.18
12.1506,0.1200,0.0000,0.0000,0.0000,0.0000,0.0000,0.0468,-0.0100,-0.0521,0.9965,0.0276,0.0789,0.3396,-0.0019,-1.2331,1.0244,-1.4369,-0.5497,0.1946,1.4502,-1.0083,1.1555,0.0504,0.0155,0.4032,-1.0197,-0.2210,0.1047,-0.0388,0.5234,0.6553,-0.3179,0.3000,0.0000,-1.2207,0.9577,-1.4627,-0.5000,0.2000,1.5874,-0.9083,1.1139,-2.8853,3.4715,5.7323,-0.5264,-1.1238,-4.1682,2.2408,-1.6441,2.0663,-1.6936,0.0556,0.17
12.1786,0.1200,0.0000,0.0000,0.0000,0.0000,0.0000,0.0910,0.0036,0.0025,0.9957,0.0911,0.0186,0.3396,-0.0020,-1.2228,1.0038,-1.4416,-0.5491,0.1943,1.4671,-0.9901,1.1460,-0.0194,-0.0078,0.2249,-0.4614,-0.0698,-0.0039,0.0620,0.7018,0.6398,-0.3412,0.3000,0.0000,-1.2411,0.9698,-1.4556,-0.5000,0.2000,1.6078,-0.9031,1.1038,-2.8611,3.0292,5.7143,-0.4541,-1.2367,-3.8260,2.0259,-1.5682,1.6657,-1.4428,0.0833,0.18
12.2066,0.1200,0.0000,0.0000,0.0000,0.0000,0.0000,0.0091,0.0063,0.0065,0.9958,0.0832,0.0381,0.3395,-0.0019,-1.2194,0.9953,-1.4441,-0.5486,0.1945,1.4880,-0.9749,1.1357,0.0078,0.0969,-0.0155,-0.0931,-0.0349,0.0737,0.0310,0.6553,0.5157,-0.4343,0.3000,0.0000,-1.2615,0.9768,-1.4485,-0.5000,0.2000,1.6078,-0.9209,1.1562,-2.8300,2.7303,5.6605,-0.4303,-1.4670,-3.5428,1.7867,-1.4928,1.7856,-1.2730,0.1111,0.18
12.2346,0.1200,0.0000,0.0000,0.0000,0.0000,0.0000,-0.0019,0.0041,0.0044,0.9986,-0.0399,0.0352,0.3397,-0.0020,-1.2197,0.9925,-1.4448,-0.5484,0.1946,1.5063,-0.9646,1.1348,0.0155,-0.0543,-0.0155,0.0427,-0.0000,0.0737,-0.0233,0.6204,0.2326,0.2675,0.3000,0.0000,-1.2819,0.9828,-1.4414,-0.5000,0.2000,1.5772,-0.9722,1.1689,-2.6638,2.5853,5.6271,-0.4111,-1.8764,-3.3164,1.5702,-1.3910,2.2974,-1.3161,0.1389,0.17
12.2626,0.1200,0.0000,0.0000,0.0000,0.0000,0.0000,0.0016,-0.0082,-0.0122,0.9975,-0.0233,0.0667,0.3398,-0.0020,-1.2227,0.9929,-1.4446,-0.5471,0.1945,1.5176,-0.9643,1.1420,0.0388,0.0155,-0.1784,0.0698,0.0155,0.1124,-0.0853,0.4149,-0.2365,0.2520,0.3000,0.0000,-1.3022,0.9865,-1.4342,-0.5000,0.2000,1.5467,-1.0200,1.1813,-2.4600,2.4360,5.5364,-0.4105,-1.9943,-3.2151,1.1746,-1.2701,2.7948,-1.4267,0.1667,0.20
12.2907,0.1200,0.0000,0.0000,0.0000,0.0000,0.0000,0.0023,0.0008,-0.0287,0.9949,-0.0633,0.0785,0.3401,-0.0020,-1.2279,0.9954,-1.4438,-0.5445,0.1946,1.5221,-0.9747,1.1508,0.0543,0.0504,-0.1939,0.1706,0.0775,0.1512,0.0388,0.0194,-0.5506,0.3335,0.3000,0.0000,-1.3226,0.9846,-1.4271,-0.5000,0.1868,1.5161,-1.0621,1.1931,-2.2200,2.2944,5.4710,-0.4602,-2.2143,-3.0839,0.8685,-1.1137,3.1798,-1.6177,0.1944,0.18
12.3186,0.1200,0.0000,0.0000,0.0000,0.0000,0.0000,-0.0055,-0.0100,-0.0416,0.9966,-0.0419,0.0712,0.3408,-0.0020,-1.2354,0.9994,-1.4424,-0.5425,0.1931,1.5174,-0.9963,1.1613,0.0931,0.0310,-0.3373,0.2559,0.0892,0.0814,-0.0659,-0.2830,-0.8763,0.3684,0.3000,0.0000,-1.3430,0.9807,-1.4200,-0.5000,0.1512,1.4929,-1.0966,1.2039,-1.9785,2.1524,5.4318,-0.5234,-2.3326,-2.9748,0.5115,-0.9264,3.5654,-1.7689,0.2222,0.17
12.3466,0.1200,0.0000,0.0000,0.0000,0.0000,0.0000,-0.0037,0.0012,-0.0271,0.9989,-0.0418,0.0218,0.3429,-0.0019,-1.2443,1.0027,-1.4393,-0.5420,0.1866,1.5036,-1.0245,1.1716,0.0775,0.0465,-0.3412,0.0892,0.1977,0.0698,-0.3296,-0.5739,-1.1322,0.3063,0.3000,0.0000,-1.3633,0.9725,-1.4128,-0.5000,0.1214,1.4830,-1.1217,1.2136,-1.7445,2.0465,5.4122,-0.6223,-2.5275,-2.8541,0.2138,-0.7202,3.9135,-1.9640,0.2500,0.16
12.3746,0.1200,0.0000,0.0000,0.0000,0.0000,0.0000,-0.0067,0.0204,0.0369,0.9999,0.0112,0.0051,0.3450,-0.0019,-1.2548,1.0040,-1.4354,-0.5428,0.1741,1.4850,-1.0556,1.1812,0.0969,0.0310,-0.4071,0.0582,0.1163,-0.0349,-0.5545,-0.7057,-1.1322,0.3528,0.3000,0.0000,-1.3837,0.9625,-1.4057,-0.5000,0.0874,1.4762,-1.1364,1.2221,-1.5562,1.9611,5.4360,-0.7330,-2.6662,-2.7880,-0.1259,-0.4824,4.2531,-2.1441,0.2778,0.16
12.4026,0.1200,0.0000,0.0000,0.0000,0.0000,0.0000,-0.0402,0.0412,0.1115,0.9998,-0.0159,-0.0143,0.3468,-0.0019,-1.2687,1.0032,-1.4303,-0.5447,0.1557,1.4666,-1.0856,1.1903,0.0155,0.0039,-0.5273,-0.0271,0.1706,-0.1086,-0.7987,-0.7638,-1.0004,0.2675,0.3000,0.0000,-1.4041,0.9558,-1.3986,-0.5000,0.0636,1.4724,-1.1398,1.2293,-1.3748,1.9701,5.4328,-0.8022,-2.9090,-2.7044,-0.3641,-0.2148,4.5310,-2.3983,0.3056,0.18
12.4306,0.1200,0.0000,0.0000,0.0000,0.0000,0.0000,-0.0997,0.0235,0.0042,0.9977,-0.0624,0.0266,0.3472,-0.0018,-1.2846,1.0005,-1.4241,-0.5472,0.1331,1.4491,-1.1110,1.1989,0.0078,0.0388,-0.6049,-0.1861,0.2947,-0.0271,-0.8181,-0.5467,-0.8298,0.2133,0.3000,0.0000,-1.4244,0.9499,-1.3914,-0.5000,0.0477,1.4600,-1.1318,1.2352,-1.1161,2.1256,5.4442,-0.8553,-3.1454,-2.6868,-0.5232,-0.0334,4.8367,-2.6515,0.3333,0.17
12.4586,0.1200,0.0000,0.0000,0.0000,0.0000,0.0000,-0.0185,-0.0096,-0.0220,0.9999,0.0023,-0.0121,0.3477,-0.0017,-1.3029,0.9957,-1.4180,-0.5481,0.1117,1.4328,-1.1288,1.2072,0.0698,0.0388,-0.6708,-0.1667,0.1551,-0.0194,-0.7134,-0.6436,-0.4692,0.3800,0.3042,0.0000,-1.4448,0.9435,-1.3842,-0.5000,0.0303,1.4499,-1.1129,1.2398,-0.9575,2.2488,5.4355,-0.9071,-3.1621,-2.7087,-0.6973,0.1716,4.8997,-2.8460,0.3611,0.17
12.4866,0.1200,0.0000,0.0000,0.0000,0.0000,0.0000,-0.0196,-0.0541,-0.0054,0.9976,0.0687,0.0025,0.3480,-0.0018,-1.3218,0.9904,-1.4122,-0.5491,0.0921,1.4187,-1.1364,1.2152,0.0931,-0.0116,-0.7600,-0.1706,0.2094,0.0465,-0.7483,-0.4963,-0.0969,0.2365,0.3052,0.0000,-1.4652,0.9322,-1.3742,-0.5000,0.0241,1.4369,-1.0839,1.2432,-0.9482,2.4060,5.4443,-1.0134,-3.1594,-2.7952,-0.7588,0.3469,4.5850,-3.0292,0.3889,0.16
12.5146,0.1200,0.0000,0.0000,0.0000,0.0000,0.0000,-0.0268,0.0131,0.0090,0.9980,0.0044,-0.0624,0.3495,-0.0017,-1.3409,0.9839,-1.4058,-0.5499,0.0751,1.4062,-1.1349,1.2217,0.0388,0.0310,-0.7057,-0.2637,0.2753,0.0892,-0.5932,-0.4032,0.3024,0.2326,0.3000,0.0000,-1.4856,0.9295,-1.3641,-0.5000,0.0445,1.4149,-1.0461,1.2456,-1.0547,2.8300,5.6172,-1.1508,-3.3105,-3.0128,-0.5546,0.4321,4.3071,-3.2521,0.4167,0.16
12.5426,0.1200,0.0000,0.0000,0.0000,0.0000,0.0000,0.0072,0.0044,0.0089,0.9979,0.0542,0.0351,0.3505,-0.0018,-1.3607,0.9784,-1.3977,-0.5498,0.0649,1.3938,-1.1251,1.2264,0.0155,-0.0116,-0.7057,-0.2210,0.3024,0.0504,-0.2947,-0.5506,0.4885,0.1202,0.3000,0.0000,-1.5059,0.9262,-1.3541,-0.5000,0.0660,1.3795,-1.0014,1.2472,-1.4144,3.4217,5.8623,-1.3549,-3.2145,-3.4726,-0.3396,0.3835,3.8270,-3.4087,0.4444,0.16
12.5706,0.1200,0.0000,0.0000,0.0000,0.0000,0.0000,0.0237,-0.0234,-0.0143,0.9945,0.0813,-0.0667,0.3505,-0.0018,-1.3800,0.9732,-1.3888,-0.5492,0.0621,1.3775,-1.1060,1.2300,0.0155,-0.0271,-0.6553,-0.2055,0.3257,0.1124,-0.0271,-0.6979,0.9344,0.0853,0.3000,0.0000,-1.5263,0.9223,-1.3440,-0.5000,0.1193,1.3355,-0.9519,1.2483,-2.0550,4.1395,6.2012,-1.6486,-3.0913,-4.0756,0.1928,0.2493,2.7673,-3.5270,0.4722,0.16
12.5986,0.1200,0.0000,0.0000,0.0000,0.0000,0.0000,0.0330,-0.0021,-0.0054,0.9871,0.1577,-0.0291,0.3507,-0.0018,-1.3993,0.9678,-1.3798,-0.5487,0.0705,1.3563,-1.0786,1.2331,0.0465,0.0194,-0.6592,-0.1628,0.3257,0.0698,0.5428,-0.8802,1.2795,0.1590,0.3000,0.0000,-1.5467,0.9180,-1.3340,-0.5000,0.1861,1.2821,-0.9000,1.2770,-3.0312,4.8855,6.7678,-2.0044,-2.8628,-4.9462,0.8611,0.0213,1.4808,-3.4771,0.5000,0.17
12.6266,0.1200,0.0000,0.0000,0.0000,0.0000,0.0000,0.0177,-0.0096,0.0076,0.9862,0.1538,-0.0612,0.3507,-0.0017,-1.4189,0.9626,-1.3701,-0.5478,0.0929,1.3292,-1.0439,1.2406,0.0543,0.0698,-0.6630,-0.1512,0.4032,0.0427,0.9344,-1.1787,1.4463,0.4032,0.3000,0.0000,-1.5670,0.9133,-1.3239,-0.5000,0.2000,1.2886,-0.9830,1.2699,-4.0015,5.4824,7.3546,-2.1677,-2.5620,-5.7306,1.7095,-0.1180,0.2220,-3.3567,0.5278,0.16
12.6547,0.1200,0.0000,0.0000,0.0000,0.0000,0.0000,0.0301,0.0008,-0.0050,0.9853,-0.1288,0.1120,0.3507,-0.0018,-1.4389,0.9581,-1.3603,-0.5472,0.1196,1.3034,-1.0230,1.2493,0.1163,0.0155,-0.6979,-0.0504,0.3800,-0.0582,0.9267,-0.6940,0.1008,0.3141,0.3000,0.0000,-1.5874,0.9083,-1.3139,-0.5000,0.2000,1.3059,-1.0698,1.2627,-4.4576,6.0868,7.8777,-1.8854,-2.3642,-6.3132,2.4859,-0.1484,-0.5951,-3.3605,0.5556,0.16
12.6826,0.1200,0.0000,0.0000,0.0000,0.0000,0.0000,0.0203,-0.0278,-0.0428,0.9896,-0.1187,0.0816,0.3506,-0.0018,-1.4597,0.9533,-1.3510,-0.5455,0.1409,1.2923,-1.0267,1.2548,0.0039,-0.0543,-0.7561,-0.2055,0.3335,0.1435,0.6126,-0.1396,-0.5234,0.1318,0.3000,0.0000,-1.6078,0.9031,-1.3038,-0.5000,0.2000,1.3438,-1.1152,1.2556,-4.7282,6.2361,8.1413,-1.3482,-2.0377,-6.6390,2.8087,0.0271,-1.4595,-3.2012,0.5833,0.17
12.7106,0.1200,0.0000,0.0000,0.0000,0.0000,0.0000,0.0409,-0.0264,-0.0748,0.9963,-0.0771,0.0382,0.3506,-0.0017,-1.4795,0.9481,-1.3409,-0.5419,0.1554,1.2971,-1.0448,1.2569,0.0233,0.0543,-0.7716,-0.1241,0.3606,0.0310,0.5351,0.3606,-0.7910,-0.0349,0.3000,0.0000,-1.6078,0.9340,-1.3562,-0.5000,0.2000,1.3865,-1.1198,1.2485,-4.8464,6.2292,8.3659,-0.8696,-2.1888,-6.6887,3.0083,0.2500,-1.8953,-2.9967,0.6111,0.16
12.7386,0.1200,0.0000,0.0000,0.0000,0.0000,0.0000,0.0148,-0.0237,-0.0849,0.9978,0.0176,0.0639,0.3507,-0.0017,-1.4974,0.9462,-1.3388,-0.5387,0.1667,1.3120,-1.0659,1.2571,0.0310,0.0155,-0.5583,0.1667,-0.0814,0.0737,0.2133,0.5583,-0.7251,-0.0155,0.3000,0.0000,-1.5772,1.0001,-1.3689,-0.5000,0.2000,1.4177,-1.1239,1.2414,-4.9291,6.3021,8.3561,-0.7203,-2.4489,-6.6084,3.1334,0.3587,-1.7479,-2.8621,0.6389,0.16
12.7666,0.1200,0.0000,0.0000,0.0000,0.0000,0.0000,0.0817,0.0189,0.0147,0.9899,0.1215,0.0726,0.3502,-0.0018,-1.5105,0.9552,-1.3448,-0.5372,0.1737,1.3281,-1.0843,1.2552,-0.0000,0.0659,-0.4730,0.6708,-0.3102,-0.0000,0.1784,0.5467,-0.5583,-0.1784,0.3000,0.0000,-1.5467,1.0374,-1.3813,-0.5000,0.2000,1.4388,-1.1276,1.2342,-5.0355,6.3599,8.1645,-0.8261,-2.3497,-6.5778,3.1516,0.3654,-1.5202,-2.9202,0.6667,0.16
12.7946,0.1200,0.0000,0.0000,0.0000,0.0000,0.0000,0.0712,0.0373,0.0972,0.9960,0.0878,0.0144,0.3484,-0.0019,-1.5164,0.9741,-1.3527,-0.5375,0.1791,1.3444,-1.1014,1.2513,-0.1086,-0.0233,-0.0737,0.8065,-0.3567,0.0116,0.1900,0.5467,-0.5545,-0.2675,0.3000,0.0000,-1.5161,1.0831,-1.3931,-0.5000,0.2000,1.4573,-1.1306,1.2271,-5.0831,6.3148,7.9828,-0.7900,-2.1829,-6.5500,3.2259,0.3475,-1.5460,-2.9761,0.6944,0.18
12.8226,0.1200,0.0000,0.0000,0.0000,0.0000,0.0000,0.0429,0.0844,0.1375,0.9967,0.0445,0.0679,0.3464,-0.0019,-1.5117,1.0008,-1.3621,-0.5379,0.1841,1.3603,-1.1143,1.2464,0.0271,0.0737,0.2792,1.2873,-0.4226,-0.0194,0.1628,0.5622,-0.4730,-0.2249,0.3000,0.0000,-1.4856,1.1305,-1.4039,-0.5000,0.2000,1.4744,-1.1331,1.2200,-5.0552,6.2123,7.8952,-0.6612,-2.1448,-6.4757,3.2650,0.3146,-1.3702,-2.9335,0.7222,0.17
12.8516,0.1200,0.0000,0.0000,0.0000,0.0000,0.0000,0.0883,-0.0010,-0.0092,0.9951,-0.0108,0.0985,0.3452,-0.0016,-1.4975,1.0350,-1.3713,-0.5398,0.1873,1.3738,-1.1272,1.2414,0.0465,0.0543,0.5041,1.3532,-0.3179,-0.0000,0.1590,0.3490,-0.4343,-0.2714,0.3000,0.0000,-1.4550,1.1573,-1.4136,-0.5000,0.2000,1.4794,-1.1288,1.2128,-4.9609,6.1487,7.7148,-0.6441,-2.1468,-6.3294,3.3366,0.1608,-0.9406,-2.9263,0.7500,0.20
12.8796,0.1200,0.0000,0.0000,0.0000,0.0000,0.0000,0.0898,0.0093,-0.0551,0.9914,0.1029,0.0805,0.3457,-0.0013,-1.4763,1.0723,-1.3815,-0.5418,0.1897,1.3847,-1.1369,1.2350,0.0465,0.0659,0.8065,1.3610,-0.4614,-0.0504,0.1008,0.3024,-0.3645,-0.3218,0.3000,0.0000,-1.4244,1.1613,-1.4221,-0.5000,0.2000,1.4817,-1.1069,1.2057,-4.9344,5.9269,7.4121,-0.7504,-1.8281,-6.1874,3.3001,-0.0204,-0.7116,-2.8153,0.7778,0.18
12.9076,0.1200,0.0000,0.0000,0.0000,0.0000,0.0000,0.0694,-0.0037,0.0053,0.9976,0.0682,-0.0100,0.3469,-0.0014,-1.4487,1.1042,-1.3915,-0.5431,0.1914,1.3932,-1.1396,1.2280,0.0582,0.0078,1.0236,1.0391,-0.3141,0.0078,0.0620,0.2637,0.0155,-0.2675,0.3000,0.0000,-1.3939,1.1649,-1.4293,-0.5000,0.2000,1.4859,-1.0909,1.1986,-4.8785,5.6891,7.1886,-0.7489,-1.6639,-6.0120,3.3559,-0.1818,-0.5490,-2.6963,0.8056,0.17
12.9356,0.1200,0.0000,0.0000,0.0000,0.0000,0.0000,0.0259,0.0088,0.0162,0.9998,0.0129,0.0165,0.3479,-0.0014,-1.4175,1.1293,-1.4010,-0.5433,0.1921,1.4001,-1.1375,1.2211,0.0582,-0.0000,1.2059,0.7949,-0.3102,0.0078,0.0271,0.1900,0.1202,-0.2714,0.3000,0.0000,-1.3633,1.1601,-1.4352,-0.5000,0.2000,1.4873,-1.0470,1.1914,-4.7537,5.4693,7.0565,-0.7172,-1.6210,-5.8219,3.3871,-0.3714,-0.1158,-2.5722,0.8333,0.17
12.9636,0.1200,0.0000,0.0000,0.0000,0.0000,0.0000,0.0241,-0.0036,-0.0047,0.9983,0.0554,-0.0173,0.3491,-0.0012,-1.3861,1.1472,-1.4099,-0.5436,0.1927,1.4056,-1.1278,1.2148,0.0620,0.0620,1.0430,0.5428,-0.2443,0.0078,0.0543,0.1396,0.5739,-0.1939,0.3000,0.0000,-1.3328,1.1303,-1.4398,-0.5000,0.2000,1.4848,-1.0025,1.1842,-4.6559,5.2400,6.8367,-0.8254,-1.4373,-5.6288,3.3541,-0.6003,0.3166,-2.4410,0.8611,0.17
12.9916,0.1200,0.0000,0.0000,0.0000,0.0000,0.0000,0.0144,-0.0138,-0.0036,0.9967,0.0377,-0.0723,0.3501,-0.0012,-1.3556,1.1552,-1.4179,-0.5445,0.1930,1.4083,-1.1090,1.2083,0.0543,0.0543,1.1051,0.1163,-0.2404,-0.0233,-0.0504,-0.0039,0.9306,-0.3063,0.3000,0.0000,-1.3022,1.0967,-1.4432,-0.5000,0.2000,1.4832,-0.9781,1.1742,-4.5213,4.9987,6.6085,-0.8712,-1.2576,-5.4433,3.3566,-0.8203,0.5409,-2.3430,0.8889,0.18
13.0196,0.1200,0.0000,0.0000,0.0000,0.0000,0.0000,-0.0585,-0.0451,-0.0060,0.8739,0.4348,0.2173,0.3511,-0.0017,-1.3282,1.1472,-1.4236,-0.5455,0.1928,1.4098,-1.0861,1.2010,0.0737,0.0078,0.5622,-0.2055,-0.2171,0.0271,0.0388,0.0388,0.8298,-0.3063,0.3000,0.0000,-1.2717,1.0574,-1.3728,-0.5000,0.2000,1.4892,-1.0358,1.1641,-4.6071,4.4323,5.9379,-0.8867,-0.2717,-5.2934,3.0197,-0.9634,-0.0634,-1.8794,0.9167,0.18
13.0476,0.1200,0.0000,0.0000,0.0000,0.0000,0.0000,0.0079,0.0329,0.0539,0.9912,-0.1276,-0.0348,0.3463,-0.0015,-1.3124,1.1296,-1.4186,-0.5455,0.1933,1.4142,-1.0721,1.1927,-0.2404,0.0310,0.6630,-0.6979,0.4149,0.0155,-0.0388,0.3296,0.1396,-0.3102,0.3000,0.0000,-1.2411,1.0904,-1.4472,-0.5000,0.2000,1.5139,-1.0273,1.1541,-4.0318,4.0736,6.3092,-0.1103,-1.2090,-4.7998,3.3971,-0.9201,-0.0115,-1.9134,0.9444,0.17
13.0756,0.1200,0.0000,0.0000,0.0000,0.0000,0.0000,-0.1192,-0.0598,-0.0565,0.9966,0.0030,0.0829,0.3431,-0.0016,-1.2905,1.1144,-1.4169,-0.5450,0.1933,1.4248,-1.0694,1.1838,-0.0039,0.0504,0.6785,-0.2482,-0.0465,0.1202,-0.0233,0.2947,0.0582,-0.3994,0.3000,0.0000,-1.2106,1.0265,-1.4483,-0.5000,0.2000,1.5263,-0.9223,1.1440,-3.7172,3.8554,6.3685,-0.2544,-1.6119,-4.5103,2.9664,-1.1316,1.6938,-1.5864,0.9722,0.17
13.1036,0.1200,0.0000,0.0000,0.0000,0.0000,0.0000,0.0147,0.0365,0.0089,0.9801,0.0818,-0.1807,0.3423,-0.0015,-1.2717,1.0957,-1.4217,-0.5450,0.1936,1.4324,-1.0536,1.1742,-0.0349,0.0233,0.6785,-0.8336,-0.1706,-0.0194,0.0000,0.1124,1.1128,-0.3024,0.3000,0.0000,-1.1800,0.9383,-1.4770,-0.5000,0.2000,1.5467,-0.9180,1.1340,-3.4627,3.8616,5.8824,-0.6174,-1.5119,-4.3843,2.6737,-1.4328,2.4208,-1.7357,0.0000,0.19
13.1316,0.1200,0.0000,0.0000,0.0000,0.0000,0.0000,0.0674,-0.0431,0.0314,0.9963,-0.0783,-0.0342,0.3412,-0.0014,-1.2509,1.0609,-1.4292,-0.5485,0.1944,1.4379,-1.0289,1.1648,0.0078,0.0388,0.8763,-1.4695,-0.4226,-0.1396,0.0078,0.2947,0.8142,-0.3179,0.3000,0.0000,-1.2004,0.9382,-1.4699,-0.5000,0.2000,1.5670,-0.9133,1.1239,-3.0729,3.8284,5.7525,-0.6704,-1.4822,-4.3127,2.5978,-1.6170,2.4681,-1.9062,0.0278,0.18
13.1596,0.1200,0.0000,0.0000,0.0000,0.0000,0.0000,0.0510,-0.0060,-0.0500,0.9948,0.0303,0.0975,0.3394,-0.0014,-1.2330,1.0246,-1.4371,-0.5498,0.1946,1.4499,-1.0081,1.1554,-0.0039,0.0271,0.5041,-1.0120,-0.2869,0.0078,-0.1047,0.4808,0.6436,-0.3994,0.3000,0.0000,-1.2207,0.9565,-1.4627,-0.5000,0.2000,1.5874,-0.9083,1.1139,-2.8841,3.4791,5.7248,-0.5380,-1.1419,-4.1704,2.2445,-1.6564,2.0952,-1.6971,0.0556,0.17
13.1876,0.1200,0.0000,0.0000,0.0000,0.0000,0.0000,0.0923,0.0064,0.0018,0.9961,0.0844,0.0275,0.3395,-0.0015,-1.2228,1.0037,-1.4418,-0.5492,0.1943,1.4670,-0.9899,1.1460,-0.0000,0.0543,0.2016,-0.3839,-0.1047,0.0116,-0.0039,0.7057,0.6126,-0.3179,0.3000,0.0000,-1.2411,0.9698,-1.4556,-0.5000,0.2000,1.6078,-0.9031,1.1038,-2.8453,3.0401,5.7142,-0.4540,-1.2346,-3.8350,2.0273,-1.5776,1.6869,-1.4560,0.0833,0.17
13.2156,0.1200,0.0000,0.0000,0.0000,0.0000,0.0000,0.0115,0.0061,0.0041,0.9942,0.0925,0.0550,0.3394,-0.0015,-1.2194,0.9950,-1.4443,-0.5487,0.1946,1.4879,-0.9749,1.1357,0.0078,-0.0155,-0.0194,-0.1473,-0.0698,0.1086,0.0078,0.6398,0.5118,-0.3839,0.3000,0.0000,-1.2615,0.9774,-1.4485,-0.5000,0.2000,1.6078,-0.9209,1.1562,-2.8284,2.7305,5.6492,-0.4234,-1.4467,-3.5420,1.7838,-1.4955,1.7618,-1.2656,0.1111,0.17
13.2436,0.1200,0.0000,0.0000,0.0000,0.0000,0.0000,-0.0024,0.0063,0.0053,0.9979,-0.0403,0.0510,0.3395,-0.0015,-1.2197,0.9924,-1.4448,-0.5484,0.1947,1.5062,-0.9646,1.1346,-0.0194,-0.0116,-0.1163,-0.0465,0.0155,-0.0000,0.0271,0.5506,0.3218,0.1861,0.3000,0.0000,-1.2819,0.9822,-1.4414,-0.5000,0.2000,1.5772,-0.9722,1.1689,-2.6765,2.5874,5.6343,-0.4169,-1.8650,-3.3253,1.5701,-1.3892,2.2905,-1.3141,0.1389,0.19
13.2716,0.1200,0.0000,0.0000,0.0000,0.0000,0.0000,0.0007,-0.0073,-0.0132,0.9974,-0.0213,0.0681,0.3396,-0.0015,-1.2227,0.9929,-1.4446,-0.5472,0.1946,1.5176,-0.9642,1.1419,0.0155,-0.0194,-0.1745,0.0814,0.0582,0.0465,0.0310,0.3412,-0.2094,0.2559,0.3000,0.0000,-1.3022,0.9860,-1.4342,-0.5000,0.2000,1.5467,-1.0200,1.1813,-2.4742,2.4332,5.5439,-0.4161,-1.9855,-3.2231,1.1680,-1.2666,2.8057,-1.4249,0.1667,0.18
13.2996,0.1200,0.0000,0.0000,0.0000,0.0000,0.0000,-0.0016,0.0015,-0.0270,0.9948,-0.0628,0.0806,0.3399,-0.0015,-1.2280,0.9953,-1.4438,-0.5445,0.1946,1.5221,-0.9747,1.1507,0.0388,-0.0349,-0.2133,0.1784,0.1241,0.1124,-0.0310,0.0620,-0.6243,0.2830,0.3000,0.0000,-1.3226,0.9851,-1.4271,-0.5000,0.1860,1.5161,-1.0621,1.1931,-2.2270,2.2847,5.4665,-0.4554,-2.2073,-3.0815,0.8599,-1.1156,3.1614,-1.6217,0.1944,0.17
13.3276,0.1200,0.0000,0.0000,0.0000,0.0000,0.0000,-0.0047,-0.0126,-0.0424,0.9969,-0.0453,0.0646,0.3406,-0.0015,-1.2354,0.9993,-1.4425,-0.5426,0.1930,1.5174,-0.9965,1.1612,-0.0000,-0.0000,-0.3528,0.2365,0.0543,-0.0078,-0.1202,-0.2830,-0.9306,0.3102,0.3000,0.0000,-1.3430,0.9811,-1.4200,-0.5000,0.1510,1.4925,-1.0966,1.2039,-1.9807,2.1421,5.4291,-0.5196,-2.3401,-2.9666,0.5104,-0.9306,3.5637,-1.7683,0.2222,0.17
13.3556,0.1200,0.0000,0.0000,0.0000,0.0000,0.0000,-0.0068,-0.0009,-0.0270,0.9989,-0.0416,0.0235,0.3428,-0.0014,-1.2443,1.0027,-1.4394,-0.5420,0.1865,1.5033,-1.0243,1.1716,0.1784,0.0388,-0.2753,0.0931,0.1008,0.0116,-0.3528,-0.5777,-1.1244,0.3451,0.3000,0.0000,-1.3633,0.9725,-1.4128,-0.5000,0.1228,1.4823,-1.1217,1.2136,-1.7362,2.0563,5.4152,-0.6227,-2.5589,-2.8525,0.2276,-0.7272,3.9386,-1.9658,0.2500,0.19
13.3836,0.1200,0.0000,0.0000,0.0000,0.0000,0.0000,-0.0101,0.0221,0.0365,0.9999,0.0061,0.0121,0.3448,-0.0014,-1.2549,1.0041,-1.4355,-0.5428,0.1738,1.4847,-1.0555,1.1812,0.1241,0.0620,-0.5002,0.0388,0.1784,-0.0078,-0.5351,-0.7445,-1.1012,0.3761,0.3000,0.0000,-1.3837,0.9638,-1.4057,-0.5000,0.0866,1.4760,-1.1364,1.2221,-1.5424,1.9752,5.4307,-0.7201,-2.6573,-2.7933,-0.1340,-0.4847,4.2872,-2.1474,0.2778,0.19
13.4126,0.1200,0.0000,0.0000,0.0000,0.0000,0.0000,-0.0396,0.0464,0.1145,1.0000,0.0096,0.0002,0.3467,-0.0014,-1.2688,1.0036,-1.4302,-0.5446,0.1556,1.4662,-1.0856,1.1903,0.0271,0.0155,-0.5428,-0.0039,0.1900,-0.0775,-0.7367,-0.7173,-1.0236,0.3684,0.3000,0.0000,-1.4041,0.9553,-1.3986,-0.5000,0.0611,1.4725,-1.1398,1.2293,-1.3789,1.9410,5.4352,-0.8066,-2.8767,-2.7108,-0.3891,-0.2136,4.5063,-2.3817,0.3056,0.20
13.4406,0.1200,0.0000,0.0000,0.0000,0.0000,0.0000,-0.1038,0.0239,0.0002,0.9977,-0.0639,0.0216,0.3471,-0.0012,-1.2852,1.0008,-1.4239,-0.5473,0.1321,1.4482,-1.1117,1.1991,0.0194,0.0504,-0.5932,-0.0931,0.3102,-0.0155,-0.8065,-0.5661,-0.6669,0.2559,0.3000,0.0000,-1.4244,0.9485,-1.3914,-0.5000,0.0488,1.4607,-1.1318,1.2352,-1.1216,2.1240,5.4402,-0.8695,-3.1702,-2.6812,-0.5122,-0.0263,4.8261,-2.6477,0.3333,0.19
13.4696,0.1200,0.0000,0.0000,0.0000,0.0000,0.0000,-0.0133,-0.0136,-0.0230,0.9996,-0.0049,0.0286,0.3476,-0.0013,-1.3032,0.9957,-1.4178,-0.5483,0.1109,1.4321,-1.1295,1.2073,0.0659,0.0388,-0.6165,-0.1900,0.2326,-0.0155,-0.6553,-0.5855,-0.4110,0.3179,0.3049,0.0000,-1.4448,0.9411,-1.3842,-0.5000,0.0312,1.4484,-1.1129,1.2398,-0.9511,2.2919,5.4385,-0.9308,-3.1771,-2.7293,-0.6880,0.1561,4.9339,-2.8551,0.3611,0.18
13.4976,0.1200,0.0000,0.0000,0.0000,0.0000,0.0000,-0.0135,-0.0693,-0.0086,0.9974,0.0395,-0.0602,0.3481,-0.0014,-1.3224,0.9897,-1.4120,-0.5495,0.0912,1.4177,-1.1373,1.2156,0.0892,-0.0039,-0.7561,-0.2094,0.2133,-0.0194,-0.6902,-0.4885,-0.0775,0.2986,0.3071,0.0000,-1.4652,0.9322,-1.3742,-0.5000,0.0280,1.4370,-1.0839,1.2432,-0.9290,2.4361,5.4383,-1.0054,-3.1511,-2.7900,-0.7197,0.3480,4.5910,-3.0519,0.3889,0.17
13.5256,0.1200,0.0000,0.0000,0.0000,0.0000,0.0000,-0.0037,0.0255,0.0106,0.9995,0.0224,-0.0229,0.3499,-0.0013,-1.3416,0.9832,-1.4057,-0.5498,0.0752,1.4057,-1.1356,1.2220,0.0775,-0.0078,-0.8026,-0.2288,0.2559,0.0388,-0.5545,-0.4692,0.2986,0.1861,0.3000,0.0000,-1.4856,0.9295,-1.3641,-0.5000,0.0416,1.4154,-1.0461,1.2456,-1.0619,2.8176,5.6371,-1.1375,-3.2611,-3.0377,-0.5841,0.4372,4.2884,-3.2513,0.4167,0.16
13.5536,0.1200,0.0000,0.0000,0.0000,0.0000,0.0000,0.0048,-0.0066,0.0086,0.9992,0.0364,0.0139,0.3510,-0.0013,-1.3613,0.9779,-1.3976,-0.5498,0.0651,1.3934,-1.1256,1.2265,-0.0427,-0.0000,-0.7134,-0.1939,0.3800,0.0582,-0.2637,-0.5041,0.5894,0.1551,0.3000,0.0000,-1.5059,0.9262,-1.3541,-0.5000,0.0695,1.3806,-1.0014,1.2472,-1.4093,3.4301,5.8689,-1.3548,-3.2504,-3.4630,-0.3049,0.3949,3.8043,-3.4208,0.4444,0.16
13.5816,0.1200,0.0000,0.0000,0.0000,0.0000,0.0000,0.0318,-0.0096,-0.0142,0.9961,0.0574,-0.0675,0.3509,-0.0012,-1.3804,0.9727,-1.3888,-0.5492,0.0622,1.3773,-1.1064,1.2301,0.0116,0.0931,-0.6863,-0.2404,0.3218,0.0465,0.0543,-0.6824,1.0508,0.1008,0.3000,0.0000,-1.5263,0.9223,-1.3440,-0.5000,0.1217,1.3360,-0.9519,1.2483,-2.0400,4.1866,6.2237,-1.6480,-3.1221,-4.0866,0.2165,0.2542,2.8525,-3.5502,0.4722,0.17
13.6096,0.1200,0.0000,0.0000,0.0000,0.0000,0.0000,0.0381,-0.0120,-0.0010,0.9936,0.1125,-0.0097,0.3510,-0.0013,-1.3994,0.9675,-1.3798,-0.5486,0.0712,1.3565,-1.0788,1.2333,-0.0000,0.0775,-0.7173,-0.1551,0.3761,0.0931,0.5234,-0.8530,1.2485,0.1086,0.3000,0.0000,-1.5467,0.9180,-1.3340,-0.5000,0.1872,1.2823,-0.9000,1.2770,-2.9865,4.9445,6.7805,-1.9878,-2.8746,-4.9625,0.8723,0.0231,1.5543,-3.5391,0.5000,0.17
13.6376,0.1200,0.0000,0.0000,0.0000,0.0000,0.0000,0.0219,-0.0086,0.0029,0.9918,0.1144,-0.0573,0.3510,-0.0013,-1.4190,0.9624,-1.3701,-0.5476,0.0938,1.3295,-1.0438,1.2407,0.0582,0.0155,-0.6747,-0.1473,0.4265,0.0659,0.9732,-1.1167,1.4850,0.3761,0.3000,0.0000,-1.5670,0.9133,-1.3239,-0.5000,0.2000,1.2881,-0.9795,1.2699,-3.9576,5.5390,7.3796,-2.1473,-2.5806,-5.7570,1.7186,-0.1224,0.2577,-3.4118,0.5278,0.17
13.6656,0.1200,0.0000,0.0000,0.0000,0.0000,0.0000,0.0328,-0.0010,-0.0007,0.9903,-0.1192,0.0720,0.3510,-0.0013,-1.4389,0.9580,-1.3604,-0.5470,0.1204,1.3037,-1.0224,1.2492,0.0620,0.0620,-0.6592,-0.1784,0.3141,-0.0310,0.9306,-0.6669,0.1939,0.3141,0.3000,0.0000,-1.5874,0.9083,-1.3139,-0.5000,0.2000,1.3066,-1.0731,1.2627,-4.4578,6.1020,7.8920,-1.8799,-2.3558,-6.3264,2.5001,-0.1412,-0.6273,-3.3706,0.5556,0.17
13.6936,0.1200,0.0000,0.0000,0.0000,0.0000,0.0000,0.0231,-0.0217,-0.0323,0.9881,-0.1062,0.1113,0.3509,-0.0013,-1.4598,0.9534,-1.3509,-0.5458,0.1422,1.2921,-1.0262,1.2549,0.0194,0.0078,-0.8104,-0.1357,0.3528,0.1667,0.5196,-0.1241,-0.6087,0.0155,0.3000,0.0000,-1.6078,0.9031,-1.3038,-0.5000,0.2000,1.3446,-1.1152,1.2556,-4.7319,6.2227,8.1430,-1.3296,-2.0067,-6.6575,2.7957,0.0351,-1.5273,-3.1993,0.5833,0.16
13.7216,0.1200,0.0000,0.0000,0.0000,0.0000,0.0000,0.0397,-0.0261,-0.0781,0.9962,-0.0804,0.0340,0.3509,-0.0013,-1.4797,0.9482,-1.3409,-0.5420,0.1560,1.2973,-1.0450,1.2570,-0.0000,0.0155,-0.7638,-0.1590,0.3179,0.0775,0.5234,0.3994,-0.8608,0.0310,0.3000,0.0000,-1.6078,0.9374,-1.3562,-0.5000,0.2000,1.3881,-1.1198,1.2485,-4.8423,6.2178,8.3742,-0.8349,-2.2133,-6.6751,3.0211,0.2657,-1.9401,-2.9682,0.6111,0.16
13.7496,0.1200,0.0000,0.0000,0.0000,0.0000,0.0000,0.0155,-0.0240,-0.0881,0.9967,0.0380,0.0719,0.3509,-0.0012,-1.4976,0.9467,-1.3388,-0.5389,0.1672,1.3123,-1.0659,1.2569,-0.0349,0.0388,-0.6281,0.1241,-0.1745,0.1590,0.3102,0.6049,-0.7677,-0.1086,0.3000,0.0000,-1.5772,0.9994,-1.3689,-0.5000,0.2000,1.4189,-1.1239,1.2414,-4.9299,6.2934,8.3460,-0.7279,-2.4425,-6.6041,3.1283,0.3706,-1.7738,-2.8484,0.6389,0.16
13.7776,0.1200,0.0000,0.0000,0.0000,0.0000,0.0000,0.0827,0.0168,0.0146,0.9892,0.1310,0.0661,0.3504,-0.0014,-1.5107,0.9559,-1.3448,-0.5375,0.1740,1.3286,-1.0845,1.2551,-0.0194,-0.0194,-0.3916,0.6630,-0.2365,-0.0194,0.2133,0.5622,-0.5777,-0.1047,0.3000,0.0000,-1.5467,1.0381,-1.3813,-0.5000,0.2000,1.4398,-1.1276,1.2342,-5.0424,6.3411,8.1484,-0.8193,-2.3450,-6.5644,3.1451,0.3753,-1.5362,-2.8958,0.6667,0.16
13.8056,0.1200,0.0000,0.0000,0.0000,0.0000,0.0000,0.0614,0.0387,0.0954,0.9952,0.0961,0.0166,0.3486,-0.0015,-1.5164,0.9747,-1.3527,-0.5377,0.1794,1.3449,-1.1016,1.2511,-0.0427,0.0078,0.0271,0.7871,-0.3684,-0.0194,0.1745,0.5506,-0.5739,-0.2171,0.3000,0.0000,-1.5161,1.0830,-1.3931,-0.5000,0.2000,1.4575,-1.1306,1.2271,-5.0877,6.3073,7.9767,-0.7919,-2.2066,-6.5366,3.2347,0.3495,-1.5385,-2.9574,0.6944,0.17
13.8336,0.1200,0.0000,0.0000,0.0000,0.0000,0.0000,0.0338,0.0880,0.1376,0.9970,0.0388,0.0677,0.3466,-0.0014,-1.5116,1.0013,-1.3621,-0.5380,0.1842,1.3608,-1.1146,1.2463,0.0427,0.0582,0.3645,1.2059,-0.3684,-0.0427,0.0620,0.5661,-0.4885,-0.2133,0.3000,0.0000,-1.4856,1.1303,-1.4039,-0.5000,0.2000,1.4735,-1.1331,1.2200,-5.0585,6.2226,7.8837,-0.6631,-2.1629,-6.4697,3.2725,0.3059,-1.3438,-2.9315,0.7222,0.16
13.8616,0.1200,0.0000,0.0000,0.0000,0.0000,0.0000,0.0830,-0.0030,-0.0112,0.9957,-0.0166,0.0910,0.3454,-0.0012,-1.4973,1.0353,-1.3713,-0.5399,0.1874,1.3740,-1.1274,1.2413,-0.0310,0.0233,0.5467,1.3765,-0.2986,-0.0388,0.0737,0.4110,-0.3994,-0.2753,0.3000,0.0000,-1.4550,1.1565,-1.4136,-0.5000,0.2000,1.4785,-1.1273,1.2128,-4.9575,6.1587,7.7020,-0.6523,-2.1417,-6.3258,3.3341,0.1516,-0.9252,-2.9314,0.7500,0.17
13.8896,0.1200,0.0000,0.0000,0.0000,0.0000,0.0000,0.0845,0.0099,-0.0535,0.9895,0.1086,0.0955,0.3458,-0.0011,-1.4769,1.0712,-1.3811,-0.5418,0.1898,1.3844,-1.1364,1.2351,0.0039,0.0039,0.7367,1.3920,-0.4459,-0.0620,0.1086,0.2598,-0.2598,-0.2249,0.3000,0.0000,-1.4244,1.1615,-1.4221,-0.5000,0.2000,1.4818,-1.1067,1.2057,-4.9396,5.9223,7.4045,-0.7489,-1.8009,-6.1916,3.2878,-0.0192,-0.7093,-2.8074,0.7778,0.16
13.9176,0.1200,0.0000,0.0000,0.0000,0.0000,0.0000,0.0797,0.0003,0.0036,0.9978,0.0664,-0.0002,0.3468,-0.0012,-1.4493,1.1033,-1.3913,-0.5432,0.1914,1.3927,-1.1390,1.2281,-0.0194,-0.0310,1.0779,1.0508,-0.3179,-0.0427,0.0194,0.2443,0.0388,-0.2908,0.3000,0.0000,-1.3939,1.1653,-1.4293,-0.5000,0.2000,1.4860,-1.0918,1.1986,-4.8762,5.6882,7.1876,-0.7446,-1.6770,-6.0092,3.3606,-0.1806,-0.5583,-2.6987,0.8056,0.17
13.9456,0.1200,0.0000,0.0000,0.0000,0.0000,0.0000,0.0554,0.0064,0.0141,1.0000,0.0039,0.0044,0.3479,-0.0012,-1.4179,1.1287,-1.4009,-0.5434,0.1922,1.3998,-1.1369,1.2211,0.0582,0.0155,1.2059,0.8181,-0.3567,0.0310,-0.0659,0.2094,0.2210,-0.2753,0.3000,0.0000,-1.3633,1.1590,-1.4352,-0.5000,0.2000,1.4868,-1.0452,1.1914,-4.7483,5.4935,7.0560,-0.7281,-1.6365,-5.8160,3.4042,-0.3765,-0.0972,-2.5841,0.8333,0.16
13.9736,0.1200,0.0000,0.0000,0.0000,0.0000,0.0000,0.0690,0.0006,-0.0083,0.9975,0.0649,-0.0288,0.3489,-0.0011,-1.3865,1.1467,-1.4098,-0.5436,0.1927,1.4054,-1.1272,1.2148,0.0737,0.0116,1.0353,0.5312,-0.2714,0.0582,-0.0388,0.0814,0.6359,-0.2249,0.3000,0.0000,-1.3328,1.1293,-1.4398,-0.5000,0.2000,1.4844,-1.0052,1.1842,-4.6635,5.2534,6.8215,-0.8361,-1.3990,-5.6350,3.3486,-0.6044,0.2898,-2.4507,0.8611,0.16
14.0016,0.1200,0.0000,0.0000,0.0000,0.0000,0.0000,0.0739,0.0273,0.0040,0.9955,0.0269,-0.0908,0.3500,-0.0011,-1.3559,1.1545,-1.4179,-0.5445,0.1931,1.4083,-1.1085,1.2084,-0.0000,0.0543,1.1516,0.0931,-0.2520,-0.0000,-0.0271,-0.0310,0.8724,-0.3024,0.3000,0.0000,-1.3022,1.0993,-1.4432,-0.5000,0.2000,1.4842,-0.9812,1.1742,-4.5151,4.9909,6.6305,-0.8456,-1.2647,-5.4376,3.3731,-0.8100,0.5102,-2.3466,0.8889,0.24
14.0296,0.1200,0.0000,0.0000,0.0000,0.0000,0.0000,-0.0533,0.0496,-0.0068,0.8442,0.5013,0.1896,0.3507,-0.0015,-1.3290,1.1465,-1.4235,-0.5451,0.1927,1.4104,-1.0861,1.2010,-0.0271,0.1008,0.5777,-0.1628,-0.1318,0.0659,-0.0116,0.0465,0.7561,-0.2598,0.3000,0.0000,-1.2717,1.0606,-1.3596,-0.5000,0.2000,1.4919,-1.0463,1.1641,-4.6454,4.3523,5.8544,-0.8554,-0.1400,-5.2680,2.9752,-0.9370,-0.1677,-1.8151,0.9167,0.18
14.0576,0.1200,0.0000,0.0000,0.0000,0.0000,0.0000,0.0211,0.0745,0.0944,0.9911,-0.1310,-0.0224,0.3461,-0.0014,-1.3138,1.1297,-1.4169,-0.5451,0.1933,1.4153,-1.0739,1.1926,-0.2133,0.0504,0.6824,-0.7173,0.5816,-0.1047,0.0116,0.3257,0.0388,-0.3412,0.3000,0.0000,-1.2411,1.0998,-1.4472,-0.5000,0.2000,1.5178,-1.0340,1.1541,-4.0115,3.9978,6.3165,-0.0165,-1.2774,-4.7556,3.4043,-0.8811,-0.0777,-1.8822,0.9444,0.18
14.0866,0.1200,0.0000,0.0000,0.0000,0.0000,0.0000,-0.2942,0.2237,-0.1038,0.9915,0.1106,-0.0687,0.3419,-0.0013,-1.2933,1.1148,-1.4144,-0.5447,0.1927,1.4271,-1.0713,1.1838,-0.1357,0.0620,0.5739,-0.2482,-0.2288,0.1086,-0.0039,0.3528,0.0388,-0.3722,0.3000,0.0000,-1.2106,1.0326,-1.4483,-0.5000,0.2000,1.5263,-0.9223,1.1440,-3.7540,3.7249,6.3024,-0.1931,-1.5266,-4.4468,2.8609,-1.0850,1.6274,-1.4416,0.9722,0.20
14.1146,0.1200,0.0000,0.0000,0.0000,0.0000,0.0000,-0.1472,0.3997,0.0792,0.9691,0.0454,-0.2423,0.3415,-0.0012,-1.2777,1.0943,-1.4206,-0.5434,0.1931,1.4363,-1.0545,1.1742,0.0039,0.0310,0.4343,-1.1748,-0.0853,-0.0078,-0.0931,0.0853,1.3144,-0.2288,0.3000,0.0000,-1.1800,0.9487,-1.4770,-0.5000,0.2000,1.5467,-0.9180,1.1340,-3.5118,3.8082,5.8589,-0.5129,-1.6631,-4.3152,2.7146,-1.3867,2.4512,-1.6871,0.0000,0.18
14.1426,0.1200,0.0000,0.0000,0.0000,0.0000,0.0000,-0.2122,0.6560,0.0850,0.9695,-0.1521,-0.1922,0.3391,-0.0001,-1.2636,1.0555,-1.4303,-0.5465,0.1940,1.4436,-1.0273,1.1650,-0.0698,0.0698,0.6243,-1.7913,-0.3063,-0.0427,-0.0039,0.3528,0.9849,-0.3451,0.3000,0.0000,-1.2004,0.9528,-1.4699,-0.5000,0.2000,1.5670,-0.9133,1.1239,-3.1206,3.8423,5.7450,-0.5239,-1.5874,-4.2929,2.6206,-1.5784,2.6693,-1.9224,0.0278,0.17
14.1706,0.1200,0.0000,0.0000,0.0000,0.0000,0.0000,-0.1908,0.9496,0.1044,0.9990,0.0252,-0.0365,0.3380,0.0008,-1.2536,1.0156,-1.4419,-0.5468,0.1948,1.4580,-1.0042,1.1559,-0.0504,0.0388,0.1667,-1.3261,-0.3141,0.0039,-0.0543,0.6204,0.7638,-0.3179,0.3000,0.0000,-1.2207,0.9761,-1.4627,-0.5000,0.2000,1.5874,-0.9083,1.1139,-2.9833,3.4489,5.8006,-0.3421,-1.2557,-4.1784,2.2154,-1.5603,2.1981,-1.6946,0.0556,0.17
14.1986,0.1200,0.0000,0.0000,0.0000,0.0000,0.0000,-0.1448,1.1497,0.2037,0.9814,0.1493,0.1208,0.3359,0.0017,-1.2534,0.9880,-1.4542,-0.5452,0.1948,1.4777,-0.9854,1.1465,-0.0931,0.0892,-0.1473,-0.6863,-0.4226,0.0582,-0.0039,0.7328,0.6010,-0.3451,0.3000,0.0000,-1.2411,0.9955,-1.4556,-0.5000,0.2000,1.6078,-0.9031,1.1038,-3.0437,3.0032,5.7908,-0.1967,-1.3863,-3.8482,1.9984,-1.4675,1.6537,-1.3837,0.0833,0.18
14.2276,0.1200,0.0000,0.0000,0.0000,0.0000,0.0000,-0.1805,1.2571,0.4735,0.9790,0.1380,0.1502,0.3329,0.0032,-1.2616,0.9717,-1.4624,-0.5433,0.1952,1.4998,-0.9696,1.1362,-0.0814,0.1280,-0.4343,-0.4071,-0.1977,0.0853,-0.0582,0.7096,0.5739,-0.3800,0.3000,0.0000,-1.2615,1.0087,-1.4485,-0.5000,0.2000,1.6078,-0.9209,1.1562,-3.1138,2.7407,5.8178,-0.1107,-1.7497,-3.5813,1.8054,-1.2952,1.7290,-1.1860,0.1111,0.19
14.2556,0.1200,0.0000,0.0000,0.0000,0.0000,0.0000,-0.1701,1.3369,0.7199,0.9802,0.0668,0.1865,0.3310,0.0041,-1.2754,0.9629,-1.4662,-0.5421,0.1960,1.5193,-0.9595,1.1351,0.0233,0.0155,-0.6165,-0.1357,-0.0427,0.0737,0.0155,0.7057,0.2326,0.1977,0.3000,0.0000,-1.2819,1.0132,-1.4414,-0.5000,0.2000,1.5772,-0.9722,1.1689,-3.0840,2.6591,5.8655,-0.1071,-2.1572,-3.4341,1.5881,-1.1052,2.2043,-1.2179,0.1389,0.21
14.2836,0.1200,0.0000,0.0000,0.0000,0.0000,0.0000,-0.1216,1.4542,0.9370,0.9740,0.0239,0.2252,0.3296,0.0046,-1.2920,0.9589,-1.4670,-0.5403,0.1963,1.5323,-0.9605,1.1424,-0.0620,-0.0078,-0.6436,-0.0737,0.0737,0.1124,-0.0388,0.3800,-0.2404,0.2947,0.3000,0.0000,-1.3022,1.0091,-1.4342,-0.5000,0.2000,1.5551,-1.0200,1.1813,-3.0345,2.6919,5.8480,-0.1843,-2.3769,-3.3837,1.3017,-0.9161,2.6733,-1.4241,0.1667,0.19
14.3116,0.1200,0.0000,0.0000,0.0000,0.0000,0.0000,-0.0779,1.5820,1.1023,0.9653,-0.0924,0.2441,0.3270,0.0046,-1.3101,0.9560,-1.4667,-0.5368,0.1964,1.5382,-0.9693,1.1533,-0.0659,-0.0000,-0.6359,-0.0892,0.0388,0.1900,-0.0078,0.0620,0.2753,0.1396,0.3000,0.0000,-1.3226,0.9918,-1.4271,-0.5000,0.2000,1.5470,-1.0621,1.1931,-2.9915,2.9240,5.8870,-0.3888,-2.6428,-3.3712,1.1872,-0.6915,2.9727,-1.7575,0.1944,0.18
14.3396,0.1200,0.0000,0.0000,0.0000,0.0000,0.0000,0.3797,1.3748,1.4113,0.9248,0.3023,-0.2310,0.3235,0.0035,-1.3276,0.9543,-1.4647,-0.5337,0.2005,1.5553,-0.9699,1.1597,-0.2055,-0.0504,-0.5467,-0.0504,0.2986,0.3839,0.1667,0.9926,-0.0543,0.3141,0.3000,0.0000,-1.3430,0.9727,-1.4200,-0.5000,0.1782,1.5614,-1.0966,1.2039,-3.4296,2.7175,5.6759,-0.6034,-1.9389,-3.3015,0.7819,-0.2412,1.8577,-1.7544,0.2222,0.17
14.3676,0.1200,0.0000,0.0000,0.0000,0.0000,0.0000,0.2276,0.8700,0.7602,0.9159,-0.0057,0.4013,0.3162,0.0035,-1.3373,0.9551,-1.4588,-0.5282,0.2054,1.5821,-0.9730,1.1657,-0.3024,0.0388,-0.2908,0.1357,0.2753,0.2016,0.0659,0.8259,-0.1861,0.2016,0.3000,0.0000,-1.3633,0.9801,-1.4128,-0.5000,0.2000,1.5536,-1.1217,1.2136,-3.5404,3.0047,5.9788,-0.5468,-2.5239,-3.2153,1.1653,-0.0144,1.0305,-1.8656,0.2500,0.16
14.3956,0.1200,0.0000,0.0000,0.0000,0.0000,0.0000,-0.0177,0.7753,0.4102,0.8776,-0.2414,0.4143,0.3114,0.0031,-1.3463,0.9568,-1.4497,-0.5265,0.2129,1.6057,-0.9823,1.1740,-0.1241,-0.0737,-0.4032,0.1086,0.4226,0.0388,0.3373,0.8104,-0.3296,0.2326,0.3000,0.0000,-1.3837,1.0037,-1.4057,-0.5000,0.2000,1.5385,-1.1364,1.2221,-3.4846,3.4330,6.2095,-0.3202,-2.7320,-3.3533,1.1430,0.1410,1.1838,-1.8628,0.2778,0.18
14.4236,0.1200,0.0000,0.0000,0.0000,0.0000,0.0000,-0.2042,0.6747,-0.2459,0.8389,-0.3160,0.4432,0.3088,0.0028,-1.3583,0.9615,-1.4392,-0.5253,0.2204,1.6194,-0.9929,1.1830,-0.0814,-0.0155,-0.4885,0.2792,0.3451,0.0543,0.2210,0.2947,-0.2908,0.3296,0.3000,0.0000,-1.4041,1.0358,-1.3986,-0.5000,0.1977,1.5169,-1.1398,1.2293,-3.3627,3.6515,6.1313,-0.0023,-2.7762,-3.4558,0.9769,0.2301,1.1396,-1.9989,0.3056,0.17
14.4516,0.1200,0.0000,0.0000,0.0000,0.0000,0.0000,-0.2522,0.6054,-1.0332,0.8963,-0.2330,0.3772,0.3062,0.0024,-1.3762,0.9690,-1.4285,-0.5231,0.2235,1.6222,-1.0032,1.1949,-0.1047,-0.0194,-0.7677,0.3335,0.3800,0.1318,0.0892,-0.0194,-0.4808,0.5351,0.3000,0.0000,-1.4244,1.0622,-1.3914,-0.5000,0.1953,1.4880,-1.1488,1.2352,-3.2139,3.6130,6.1439,0.2674,-2.9735,-3.4290,0.9527,0.2468,0.8307,-1.9982,0.3333,0.18
14.4796,0.1200,0.0000,0.0000,0.0000,0.0000,0.0000,-0.3708,0.6218,-1.5603,0.9213,-0.1586,0.3550,0.3025,0.0015,-1.4005,0.9781,-1.4198,-0.5210,0.2228,1.6179,-1.0165,1.2076,-0.0698,-0.0737,-0.9926,0.3528,0.2288,0.1396,-0.1512,-0.3257,-0.5273,0.4226,0.3000,0.0000,-1.4448,1.0834,-1.3842,-0.5000,0.1919,1.4589,-1.1382,1.2398,-3.0818,3.5239,6.0210,0.4926,-3.1733,-3.3585,0.9192,0.2614,0.7471,-1.8477,0.3611,0.17
14.5075,0.1200,0.0000,0.0000,0.0000,0.0000,0.0000,-0.4644,0.5722,-1.8352,0.9588,-0.0496,0.2797,0.2995,0.0002,-1.4293,0.9871,-1.4127,-0.5181,0.2188,1.6052,-1.0284,1.2204,-0.0427,0.0039,-1.0740,0.3179,0.2792,0.0969,-0.2133,-0.5622,-0.3684,0.4381,0.3000,0.0000,-1.4652,1.0817,-1.3742,-0.5000,0.1885,1.4344,-1.1060,1.2432,-2.9995,3.4764,5.8649,0.4956,-3.3928,-3.2738,0.8850,0.3215,0.7789,-1.7816,0.3889,0.16
14.5356,0.1200,0.0000,0.0000,0.0000,0.0000,0.0000,-0.4418,0.6968,-1.9047,0.9827,0.0038,0.1850,0.2987,-0.0004,-1.4596,0.9925,-1.4067,-0.5142,0.2130,1.5860,-1.0340,1.2320,0.0194,0.0233,-1.0973,0.1861,0.1822,0.1861,-0.2171,-0.7638,-0.0775,0.3761,0.3000,0.0000,-1.4856,1.0611,-1.3641,-0.5000,0.1911,1.4066,-1.0602,1.2456,-2.9620,3.6698,5.7612,0.3163,-3.5783,-3.3106,0.9109,0.3495,0.8591,-1.9032,0.4167,0.16
14.5635,0.1200,0.0000,0.0000,0.0000,0.0000,0.0000,-0.5004,0.8847,-1.7288,0.9798,0.0437,0.1952,0.2987,-0.0004,-1.4883,0.9915,-1.4019,-0.5106,0.2077,1.5632,-1.0300,1.2425,0.0543,0.0543,-1.0275,-0.0388,0.2482,0.1667,-0.1396,-0.9693,0.2559,0.3218,0.3000,0.0000,-1.5059,1.0301,-1.3541,-0.5000,0.1998,1.3768,-1.0323,1.2472,-3.0854,4.0716,5.7868,0.0388,-3.5545,-3.6007,0.9979,0.3565,0.6914,-2.1080,0.4444,0.16
14.5916,0.1200,0.0000,0.0000,0.0000,0.0000,0.0000,-0.4415,0.9675,-1.4738,0.9787,0.0322,0.2028,0.2989,0.0006,-1.5113,0.9852,-1.3967,-0.5074,0.2043,1.5372,-1.0188,1.2506,0.0388,0.0698,-0.8220,-0.2986,0.0853,0.1163,-0.0504,-0.9267,0.5467,0.2986,0.3000,0.0000,-1.5263,0.9952,-1.3440,-0.5000,0.2000,1.3449,-1.0444,1.2483,-3.3526,4.6416,6.0257,-0.2710,-3.4754,-4.0680,1.3393,0.3430,0.0751,-2.3381,0.4722,0.18
14.6196,0.1200,0.0000,0.0000,0.0000,0.0000,0.0000,-0.2942,1.1375,-1.2364,0.9430,-0.0281,0.3317,0.2995,0.0022,-1.5313,0.9730,-1.3921,-0.5059,0.2024,1.5124,-1.0080,1.2578,-0.0000,0.0853,-0.6204,-0.5700,0.1473,0.0388,-0.0853,-0.7987,0.3645,0.2869,0.3000,0.0000,-1.5467,0.9847,-1.3340,-0.5000,0.2000,1.3146,-1.0780,1.2770,-3.6960,5.1820,6.3695,-0.3334,-3.2259,-4.6642,1.7670,0.3459,-0.7797,-2.4384,0.5000,0.17
14.6486,0.1200,0.0000,0.0000,0.0000,0.0000,0.0000,-0.2030,1.1585,-1.0038,0.8949,0.0495,0.4435,0.3001,0.0030,-1.5476,0.9610,-1.3873,-0.5056,0.2007,1.4918,-1.0028,1.2686,0.0078,0.0620,-0.4730,-0.3179,0.2288,-0.0039,-0.0582,-0.6436,0.1396,0.5002,0.3000,0.0000,-1.5670,1.0003,-1.3239,-0.5000,0.2000,1.3548,-1.1052,1.2699,-4.0898,5.3896,6.7094,-0.1302,-2.8733,-5.1649,2.1006,0.5442,-1.8469,-2.2921,0.5278,0.18
14.6766,0.1200,0.0000,0.0000,0.0000,0.0000,0.0000,-0.2575,1.1602,-0.8620,0.8645,0.1118,0.4900,0.3003,0.0032,-1.5612,0.9562,-1.3803,-0.5051,0.1997,1.4814,-1.0042,1.2791,0.0388,-0.0271,-0.5739,0.0271,0.2249,0.0078,-0.0388,-0.1241,-0.0853,0.2171,0.3000,0.0000,-1.5874,1.0303,-1.3139,-0.5000,0.2000,1.4053,-1.1103,1.2627,-4.3716,5.4489,7.0135,0.2201,-2.8481,-5.4766,2.3484,0.8453,-2.6712,-2.0944,0.5556,0.16
14.7046,0.1200,0.0000,0.0000,0.0000,0.0000,0.0000,-0.3268,1.3522,-0.7689,0.8418,0.1924,0.5043,0.3008,0.0035,-1.5773,0.9584,-1.3722,-0.5050,0.1989,1.4832,-1.0098,1.2826,0.1124,0.0388,-0.6243,0.2443,0.2482,0.0737,-0.0388,0.1318,-0.3179,0.0388,0.3000,0.0000,-1.6078,1.0493,-1.3038,-0.5000,0.2000,1.4411,-1.1152,1.2556,-4.5873,5.4905,7.2291,0.4620,-3.0305,-5.6375,2.4705,1.0718,-2.7442,-1.9752,0.5833,0.16
14.7325,0.1200,0.0000,0.0000,0.0000,0.0000,0.0000,-0.3692,1.4618,-0.6162,0.8375,0.2039,0.5070,0.3008,0.0040,-1.5963,0.9640,-1.3641,-0.5047,0.1981,1.4907,-1.0177,1.2826,0.0388,0.0388,-0.6940,0.3063,0.3451,0.0194,-0.0310,0.3024,-0.3218,-0.0504,0.3000,0.0000,-1.6078,1.0641,-1.3562,-0.5000,0.2000,1.4615,-1.1198,1.2485,-4.7332,5.6764,7.2889,0.4321,-3.2474,-5.7508,2.5987,1.1301,-2.4037,-2.1079,0.6111,0.16
14.7605,0.1200,0.0000,0.0000,0.0000,0.0000,0.0000,-0.3944,1.6485,-0.5308,0.8214,0.1903,0.5376,0.3006,0.0047,-1.6146,0.9710,-1.3611,-0.5045,0.1973,1.5028,-1.0254,1.2812,-0.0000,0.0543,-0.6514,0.2869,-0.0000,-0.0000,-0.0659,0.4420,-0.2869,-0.1473,0.3000,0.0000,-1.5772,1.1071,-1.3689,-0.5000,0.2000,1.4819,-1.1239,1.2414,-4.8468,5.8778,7.2112,0.3493,-3.1086,-5.8803,2.7358,1.0876,-2.2347,-2.3521,0.6389,0.16
14.7885,0.1200,0.0000,0.0000,0.0000,0.0000,0.0000,-0.2998,1.6802,-0.4040,0.7014,0.2922,0.6502,0.3005,0.0051,-1.6285,0.9797,-1.3623,-0.5047,0.1974,1.5165,-1.0337,1.2783,0.0620,0.0039,-0.3839,0.3528,-0.0698,0.0465,-0.0271,0.3994,-0.3141,-0.1667,0.3000,0.0000,-1.5467,1.1726,-1.3813,-0.5000,0.2000,1.5022,-1.1276,1.2342,-5.0022,5.7321,6.9019,0.5258,-2.5443,-5.9790,2.7570,1.1582,-2.6074,-2.3933,0.6667,0.18
14.8166,0.1200,0.0000,0.0000,0.0000,0.0000,0.0000,-0.3613,1.4040,-0.1367,0.6545,0.3585,0.6657,0.2996,0.0052,-1.6354,0.9974,-1.3638,-0.5051,0.1974,1.5280,-1.0445,1.2733,-0.0078,-0.0000,-0.1435,0.8375,-0.0155,0.1124,-0.0194,0.3179,-0.4692,-0.2365,0.3000,0.0000,-1.5161,1.2518,-1.3931,-0.5000,0.2000,1.5226,-1.1306,1.2271,-5.0761,5.3458,6.7658,0.8965,-2.5177,-5.9239,2.7240,1.4013,-3.0201,-2.2474,0.6944,0.18
14.8445,0.1200,0.0000,0.0000,0.0000,0.0000,0.0000,-0.3471,1.2071,0.2590,0.6803,0.3274,0.6557,0.2990,0.0054,-1.6375,1.0287,-1.3650,-0.5052,0.1974,1.5368,-1.0569,1.2660,0.0388,0.0388,-0.0582,1.4346,-0.1124,0.0310,-0.0155,0.2249,-0.3684,-0.3141,0.3000,0.0000,-1.4856,1.2772,-1.4039,-0.5000,0.2000,1.5430,-1.1331,1.2200,-5.1147,5.3152,6.7589,0.8064,-3.1219,-5.7848,2.7349,1.4880,-2.3444,-2.2301,0.7222,0.17
14.8726,0.1200,0.0000,0.0000,0.0000,0.0000,0.0000,-0.2768,1.0736,0.6348,0.7608,0.2390,0.6034,0.2984,0.0052,-1.6350,1.0652,-1.3686,-0.5053,0.1973,1.5438,-1.0702,1.2559,-0.0039,-0.0194,0.2016,1.2640,-0.1473,0.0543,0.0194,0.1861,-0.5118,-0.5739,0.3000,0.0000,-1.4550,1.2248,-1.4136,-0.5000,0.2000,1.5633,-1.1348,1.2128,-5.2253,5.7144,6.6331,0.0306,-3.1562,-5.7289,2.7756,1.2098,-1.2640,-2.6426,0.7500,0.20
14.9005,0.1200,0.0000,0.0000,0.0000,0.0000,0.0000,-0.1531,1.2170,1.1343,0.9158,0.0179,0.4012,0.2974,0.0048,-1.6235,1.0907,-1.3749,-0.5051,0.1973,1.5514,-1.0818,1.2434,-0.0814,0.0427,0.6087,0.6126,-0.1939,0.0969,-0.0388,0.3102,-0.3218,-0.5700,0.3000,0.0000,-1.4244,1.2029,-1.4221,-0.5000,0.2000,1.5782,-1.1358,1.2057,-5.3493,6.0584,6.7470,-0.3344,-2.6328,-5.8362,2.9589,0.9446,-1.0596,-3.0696,0.7778,0.19
14.9286,0.1200,0.0000,0.0000,0.0000,0.0000,0.0000,0.0187,1.6931,1.4867,0.8553,0.0385,0.5167,0.2961,0.0040,-1.6012,1.1021,-1.3817,-0.5047,0.1974,1.5638,-1.0889,1.2307,-0.1280,-0.0194,0.8608,0.2210,-0.2404,0.0620,-0.0659,0.5506,-0.1977,-0.4692,0.3000,0.0000,-1.3939,1.2382,-1.4293,-0.5000,0.2000,1.5974,-1.1360,1.1986,-5.4627,5.9028,6.8642,-0.0153,-2.0570,-5.9988,2.9935,0.9332,-1.5182,-2.9605,0.8056,0.18
14.9565,0.1200,0.0000,0.0000,0.0000,0.0000,0.0000,0.1743,1.8744,1.7297,0.6396,0.1697,0.7497,0.2952,0.0031,-1.5740,1.1149,-1.3895,-0.5045,0.1978,1.5804,-1.0928,1.2181,-0.0000,0.0310,1.0275,0.7096,-0.3141,-0.0039,0.0310,0.6126,-0.1202,-0.4575,0.3000,0.0000,-1.3633,1.2698,-1.4352,-0.5000,0.2000,1.6244,-1.1355,1.1914,-5.5636,5.4976,6.6253,0.3795,-1.7502,-5.8814,2.8782,1.0744,-1.7174,-2.5817,0.8333,0.17
14.9845,0.1200,0.0000,0.0000,0.0000,0.0000,0.0000,0.3363,1.7689,1.9141,0.6625,0.0669,0.7461,0.2942,0.0025,-1.5428,1.1373,-1.3985,-0.5046,0.1990,1.5970,-1.0970,1.2056,-0.0000,0.0194,1.1089,1.0236,-0.3024,0.0039,0.0543,0.5816,-0.1280,-0.5390,0.3000,0.0000,-1.3328,1.2471,-1.4398,-0.5000,0.2000,1.6448,-1.1342,1.1842,-5.4760,5.3581,6.6537,0.3419,-2.2984,-5.5459,2.8642,1.1091,-1.1056,-2.4343,0.8611,0.18
15.0125,0.1200,0.0000,0.0000,0.0000,0.0000,0.0000,0.5618,1.8406,2.0259,0.7287,-0.0964,0.6780,0.2934,0.0024,-1.5051,1.1593,-1.4086,-0.5048,0.2010,1.6137,-1.1003,1.1920,-0.0349,-0.0078,1.4501,0.7677,-0.4265,-0.0310,0.0582,0.5351,-0.0620,-0.5428,0.3000,0.0000,-1.3022,1.1585,-1.4432,-0.5000,0.2000,1.6416,-1.0013,1.1742,-5.3698,5.5436,6.6504,-0.2539,-2.5913,-5.2810,2.9271,0.7637,0.3082,-2.6070,0.8889,0.18
15.0406,0.1200,0.0000,0.0000,0.0000,0.0000,0.0000,0.7253,2.1429,1.9794,0.8517,0.1420,0.5044,0.2926,0.0027,-1.4633,1.1661,-1.4173,-0.5049,0.2049,1.6280,-1.0843,1.1783,-0.0310,-0.0039,1.4773,-0.2482,-0.2520,0.0853,0.1047,0.2675,1.2873,-0.5041,0.3000,0.0000,-1.2717,1.0677,-1.4456,-0.5000,0.2000,1.6175,-0.9681,1.1641,-5.5239,5.6272,6.6270,-0.7841,-1.9258,-5.3358,2.8701,0.3192,0.6139,-2.7471,0.9167,0.17
15.0686,0.1200,0.0000,0.0000,0.0000,0.0000,0.0000,0.7184,2.6512,1.7274,0.4662,0.3140,0.8271,0.2925,0.0033,-1.4204,1.1427,-1.4219,-0.5069,0.2100,1.6328,-1.0485,1.1641,0.0814,-0.0737,1.5199,-1.4501,-0.0698,-0.0969,0.0620,0.0233,1.3920,-0.5506,0.3000,0.0000,-1.2411,1.0637,-1.3878,-0.5000,0.2000,1.6249,-1.0823,1.1541,-5.6355,5.2009,5.8194,-0.3771,-0.4054,-5.4618,2.8234,0.1898,-0.5614,-2.4895,0.9444,0.17
15.0965,0.1200,0.0000,0.0000,0.0000,0.0000,0.0000,-0.1912,2.3369,1.4567,0.0537,-0.0105,0.9985,0.2953,0.0034,-1.3796,1.1046,-1.4144,-0.5091,0.2111,1.6368,-1.0309,1.1495,0.0892,0.1086,1.3765,-1.0197,0.4885,-0.0582,0.0388,0.2947,-0.0620,-0.5118,0.3000,0.0000,-1.2106,1.1512,-1.2950,-0.5000,0.2000,1.6927,-1.1223,1.1440,-5.1565,4.2541,5.0563,0.9928,0.5329,-5.0735,2.3982,0.6639,-1.2504,-2.0446,0.9722,0.19
15.1245,0.1200,0.0000,0.0000,0.0000,0.0000,0.0000,0.2334,1.8734,1.0446,0.0914,0.1159,0.9891,0.2961,0.0047,-1.3406,1.0932,-1.3891,-0.5065,0.2097,1.6525,-1.0423,1.1431,-0.0853,0.0931,1.2718,0.2365,1.3299,0.1280,-0.0194,0.6669,-0.8530,-0.1551,0.3000,0.0000,-1.1800,1.1000,-1.4279,-0.5000,0.2000,1.7467,-1.1073,1.1340,-4.5139,2.9775,5.0406,1.7835,-0.5093,-3.9896,1.9576,1.0011,-0.8928,-1.1715,0.0000,0.18
15.1525,0.1200,0.0000,0.0000,0.0000,0.0000,0.0000,0.2060,1.5539,0.8193,0.2523,0.2187,0.9426,0.2953,0.0066,-1.3044,1.0852,-1.3746,-0.5058,0.2086,1.6735,-1.0616,1.1382,-0.0155,0.0698,1.3687,-0.5777,-0.2288,0.1047,-0.0233,0.7406,-0.5894,-0.3567,0.3000,0.0000,-1.2004,1.1052,-1.4699,-0.5000,0.2000,1.7255,-0.9133,1.1469,-4.0646,2.4000,4.9448,1.2759,-2.2929,-3.3392,2.0999,0.5851,1.0756,-0.7706,0.0278,0.17
15.1805,0.1200,0.0000,0.0000,0.0000,0.0000,0.0000,-0.0177,1.6059,0.7540,0.2353,0.4588,0.8568,0.2957,0.0086,-1.2760,1.0709,-1.3847,-0.5060,0.2075,1.6852,-1.0583,1.1302,0.0039,0.0659,0.7522,-0.4149,-0.5661,0.0194,-0.0504,0.0775,0.9771,-0.2714,0.3000,0.0000,-1.2207,1.0677,-1.4627,-0.5000,0.2000,1.6743,-0.9083,1.1139,-3.9344,2.3968,4.0028,0.5733,-1.0650,-3.5755,1.3977,-0.1307,2.5762,-1.1592,0.0556,0.17
15.2085,0.1200,0.0000,0.0000,0.0000,0.0000,0.0000,-0.1308,2.0401,0.6994,0.2155,0.2408,0.9463,0.2958,0.0118,-1.2621,1.0572,-1.3969,-0.5056,0.2054,1.6787,-1.0321,1.1209,0.0155,0.1628,0.2559,-0.5855,-0.3296,0.0116,-0.1435,-0.3567,1.1477,-0.4032,0.3000,0.0000,-1.2411,1.0303,-1.3979,-0.5000,0.2000,1.6715,-0.9031,1.1038,-3.8060,2.1225,3.7433,0.1509,-0.4233,-3.0740,1.3198,-0.3627,1.9597,-1.3562,0.0833,0.19
15.2376,0.1200,0.0000,0.0000,0.0000,0.0000,0.0000,-0.0258,2.1224,0.7450,-0.0282,0.2508,0.9676,0.2956,0.0142,-1.2550,1.0396,-1.3984,-0.5047,0.2043,1.6710,-1.0020,1.1116,0.0039,0.1241,0.1551,-0.6514,0.2869,0.0388,-0.0931,-0.1784,1.0081,-0.3063,0.3000,0.0000,-1.2615,1.0705,-1.2877,-0.5000,0.2000,1.6880,-0.9209,1.1624,-3.6683,1.4352,3.1900,0.5070,0.6078,-2.8469,1.1322,-0.1974,1.1329,-0.9375,0.1111,0.18
15.2655,0.1200,0.0000,0.0000,0.0000,0.0000,0.0000,-0.0807,1.9990,0.7327,-0.1565,0.2521,0.9550,0.2958,0.0148,-1.2497,1.0325,-1.3753,-0.5041,0.2044,1.6690,-0.9792,1.1077,0.0116,0.0388,0.1086,0.1318,1.3377,0.0465,0.0000,-0.0582,0.6010,0.0039,0.3000,-0.0638,-1.2819,1.1022,-1.2715,-0.5000,0.2000,1.6695,-0.9962,1.2613,-3.3906,0.3619,2.7940,0.7824,0.6987,-2.3483,1.1278,-0.0773,0.7596,-0.0765,0.1389,0.20
15.2936,0.1200,0.0000,0.0000,0.0000,0.0000,0.0000,0.1444,1.9654,0.6385,-0.2166,-0.0755,0.9733,0.2961,0.0042,-1.2462,1.0402,-1.3436,-0.5029,0.2054,1.6664,-0.9674,1.1229,0.0155,-0.6979,-0.0388,0.4343,0.9577,0.0737,0.0892,-0.0814,0.2210,1.0702,0.3000,-0.1591,-1.3022,1.0791,-1.3297,-0.5000,0.2000,1.6169,-1.0200,1.3187,-2.7008,-0.5912,2.4607,0.5148,0.0450,-1.6538,1.4273,-0.2978,1.0448,0.3738,0.1667,0.19
15.3225,0.1200,0.0000,0.0000,0.0000,0.0000,0.0000,0.3657,1.6346,0.4022,-0.3771,0.0239,0.9259,0.2961,-0.0274,-1.2487,1.0519,-1.3301,-0.4998,0.2106,1.6568,-0.9663,1.1627,0.0388,-1.3959,-0.1939,0.3916,0.0233,0.1435,0.2249,-0.5196,-0.0310,1.6014,0.3000,-0.1253,-1.3226,1.0690,-1.2787,-0.5000,0.2000,1.5558,-1.0644,1.2902,-1.1461,-0.2529,1.2542,0.3838,0.4842,-1.0801,1.2191,-0.6029,0.9775,-0.0282,0.1944,0.20
15.3505,0.1200,0.0000,0.0000,0.0000,0.0000,0.0000,0.0873,1.0180,0.0570,-0.4450,-0.2688,0.8542,0.2961,-0.0579,-1.2563,1.0654,-1.3257,-0.4980,0.2176,1.6344,-0.9707,1.2004,0.0465,-0.6708,-0.2714,0.5079,0.3412,0.0931,0.1473,-0.9073,-0.2675,0.9732,0.4603,-0.0689,-1.3890,1.0347,-1.2875,-0.4459,0.1906,1.4998,-1.1054,1.2852,0.6031,0.3106,0.5396,0.0164,0.3250,-0.4592,0.9064,-0.8574,0.9122,-0.1870,0.2222,0.19
15.3785,0.1200,0.0000,0.0000,0.0000,0.0000,0.0000,0.1735,0.4940,-0.0990,-0.3306,-0.1521,0.9314,0.3157,-0.0662,-1.2694,1.0740,-1.3213,-0.4896,0.2211,1.6047,-0.9809,1.2280,1.3222,0.0155,-0.5157,0.2520,0.0504,0.5583,-0.0427,-1.2214,-0.4226,0.8298,0.5000,-0.0254,-1.4265,0.9986,-1.2849,-0.3830,0.1873,1.4550,-1.1217,1.2942,1.6961,0.7459,0.3681,-0.3621,0.2793,0.1697,0.8726,-1.0690,1.0714,-0.1945,0.2500,0.18
15.4065,0.1200,0.0000,0.0000,0.0000,0.0000,0.0000,0.1062,0.2401,-0.0130,-0.3481,-0.2579,0.9013,0.3593,-0.0610,-1.2810,1.0762,-1.3206,-0.4668,0.2201,1.5727,-0.9916,1.2539,1.7022,0.4343,-0.3761,-0.0155,0.0659,1.0508,-0.0698,-1.1206,-0.3684,0.8491,0.5000,0.0000,-1.4516,0.9760,-1.3078,-0.3700,0.1966,1.4244,-1.1364,1.3108,2.5623,1.2952,0.3206,-0.5980,-0.0208,0.3005,0.9664,-1.1134,1.1548,-0.1131,0.2778,0.18
15.4345,0.1200,0.0000,0.0000,0.0000,0.0000,0.0000,0.1131,0.3327,-0.5246,-0.3905,-0.2065,0.8972,0.4038,-0.0503,-1.2941,1.0722,-1.3221,-0.4441,0.2182,1.5434,-1.0022,1.2798,1.3222,0.3296,-0.6243,-0.1939,-0.0853,0.7677,-0.1008,-0.9926,-0.4420,0.8802,0.5000,0.0000,-1.4976,0.9783,-1.3225,-0.3704,0.2000,1.3939,-1.1398,1.3123,3.1101,1.9426,0.0646,-0.5765,-0.2391,0.2956,1.0483,-1.2859,1.3192,-0.1705,0.3056,0.18
15.4625,0.1200,0.0000,0.0000,0.0000,0.0000,0.0000,0.1873,0.4001,-1.0588,-0.3728,-0.0131,0.9278,0.4336,-0.0411,-1.3111,1.0646,-1.3254,-0.4251,0.2148,1.5178,-1.0130,1.3026,0.9538,0.3296,-0.7794,-0.2986,-0.1318,0.6281,-0.1163,-0.9034,-0.3606,0.6940,0.5000,0.0000,-1.5360,1.0155,-1.3006,-0.3805,0.1847,1.3633,-1.1318,1.3214,3.1510,1.6465,-0.1158,-0.1997,-0.0914,0.1951,0.8466,-1.3388,1.2175,-0.1378,0.3333,0.17
15.4905,0.1200,0.0000,0.0000,0.0000,0.0000,0.0000,0.0453,0.2951,-1.5656,-0.3326,0.0808,0.9396,0.4551,-0.0340,-1.3343,1.0609,-1.3249,-0.4134,0.2086,1.4927,-1.0203,1.3214,0.6902,0.2482,-1.0353,0.0388,0.1280,0.3102,-0.4304,-0.9577,-0.2482,0.5545,0.5000,-0.0196,-1.5604,1.0529,-1.2823,-0.3448,0.1418,1.3328,-1.1129,1.3452,3.1432,0.8045,-0.1562,0.1874,0.0190,0.5520,0.4177,-1.2985,1.0663,0.0541,0.3611,0.17
15.5185,0.1200,0.0000,0.0000,0.0000,0.0000,0.0000,0.0745,0.2650,-1.9985,-0.3204,0.1457,0.9360,0.4701,-0.0312,-1.3625,1.0625,-1.3171,-0.4033,0.1923,1.4654,-1.0250,1.3379,0.5234,0.0582,-1.1361,0.1590,0.2947,0.5234,-0.7677,-1.0353,-0.0892,0.5079,0.5000,-0.0886,-1.5769,1.0909,-1.2823,-0.3000,0.1029,1.3022,-1.0839,1.3537,3.2755,0.1140,-0.1176,0.5870,-0.0818,1.2424,0.0291,-1.1913,1.2010,0.1049,0.3889,0.17
15.5465,0.1200,0.0000,0.0000,0.0000,0.0000,0.0000,0.1543,0.3019,-2.1397,-0.2644,0.2549,0.9301,0.4813,-0.0401,-1.3921,1.0669,-1.3050,-0.3843,0.1678,1.4354,-1.0274,1.3520,0.3761,-0.5700,-1.1632,0.1667,0.3684,0.8840,-1.0740,-1.1438,0.0310,0.3916,0.5000,-0.1383,-1.5885,1.1287,-1.2663,-0.3000,0.0745,1.2717,-1.0461,1.3330,3.4023,-0.3832,-0.0294,0.9926,-0.0220,1.8193,-0.2550,-1.1202,1.4499,-0.1265,0.4167,0.17
15.5745,0.1200,0.0000,0.0000,0.0000,0.0000,0.0000,0.1442,0.3046,-2.3203,-0.2157,0.2693,0.9386,0.4884,-0.0606,-1.4221,1.0724,-1.2896,-0.3625,0.1409,1.4024,-1.0246,1.3584,0.2559,-0.8840,-1.1826,0.2133,0.7134,0.6010,-1.0508,-1.2252,0.2714,0.0194,0.5000,-0.1609,-1.6101,1.1262,-1.2333,-0.3000,0.0528,1.2411,-1.0014,1.3065,3.5222,-0.6091,-0.0418,1.3821,0.2077,2.1831,-0.4717,-1.0928,1.7465,-0.4069,0.4444,0.17
15.6025,0.1200,0.0000,0.0000,0.0000,0.0000,0.0000,0.1107,0.1634,-2.4315,-0.2025,0.2047,0.9577,0.4921,-0.0819,-1.4540,1.0755,-1.2697,-0.3467,0.1167,1.3658,-1.0157,1.3555,0.1086,-0.6708,-1.1787,0.1512,0.7987,0.5196,-0.8763,-1.4463,0.4188,-0.2055,0.5000,-0.1481,-1.6192,1.1223,-1.1963,-0.3000,0.0411,1.2130,-0.9519,1.3076,3.6957,-0.4806,0.0712,1.5485,0.4771,2.3148,-0.5885,-0.9751,2.1692,-0.4066,0.4722,0.18
15.6305,0.1200,0.0000,0.0000,0.0000,0.0000,0.0000,0.1247,0.1346,-2.4175,-0.2367,0.1933,0.9521,0.4941,-0.0958,-1.4831,1.0772,-1.2464,-0.3345,0.0973,1.3288,-1.0004,1.3493,0.0931,-0.3218,-1.1012,0.0737,0.9189,0.3916,-0.5971,-1.2834,0.7561,-0.2133,0.5000,-0.1254,-1.6154,1.1180,-1.1520,-0.3000,0.0180,1.1931,-0.9000,1.3605,3.7392,-0.2544,0.3124,1.5544,0.8195,2.3632,-0.8201,-0.8692,2.5552,-0.1646,0.5000,0.17
15.6585,0.1200,0.0000,0.0000,0.0000,0.0000,0.0000,0.0497,0.1095,-2.3529,-0.1927,0.1150,0.9745,0.4956,-0.1014,-1.5079,1.0768,-1.2173,-0.3239,0.0796,1.2920,-0.9776,1.3509,-0.0388,-0.0349,-0.8569,-0.0388,1.2524,0.3490,-0.6204,-1.3997,0.8414,0.2326,0.5000,-0.1332,-1.6086,1.1133,-1.1239,-0.3000,0.0000,1.2104,-0.9052,1.3768,3.8716,-0.3321,0.5848,1.4224,1.2291,2.1378,-1.2989,-0.8998,3.3613,0.0691,0.5278,0.17
15.6866,0.1200,0.0000,0.0000,0.0000,0.0000,0.0000,0.0294,0.3142,-2.2610,-0.0960,0.0015,0.9954,0.4963,-0.1038,-1.5290,1.0725,-1.1845,-0.3180,0.0630,1.2583,-0.9559,1.3620,0.0039,-0.0116,-0.6979,-0.2210,1.3028,0.2055,-0.6475,-1.0042,0.6436,0.4924,0.5000,-0.1755,-1.5966,1.1083,-1.1139,-0.3000,0.0000,1.2207,-0.9103,1.3572,3.7676,-0.7551,0.9085,1.7526,1.4819,1.6801,-1.3887,-1.0789,4.4857,-0.0550,0.5556,0.17
15.7145,0.1200,0.0000,0.0000,0.0000,0.0000,0.0000,0.1051,0.5499,-1.9344,-0.1186,-0.0541,0.9915,0.4965,-0.1125,-1.5486,1.0647,-1.1534,-0.3166,0.0520,1.2341,-0.9360,1.3736,0.0388,-0.3994,-0.6708,-0.3567,1.0236,0.0388,-0.2869,-0.7522,0.7134,0.3451,0.5000,-0.2000,-1.6078,1.1031,-1.1038,-0.3000,0.0834,1.2411,-0.9152,1.3484,3.1529,-1.0580,1.2789,2.0758,1.4825,1.2165,-0.1663,-1.1023,4.6279,-0.0722,0.5833,0.16
15.7425,0.1200,0.0000,0.0000,0.0000,0.0000,0.0000,0.1077,0.5637,-1.5367,-0.1476,-0.1377,0.9794,0.4965,-0.1269,-1.5697,1.0563,-1.1287,-0.3150,0.0594,1.2192,-0.9191,1.3819,-0.0078,-0.5312,-0.8104,-0.2792,0.7638,0.0775,0.5932,-0.4032,0.5196,0.2404,0.5000,-0.2000,-1.6078,1.1209,-1.1562,-0.3171,0.2000,1.2778,-0.9198,1.3411,2.4814,-1.3853,1.5298,1.9002,1.1426,0.8293,1.2397,-0.8365,4.2263,-0.0743,0.6111,0.16
15.7705,0.1200,0.0000,0.0000,0.0000,0.0000,0.0000,0.1667,0.4795,-1.0555,-0.1201,-0.1343,0.9836,0.4958,-0.1411,-1.5895,1.0513,-1.1188,-0.3147,0.0954,1.2147,-0.9082,1.3863,-0.0116,-0.4149,-0.7677,-0.1008,0.0543,-0.0271,1.7254,-0.1124,0.3063,0.0543,0.5000,-0.2000,-1.5772,1.1722,-1.1937,-0.3648,0.2000,1.3327,-0.9239,1.3002,1.6476,-1.4707,1.4374,1.4190,0.7528,0.3524,2.0277,-0.4910,3.7843,-0.4118,0.6389,0.16
15.7985,0.1200,0.0000,0.0000,0.0000,0.0000,0.0000,0.1494,0.3411,-0.6623,-0.1917,0.0068,0.9814,0.4957,-0.1526,-1.6038,1.0528,-1.1217,-0.3238,0.1355,1.2200,-0.9033,1.3841,0.0543,-0.4071,-0.3567,0.1512,-0.2249,-0.4808,1.1632,0.3141,0.0853,-0.1822,0.4955,-0.2000,-1.5467,1.1739,-1.1923,-0.4333,0.2000,1.3723,-0.9276,1.2623,0.9545,-1.1072,1.2895,0.5389,0.8908,-0.3328,2.2070,-0.2990,3.1334,-0.7188,0.6667,0.17
15.8265,0.1200,0.0000,0.0000,0.0000,0.0000,0.0000,0.0248,0.0269,-0.1894,-0.1361,-0.1767,0.9748,0.4946,-0.1628,-1.6103,1.0592,-1.1286,-0.3447,0.1638,1.2307,-0.9033,1.3722,-0.0427,-0.2792,-0.1202,0.3257,-0.3063,-1.0120,0.7910,0.3839,-0.0698,-0.6165,0.4181,-0.1849,-1.5233,1.1965,-1.2010,-0.5000,0.2000,1.3886,-0.9306,1.2271,0.1807,-0.8493,0.9285,0.3436,0.9201,-1.0294,2.7363,-0.3396,3.3803,-1.3456,0.6944,0.16
15.8545,0.1200,0.0000,0.0000,0.0000,0.0000,0.0000,-0.0004,-0.1072,0.2147,-0.1013,-0.1175,0.9879,0.4835,-0.1688,-1.6075,1.0702,-1.1355,-0.3782,0.1831,1.2429,-0.9045,1.3521,-0.7057,-0.1008,0.1745,0.6087,-0.2482,-1.4269,0.6010,0.4692,0.0504,-0.8065,0.3713,-0.1616,-1.5019,1.2169,-1.2039,-0.5000,0.2000,1.3967,-0.9331,1.2200,-0.2865,-0.6157,0.8369,0.2029,1.2510,-1.7244,2.8132,-0.4623,3.7550,-2.2370,0.7222,0.16
15.8825,0.1200,0.0000,0.0000,0.0000,0.0000,0.0000,-0.1707,-0.1068,0.4298,-0.1887,-0.0815,0.9787,0.4599,-0.1696,-1.5986,1.0860,-1.1420,-0.4144,0.1959,1.2557,-0.9045,1.3324,-0.9344,0.0698,0.3994,0.6979,-0.2675,-1.1244,0.2908,0.4498,-0.0078,-0.7289,0.3502,-0.1516,-1.4769,1.2299,-1.2136,-0.5000,0.2000,1.4108,-0.9348,1.2128,-0.4983,-0.5164,0.7807,0.0819,1.4927,-2.1193,2.6630,-0.5252,3.6126,-2.4865,0.7500,0.17
15.9105,0.1200,0.0000,0.0000,0.0000,0.0000,0.0000,-0.2390,-0.0754,0.8873,-0.1829,-0.1632,0.9695,0.4339,-0.1686,-1.5845,1.1043,-1.1495,-0.4398,0.2014,1.2694,-0.9052,1.3156,-0.9422,0.0388,0.5816,0.7367,-0.3218,-0.7289,0.1086,0.5002,0.0853,-0.5816,0.3134,-0.1587,-1.4548,1.2478,-1.2221,-0.5000,0.2000,1.4252,-0.9358,1.2057,-0.8665,-0.5867,0.6965,0.1140,1.4566,-2.3091,2.7397,-0.5846,3.7115,-2.6697,0.7778,0.16
15.9385,0.1200,0.0000,0.0000,0.0000,0.0000,0.0000,-0.2292,-0.1020,1.1845,-0.2013,-0.1341,0.9703,0.4069,-0.1689,-1.5658,1.1222,-1.1580,-0.4575,0.2034,1.2853,-0.9070,1.2998,-0.9189,0.0039,0.6630,0.6010,-0.2443,-0.4730,0.0116,0.5932,-0.0000,-0.6010,0.3000,-0.1696,-1.4291,1.2447,-1.2293,-0.5000,0.2000,1.4489,-0.9360,1.1986,-1.1442,-0.6957,0.6475,0.0497,1.5130,-2.4709,2.6309,-0.5515,3.6759,-2.6759,0.8056,0.16
15.9665,0.1200,0.0000,0.0000,0.0000,0.0000,0.0000,-0.2262,-0.0694,1.4591,-0.1545,-0.1091,0.9819,0.3808,-0.1706,-1.5427,1.1374,-1.1662,-0.4714,0.2035,1.3038,-0.9086,1.2850,-0.8918,-0.0349,0.8142,0.4769,-0.2365,-0.3761,-0.0853,0.7716,-0.0349,-0.5041,0.3000,-0.1873,-1.4082,1.2355,-1.2352,-0.5000,0.2000,1.4607,-0.9355,1.1914,-1.4649,-0.8729,0.5515,0.0367,1.5586,-2.5396,2.5505,-0.6376,3.8843,-2.6617,0.8333,0.16
15.9945,0.1200,0.0000,0.0000,0.0000,0.0000,0.0000,-0.2073,0.0248,1.7893,-0.2172,-0.0999,0.9710,0.3597,-0.1757,-1.5163,1.1489,-1.1742,-0.4801,0.2031,1.3246,-0.9095,1.2713,-0.6514,-0.1551,0.9383,0.3296,-0.3296,-0.1667,-0.0737,0.6940,0.0155,-0.4653,0.3000,-0.2000,-1.3913,1.2117,-1.2398,-0.5000,0.2000,1.4873,-0.9342,1.1842,-1.7313,-1.0033,0.4147,-0.0117,1.5236,-2.5844,2.3281,-0.5754,3.6365,-2.4367,0.8611,0.17
16.0225,0.1200,0.0000,0.0000,0.0000,0.0000,0.0000,-0.1576,-0.0158,2.0223,-0.1937,-0.1118,0.9747,0.3444,-0.1837,-1.4882,1.1555,-1.1823,-0.4866,0.2027,1.3482,-0.9096,1.2596,-0.4188,-0.3024,0.9189,0.1357,-0.2210,-0.2520,-0.0194,0.8763,0.0931,-0.4343,0.3000,-0.2000,-1.3770,1.1841,-1.2432,-0.5000,0.2000,1.5067,-0.9322,1.1742,-2.0766,-1.1354,0.2523,0.0021,1.4882,-2.6297,2.2480,-0.5846,3.4989,-2.2999,0.8889,0.17
16.0505,0.1200,0.0000,0.0000,0.0000,0.0000,0.0000,-0.0861,0.1011,2.2141,-0.2053,-0.0730,0.9760,0.3334,-0.1904,-1.4588,1.1554,-1.1896,-0.4914,0.2024,1.3743,-0.9089,1.2487,-0.2288,-0.1086,0.9306,-0.0814,-0.2055,-0.0659,-0.0388,0.8995,0.0388,-0.3839,0.3000,-0.2000,-1.3646,1.1540,-1.2456,-0.5000,0.2000,1.5289,-0.9295,1.1641,-2.3885,-1.2517,0.0710,0.0791,1.5816,-2.7755,2.0574,-0.5661,3.1747,-2.0912,0.9167,0.16
16.0785,0.1200,0.0000,0.0000,0.0000,0.0000,0.0000,-0.1010,0.1650,2.3228,-0.2190,-0.0323,0.9752,0.3256,-0.1941,-1.4308,1.1513,-1.1967,-0.4942,0.2024,1.4020,-0.9061,1.2387,-0.1628,-0.0388,0.8918,-0.1628,-0.2559,-0.0271,0.0116,0.9693,0.1822,-0.3645,0.3000,-0.2000,-1.3594,1.1145,-1.2472,-0.5000,0.2000,1.5548,-0.9262,1.1541,-2.7165,-1.3020,-0.1831,0.1307,1.5814,-2.9992,1.7534,-0.5111,2.5280,-1.7310,0.9444,0.16
16.1065,0.1200,0.0000,0.0000,0.0000,0.0000,0.0000,-0.1456,0.2671,2.3276,-0.2643,-0.0552,0.9629,0.3201,-0.1961,-1.4036,1.1439,-1.2046,-0.4959,0.2030,1.4316,-0.9011,1.2293,-0.2094,-0.0543,0.9073,-0.4459,-0.1861,-0.0349,0.0427,1.0818,0.2830,-0.3412,0.3000,-0.2000,-1.3648,1.0543,-1.2483,-0.5000,0.2000,1.5887,-0.9223,1.1440,-2.9764,-1.2006,-0.5422,0.0236,1.5711,-3.3437,1.3988,-0.3761,1.5656,-1.2839,0.9722,0.19
16.1345,0.1200,0.0000,0.0000,0.0000,0.0000,0.0000,-0.1104,0.4186,2.2585,-0.2837,0.0317,0.9584,0.3163,-0.1961,-1.3798,1.1279,-1.2131,-0.4964,0.2043,1.4641,-0.8936,1.2198,-0.0000,0.0620,0.6824,-0.7445,-0.2675,0.0310,0.0039,1.0779,0.2947,-0.3722,0.3000,-0.1758,-1.3703,0.9716,-1.2770,-0.5000,0.2000,1.6201,-0.9447,1.1346,-3.0426,-0.7582,-0.9033,-0.2842,1.8502,-3.6738,1.1452,-0.2661,0.7333,-0.9939,0.0000,0.18
16.1625,0.1200,0.0000,0.0000,0.0000,0.0000,0.0000,-0.1231,0.6289,2.0938,-0.2767,-0.2341,0.9320,0.3140,-0.1921,-1.3599,1.1001,-1.2261,-0.4965,0.2064,1.5007,-0.8877,1.2123,-0.0465,0.2598,0.6863,-1.2485,-0.5816,0.0543,0.1124,1.3338,0.1202,-0.2675,0.3000,-0.1269,-1.3743,0.9052,-1.2699,-0.5000,0.2000,1.6411,-0.9930,1.1239,-2.9896,-0.2688,-0.7394,-1.0534,1.8901,-3.5113,1.4855,-0.2590,0.2027,-1.2777,0.0278,0.17
16.1905,0.1200,0.0000,0.0000,0.0000,0.0000,0.0000,-0.1406,0.8572,1.7585,-0.3231,-0.2663,0.9081,0.3133,-0.1790,-1.3439,1.0626,-1.2386,-0.4954,0.2103,1.5394,-0.8859,1.2076,0.0155,0.6708,0.4885,-1.5316,-0.4459,0.0737,0.1628,1.4307,0.0388,-0.2249,0.3000,-0.0695,-1.3555,0.9103,-1.2627,-0.5000,0.2000,1.6653,-0.9791,1.1139,-2.5321,0.3046,-0.3480,-1.1834,2.4707,-2.8120,1.2413,-0.2209,0.2925,-1.2985,0.0556,0.18
16.2185,0.1200,0.0000,0.0000,0.0000,0.0000,0.0000,-0.1190,0.7915,1.2349,-0.4240,-0.0512,0.9042,0.3121,-0.1546,-1.3294,1.0290,-1.2469,-0.4937,0.2142,1.5801,-0.8841,1.2034,-0.0078,0.9810,0.4459,-0.9810,-0.1745,0.0853,0.0737,1.3920,0.1202,-0.2482,0.3000,-0.0752,-1.3785,0.9543,-1.2556,-0.5000,0.1709,1.6840,-0.9369,1.1208,-1.8258,0.2479,-0.3739,-0.6089,2.5415,-1.7051,0.7094,-0.2378,0.6626,-0.8305,0.0833,0.18
16.2465,0.1200,0.0000,0.0000,0.0000,0.0000,0.0000,-0.0987,0.4401,0.7237,-0.4045,0.1131,0.9075,0.3113,-0.1309,-1.3229,1.0097,-1.2496,-0.4927,0.2132,1.6140,-0.8775,1.1972,-0.0194,0.6708,0.0310,-0.2792,-0.0349,0.0892,-0.1551,1.0391,0.3335,-0.2908,0.3000,-0.0968,-1.4200,0.9836,-1.2485,-0.4551,0.1378,1.6758,-0.9218,1.1915,-1.0437,0.0323,-0.5853,-0.3621,2.0059,-0.5510,0.3781,-0.3194,0.9909,-0.6466,0.1111,0.19
16.2745,0.1200,0.0000,0.0000,0.0000,0.0000,0.0000,-0.1477,0.3701,0.3488,-0.4052,0.0871,0.9101,0.3108,-0.1166,-1.3275,1.0015,-1.2475,-0.4871,0.2035,1.6352,-0.8689,1.1995,-0.0078,0.3994,-0.3179,-0.1551,0.1241,0.3528,-0.4304,0.5506,0.3800,0.3412,0.3914,-0.1276,-1.4637,1.0123,-1.2414,-0.3593,0.1279,1.6358,-0.9722,1.2049,-0.0856,-0.2763,-0.8188,-0.1161,1.5292,0.4073,0.2794,-0.4146,1.6476,-0.6407,0.1389,0.19
16.3025,0.1200,0.0000,0.0000,0.0000,0.0000,0.0000,-0.1884,0.3034,0.2214,-0.4396,0.1301,0.8887,0.3215,-0.1116,-1.3415,0.9989,-1.2428,-0.4663,0.1875,1.6451,-0.8680,1.2112,0.7677,0.0310,-0.7251,0.0659,0.2443,1.1012,-0.5234,0.1939,-0.0931,0.4692,0.4743,-0.1583,-1.4906,1.0053,-1.2478,-0.3000,0.1528,1.6121,-1.0200,1.2542,0.7426,-0.5829,-0.8836,-0.2224,0.8638,1.1769,0.5283,-0.3453,2.2324,-0.2713,0.1667,0.17
16.3305,0.1200,0.0000,0.0000,0.0000,0.0000,0.0000,0.0293,-0.0366,0.4296,-0.3741,0.0387,0.9266,0.3509,-0.1145,-1.3589,0.9980,-1.2373,-0.4318,0.1769,1.6495,-0.8779,1.2283,1.5432,-0.1473,-0.5467,-0.0349,0.1745,1.3920,-0.2869,0.1047,-0.5932,0.7406,0.5000,-0.1087,-1.4754,0.9654,-1.2760,-0.3000,0.2000,1.5968,-1.0621,1.3178,1.5148,-0.0872,-0.5277,-0.6520,0.5105,1.4820,1.0110,-0.1927,2.3487,0.2471,0.1944,0.17
16.3585,0.1200,0.0000,0.0000,0.0000,0.0000,0.0000,0.1695,-0.3345,0.2975,-0.3587,-0.0260,0.9331,0.3906,-0.1123,-1.3685,0.9909,-1.2369,-0.3975,0.1774,1.6505,-0.9013,1.2547,1.5044,0.2830,-0.2365,-0.3645,-0.0039,1.0159,0.2249,-0.0543,-0.9267,1.1128,0.5000,0.0000,-1.4595,0.9424,-1.3059,-0.3000,0.2000,1.5701,-1.0966,1.3608,2.4446,1.5563,-0.1651,-0.9064,0.1403,1.4467,1.3290,-0.1542,2.4572,0.5693,0.2222,0.17
16.3865,0.1200,0.0000,0.0000,0.0000,0.0000,0.0000,0.1528,-0.4053,-0.2678,-0.3438,0.0236,0.9388,0.4244,-0.0927,-1.3699,0.9795,-1.2447,-0.3739,0.1828,1.6459,-0.9291,1.2892,1.0236,1.1748,-0.0116,-0.4381,-0.4459,0.7328,0.1357,-0.2947,-0.9849,1.3183,0.5000,0.0000,-1.4879,0.9683,-1.3139,-0.3000,0.2000,1.4997,-1.1217,1.3483,3.0904,3.0179,-0.2456,-0.6646,-0.0102,1.0772,1.5910,-0.5533,2.3124,0.3471,0.2500,0.18
16.4145,0.1200,0.0000,0.0000,0.0000,0.0000,0.0000,0.0504,-0.5610,-0.6618,-0.3378,0.0499,0.9399,0.4491,-0.0685,-1.3747,0.9728,-1.2570,-0.3583,0.1855,1.6293,-0.9533,1.3201,0.7755,0.6592,-0.2869,-0.1280,-0.4653,0.4692,0.0465,-0.8026,-0.7949,0.8608,0.5000,0.0000,-1.5397,1.0175,-1.2907,-0.3395,0.2000,1.4310,-1.1364,1.3261,3.0436,3.1649,-0.5597,-0.1824,0.1500,0.6053,1.3943,-0.9340,1.6963,0.0395,0.2778,0.17
16.4425,0.1200,0.0000,0.0000,0.0000,0.0000,0.0000,0.0225,-0.8297,-1.0460,-0.2380,0.0761,0.9683,0.4682,-0.0530,-1.3872,0.9808,-1.2652,-0.3535,0.1857,1.6002,-0.9724,1.3386,0.6940,0.5467,-0.5932,0.6243,-0.1396,-0.0039,-0.1047,-1.1516,-0.5661,0.4614,0.5000,0.0000,-1.5710,1.0723,-1.2647,-0.3474,0.1829,1.3939,-1.1398,1.3305,2.7304,2.0553,-0.6692,0.3627,0.3390,0.5262,0.8292,-1.0886,1.1151,0.0112,0.3056,0.18
16.4705,0.1200,0.0000,0.0000,0.0000,0.0000,0.0000,0.0212,-0.9447,-1.5036,-0.2299,0.1114,0.9668,0.4819,-0.0437,-1.4049,1.0027,-1.2660,-0.3558,0.1836,1.5663,-0.9895,1.3504,0.4963,0.2986,-0.7445,1.1051,0.0698,-0.1357,-0.1551,-1.2369,-0.4149,0.3451,0.5000,-0.0050,-1.5943,1.0992,-1.2709,-0.3000,0.1381,1.3633,-1.1318,1.3614,2.7583,0.9496,-0.6988,0.6378,0.2059,1.1632,0.3809,-1.1873,1.0200,0.2615,0.3333,0.18
16.4985,0.1200,0.0000,0.0000,0.0000,0.0000,0.0000,0.0177,-0.8896,-1.8414,-0.2242,0.0545,0.9730,0.4922,-0.0377,-1.4266,1.0280,-1.2645,-0.3526,0.1733,1.5290,-1.0047,1.3635,0.2947,0.1977,-0.9034,1.0508,0.0659,0.4071,-0.5428,-1.3765,-0.5234,0.5700,0.5000,-0.0440,-1.6110,1.1253,-1.2887,-0.3000,0.1072,1.3328,-1.1129,1.3796,3.0109,0.5599,-0.6618,0.9110,-0.0455,1.8042,0.0718,-1.1538,1.2079,0.3984,0.3611,0.17
16.5265,0.1200,0.0000,0.0000,0.0000,0.0000,0.0000,0.0369,-0.6937,-2.0589,-0.1766,0.0642,0.9822,0.4993,-0.0383,-1.4520,1.0515,-1.2652,-0.3435,0.1549,1.4888,-1.0171,1.3775,0.2055,-0.1784,-1.0740,0.8491,-0.0155,0.3490,-0.6940,-1.4695,-0.3179,0.5079,0.5000,-0.0686,-1.6199,1.1322,-1.2763,-0.3000,0.0814,1.3022,-1.0839,1.3722,3.1927,0.3142,-0.5474,1.3093,-0.0217,2.1215,-0.1861,-1.0927,1.4534,0.2901,0.3889,0.17
16.5545,0.1200,0.0000,0.0000,0.0000,0.0000,0.0000,-0.0127,-0.5457,-2.2619,-0.1597,0.1166,0.9803,0.5023,-0.0464,-1.4788,1.0688,-1.2650,-0.3355,0.1341,1.4472,-1.0218,1.3884,0.1473,-0.4032,-1.0546,0.5273,0.0543,0.2753,-0.7522,-1.5393,0.0271,0.2947,0.5000,-0.0922,-1.6312,1.1295,-1.2523,-0.3000,0.0619,1.2737,-1.0461,1.3543,3.2669,0.0783,-0.4567,1.6688,0.1182,2.3490,-0.3806,-0.9794,1.6296,0.0865,0.4167,0.17
16.5825,0.1200,0.0000,0.0000,0.0000,0.0000,0.0000,0.0310,-0.4356,-2.3578,-0.0926,0.0421,0.9948,0.5038,-0.0580,-1.5061,1.0792,-1.2603,-0.3287,0.1148,1.4050,-1.0180,1.3923,0.0310,-0.4071,-1.0353,0.3606,0.2598,0.2249,-0.7522,-1.5238,0.3335,0.0775,0.5000,-0.1136,-1.6343,1.1262,-1.2070,-0.3000,0.0326,1.2609,-1.0014,1.3507,3.4820,-0.1365,-0.2833,1.8166,0.4709,2.4706,-0.6740,-0.8017,2.0562,0.0350,0.4444,0.17
16.6105,0.1200,0.0000,0.0000,0.0000,0.0000,0.0000,0.1308,-0.3316,-2.3540,-0.1349,0.0591,0.9891,0.5039,-0.0710,-1.5307,1.0841,-1.2463,-0.3231,0.0959,1.3661,-1.0074,1.3926,-0.0000,-0.5196,-0.8569,0.1357,0.7483,0.2365,-0.7406,-1.3299,0.5739,0.0504,0.5000,-0.1034,-1.6242,1.1223,-1.1604,-0.3000,0.0178,1.2412,-0.9519,1.3665,3.6307,-0.0340,0.0206,1.6190,0.8359,2.5668,-0.8222,-0.6940,2.4089,0.1824,0.4722,0.17
16.6385,0.1200,0.0000,0.0000,0.0000,0.0000,0.0000,0.1731,-0.2378,-2.3422,-0.1376,0.0406,0.9897,0.5039,-0.0810,-1.5509,1.0852,-1.2224,-0.3192,0.0779,1.3295,-0.9898,1.3931,0.0039,-0.1551,-0.6863,-0.0194,1.1128,0.1939,-0.6824,-1.2834,0.8259,0.0271,0.5000,-0.1196,-1.6189,1.1180,-1.1340,-0.3000,0.0000,1.2095,-0.9000,1.4107,3.7184,-0.1963,0.2777,1.4948,1.1856,2.4414,-1.1787,-0.7053,2.9802,0.3366,0.5000,0.17
16.6665,0.1200,0.0000,0.0000,0.0000,0.0000,0.0000,0.1812,-0.0753,-2.1677,-0.1598,-0.0038,0.9871,0.5039,-0.0881,-1.5683,1.0826,-1.1937,-0.3169,0.0629,1.2901,-0.9656,1.4005,0.0388,-0.1706,-0.5041,-0.0853,1.0508,0.1086,-0.5196,-1.5316,0.9732,0.5351,0.5000,-0.1511,-1.6057,1.1133,-1.1239,-0.3000,0.0000,1.2271,-0.9052,1.4068,3.5652,-0.5110,0.6131,1.5299,1.4913,2.2343,-1.1376,-0.7332,3.4534,0.3694,0.5278,0.16
16.6945,0.1200,0.0000,0.0000,0.0000,0.0000,0.0000,0.0570,0.0999,-1.8943,-0.2002,-0.1219,0.9721,0.5038,-0.0984,-1.5820,1.0754,-1.1656,-0.3157,0.0521,1.2558,-0.9430,1.4140,0.0233,-0.4730,-0.5971,-0.3645,1.0391,0.0388,-0.2598,-1.0391,0.7406,0.3839,0.5000,-0.1995,-1.5874,1.1083,-1.1139,-0.3000,0.0708,1.2531,-0.9103,1.4116,3.1342,-0.9948,1.0830,1.8235,1.5548,1.8952,-0.2921,-0.6763,3.6292,0.4884,0.5556,0.16
16.7225,0.1200,0.0000,0.0000,0.0000,0.0000,0.0000,0.1965,0.0773,-1.4712,-0.1548,-0.0727,0.9853,0.5022,-0.1157,-1.5931,1.0642,-1.1413,-0.3146,0.0569,1.2337,-0.9254,1.4260,-0.0271,-0.7018,-0.3722,-0.3490,0.7716,0.0892,0.4110,-0.6475,0.5157,0.3722,0.5000,-0.2000,-1.6078,1.1031,-1.1038,-0.3000,0.1807,1.2914,-0.9152,1.4014,2.5073,-1.2234,1.4550,1.8426,1.2124,1.3551,0.8069,-0.4975,3.5049,0.4582,0.5833,0.16
16.7505,0.1200,0.0000,0.0000,0.0000,0.0000,0.0000,0.2074,-0.0214,-0.8398,-0.0933,-0.0388,0.9949,0.5001,-0.1335,-1.6046,1.0540,-1.1236,-0.3129,0.0859,1.2248,-0.9151,1.4335,0.0271,-0.5467,-0.3839,-0.3102,0.5273,0.1628,1.4695,-0.1318,0.3257,0.1318,0.5000,-0.2000,-1.6078,1.1209,-1.1839,-0.3255,0.2000,1.3461,-0.9198,1.3656,1.6457,-1.2317,1.5201,1.5304,0.7221,0.7447,1.7771,-0.1535,3.1027,0.1711,0.6111,0.16
16.7785,0.1200,0.0000,0.0000,0.0000,0.0000,0.0000,0.1531,0.0456,-0.2516,-0.1073,0.0064,0.9942,0.4991,-0.1469,-1.6139,1.0488,-1.1248,-0.3148,0.1228,1.2304,-0.9103,1.4333,-0.0194,-0.3722,-0.4381,-0.0194,-0.5312,-0.2365,1.1710,0.4885,0.1086,-0.1784,0.4662,-0.1922,-1.5772,1.1521,-1.2183,-0.4069,0.2000,1.4066,-0.9239,1.3011,0.6619,-0.9217,1.4040,0.7992,0.5064,-0.0694,2.3422,0.2476,2.4202,-0.4030,0.6389,0.16
16.8065,0.1200,0.0000,0.0000,0.0000,0.0000,0.0000,0.1303,-0.0566,0.2692,-0.1607,-0.0811,0.9837,0.4943,-0.1579,-1.6197,1.0514,-1.1399,-0.3292,0.1505,1.2495,-0.9088,1.4196,-0.3102,-0.2792,-0.1512,0.2365,-0.6630,-0.7522,0.7949,0.8065,0.0388,-0.7794,0.3510,-0.1403,-1.5467,1.1229,-1.2168,-0.4999,0.2000,1.4767,-0.9276,1.2342,-0.4897,-0.4033,1.1663,0.0286,0.6452,-0.9990,2.7626,0.7452,1.5336,-1.0441,0.6667,0.17
16.8345,0.1200,0.0000,0.0000,0.0000,0.0000,0.0000,0.1435,-0.2231,0.4609,0.0105,-0.3401,0.9403,0.4716,-0.1604,-1.6178,1.0539,-1.1535,-0.3619,0.1703,1.2785,-0.9084,1.3918,-1.1748,0.1202,0.1900,0.0388,-0.4343,-1.6324,0.4537,1.1904,0.1008,-1.2795,0.3000,-0.0825,-1.5161,1.1714,-1.2252,-0.5000,0.2000,1.4910,-0.9306,1.2271,-1.2985,0.1748,1.3398,0.0928,0.6787,-1.9195,2.9545,0.6840,2.2516,-2.8047,0.6944,0.17
16.8625,0.1200,0.0000,0.0000,0.0000,0.0000,0.0000,0.0035,-0.0292,0.4407,-0.2624,0.0625,0.9629,0.4341,-0.1517,-1.6079,1.0619,-1.1641,-0.4027,0.1849,1.3106,-0.9055,1.3636,-1.3532,0.5079,0.2598,0.5428,-0.3800,-1.2718,0.3994,1.1012,0.1357,-0.8336,0.3000,-0.0295,-1.4856,1.0966,-1.2039,-0.5000,0.2000,1.5420,-0.9490,1.2200,-1.8678,0.7047,1.2896,-1.2382,1.4370,-2.7755,2.1336,0.9900,0.8405,-2.8347,0.7222,0.17
16.8915,0.1200,0.0000,0.0000,0.0000,0.0000,0.0000,-0.2250,-0.2203,0.9026,-0.0842,-0.4827,0.8717,0.3994,-0.1325,-1.5953,1.0659,-1.1709,-0.4313,0.1926,1.3424,-0.9044,1.3420,-1.0353,0.7716,0.6049,-0.1008,-0.1318,-0.8336,0.1202,1.1322,-0.0271,-0.8104,0.3000,0.0000,-1.4550,1.1749,-1.2136,-0.5000,0.2000,1.5355,-1.0688,1.2128,-2.6859,1.2915,1.6559,-0.4686,1.1908,-3.2987,3.0024,0.7218,-0.3401,-3.2957,0.7500,0.20
16.9195,0.1200,0.0000,0.0000,0.0000,0.0000,0.0000,-0.1071,-0.0280,1.3311,-0.2896,-0.2582,0.9217,0.3738,-0.1092,-1.5737,1.0716,-1.1730,-0.4526,0.1954,1.3771,-0.9172,1.3251,-0.6940,0.8491,0.6359,0.4343,-0.0078,-0.6359,0.0543,1.3144,-0.7832,-0.4885,0.3000,0.0000,-1.4244,1.1778,-1.2221,-0.5000,0.2000,1.5837,-1.0322,1.2057,-3.5740,1.3169,1.9692,-0.5852,1.3861,-3.9856,1.4771,1.3460,0.0359,-2.3573,0.7778,0.18
16.9475,0.1200,0.0000,0.0000,0.0000,0.0000,0.0000,0.0081,-0.7723,1.4787,-0.2368,-0.0783,0.9684,0.3594,-0.0902,-1.5503,1.0830,-1.1754,-0.4680,0.1962,1.4143,-0.9357,1.3092,-0.4149,0.6126,0.9112,0.4188,-0.1435,-0.3994,0.0620,1.2136,-0.5234,-0.6669,0.3000,0.0000,-1.3939,1.1398,-1.2403,-0.5000,0.2000,1.6041,-1.0737,1.1986,-4.4249,1.2561,1.7640,-1.1912,0.8900,-3.9496,1.4064,1.5052,-0.3771,-1.4154,0.8056,0.18
16.9755,0.1200,0.0000,0.0000,0.0000,0.0000,0.0000,-0.1442,-0.7791,1.5949,-0.0771,-0.4516,0.8889,0.3483,-0.0752,-1.5209,1.0891,-1.1828,-0.4788,0.1958,1.4455,-0.9563,1.2925,-0.4110,0.5041,1.1710,-0.0504,-0.3179,-0.2559,-0.1202,1.2369,-0.8298,-0.5351,0.3000,0.0000,-1.3633,1.1318,-1.2808,-0.5000,0.2000,1.6244,-1.0377,1.1914,-4.9111,1.9111,2.0506,-1.5686,0.5440,-3.8986,1.9542,1.2333,-0.0222,-1.8829,0.8333,0.17
17.0035,0.1200,0.0000,0.0000,0.0000,0.0000,0.0000,0.1327,-0.7288,1.8445,-0.0682,-0.0208,0.9975,0.3384,-0.0635,-1.4876,1.0876,-1.1954,-0.4862,0.1948,1.4795,-0.9725,1.2739,-0.2869,0.4614,1.1283,-0.1318,-0.6359,-0.1939,-0.0504,1.2020,-0.3606,-0.6979,0.3000,0.0000,-1.3328,1.1129,-1.2398,-0.5000,0.2000,1.6448,-1.0413,1.1842,-5.0772,1.9219,2.2757,-1.3727,1.3574,-4.2209,1.5881,1.1832,-0.0709,-2.0016,0.8611,0.18
17.0315,0.1200,0.0000,0.0000,0.0000,0.0000,0.0000,-0.0525,-0.7312,1.8984,-0.0917,-0.0426,0.9949,0.3320,-0.0528,-1.4532,1.0808,-1.2022,-0.4924,0.1925,1.5114,-0.9829,1.2567,-0.1861,0.3567,1.1981,-0.2792,0.0969,-0.1861,-0.0969,1.1051,-0.3179,-0.6359,0.3000,0.0000,-1.3022,1.1303,-1.2432,-0.5000,0.2000,1.6652,-1.0805,1.1742,-5.1847,1.6732,2.2733,-0.5352,1.2453,-3.9556,1.5221,1.3571,-0.4838,-1.5887,0.8889,0.17
17.0595,0.1200,0.0000,0.0000,0.0000,0.0000,0.0000,0.1250,-0.6580,2.0829,-0.1114,-0.0167,0.9936,0.3260,-0.0442,-1.4161,1.0749,-1.2017,-0.4961,0.1907,1.5434,-0.9955,1.2389,-0.1628,0.3335,1.3028,-0.1512,0.0233,-0.1241,-0.0969,1.1399,-0.5079,-0.6514,0.3000,0.0000,-1.2717,1.1100,-1.2670,-0.5000,0.2000,1.6856,-1.0244,1.1643,-5.2408,1.5721,2.3556,-0.3609,0.7860,-3.7433,1.2221,1.4797,0.0513,-0.9976,0.9167,0.18
17.0885,0.1200,0.0000,0.0000,0.0000,0.0000,0.0000,0.1066,-0.8372,2.0857,-0.0606,0.1031,0.9928,0.3223,-0.0364,-1.3795,1.0689,-1.2038,-0.4967,0.1888,1.5757,-1.0029,1.2176,-0.0582,0.2869,1.2524,-0.2443,-0.1280,0.0349,-0.0969,0.9810,-0.1357,-0.7794,0.3000,0.0000,-1.2411,1.0497,-1.2758,-0.5000,0.2000,1.7059,-0.9999,1.1562,-5.2723,1.6069,2.3741,-0.5176,0.7138,-3.5990,1.1520,1.3286,0.2630,-0.9784,0.9444,0.21
17.1165,0.1200,0.0000,0.0000,0.0000,0.0000,0.0000,0.0735,-0.8369,1.9184,0.1446,-0.0410,0.9886,0.3175,-0.0292,-1.3424,1.0562,-1.2108,-0.4959,0.1875,1.6029,-1.0038,1.1942,-0.1357,0.2288,1.2989,-0.6630,-0.3024,0.0814,-0.0388,0.8763,0.0931,-0.8491,0.3000,0.0000,-1.2106,1.0052,-1.3258,-0.5000,0.2000,1.7147,-1.0018,1.1440,-5.1326,2.3117,2.8796,-0.4677,0.2247,-3.3013,1.9870,0.8845,0.2051,-1.8019,0.9722,0.20
17.1445,0.1200,0.0000,0.0000,0.0000,0.0000,0.0000,0.1596,-0.5942,1.8015,0.1559,-0.0634,0.9857,0.3139,-0.0247,-1.3046,1.0321,-1.2245,-0.4948,0.1863,1.6270,-1.0020,1.1699,-0.0427,0.0814,1.3106,-1.0353,-0.5816,0.0853,-0.1202,0.7483,0.1241,-0.9344,0.3000,0.0000,-1.1800,0.9785,-1.2970,-0.5000,0.2000,1.6953,-0.9180,1.1340,-4.7618,2.5212,3.6412,-0.2149,0.7997,-3.4563,1.7532,0.4866,1.1004,-1.9884,0.0000,0.18
17.1725,0.1200,0.0000,0.0000,0.0000,0.0000,0.0000,0.1562,-0.5234,1.4867,0.1223,0.1763,0.9767,0.3118,-0.0225,-1.2677,1.0048,-1.2361,-0.4937,0.1853,1.6454,-0.9889,1.1474,-0.0892,0.0853,1.2873,-0.8569,-0.1590,0.0233,-0.0388,0.3335,0.8840,-0.7057,0.3000,0.0000,-1.2004,1.0148,-1.2829,-0.5000,0.2000,1.7056,-0.9621,1.1239,-4.6572,2.0015,3.8526,0.0958,0.8694,-3.1914,1.5545,0.3852,0.5118,-1.5747,0.0278,0.17
17.2005,0.1200,0.0000,0.0000,0.0000,0.0000,0.0000,0.1156,-0.3641,1.2272,0.0728,0.1354,0.9881,0.3102,-0.0211,-1.2395,0.9866,-1.2387,-0.4943,0.1847,1.6550,-0.9743,1.1276,0.0271,0.0504,0.6669,-0.4032,-0.0271,-0.0000,-0.0388,0.4498,0.3335,-0.7018,0.3000,0.0000,-1.2207,1.0748,-1.3249,-0.5000,0.2000,1.7217,-0.9273,1.1187,-4.4119,1.3687,3.8567,0.6446,0.3780,-2.7963,1.4635,0.3424,0.8102,-0.9520,0.0556,0.18
17.2285,0.1200,0.0000,0.0000,0.0000,0.0000,0.0000,-0.0182,-0.3574,1.0232,0.0479,0.2290,0.9722,0.3101,-0.0203,-1.2241,0.9836,-1.2430,-0.4943,0.1845,1.6693,-0.9622,1.1095,-0.0194,0.0543,0.2094,0.2055,-0.3412,0.0388,-0.0775,0.4032,0.5312,-0.6243,0.3000,-0.0229,-1.2411,1.0799,-1.3560,-0.5000,0.2000,1.7317,-0.9031,1.1570,-4.0680,0.7712,3.4736,0.6467,-0.0035,-2.4237,1.2738,0.2392,1.5050,-0.4686,0.0833,0.17
17.2565,0.1200,0.0000,0.0000,0.0000,0.0000,0.0000,-0.1464,-0.3415,0.8027,0.1372,0.1101,0.9844,0.3091,-0.0220,-1.2207,0.9889,-1.2568,-0.4945,0.1844,1.6794,-0.9498,1.1008,-0.0000,-0.0892,-0.0388,0.3296,-0.5622,0.0775,-0.0620,0.2714,0.4963,-0.0504,0.3000,-0.0563,-1.2615,1.0450,-1.3785,-0.5000,0.2000,1.7092,-0.9209,1.2018,-3.5940,0.4365,3.1960,0.2521,-0.3006,-1.8958,1.2109,0.0143,1.9989,-0.5435,0.1111,0.19
17.2845,0.1200,0.0000,0.0000,0.0000,0.0000,0.0000,-0.0422,-0.1699,0.7183,0.1663,0.0058,0.9861,0.3075,-0.0292,-1.2237,0.9907,-1.2767,-0.4947,0.1850,1.6835,-0.9392,1.1045,0.0388,-0.2908,-0.1163,-0.0194,-0.7134,-0.0504,-0.0349,0.0892,0.3296,0.2869,0.3000,-0.0858,-1.2819,1.0128,-1.3645,-0.5000,0.1926,1.6714,-0.9722,1.2041,-3.0183,0.1422,2.9696,-0.1117,-0.2315,-1.5145,0.9262,-0.0584,2.4289,-0.6482,0.1389,0.18
17.3125,0.1200,0.0000,0.0000,0.0000,0.0000,0.0000,0.0097,-0.1134,0.6044,0.0696,-0.0680,0.9953,0.3072,-0.0424,-1.2292,0.9885,-1.2944,-0.4951,0.1854,1.6833,-0.9358,1.1124,0.1163,-0.5273,-0.2210,-0.1086,-0.4459,0.0349,0.0194,-0.0620,-0.0465,0.2443,0.3000,-0.1415,-1.3022,1.0179,-1.3226,-0.5000,0.1501,1.6683,-1.0200,1.2206,-2.3870,-0.4149,2.5381,-0.0969,0.1159,-1.0763,0.5015,0.2161,2.1979,-0.6071,0.1667,0.18
17.3405,0.1200,0.0000,0.0000,0.0000,0.0000,0.0000,0.0538,-0.2066,0.3810,0.0283,-0.0545,0.9981,0.3073,-0.0650,-1.2348,0.9894,-1.3024,-0.4953,0.1809,1.6836,-0.9413,1.1211,0.0349,-0.9461,-0.2171,0.2133,-0.0310,-0.0000,-0.3916,0.0698,-0.3839,0.2792,0.3000,-0.2000,-1.3226,0.9859,-1.3020,-0.4351,0.1314,1.6660,-1.0621,1.2375,-1.7932,-1.1588,2.2615,-0.4474,0.2509,-0.3509,0.3139,0.4988,1.9463,-0.5560,0.1944,0.18
17.3685,0.1200,0.0000,0.0000,0.0000,0.0000,0.0000,0.0945,-0.3721,-0.0336,0.0555,-0.1052,0.9929,0.3074,-0.0966,-1.2403,0.9905,-1.3022,-0.4873,0.1711,1.6848,-0.9551,1.1314,-0.0155,-1.2795,-0.2094,-0.0000,0.0504,0.5041,-0.3994,0.0543,-0.6398,0.3335,0.3099,-0.2000,-1.3430,0.9331,-1.2668,-0.3486,0.1203,1.6612,-1.0966,1.2144,-0.9014,-1.7323,2.1796,-1.1528,0.5313,0.5144,0.2034,0.7564,2.1397,-0.8949,0.2222,0.17
17.3965,0.1200,0.0000,0.0000,0.0000,0.0000,0.0000,0.1471,-0.2794,-0.3146,0.0406,-0.1865,0.9816,0.3091,-0.1264,-1.2457,0.9849,-1.2978,-0.4619,0.1624,1.6853,-0.9753,1.1370,0.1435,-0.9422,-0.2908,-0.3257,0.2830,1.1981,-0.2210,-0.0078,-0.8181,-0.0388,0.4255,-0.2000,-1.3633,0.9348,-1.2240,-0.3000,0.0716,1.6550,-1.1217,1.2136,0.2552,-2.1010,2.2310,-1.8278,0.8886,1.3106,-0.2839,1.3966,2.6719,-1.3242,0.2500,0.18
17.4245,0.1200,0.0000,0.0000,0.0000,0.0000,0.0000,0.0239,-0.1106,-0.5998,0.0607,-0.0581,0.9965,0.3261,-0.1471,-1.2543,0.9777,-1.2850,-0.4231,0.1496,1.6862,-0.9980,1.1371,1.0275,-0.6204,-0.4692,-0.1706,0.7212,1.5509,-0.7987,-0.0388,-0.7716,-0.0892,0.5000,-0.2000,-1.3837,0.9358,-1.2203,-0.3000,0.0046,1.6244,-1.1364,1.2221,1.3172,-2.4974,2.2960,-2.5153,0.8543,1.9390,-0.9545,2.0276,3.1530,-1.6585,0.2778,0.18
17.4525,0.1200,0.0000,0.0000,0.0000,0.0000,0.0000,-0.0356,-0.3055,-0.9368,0.1024,-0.2132,0.9716,0.3631,-0.1619,-1.2705,0.9705,-1.2689,-0.3873,0.1253,1.6811,-1.0206,1.1360,1.5509,-0.3955,-0.6010,-0.2675,0.5739,1.0779,-1.0430,-0.3528,-0.7251,0.0000,0.5000,-0.2000,-1.4041,0.9360,-1.2385,-0.3000,0.0000,1.5939,-1.1398,1.2293,2.5705,-2.6827,1.8491,-1.9198,0.6009,2.3966,-1.7496,2.4311,3.6746,-1.7118,0.3056,0.18
17.4805,0.1200,0.0000,0.0000,0.0000,0.0000,0.0000,-0.0028,-0.5252,-1.6223,0.0679,-0.1576,0.9852,0.4050,-0.1704,-1.2888,0.9614,-1.2573,-0.3642,0.1000,1.6658,-1.0413,1.1373,1.4230,-0.1124,-0.7406,-0.2714,0.3102,0.5971,-0.8336,-0.6708,-0.7018,0.1047,0.5000,-0.2000,-1.4244,0.9567,-1.2001,-0.3000,0.0000,1.5633,-1.1318,1.2352,3.5851,-2.7833,1.0773,-0.7879,0.9132,2.8078,-2.1178,2.0696,4.2834,-1.3979,0.3333,0.17
17.5085,0.1200,0.0000,0.0000,0.0000,0.0000,0.0000,-0.0320,-0.5043,-2.1906,0.0569,0.0221,0.9981,0.4344,-0.1749,-1.3096,0.9538,-1.2438,-0.3496,0.0810,1.6429,-1.0594,1.1419,0.9112,-0.1396,-0.7987,-0.1590,0.6979,0.5583,-0.6010,-0.9577,-0.5622,0.2482,0.5000,-0.2000,-1.4726,1.0296,-1.1842,-0.3000,0.0000,1.5328,-1.1129,1.2398,3.8185,-2.7935,0.7218,-0.0460,1.3672,2.6771,-2.5470,1.3790,4.5101,-1.3438,0.3611,0.17
17.5365,0.1200,0.0000,0.0000,0.0000,0.0000,0.0000,-0.0953,-0.5085,-2.5829,0.0719,0.1662,0.9835,0.4532,-0.1770,-1.3373,0.9543,-1.2256,-0.3379,0.0657,1.6144,-1.0719,1.1517,0.6708,-0.0582,-1.1904,0.2908,0.6281,0.3490,-0.5234,-1.1555,-0.2986,0.4847,0.5000,-0.2000,-1.5082,1.0666,-1.1742,-0.3000,0.0000,1.4844,-1.0839,1.2432,3.6989,-2.7074,0.5699,0.3445,1.4978,2.2035,-3.0166,0.8217,4.0461,-1.5624,0.3889,0.16
17.5645,0.1200,0.0000,0.0000,0.0000,0.0000,0.0000,-0.3074,-0.4143,-2.6657,0.0728,0.4062,0.9109,0.4643,-0.1766,-1.3707,0.9599,-1.2186,-0.3294,0.0508,1.5791,-1.0776,1.1664,0.1318,0.0504,-1.3028,0.4847,0.1008,0.3761,-0.5118,-1.4036,0.0155,0.5273,0.5000,-0.2000,-1.5431,1.0760,-1.1641,-0.3000,0.0000,1.4181,-1.0461,1.2456,3.6591,-2.4245,0.4244,0.4650,1.5660,1.5688,-3.1679,0.4647,2.7477,-2.0749,0.4167,0.16
17.5925,0.1200,0.0000,0.0000,0.0000,0.0000,0.0000,-0.4528,-0.4875,-1.9636,0.2371,0.2293,0.9440,0.4678,-0.1754,-1.4066,0.9762,-1.2196,-0.3212,0.0380,1.5370,-1.0757,1.1819,0.3373,0.0039,-1.3144,0.7251,-0.1241,0.2947,-0.4071,-1.6595,0.2792,0.5583,0.5000,-0.2000,-1.5662,1.1262,-1.1541,-0.3000,0.0000,1.4153,-1.0014,1.2472,3.7108,-2.6134,0.3976,1.5124,1.1123,1.1595,-3.4741,0.7420,2.1330,-2.2873,0.4444,0.17
17.6205,0.1200,0.0000,0.0000,0.0000,0.0000,0.0000,-0.5304,-0.5445,-1.7428,0.2203,0.4112,0.8845,0.4755,-0.1751,-1.4393,0.9995,-1.2243,-0.3179,0.0271,1.4977,-1.0650,1.1945,0.2637,0.0698,-1.1399,1.1051,-0.1706,0.0737,-0.3916,-1.3416,0.5932,0.3684,0.5000,-0.2000,-1.6249,1.1223,-1.1440,-0.3321,0.0000,1.3808,-0.9519,1.2483,3.3983,-2.0214,0.0142,2.6230,1.2429,0.6787,-3.3706,0.7021,1.9365,-1.8086,0.4722,0.17
17.6485,0.1200,0.0000,0.0000,0.0000,0.0000,0.0000,-0.4808,-0.4278,-1.1075,0.3791,0.1920,0.9052,0.4815,-0.1743,-1.4739,1.0247,-1.2290,-0.3200,0.0197,1.4601,-1.0456,1.2022,0.2326,0.0543,-1.2563,0.8104,-0.1473,-0.1784,-0.1977,-1.3920,0.9228,0.2675,0.5000,-0.2000,-1.6430,1.1180,-1.1832,-0.3700,0.0000,1.3800,-0.9000,1.2770,2.9572,-2.0588,0.0369,3.8130,0.5073,0.3000,-2.7607,1.1367,2.7853,-1.6701,0.5000,0.17
17.6765,0.1200,0.0000,0.0000,0.0000,0.0000,0.0000,-0.3733,-0.0723,-0.7957,0.3596,0.2505,0.8988,0.4862,-0.1740,-1.5058,1.0459,-1.2372,-0.3286,0.0148,1.4305,-1.0169,1.2114,0.1784,0.0620,-1.1051,0.7561,-0.3296,-0.4032,-0.1086,-0.9810,1.2446,0.4032,0.5000,-0.2000,-1.6569,1.1133,-1.2024,-0.3737,0.0000,1.4004,-0.9052,1.2699,2.1916,-1.9445,0.1009,4.2683,0.2148,0.2634,-1.5061,1.1494,3.4314,-1.2592,0.5278,0.16
17.7045,0.1200,0.0000,0.0000,0.0000,0.0000,0.0000,-0.2130,0.2601,-0.5881,0.2979,0.0293,0.9541,0.4894,-0.1752,-1.5362,1.0603,-1.2484,-0.3398,0.0111,1.4113,-0.9867,1.2171,0.0931,-0.0853,-1.0973,0.3916,-0.3994,-0.4343,-0.1202,-0.5157,1.0042,0.0000,0.5000,-0.2000,-1.6071,1.1083,-1.2464,-0.4048,0.1175,1.4207,-0.9103,1.2627,1.4993,-1.7913,0.8035,3.3911,-0.3249,-0.0477,0.1753,1.2479,3.2822,-1.5646,0.5556,0.16
17.7325,0.1200,0.0000,0.0000,0.0000,0.0000,0.0000,-0.0781,0.3768,-0.3382,0.2126,-0.0624,0.9751,0.4906,-0.1787,-1.5565,1.0678,-1.2607,-0.3531,0.0271,1.4041,-0.9630,1.2165,0.0853,-0.1396,-0.4343,0.1628,-0.4381,-0.5002,1.0740,-0.2365,0.6436,-0.0737,0.4687,-0.2000,-1.6078,1.1031,-1.3038,-0.4447,0.2000,1.4411,-0.9152,1.2556,0.6868,-1.3003,1.2200,2.3321,-1.0057,-0.4475,1.0607,1.5516,3.0276,-2.1793,0.5833,0.17
17.7605,0.1200,0.0000,0.0000,0.0000,0.0000,0.0000,0.0309,0.1996,-0.2436,0.2314,-0.2219,0.9472,0.4871,-0.1853,-1.5704,1.0715,-1.2781,-0.3718,0.0646,1.4033,-0.9473,1.2124,-0.1706,-0.2133,-0.5312,0.1667,-0.8104,-0.7212,1.6091,0.0388,0.4885,-0.2559,0.4449,-0.1508,-1.6078,1.1209,-1.3562,-0.4719,0.2000,1.4615,-0.9198,1.2485,0.4493,-0.5083,1.2604,1.5344,-1.3991,-0.7192,1.2593,1.5443,4.0333,-2.9858,0.6111,0.16
17.7885,0.1200,0.0000,0.0000,0.0000,0.0000,0.0000,0.1407,0.2342,-0.2776,0.2405,-0.0872,0.9667,0.4759,-0.1861,-1.5796,1.0769,-1.3033,-0.3930,0.1033,1.4051,-0.9359,1.2061,-0.4653,0.2443,-0.3218,0.2753,-0.9965,-0.8491,1.1748,0.1008,0.2986,-0.3063,0.4872,-0.0687,-1.5772,1.1484,-1.3333,-0.4824,0.2000,1.4819,-0.9239,1.2414,0.8719,0.3133,1.3259,0.7622,-0.6436,-0.8240,1.1842,1.1051,5.2433,-3.3358,0.6389,0.17
17.8165,0.1200,0.0000,0.0000,0.0000,0.0000,0.0000,0.0117,0.2222,-0.3281,0.1347,-0.0527,0.9895,0.4691,-0.1713,-1.5865,1.0838,-1.3205,-0.4139,0.1310,1.4091,-0.9286,1.1976,-0.0155,0.9461,-0.2482,0.2559,-0.2714,-0.6785,0.8608,0.0349,0.2326,-0.3024,0.5000,-0.0933,-1.5467,1.1924,-1.2404,-0.4675,0.2000,1.4842,-0.9276,1.2342,1.1105,0.0673,1.1093,0.7242,0.4091,-0.6745,1.2988,0.8200,4.6730,-3.1787,0.6667,0.17
17.8444,0.1200,0.0000,0.0000,0.0000,0.0000,0.0000,-0.1799,0.1085,-0.2608,0.0901,-0.0696,0.9935,0.4702,-0.1575,-1.5898,1.0950,-1.3131,-0.4273,0.1491,1.4101,-0.9249,1.1897,0.1473,0.2482,-0.1241,0.5700,0.7677,-0.2714,0.5312,-0.0582,-0.0194,-0.2869,0.4721,-0.2000,-1.5161,1.2621,-1.2412,-0.4588,0.2000,1.4779,-0.9306,1.2271,0.7207,-1.0154,1.0884,1.4750,0.5189,-0.5880,1.4314,0.5529,4.5111,-2.6535,0.6944,0.17
17.8724,0.1200,0.0000,0.0000,0.0000,0.0000,0.0000,-0.1078,0.0498,-0.0388,0.0152,0.0161,0.9998,0.4684,-0.1653,-1.5883,1.1151,-1.2955,-0.4330,0.1618,1.4086,-0.9255,1.1861,-0.1435,-0.6592,0.0582,0.9189,0.5002,-0.1706,0.3373,-0.1357,0.0155,-0.1086,0.4027,-0.2000,-1.4856,1.2540,-1.2794,-0.4855,0.2000,1.4909,-0.9331,1.2200,0.0266,-1.2340,1.3270,0.5738,0.2450,-0.8555,1.9532,0.4795,3.9013,-2.0013,0.7222,0.17
17.9004,0.1200,0.0000,0.0000,0.0000,0.0000,0.0000,0.0124,-0.2354,0.2334,0.1241,-0.1215,0.9848,0.4553,-0.1803,-1.5812,1.1346,-1.2878,-0.4395,0.1695,1.4071,-0.9294,1.1838,-0.6940,-0.4963,0.4381,0.6359,0.0543,-0.3451,0.1241,-0.0698,-0.2249,-0.1512,0.3456,-0.1992,-1.4647,1.2235,-1.3046,-0.5000,0.2000,1.4916,-0.9348,1.2128,-0.5439,-0.9919,0.9032,0.0175,0.0904,-1.2512,2.0265,0.2829,4.2193,-2.3201,0.7500,0.16
17.9284,0.1200,0.0000,0.0000,0.0000,0.0000,0.0000,0.0686,-0.2301,0.3238,0.1568,-0.1447,0.9770,0.4315,-0.1910,-1.5660,1.1441,-1.2883,-0.4504,0.1737,1.4065,-0.9343,1.1810,-0.8608,-0.2830,0.6475,0.1512,-0.0543,-0.3916,0.0504,-0.0155,-0.1280,-0.1512,0.3513,-0.1678,-1.4686,1.2066,-1.2732,-0.5000,0.2000,1.4696,-0.9358,1.2057,-0.4867,-0.6779,0.5580,-0.2976,0.4894,-1.4247,1.9716,-0.1414,4.9923,-2.7083,0.7778,0.17
17.9564,0.1200,0.0000,0.0000,0.0000,0.0000,0.0000,0.0332,-0.0422,0.2119,0.1108,-0.0354,0.9932,0.4085,-0.1947,-1.5494,1.1459,-1.2854,-0.4609,0.1771,1.4052,-0.9349,1.1776,-0.7289,0.0310,0.4847,0.0388,0.2249,-0.2365,0.1280,-0.0969,0.0620,-0.1357,0.3762,-0.1822,-1.4613,1.2300,-1.2293,-0.5000,0.2000,1.4401,-0.9360,1.1986,-0.2381,-0.8222,0.3263,-0.0972,1.0888,-1.3135,1.6246,-0.6395,5.3569,-2.6277,0.8056,0.17
17.9845,0.1200,0.0000,0.0000,0.0000,0.0000,0.0000,-0.0068,-0.0671,0.1733,0.0033,-0.0072,1.0000,0.3952,-0.1962,-1.5359,1.1486,-1.2726,-0.4666,0.1786,1.4014,-0.9337,1.1743,-0.3141,-0.0698,0.4226,0.1784,0.6824,-0.1551,0.0116,-0.2520,0.0775,-0.1086,0.3754,-0.2000,-1.4348,1.2847,-1.2352,-0.5000,0.2000,1.4244,-0.9355,1.1914,-0.2459,-1.4571,0.2853,0.5284,1.3310,-1.1747,1.3869,-1.0275,5.3115,-2.0156,0.8333,0.18
18.0125,0.1200,0.0000,0.0000,0.0000,0.0000,0.0000,0.0109,-0.3509,0.0229,-0.0812,0.1185,0.9896,0.3894,-0.2001,-1.5219,1.1580,-1.2586,-0.4701,0.1800,1.3940,-0.9337,1.1710,-0.1396,-0.2404,0.3877,0.4692,0.4885,-0.0737,-0.0116,-0.3800,0.0078,-0.1124,0.3750,-0.2000,-1.3801,1.3053,-1.2398,-0.5000,0.2000,1.4448,-0.9342,1.1842,-0.2502,-1.9175,0.5265,0.9242,1.3264,-1.3434,1.0435,-1.1360,4.2814,-1.1190,0.8611,0.18
18.0404,0.1200,0.0000,0.0000,0.0000,0.0000,0.0000,-0.0088,-0.7268,0.0062,0.0196,0.0543,0.9983,0.3841,-0.2045,-1.5040,1.1725,-1.2493,-0.4736,0.1804,1.3851,-0.9367,1.1663,-0.1977,-0.1241,0.7755,0.4537,0.2986,-0.1357,-0.0039,-0.3606,-0.2753,-0.2133,0.3751,-0.2000,-1.3506,1.2839,-1.2444,-0.5000,0.2000,1.4652,-0.9322,1.1989,-0.2493,-2.0747,0.5162,1.2313,0.9880,-1.6340,1.0727,-1.3929,3.8047,-0.7530,0.8889,0.17
18.0684,0.1200,0.0000,0.0000,0.0000,0.0000,0.0000,0.0995,-0.8050,0.3261,0.2066,-0.0645,0.9763,0.3793,-0.2078,-1.4818,1.1816,-1.2433,-0.4763,0.1808,1.3785,-0.9425,1.1622,-0.1241,-0.1280,0.8104,0.2171,0.1590,-0.0388,0.0310,-0.2482,-0.1551,-0.1396,0.3700,-0.2000,-1.3703,1.2461,-1.3116,-0.5000,0.2000,1.4856,-0.9295,1.1641,-0.2996,-1.9411,0.0141,1.5880,0.3407,-1.8428,1.5122,-1.7626,4.0863,-1.2138,0.9167,0.17
18.0964,0.1200,0.0000,0.0000,0.0000,0.0000,0.0000,0.1559,-0.5381,0.6095,0.3202,-0.1235,0.9393,0.3757,-0.2118,-1.4624,1.1825,-1.2478,-0.4770,0.1818,1.3775,-0.9450,1.1531,-0.0969,-0.1939,0.4575,-0.0504,-0.4963,0.0388,0.0271,0.0659,-0.0349,-0.5196,0.3860,-0.2000,-1.3977,1.2014,-1.3293,-0.5000,0.2000,1.5059,-0.9262,1.1541,-0.1396,-1.5764,-0.5655,1.5136,0.1788,-2.0357,1.7507,-1.9825,4.7582,-1.8712,0.9444,0.19
18.1244,0.1200,0.0000,0.0000,0.0000,0.0000,0.0000,0.0969,-0.2455,0.6289,0.2826,-0.1792,0.9424,0.3738,-0.2160,-1.4533,1.1769,-1.2615,-0.4764,0.1832,1.3856,-0.9440,1.1383,0.0620,-0.1163,0.2753,-0.3606,-0.5234,0.0698,0.0155,0.3761,0.0659,-0.5583,0.4241,-0.1928,-1.3941,1.1519,-1.2806,-0.5000,0.2000,1.5263,-0.9223,1.1440,0.2408,-0.9279,-0.8350,1.1425,0.6761,-2.0449,1.6517,-2.0081,5.2275,-2.1521,0.9722,0.18
18.1524,0.1200,0.0000,0.0000,0.0000,0.0000,0.0000,0.1264,-0.0370,0.5185,0.2318,-0.2218,0.9471,0.3782,-0.2179,-1.4477,1.1635,-1.2682,-0.4755,0.1845,1.3993,-0.9409,1.1237,0.2598,0.0039,0.2753,-0.5816,0.1435,0.0233,0.0543,0.5079,0.0814,-0.5196,0.4675,-0.1096,-1.3657,1.0304,-1.2816,-0.5000,0.2000,1.5467,-0.9180,1.1340,0.6750,-0.0955,-0.8565,0.3035,0.9536,-1.8794,1.2560,-2.0347,5.6160,-2.2840,0.0000,0.17
18.1804,0.1200,0.0000,0.0000,0.0000,0.0000,0.0000,0.1717,0.0355,0.4128,0.3091,-0.4481,0.8388,0.3906,-0.2087,-1.4376,1.1304,-1.2687,-0.4751,0.1850,1.4160,-0.9371,1.1090,0.5622,0.6747,0.5932,-1.7293,0.0116,-0.0155,-0.0388,0.6398,0.1900,-0.5273,0.5000,-0.0060,-1.3645,0.9454,-1.2789,-0.5000,0.1953,1.5670,-0.9133,1.1239,1.4565,0.9397,-0.6411,-0.5979,0.9102,-1.5882,0.9529,-2.0140,5.7615,-2.6722,0.0278,0.17
18.2084,0.1200,0.0000,0.0000,0.0000,0.0000,0.0000,0.1679,0.2480,0.2419,0.3482,-0.3226,0.8802,0.4099,-0.1801,-1.4250,1.0799,-1.2707,-0.4748,0.1847,1.4351,-0.9316,1.0925,0.6940,1.4346,0.3994,-2.0317,-0.1086,-0.0194,-0.0310,0.7212,0.3024,-0.7406,0.5000,0.0000,-1.3311,0.9103,-1.2627,-0.5000,0.1722,1.5874,-0.9083,1.1139,2.2121,1.3627,-0.1036,-1.1705,1.2729,-1.5622,0.7219,-2.0058,3.8315,-2.7977,0.0556,0.18
18.2365,0.1200,0.0000,0.0000,0.0000,0.0000,0.0000,0.0510,0.4265,0.0678,0.1931,-0.2239,0.9553,0.4257,-0.1469,-1.4120,1.0262,-1.2728,-0.4741,0.1800,1.4573,-0.9244,1.0756,0.4188,1.0663,0.4537,-1.8495,0.0427,0.0543,-0.2482,0.7483,0.2133,-0.5583,0.5000,0.0000,-1.3294,0.9152,-1.2556,-0.5000,0.1688,1.6078,-0.9653,1.1038,2.0838,1.3834,0.1172,-1.6666,1.7873,-1.4213,0.6876,-1.8001,0.3784,-2.1770,0.0833,0.17
18.2644,0.1200,0.0000,0.0000,0.0000,0.0000,0.0000,0.0946,0.3011,0.2099,0.1460,-0.1737,0.9739,0.4328,-0.1201,-1.3989,0.9822,-1.2752,-0.4729,0.1710,1.4805,-0.9264,1.0626,0.2520,0.8104,0.3916,-1.2291,-0.1202,-0.0039,-0.3606,0.8724,-0.3335,-0.4575,0.5000,0.0000,-1.3169,0.9198,-1.2485,-0.5000,0.2000,1.6078,-1.1209,1.1562,1.2027,1.5298,0.4459,-2.4397,2.2068,-1.1591,1.2153,-1.4859,-2.8087,-1.4614,0.1111,0.19
18.2924,0.1200,0.0000,0.0000,0.0000,0.0000,0.0000,0.1916,0.0105,0.4691,0.0149,-0.2352,0.9718,0.4381,-0.1002,-1.3850,0.9517,-1.2784,-0.4716,0.1675,1.5056,-0.9547,1.0595,0.1784,0.5777,0.5894,-0.8685,-0.1357,0.0078,-0.0116,0.9538,-1.6052,0.0892,0.4533,0.0000,-1.3104,0.9239,-1.2414,-0.4217,0.2000,1.5928,-1.1722,1.2212,0.5325,1.6139,0.7142,-1.3831,2.7362,-0.2168,1.0297,-0.8440,-2.6141,-0.4779,0.1389,0.18
18.3204,0.1200,0.0000,0.0000,0.0000,0.0000,0.0000,0.4385,-0.6147,0.5162,0.0034,-0.0799,0.9968,0.4386,-0.0851,-1.3672,0.9348,-1.2812,-0.4599,0.1677,1.5286,-1.0014,1.0756,-0.1396,0.5196,0.6747,-0.2830,-0.0892,0.7445,-0.0582,0.5932,-1.8573,0.8142,0.4026,0.0000,-1.3022,0.9276,-1.2342,-0.3630,0.1435,1.5768,-1.2200,1.3016,0.0264,1.1656,1.2480,-1.1833,2.7233,0.3698,0.4352,-0.6988,-1.4082,0.2025,0.1667,0.18
18.3495,0.1200,0.0000,0.0000,0.0000,0.0000,0.0000,0.4085,-0.8621,0.4853,0.2170,-0.0694,0.9737,0.4285,-0.0735,-1.3453,0.9290,-1.2826,-0.4341,0.1602,1.5403,-1.0530,1.1069,-0.4885,0.3916,0.8375,-0.0543,-0.0388,1.1322,-0.4575,0.2830,-1.8456,1.3222,0.3360,-0.0495,-1.3226,0.9306,-1.2271,-0.3385,0.2000,1.5716,-1.2621,1.3326,-0.6403,0.5049,2.1311,-2.2435,2.3273,0.6153,1.1777,-0.4449,-2.0488,0.3953,0.1944,0.20
18.3775,0.1200,0.0000,0.0000,0.0000,0.0000,0.0000,0.4269,-0.7292,0.1945,0.3154,0.0465,0.9478,0.4077,-0.0696,-1.3244,0.9281,-1.2831,-0.4039,0.1577,1.5463,-1.1048,1.1465,-0.8647,-0.0271,0.5196,-0.0194,0.0349,0.9693,0.1667,0.1551,-1.7371,1.3842,0.3000,-0.1012,-1.3430,0.9331,-1.2200,-0.3302,0.2000,1.5844,-1.2966,1.3318,-1.3871,-0.0120,2.5872,-2.4101,2.8134,0.6982,1.6891,-0.0117,-1.8186,0.2788,0.2222,0.18
18.4055,0.1200,0.0000,0.0000,0.0000,0.0000,0.0000,0.3359,-0.5016,-0.1983,0.3326,0.1019,0.9376,0.3816,-0.0769,-1.3131,0.9289,-1.2831,-0.3789,0.1634,1.5529,-1.1519,1.1820,-0.8840,-0.3955,0.2598,0.0194,-0.0116,0.7406,0.2171,0.2326,-1.6789,1.0004,0.3000,-0.1629,-1.3633,0.9348,-1.2128,-0.3491,0.2000,1.6002,-1.3217,1.3247,-1.7309,-0.6295,3.2771,-2.4598,2.8140,0.5093,1.8242,0.4521,-1.4331,0.1109,0.2500,0.18
18.4334,0.1200,0.0000,0.0000,0.0000,0.0000,0.0000,0.1732,-0.2530,-0.6249,0.3956,0.1561,0.9050,0.3596,-0.0937,-1.3099,0.9290,-1.2834,-0.3633,0.1679,1.5621,-1.1954,1.2087,-0.6204,-0.7212,-0.0233,-0.0155,-0.0465,0.2443,0.0775,0.3296,-1.4463,0.7638,0.3000,-0.2000,-1.3837,0.9358,-1.2057,-0.3599,0.2000,1.6105,-1.3364,1.3051,-2.0249,-1.1705,3.8641,-2.3356,2.4082,0.4010,1.9142,0.8601,-1.1824,-0.1702,0.2778,0.19
18.4614,0.1200,0.0000,0.0000,0.0000,0.0000,0.0000,-0.0003,-0.0835,-0.9264,0.3956,0.2733,0.8768,0.3427,-0.1165,-1.3145,0.9267,-1.2852,-0.3569,0.1702,1.5727,-1.2325,1.2265,-0.4885,-0.7289,-0.2869,-0.0000,-0.0969,0.1008,0.0349,0.4032,-1.2834,0.3839,0.3000,-0.2000,-1.4041,0.9360,-1.1986,-0.3591,0.2000,1.5939,-1.2865,1.2963,-2.1983,-1.8001,4.0058,-2.0270,2.0092,0.4086,1.6794,1.1379,-0.4674,-0.3308,0.3056,0.18
18.4895,0.1200,0.0000,0.0000,0.0000,0.0000,0.0000,-0.1559,0.0525,-0.9673,0.4957,0.3154,0.8092,0.3289,-0.1355,-1.3254,0.9241,-1.2868,-0.3529,0.1723,1.5792,-1.2552,1.2356,-0.3761,-0.5273,-0.4963,-0.0310,-0.0388,0.1706,0.0465,0.0194,-0.2908,0.2094,0.3000,-0.2000,-1.4244,0.9355,-1.1949,-0.3505,0.1967,1.5633,-1.1699,1.2792,-2.0475,-2.2255,4.3073,-1.9624,0.9658,0.4947,0.9668,1.6164,0.6194,-0.5599,0.3333,0.17
18.5175,0.1200,0.0000,0.0000,0.0000,0.0000,0.0000,-0.2238,0.3106,-0.9669,0.5063,0.3809,0.7737,0.3193,-0.1473,-1.3393,0.9208,-1.2874,-0.3495,0.1740,1.5754,-1.2504,1.2389,-0.2908,-0.3490,-0.6049,-0.0853,0.0155,0.2365,-0.0116,-0.3955,0.7445,0.0116,0.3000,-0.2000,-1.4448,0.9342,-1.2912,-0.3355,0.0554,1.5328,-1.1129,1.2552,-1.4591,-2.4280,4.0501,-1.5918,-0.0700,0.6447,-0.4463,2.1580,2.3318,-0.8456,0.3611,0.17
18.5454,0.1200,0.0000,0.0000,0.0000,0.0000,0.0000,-0.3272,0.6755,-0.8486,0.4887,0.3079,0.8163,0.3133,-0.1568,-1.3583,0.9162,-1.2982,-0.3455,0.1564,1.5611,-1.2248,1.2359,-0.1086,-0.2482,-0.7987,-0.2365,-0.6281,0.1861,-1.2175,-0.6475,1.1632,-0.1706,0.4076,-0.2000,-1.4652,1.0027,-1.3742,-0.3393,0.0000,1.5022,-1.0839,1.2432,0.0755,-2.1139,3.1545,-0.2945,-1.2420,0.6069,-2.4658,2.7039,4.1245,-1.2559,0.3889,0.17
18.5734,0.1200,0.0000,0.0000,0.0000,0.0000,0.0000,-0.1639,0.7660,-0.6554,0.3109,0.3652,0.8775,0.3223,-0.1650,-1.3840,0.9205,-1.3255,-0.3434,0.1205,1.5440,-1.1901,1.2292,0.7910,-0.2947,-0.9189,0.4575,-1.2679,0.0582,-1.3610,-0.7483,1.3648,-0.2908,0.5000,-0.2000,-1.4856,1.1295,-1.3256,-0.3037,0.0000,1.4717,-1.0461,1.2456,1.8612,-2.1469,1.0157,2.4696,-0.6152,0.9632,-3.3635,2.4905,4.4141,-1.3357,0.4167,0.17
18.6015,0.1200,0.0000,0.0000,0.0000,0.0000,0.0000,-0.1885,0.3812,-0.1310,-0.0026,0.3488,0.9372,0.3529,-0.1726,-1.4133,0.9461,-1.3452,-0.3389,0.0895,1.5222,-1.1532,1.2217,1.4424,-0.2986,-1.1361,1.2369,-0.3141,0.3412,-0.9965,-0.9189,1.3454,-0.2326,0.5000,-0.2000,-1.6330,1.1262,-1.1541,-0.3000,0.0000,1.4411,-1.0014,1.2853,1.6825,-2.2135,-0.2703,4.2766,1.1523,1.3854,-1.7138,2.2458,2.5385,-0.6195,0.4444,0.18
18.6294,0.1200,0.0000,0.0000,0.0000,0.0000,0.0000,-0.4620,-0.0442,0.4851,0.3709,0.0032,0.9287,0.3875,-0.1784,-1.4555,0.9850,-1.3289,-0.3297,0.0685,1.4920,-1.1180,1.2210,1.0895,-0.1435,-1.6944,1.5665,1.0508,0.3839,-0.6940,-1.1826,1.2950,0.1435,0.4780,-0.2000,-1.5916,1.1223,-1.2459,-0.3390,0.0000,1.4106,-0.9519,1.2483,0.7802,-3.6084,0.3470,4.9520,-0.0186,0.6101,-1.0658,2.6744,3.1006,-1.0030,0.4722,0.17
18.6574,0.1200,0.0000,0.0000,0.0000,0.0000,0.0000,-0.4520,0.8302,0.5759,0.3174,-0.0833,0.9446,0.4129,-0.1817,-1.4841,1.0204,-1.3089,-0.3268,0.0524,1.4653,-1.0766,1.2215,0.6514,-0.0892,-0.9034,1.0042,0.3063,-0.0892,-0.4808,-0.7212,1.6324,0.0388,0.4133,-0.2000,-1.5578,1.1180,-1.3340,-0.4467,0.1420,1.3800,-0.9000,1.2770,0.1333,-2.5290,0.8891,3.7416,-1.3824,-0.4668,0.4201,2.6752,2.3284,-1.6718,0.5000,0.17
18.6854,0.1200,0.0000,0.0000,0.0000,0.0000,0.0000,-0.1937,0.8522,0.2592,0.1114,-0.0869,0.9900,0.4204,-0.1835,-1.5035,1.0393,-1.3099,-0.3415,0.0612,1.4456,-1.0301,1.2221,-0.1241,-0.0853,-0.5622,0.4226,-0.4614,-0.9267,0.9151,-0.6940,1.8922,0.0814,0.3794,-0.1778,-1.5670,1.1133,-1.3239,-0.5000,0.1574,1.4004,-0.9052,1.2699,-0.2056,-0.7776,1.3485,1.8570,-1.9529,-1.1168,0.5744,2.6133,1.5270,-2.6395,0.5278,0.17
18.7134,0.1200,0.0000,0.0000,0.0000,0.0000,0.0000,-0.1751,0.3152,-0.2794,0.1313,0.0902,0.9872,0.4125,-0.1842,-1.5155,1.0482,-1.3168,-0.3756,0.0858,1.4275,-0.9906,1.2228,-0.3490,0.0543,-0.2869,0.2482,-0.0504,-1.2679,0.7367,-0.5118,1.1128,-0.0388,0.3860,0.0000,-1.5874,1.0363,-1.3139,-0.5000,0.0826,1.4207,-0.9103,1.2627,-0.1395,1.5716,1.5879,0.2802,-2.0450,-1.5527,-0.1740,1.7794,3.4561,-3.2810,0.5556,0.16
18.7415,0.1200,0.0000,0.0000,0.0000,0.0000,0.0000,-0.3188,0.3841,-0.6706,0.2149,-0.1923,0.9575,0.4040,-0.1619,-1.5241,1.0455,-1.3181,-0.4081,0.0927,1.4150,-0.9649,1.2205,-0.2055,1.4928,-0.3490,-0.3063,-0.0233,-1.0275,-0.1590,-0.4730,0.8259,-0.0931,0.4169,0.0000,-1.6078,0.9326,-1.3038,-0.5000,0.1397,1.4224,-0.9152,1.2556,0.1688,2.5879,2.2764,-0.7054,-1.3565,-1.8047,0.3971,0.8126,4.2057,-3.7261,0.5833,0.16
18.7695,0.1200,0.0000,0.0000,0.0000,0.0000,0.0000,-0.1982,0.8185,-0.8702,0.2491,-0.2731,0.9292,0.4014,-0.1254,-1.5376,1.0239,-1.3182,-0.4301,0.0977,1.4083,-0.9462,1.2182,0.0698,1.2524,-0.5273,-1.1555,0.0737,-0.6204,0.4653,-0.2171,0.6824,-0.1628,0.3978,0.0000,-1.6078,0.9552,-1.3188,-0.5000,0.2000,1.4154,-0.9198,1.2485,-0.0217,2.6034,2.8883,-0.6576,-0.6262,-2.4367,1.1527,0.5391,1.7769,-3.7177,0.6111,0.16
18.7975,0.1200,0.0000,0.0000,0.0000,0.0000,0.0000,-0.0901,1.0531,-1.1504,0.0702,-0.1403,0.9876,0.4013,-0.0986,-1.5513,0.9972,-1.3209,-0.4483,0.1175,1.4048,-0.9277,1.2175,-0.0039,0.6940,-0.6359,-0.7794,-0.1861,-0.6049,0.8879,-0.1241,0.6475,-0.0582,0.3000,0.0000,-1.5772,1.0748,-1.2663,-0.5000,0.2000,1.4115,-1.1006,1.2414,-1.1288,2.7145,3.0210,0.0264,0.0265,-3.1808,1.4982,0.2963,-0.7664,-3.1100,0.6389,0.17
18.8254,0.1200,0.0000,0.0000,0.0000,0.0000,0.0000,-0.1537,0.7907,-1.2876,-0.1204,-0.1148,0.9861,0.3855,-0.0816,-1.5621,0.9926,-1.3195,-0.4663,0.1386,1.4021,-0.9289,1.2188,-0.8763,0.5545,-0.4265,0.4537,0.1939,-0.7251,0.6669,-0.0039,-0.7057,-0.0582,0.3000,0.0000,-1.5467,1.2152,-1.3521,-0.5000,0.2000,1.4404,-1.1276,1.2342,-1.9624,2.6947,3.1326,0.9516,-0.7073,-3.8929,1.7457,0.3821,-1.8239,-2.5595,0.6667,0.17
18.8534,0.1200,0.0000,0.0000,0.0000,0.0000,0.0000,-0.0611,-0.1116,-1.0845,-0.1863,0.0312,0.9820,0.3597,-0.0710,-1.5672,1.0213,-1.3206,-0.4795,0.1510,1.4044,-0.9575,1.2235,-0.7987,0.2249,-0.1086,1.5509,-0.3024,-0.3645,0.3606,0.0931,-1.4307,0.0969,0.3000,0.0000,-1.5161,1.1759,-1.3874,-0.5000,0.2000,1.4832,-1.0671,1.2271,-2.9092,2.6731,2.8233,0.1375,-0.9436,-4.0997,1.2946,0.6065,-0.3642,-2.1909,0.6944,0.17
18.8814,0.1200,0.0000,0.0000,0.0000,0.0000,0.0000,0.0720,-0.9631,-0.5355,0.1601,-0.1492,0.9758,0.3414,-0.0623,-1.5670,1.0557,-1.3325,-0.4884,0.1599,1.4060,-0.9898,1.2256,-0.4420,0.3528,0.3451,0.9073,-0.4381,-0.1512,0.2443,0.0078,-0.9034,-0.0388,0.3000,0.0000,-1.4856,1.1339,-1.4039,-0.5000,0.2000,1.4757,-1.0828,1.2200,-3.3512,3.8551,3.3393,-0.6273,-1.8158,-4.4076,2.4688,0.3273,-0.4977,-3.2020,0.7222,0.17
18.9094,0.1200,0.0000,0.0000,0.0000,0.0000,0.0000,0.1009,-0.4558,-0.0507,0.1535,-0.1650,0.9743,0.3314,-0.0557,-1.5557,1.0673,-1.3455,-0.4941,0.1652,1.4031,-1.0135,1.2258,-0.2365,0.1939,0.5583,0.0543,-0.4188,-0.1745,0.0814,-0.0039,-0.6747,-0.0543,0.3000,0.0000,-1.4550,1.1636,-1.3485,-0.5000,0.2000,1.4776,-1.0972,1.2128,-3.7313,4.3877,3.8346,-0.5812,-0.3492,-5.0086,2.4689,0.1424,-0.6240,-3.3491,0.7500,0.20
18.9374,0.1200,0.0000,0.0000,0.0000,0.0000,0.0000,0.0817,-0.1909,0.2155,-0.1013,0.0020,0.9949,0.3253,-0.0516,-1.5418,1.0699,-1.3474,-0.4964,0.1678,1.4045,-1.0292,1.2260,-0.1590,0.1667,0.4304,0.2210,0.2792,-0.0310,0.0969,0.1163,-0.5079,-0.1047,0.3000,0.0000,-1.4244,1.2633,-1.2688,-0.5000,0.2000,1.5464,-1.1358,1.2057,-4.1503,3.5600,3.7131,0.2691,0.5335,-5.2838,2.2520,0.6272,-2.0757,-2.8527,0.7778,0.19
18.9655,0.1200,0.0000,0.0000,0.0000,0.0000,0.0000,0.1103,-0.4608,0.3001,-0.1377,0.0707,0.9879,0.3214,-0.0490,-1.5258,1.0862,-1.3291,-0.4977,0.1684,1.4154,-1.0500,1.2244,-0.1047,0.1318,0.4730,0.9616,1.1128,-0.1202,0.0039,0.5234,-0.8569,-0.2559,0.3000,0.0000,-1.3939,1.3113,-1.3508,-0.5000,0.2000,1.6041,-1.1360,1.1986,-4.2619,2.8242,3.4743,0.7149,-0.2150,-4.9343,1.5340,1.2724,-1.1731,-1.8475,0.8056,0.18
18.9934,0.1200,0.0000,0.0000,0.0000,0.0000,0.0000,0.1628,-0.7473,0.5474,-0.0400,0.0931,0.9949,0.3178,-0.0469,-1.5104,1.1130,-1.3161,-0.4993,0.1683,1.4355,-1.0765,1.2190,-0.0194,0.1086,0.4265,1.0973,-0.0000,-0.0388,-0.0620,0.7251,-0.9577,-0.3528,0.3000,0.0000,-1.3633,1.1721,-1.4327,-0.5000,0.2000,1.6244,-1.0248,1.1914,-4.5931,2.7797,3.2001,-0.5974,-0.9752,-4.6524,1.5712,1.0483,0.1064,-1.7804,0.8333,0.19
19.0214,0.1200,0.0000,0.0000,0.0000,0.0000,0.0000,0.1628,-0.8484,0.9720,0.5209,-0.3310,0.7868,0.3142,-0.0447,-1.4938,1.1212,-1.3288,-0.5005,0.1683,1.4562,-1.0873,1.2096,-0.0737,0.0427,0.8647,-0.2792,-0.8995,0.0465,-0.1124,0.4808,0.2055,-0.4226,0.3000,0.0000,-1.3328,1.1129,-1.4398,-0.5000,0.2000,1.5547,-0.9516,1.1842,-4.6134,4.6115,4.0002,-1.6451,-1.5726,-4.3806,3.2072,0.0984,0.8261,-3.2477,0.8611,0.18
19.0494,0.1200,0.0000,0.0000,0.0000,0.0000,0.0000,0.1218,-0.3408,1.4735,0.1172,-0.0626,0.9911,0.3105,-0.0434,-1.4685,1.1057,-1.3496,-0.5005,0.1686,1.4653,-1.0686,1.1948,-0.0969,0.0582,1.0353,-0.8104,-0.6747,0.1280,-0.0427,-0.0039,1.1710,-0.5661,0.3000,0.0000,-1.3022,1.0839,-1.2432,-0.5000,0.2000,1.5755,-1.0682,1.1742,-4.8275,4.2272,3.7213,-1.1789,1.5847,-5.2772,2.5072,0.1031,-0.3603,-3.2607,0.8889,0.18
19.0775,0.1200,0.0000,0.0000,0.0000,0.0000,0.0000,0.2302,-0.3372,1.4470,0.0450,-0.2004,0.9787,0.3070,-0.0434,-1.4387,1.0833,-1.3455,-0.4942,0.1684,1.4708,-1.0546,1.1753,-0.0892,-0.0000,1.0895,-0.7755,1.0391,0.2947,0.0465,0.5234,-0.0698,-0.7755,0.3000,0.0000,-1.2717,1.2291,-1.2456,-0.5000,0.2000,1.6642,-1.1295,1.1641,-4.6476,3.0116,3.9778,0.8301,1.5483,-4.8267,2.5769,0.7863,-2.8986,-2.5611,0.9167,0.17
19.1054,0.1200,0.0000,0.0000,0.0000,0.0000,0.0000,0.4162,-0.6086,1.0217,-0.0219,0.1556,0.9876,0.3040,-0.0440,-1.4051,1.0848,-1.3156,-0.4881,0.1685,1.4968,-1.0670,1.1556,-0.0775,0.0465,0.7794,0.7096,1.2524,0.0620,-0.0388,1.1942,-0.9461,-0.8802,0.3000,0.0000,-1.2411,1.2014,-1.3680,-0.5000,0.2000,1.7059,-1.0929,1.1693,-4.1655,2.5057,3.3780,1.9088,-0.2076,-3.8915,1.4113,1.3929,-0.6672,-0.8473,0.9444,0.19
19.1335,0.1200,0.0000,0.0000,0.0000,0.0000,0.0000,0.2217,-1.0577,0.7289,0.3161,-0.0805,0.9453,0.3011,-0.0440,-1.3801,1.0947,-1.3050,-0.4852,0.1683,1.5254,-1.0888,1.1377,-0.1435,-0.0349,0.9306,0.2055,-0.3839,0.0543,-0.0155,0.8336,-0.7018,-0.6630,0.3000,0.0000,-1.2106,1.1080,-1.4483,-0.5000,0.2000,1.6696,-0.9223,1.1440,-3.8786,2.6357,4.0118,0.5605,-2.4983,-3.2759,2.4259,0.4333,1.4444,-1.6430,0.9722,0.18
19.1614,0.1200,0.0000,0.0000,0.0000,0.0000,0.0000,0.3075,-0.8532,0.8123,0.6036,-0.1021,0.7907,0.2956,-0.0437,-1.3566,1.0854,-1.3250,-0.4831,0.1680,1.5396,-1.0872,1.1202,-0.1900,0.0698,1.0391,-0.8026,-1.0508,0.1939,-0.0194,0.1008,0.9693,-0.7018,0.3000,0.0000,-1.1800,0.9235,-1.4770,-0.5000,0.2000,1.5754,-0.9180,1.1340,-3.3717,3.7008,4.3410,-0.7652,-1.5241,-3.6112,2.1525,-0.7130,4.2899,-2.4727,0.0000,0.18
19.1894,0.1200,0.0000,0.0000,0.0000,0.0000,0.0000,0.2801,-0.4925,0.9813,0.4665,-0.4513,0.7608,0.2915,-0.0437,-1.3296,1.0460,-1.3542,-0.4822,0.1676,1.5337,-1.0590,1.1030,-0.0698,-0.0310,1.1710,-1.8999,-1.1283,0.1435,0.0039,-0.4537,1.2873,-0.6049,0.3000,0.0000,-1.2004,0.9052,-1.3998,-0.5000,0.2000,1.5917,-0.9133,1.1239,-2.8708,3.9472,3.9734,-1.1545,-0.2993,-3.4908,2.5245,-0.7530,2.9304,-3.0786,0.0278,0.18
19.2174,0.1200,0.0000,0.0000,0.0000,0.0000,0.0000,0.3994,-0.3872,0.8112,0.4454,-0.1099,0.8886,0.2891,-0.0441,-1.3008,0.9969,-1.3704,-0.4803,0.1674,1.5298,-1.0267,1.0849,-0.0969,-0.0465,0.8724,-1.7564,0.0155,0.1086,-0.0737,-0.0194,1.0818,-0.7251,0.3000,0.0000,-1.2207,0.9430,-1.2627,-0.5000,0.2000,1.6199,-0.9551,1.1139,-3.1555,3.0343,4.4515,-0.6728,1.0331,-3.8794,1.8506,-0.6754,0.5318,-2.4625,0.0556,0.18
19.2454,0.1200,0.0000,0.0000,0.0000,0.0000,0.0000,0.2813,0.0004,0.4436,0.2897,0.0518,0.9557,0.2884,-0.0447,-1.2807,0.9618,-1.3546,-0.4795,0.1673,1.5362,-1.0044,1.0689,-0.0000,-0.0194,0.4963,-0.8142,1.2757,0.0310,-0.0233,0.4032,0.5390,-0.6475,0.3000,0.0000,-1.2411,1.0596,-1.2604,-0.5000,0.2000,1.6577,-1.1031,1.1038,-3.5724,1.9509,4.6284,0.4438,0.9520,-3.3276,1.5777,-0.5011,-1.0093,-1.3027,0.0833,0.20
19.2734,0.1200,0.0000,0.0000,0.0000,0.0000,0.0000,0.0653,0.0345,0.1502,0.0970,0.1783,0.9792,0.2871,-0.0447,-1.2739,0.9520,-1.3314,-0.4793,0.1670,1.5544,-1.0115,1.0552,0.0078,0.0349,-0.1241,0.3102,0.5855,-0.0465,0.0310,0.9383,-0.9965,-0.4653,0.3000,0.0000,-1.2615,1.1198,-1.3364,-0.5000,0.2000,1.6772,-1.0372,1.2531,-3.4859,1.0232,3.9571,1.2391,0.1212,-2.2599,1.5978,-0.3054,-0.1633,-0.0307,0.1111,0.19
19.3014,0.1200,0.0000,0.0000,0.0000,0.0000,0.0000,0.0127,-0.6923,0.1606,0.3101,0.2700,0.9116,0.2845,-0.0434,-1.2781,0.9675,-1.3279,-0.4771,0.1658,1.5782,-1.0310,1.0650,-0.0310,0.1124,-0.2714,0.9461,-0.3141,0.1667,-0.0543,0.5002,-0.3955,0.9771,0.3000,-0.0820,-1.2819,1.1016,-1.4385,-0.5000,0.2000,1.6389,-0.9722,1.3034,-3.2523,0.1796,3.7205,0.7768,-0.9710,-1.4817,1.6025,-0.3837,1.1756,0.3446,0.1389,0.18
19.3294,0.1200,0.0000,0.0000,0.0000,0.0000,0.0000,0.4046,-0.5233,0.1809,0.6169,0.1659,0.7693,0.2823,-0.0527,-1.2865,0.9856,-1.3474,-0.4764,0.1660,1.5791,-1.0349,1.0979,-0.0543,-0.6165,-0.4032,0.4963,-1.1710,0.0582,0.0427,-0.2482,0.2016,1.3571,0.3000,-0.0683,-1.3022,1.0025,-1.4342,-0.5000,0.2000,1.5894,-1.0200,1.2598,-2.6676,0.3165,3.7084,-0.2510,-1.7656,-1.3836,1.0871,-0.5726,3.2460,-0.2153,0.1667,0.18
19.3574,0.1200,0.0000,0.0000,0.0000,0.0000,0.0000,0.3428,-0.0246,0.3304,0.5913,-0.1636,0.7896,0.2818,-0.0665,-1.2994,0.9855,-1.3714,-0.4795,0.1679,1.5708,-1.0314,1.1272,0.0310,-0.4304,-0.3296,-0.3412,-0.5777,-0.0582,0.0271,-0.2133,0.0969,0.7096,0.3000,-0.0262,-1.3226,1.0116,-1.4271,-0.5000,0.1207,1.5760,-1.0621,1.1931,-1.7208,0.7385,3.2118,-0.1905,-1.7739,-1.5959,0.2067,-0.4012,4.3797,-1.1772,0.1944,0.17
19.3854,0.1200,0.0000,0.0000,0.0000,0.0000,0.0000,0.1466,0.1696,0.2347,0.3411,-0.0439,0.9390,0.2826,-0.0706,-1.3081,0.9799,-1.3858,-0.4811,0.1590,1.5697,-1.0305,1.1358,-0.0000,0.0892,-0.3179,-0.0543,-0.3606,-0.0155,-0.5894,0.0465,-0.0582,-0.1357,0.3000,-0.0516,-1.3430,1.0329,-1.4200,-0.5000,0.0526,1.5878,-1.0966,1.2039,-1.0126,0.4842,2.4848,-0.0014,-1.1001,-1.2623,-0.4744,0.0227,3.5330,-1.3834,0.2222,0.17
19.4134,0.1200,0.0000,0.0000,0.0000,0.0000,0.0000,-0.1038,-0.0831,-0.0231,0.2499,0.0031,0.9683,0.2833,-0.0716,-1.3193,0.9802,-1.3948,-0.4829,0.1338,1.5739,-1.0366,1.1344,0.0737,-0.0698,-0.3877,0.0969,-0.2055,-0.0775,-1.1051,0.1784,-0.3490,-0.0504,0.3323,-0.1418,-1.3633,1.0263,-1.4013,-0.4462,0.0000,1.6116,-1.1217,1.2136,-0.6775,-0.4181,2.1653,-0.0850,-0.8844,-0.4618,-1.0776,0.5662,2.6682,-1.3290,0.2500,0.18
19.4414,0.1200,0.0000,0.0000,0.0000,0.0000,0.0000,-0.0389,-0.2576,-0.3527,0.3513,0.0332,0.9357,0.2875,-0.0847,-1.3305,0.9812,-1.3995,-0.4771,0.1004,1.5810,-1.0516,1.1349,0.3645,-0.7600,-0.4575,0.0892,-0.0465,0.3839,-1.2524,0.2404,-0.6747,0.0116,0.3642,-0.2000,-1.3837,1.0188,-1.4057,-0.3582,0.0000,1.6244,-1.1364,1.2221,-0.3584,-1.5433,2.2201,-0.1699,-1.4195,0.4179,-1.6252,1.1410,2.7879,-1.4141,0.2778,0.16
19.4694,0.1200,0.0000,0.0000,0.0000,0.0000,0.0000,-0.0384,-0.0745,-0.3718,0.4396,0.1483,0.8859,0.2974,-0.1113,-1.3426,0.9801,-1.4033,-0.4549,0.0715,1.5882,-1.0708,1.1378,0.4537,-1.0818,-0.5041,-0.0620,-0.1435,1.0430,-0.7677,0.3141,-0.6747,0.1163,0.4662,-0.2000,-1.4041,1.0558,-1.3986,-0.3120,0.0000,1.5939,-1.1398,1.2293,0.6624,-2.0707,1.8289,0.1977,-1.7911,0.8801,-2.5980,1.6903,3.5471,-1.6133,0.3056,0.18
19.4974,0.1200,0.0000,0.0000,0.0000,0.0000,0.0000,-0.0866,0.1740,0.0391,0.3584,0.0756,0.9305,0.3212,-0.1350,-1.3591,0.9822,-1.4081,-0.4202,0.0520,1.5911,-1.0867,1.1422,1.3765,-0.6902,-0.6979,0.1706,-0.1473,1.4928,-0.6281,-0.0465,-0.4769,0.1280,0.5000,-0.2000,-1.4644,1.1355,-1.3788,-0.3000,0.0000,1.5633,-1.1318,1.2352,2.0137,-2.4452,0.6007,1.8213,-0.8737,1.2554,-3.2732,1.9461,3.8361,-1.6737,0.3333,0.17
19.5254,0.1200,0.0000,0.0000,0.0000,0.0000,0.0000,-0.1488,-0.0093,0.0976,0.2878,0.2601,0.9217,0.3582,-0.1503,-1.3841,0.9978,-1.4098,-0.3852,0.0394,1.5874,-1.0984,1.1482,1.4501,-0.4110,-1.1089,0.9577,0.0271,1.1787,-0.4614,-0.2288,-0.3335,0.2326,0.5000,-0.2000,-1.5805,1.1342,-1.2135,-0.3000,0.0000,1.5328,-1.1129,1.2398,2.1726,-3.1109,-0.3573,3.5131,0.7074,1.5110,-3.3149,2.0012,3.2735,-1.3989,0.3611,0.16
19.5534,0.1200,0.0000,0.0000,0.0000,0.0000,0.0000,-0.2407,-0.1297,0.0758,0.4891,0.1704,0.8554,0.3909,-0.1614,-1.4234,1.0246,-1.3916,-0.3601,0.0294,1.5758,-1.1024,1.1561,1.0702,-0.3024,-1.6091,1.0895,1.1710,0.7600,-0.2986,-0.5196,-0.0000,0.2598,0.5000,-0.2000,-1.5942,1.1322,-1.2416,-0.3163,0.0000,1.5022,-1.0839,1.2432,1.7222,-3.1803,-0.2898,4.5102,0.3254,0.8372,-2.7382,2.3038,2.7842,-1.5850,0.3889,0.16
19.5814,0.1200,0.0000,0.0000,0.0000,0.0000,0.0000,-0.4290,0.4466,-0.0317,0.5511,0.0540,0.8327,0.4159,-0.1683,-1.4571,1.0521,-1.3674,-0.3428,0.0225,1.5611,-1.0980,1.1636,0.8414,-0.2016,-1.2485,0.9577,0.7483,0.4769,-0.1900,-0.4614,0.3645,0.3335,0.5000,-0.2000,-1.6101,1.1295,-1.3258,-0.3553,0.0000,1.4717,-1.0461,1.2456,1.3610,-3.0088,-0.2453,4.7517,-0.6172,0.4469,-1.9700,2.4619,3.0165,-1.3657,0.4167,0.16
19.6094,0.1200,0.0000,0.0000,0.0000,0.0000,0.0000,-0.2541,0.6389,-0.3583,0.4957,0.0420,0.8675,0.4364,-0.1732,-1.4894,1.0715,-1.3609,-0.3373,0.0178,1.5481,-1.0826,1.1734,0.6747,-0.1396,-1.2175,0.5079,-0.1667,0.0155,-0.2016,-0.5196,0.8181,0.3528,0.5000,-0.2000,-1.6309,1.1262,-1.3341,-0.3681,0.0000,1.4411,-1.0014,1.2472,1.0194,-2.6324,-0.2501,4.4530,-0.8000,0.3187,-1.3300,2.3302,3.2104,-1.2919,0.4444,0.18
19.6374,0.1200,0.0000,0.0000,0.0000,0.0000,0.0000,-0.1489,0.5557,-0.7577,0.4225,0.1769,0.8889,0.4507,-0.1785,-1.5209,1.0838,-1.3670,-0.3416,0.0143,1.5288,-1.0586,1.1810,0.4110,-0.1551,-1.0081,0.3994,-0.1900,-0.1008,-0.1318,-0.8647,1.0353,0.1473,0.4842,-0.2000,-1.6270,1.1223,-1.3338,-0.3891,0.0000,1.4106,-0.9519,1.2483,0.8423,-2.1531,-0.0073,3.8991,-0.8982,0.1094,-1.1707,2.2589,2.8142,-1.4854,0.4722,0.17
19.6654,0.1200,0.0000,0.0000,0.0000,0.0000,0.0000,-0.3004,0.5455,-0.8568,0.3768,0.0985,0.9210,0.4567,-0.1836,-1.5450,1.0905,-1.3721,-0.3490,0.0111,1.5032,-1.0303,1.1828,0.0504,-0.1745,-0.7638,0.2171,-0.0931,-0.2753,-0.0814,-1.0314,1.1051,0.1086,0.4856,-0.2000,-1.6280,1.1180,-1.3340,-0.4124,0.0000,1.3800,-0.9000,1.2770,0.8560,-1.6429,0.1870,3.4012,-1.4087,-0.1242,-1.0219,2.1391,2.9357,-1.7958,0.5000,0.17
19.6934,0.1200,0.0000,0.0000,0.0000,0.0000,0.0000,-0.3006,0.4876,-0.9520,0.3029,0.0392,0.9522,0.4575,-0.1872,-1.5623,1.0935,-1.3746,-0.3601,0.0084,1.4737,-0.9971,1.1870,0.0969,-0.1047,-0.6049,0.0543,-0.0039,-0.4110,-0.1667,-1.0508,1.3881,0.3102,0.5000,-0.1811,-1.6277,1.1133,-1.3239,-0.4261,0.0542,1.4004,-0.9052,1.2699,1.0246,-0.8108,0.3932,2.6822,-1.5505,-0.2605,-0.4580,1.8566,3.0462,-2.1775,0.5278,0.16
19.7214,0.1200,0.0000,0.0000,0.0000,0.0000,0.0000,-0.2722,0.4170,-0.9712,0.2821,0.0370,0.9587,0.4595,-0.1879,-1.5755,1.0941,-1.3751,-0.3741,0.0138,1.4474,-0.9685,1.1925,0.2133,0.1357,-0.3761,-0.0853,0.0349,-0.4575,0.3102,-0.7483,0.8453,0.0659,0.5000,-0.1367,-1.6360,1.1083,-1.3139,-0.4309,0.0605,1.4207,-0.9103,1.2627,1.3409,-0.3673,0.5143,2.2971,-1.4704,-0.3088,-0.3947,1.6059,3.9761,-2.4937,0.5556,0.16
19.7494,0.1200,0.0000,0.0000,0.0000,0.0000,0.0000,-0.2687,0.5268,-0.7954,0.2559,-0.0262,0.9663,0.4633,-0.1820,-1.5873,1.0931,-1.3737,-0.3864,0.0252,1.4302,-0.9523,1.1938,0.1435,0.4149,-0.4420,0.0078,0.0737,-0.3916,0.3296,-0.4808,0.4769,0.0349,0.5000,-0.1316,-1.6474,1.1031,-1.2813,-0.4180,0.1062,1.4411,-0.9152,1.2556,1.6499,-0.3164,0.6033,2.2619,-0.7750,-0.1799,0.0621,1.3468,4.5393,-2.6447,0.5833,0.16
19.7774,0.1200,0.0000,0.0000,0.0000,0.0000,0.0000,-0.2485,0.6151,-0.6591,0.1876,-0.0456,0.9812,0.4652,-0.1725,-1.6010,1.0919,-1.3677,-0.3938,0.0399,1.4223,-0.9420,1.1925,0.0388,0.3179,-0.4808,-0.0465,0.3412,-0.0969,0.6902,-0.1706,0.3179,-0.1706,0.5000,-0.1787,-1.6241,1.1209,-1.2776,-0.4108,0.1686,1.4615,-0.9198,1.2485,1.3670,-0.7866,0.8369,2.3888,-0.2146,-0.1082,0.6857,1.2582,4.2920,-2.4374,0.6111,0.16
19.8054,0.1200,0.0000,0.0000,0.0000,0.0000,0.0000,-0.1970,0.6619,-0.4430,0.1336,-0.0140,0.9909,0.4663,-0.1716,-1.6083,1.0914,-1.3588,-0.3960,0.0649,1.4205,-0.9364,1.1898,0.0737,-0.1628,-0.1628,0.1318,0.2598,-0.0194,1.0702,-0.0078,0.1086,-0.1628,0.4612,-0.2000,-1.5772,1.1722,-1.3076,-0.4389,0.2000,1.4819,-0.9239,1.2414,0.6123,-1.0847,1.1900,1.9042,-0.3867,-0.3892,1.2553,1.3414,3.6678,-2.1948,0.6389,0.17
19.8334,0.1200,0.0000,0.0000,0.0000,0.0000,0.0000,-0.0647,0.5655,-0.3470,0.0448,0.0739,0.9963,0.4635,-0.1794,-1.6077,1.0970,-1.3548,-0.4001,0.0948,1.4236,-0.9349,1.1863,-0.1473,-0.2675,0.0039,0.3490,0.0388,-0.2947,1.0004,0.0892,-0.0000,-0.1551,0.3833,-0.1594,-1.5467,1.1580,-1.3330,-0.5000,0.2000,1.5022,-0.9276,1.2342,-0.1671,-0.5944,1.3606,0.3803,-0.5163,-1.0627,1.4331,1.4709,2.5236,-2.2192,0.6667,0.17
19.8614,0.1200,0.0000,0.0000,0.0000,0.0000,0.0000,-0.0182,0.1347,-0.2510,0.1830,-0.0670,0.9808,0.4468,-0.1835,-1.6032,1.1009,-1.3548,-0.4157,0.1194,1.4272,-0.9367,1.1816,-0.9034,0.0582,0.3141,0.1551,-0.0271,-0.8142,0.7871,0.1086,-0.0814,-0.1822,0.3600,-0.0738,-1.5161,1.1389,-1.3931,-0.5000,0.2000,1.5226,-0.9306,1.2271,-0.4004,0.2624,1.0509,-0.2328,-1.0160,-1.4648,1.0627,1.1582,3.5777,-2.9466,0.6944,0.16
19.8894,0.1200,0.0000,0.0000,0.0000,0.0000,0.0000,-0.0333,0.1379,-0.1678,0.1597,-0.0694,0.9847,0.4226,-0.1716,-1.5908,1.0993,-1.3614,-0.4352,0.1364,1.4307,-0.9387,1.1751,-0.7328,0.7910,0.5351,-0.1628,-0.5312,-0.5583,0.4769,0.1241,-0.0737,-0.2326,0.3795,0.0000,-1.4996,1.0966,-1.3274,-0.5000,0.2000,1.4973,-0.9331,1.2200,-0.2046,1.1559,0.8596,-1.2256,-0.2349,-1.6722,1.5471,0.5435,3.8528,-3.1991,0.7222,0.17
19.9174,0.1200,0.0000,0.0000,0.0000,0.0000,0.0000,-0.0809,0.2104,-0.2517,0.1311,-0.1919,0.9726,0.4064,-0.1449,-1.5790,1.0903,-1.3613,-0.4485,0.1469,1.4308,-0.9391,1.1690,-0.4537,1.2563,0.4847,-0.4769,0.4226,-0.3335,0.3024,-0.0737,0.0620,-0.2210,0.3756,0.0000,-1.4550,1.1217,-1.2505,-0.5000,0.2000,1.4852,-0.9348,1.2128,-0.2445,1.0879,1.0273,-1.0208,0.6316,-1.9623,2.3174,0.2185,1.7973,-3.3013,0.7500,0.17
19.9454,0.1200,0.0000,0.0000,0.0000,0.0000,0.0000,-0.1244,0.1686,-0.3351,-0.0081,-0.0988,0.9951,0.3974,-0.1190,-1.5630,1.0812,-1.3424,-0.4582,0.1539,1.4271,-0.9381,1.1644,-0.3179,0.8026,0.5545,-0.1939,1.0275,-0.2792,0.1551,-0.2055,0.0931,-0.1318,0.3056,-0.0472,-1.4244,1.2562,-1.2221,-0.5000,0.2000,1.5101,-1.0274,1.2057,-0.9440,0.5277,1.0787,0.1986,1.1251,-2.5625,2.2124,0.2639,0.0834,-2.9170,0.7778,0.16
19.9734,0.1200,0.0000,0.0000,0.0000,0.0000,0.0000,-0.1176,-0.0678,-0.2902,-0.1113,0.0636,0.9917,0.3789,-0.1082,-1.5451,1.0918,-1.3152,-0.4661,0.1586,1.4248,-0.9497,1.1626,-0.8414,0.1822,0.3839,0.9500,0.9267,-0.2675,0.1435,0.0582,-0.8104,-0.1086,0.3000,-0.0975,-1.3939,1.2098,-1.2898,-0.5000,0.2000,1.5511,-0.9360,1.1986,-1.9534,0.0253,1.0588,-0.2997,0.3955,-2.8717,1.2944,0.4702,1.1340,-1.9703,0.8056,0.17
