t,vx_cmd,vy_cmd,wz_cmd,lin_vx,lin_vy,lin_vz,gyro_x,gyro_y,gyro_z,projg_x,projg_y,projg_z,jpos_hip_yaw_l,jpos_hip_roll_l,jpos_hip_pitch_l,jpos_knee_pitch_l,jpos_ankle_pitch_l,jpos_hip_yaw_r,jpos_hip_roll_r,jpos_hip_pitch_r,jpos_knee_pitch_r,jpos_ankle_pitch_r,jvel_hip_yaw_l,jvel_hip_roll_l,jvel_hip_pitch_l,jvel_knee_pitch_l,jvel_ankle_pitch_l,jvel_hip_yaw_r,jvel_hip_roll_r,jvel_hip_pitch_r,jvel_knee_pitch_r,jvel_ankle_pitch_r,jtgt_hip_yaw_l,jtgt_hip_roll_l,jtgt_hip_pitch_l,jtgt_knee_pitch_l,jtgt_ankle_pitch_l,jtgt_hip_yaw_r,jtgt_hip_roll_r,jtgt_hip_pitch_r,jtgt_knee_pitch_r,jtgt_ankle_pitch_r,act_0,act_1,act_2,act_3,act_4,act_5,act_6,act_7,act_8,act_9,gait_phase,infer_ms
0.0000,0.0000,0.0000,0.0000,0.0000,0.0000,0.0000,-0.0002,-0.0006,0.0001,0.0086,-0.0245,-0.9997,0.4001,-0.1014,-1.4818,0.9714,-1.3258,-0.4006,0.1057,1.4805,-0.9599,1.3004,0.0427,-0.0039,-0.0039,0.0582,0.0931,-0.0194,-0.0543,-0.0504,-0.0000,-0.0388,0.3741,-0.0027,-1.4004,1.0655,-1.3884,-0.3377,0.2000,1.5680,-0.9712,1.1817,-0.2589,0.9735,-1.7332,0.6023,-0.1857,0.6225,1.7305,-0.9902,0.4210,-0.4224,0.0278,0.57
0.0250,0.0000,0.0000,0.0000,0.0000,0.0000,0.0000,0.0160,-0.0042,0.0091,0.0101,-0.0255,-0.9996,0.3979,-0.0901,-1.4712,0.9761,-1.3336,-0.3943,0.1175,1.4874,-0.9574,1.2867,-0.1628,0.9034,0.7445,0.4071,-0.6010,0.4924,0.8414,0.4963,0.2055,-1.1865,0.4519,0.0000,-1.4207,0.9902,-1.2627,-0.4207,0.2000,1.5874,-0.9083,1.1454,0.5189,1.3014,-1.9379,-0.2011,1.2941,-0.2066,1.0700,-1.2013,1.0082,-0.6851,0.0556,0.22
0.0510,0.0000,0.0000,0.0000,0.0000,0.0000,0.0000,-0.0225,-0.1384,-0.2912,0.0061,-0.0299,-0.9995,0.4026,-0.0709,-1.4633,0.9751,-1.3313,-0.3934,0.1367,1.4975,-0.9495,1.2565,0.4575,0.6592,0.2792,-0.2249,0.7134,-0.2637,0.6320,0.2210,0.6320,-1.3144,0.5000,0.0000,-1.4411,0.9152,-1.2556,-0.4754,0.2000,1.6078,-1.1031,1.1038,1.1576,1.6007,-1.4987,-1.4075,1.6737,-0.7545,1.3788,-1.1825,-1.4792,-1.4310,0.0833,0.19
0.0759,0.0000,0.0000,0.0000,0.0000,0.0000,0.0000,0.0149,0.0158,-0.7191,0.0034,-0.0333,-0.9994,0.4205,-0.0569,-1.4556,0.9586,-1.3183,-0.4073,0.1509,1.5099,-0.9513,1.2271,0.9616,0.5196,0.2598,-0.9500,0.4498,-0.8336,0.4730,0.7638,-0.4575,-1.1477,0.5000,0.0000,-1.4615,0.9198,-1.2485,-0.4324,0.2000,1.6264,-1.1209,1.1562,1.1157,1.8365,-1.1637,-1.5556,1.9993,-0.3238,2.0617,-0.8142,-3.9521,-1.0510,0.1111,0.21
0.1009,0.0000,0.0000,0.0000,0.0000,0.0000,0.0000,-0.1899,0.0509,-1.0175,0.0094,-0.0295,-0.9995,0.4405,-0.0475,-1.4513,0.9419,-1.3113,-0.4198,0.1631,1.5338,-0.9658,1.2110,0.8453,0.2830,0.2055,-0.5079,0.2986,-0.1241,0.3994,1.0353,-0.8530,-0.2830,0.4911,0.0000,-1.4539,0.9809,-1.2414,-0.3605,0.2000,1.6562,-1.1722,1.2852,0.9114,1.5951,-0.7201,-0.4302,2.6294,0.3952,1.4430,-0.2104,-3.5613,0.1628,0.1389,0.19
0.1259,0.0000,0.0000,0.0000,0.0000,0.0000,0.0000,-0.1111,0.0533,-1.0894,0.0142,-0.0269,-0.9995,0.4561,-0.0422,-1.4467,0.9415,-1.3043,-0.4124,0.1714,1.5614,-0.9909,1.2204,0.4149,0.2094,0.1435,0.2559,0.3179,0.5971,0.2637,1.1051,-1.3028,1.0353,0.5000,0.0000,-1.4240,1.0014,-1.2342,-0.3000,0.1514,1.6041,-1.2200,1.3550,1.1113,1.5413,-0.2181,-0.2615,2.6514,1.1454,0.5137,-0.4261,-2.5680,0.7371,0.1667,0.18
0.1499,0.0000,0.0000,0.0000,0.0000,0.0000,0.0000,-0.1162,-0.0876,-1.0070,0.0157,-0.0243,-0.9996,0.4669,-0.0382,-1.4409,0.9502,-1.2954,-0.3914,0.1721,1.5794,-1.0225,1.2461,0.4498,0.2637,0.2753,0.3916,0.3218,1.0314,-0.2443,0.5234,-1.4579,1.2330,0.5000,-0.0029,-1.4477,1.0290,-1.2271,-0.3000,0.1263,1.5461,-1.2621,1.3931,1.0458,0.9709,-0.2507,-0.0168,2.5014,1.8355,0.2627,-0.7004,-2.0876,1.0561,0.1944,0.18
0.1729,0.0000,0.0000,0.0000,0.0000,0.0000,0.0000,-0.1548,-0.5722,-0.8796,0.0055,-0.0191,-0.9998,0.4759,-0.0352,-1.4362,0.9619,-1.2876,-0.3668,0.1633,1.5834,-1.0587,1.2754,0.3761,0.1318,0.1590,0.6553,0.2947,0.9267,-0.3567,-0.0582,-1.5044,1.1904,0.4853,-0.0794,-1.4965,1.0245,-1.2200,-0.3000,0.1114,1.4937,-1.2883,1.4002,0.8534,0.2058,-0.5354,-0.0858,2.2608,2.4359,0.1138,-0.9182,-0.9168,0.9631,0.2222,0.18
0.1979,0.0000,0.0000,0.0000,0.0000,0.0000,0.0000,-0.0664,-1.1148,-0.3888,-0.0194,-0.0165,-0.9997,0.4819,-0.0417,-1.4344,0.9782,-1.2815,-0.3494,0.1545,1.5750,-1.0969,1.3024,0.3257,-0.5894,0.0388,0.8026,0.1706,0.6087,-0.5041,-0.5390,-1.5665,1.0042,0.4851,-0.1691,-1.5342,0.9618,-1.2128,-0.3000,0.1085,1.4717,-1.1933,1.3494,0.8506,-0.6907,-0.7083,-0.7302,2.0690,2.6554,0.0852,-0.8334,0.2843,0.3577,0.2500,0.17
0.2229,0.0000,0.0000,0.0000,0.0000,0.0000,0.0000,-0.0606,-1.1251,0.2192,-0.0514,-0.0119,-0.9986,0.4854,-0.0637,-1.4329,0.9911,-1.2782,-0.3370,0.1435,1.5622,-1.1190,1.3161,0.1745,-1.1322,0.0620,0.2288,0.0931,0.4808,-0.4149,-0.7057,-0.3916,0.2133,0.5000,-0.2000,-1.5411,0.9358,-1.2057,-0.3000,0.1424,1.4949,-1.2014,1.2903,1.0800,-1.4431,-0.5742,-1.4709,1.9968,2.4431,0.4238,-0.2952,0.3495,-0.3183,0.2778,0.18
0.2469,0.0000,0.0000,0.0000,0.0000,0.0000,0.0000,-0.0172,-0.3128,0.6664,-0.0652,-0.0091,-0.9978,0.4883,-0.0921,-1.4309,0.9884,-1.2783,-0.3307,0.1394,1.5496,-1.1274,1.3156,0.1473,-1.1051,0.0233,-0.3916,-0.0349,0.1939,0.0155,-0.2598,-0.1396,-0.3761,0.5000,-0.2000,-1.4814,0.9360,-1.1986,-0.3000,0.1915,1.5374,-1.2747,1.2513,1.3123,-1.8799,0.2263,-2.5880,2.1513,2.1002,0.9153,0.4349,-0.3492,-0.7802,0.3056,0.19
0.2729,0.0000,0.0000,0.0000,0.0000,0.0000,0.0000,-0.0748,0.1373,0.6442,-0.0633,-0.0045,-0.9980,0.4906,-0.1137,-1.4270,0.9786,-1.2787,-0.3257,0.1438,1.5520,-1.1406,1.3079,0.0543,-0.8220,0.2482,-0.4149,-0.0078,0.1473,0.4188,0.2443,-0.8918,-0.4537,0.5000,-0.2000,-1.4244,0.9355,-1.1914,-0.3000,0.2000,1.5633,-1.3309,1.2352,1.4529,-1.8069,1.2091,-3.5077,2.4353,2.0991,1.4202,1.2061,-0.9910,-1.1208,0.3333,0.18
0.2979,0.0000,0.0000,0.0000,0.0000,0.0000,0.0000,-0.2486,-0.1152,0.4491,-0.0657,0.0066,-0.9978,0.4921,-0.1314,-1.4156,0.9662,-1.2778,-0.3227,0.1554,1.5616,-1.1668,1.2989,0.0659,-0.6010,0.5428,-0.4226,0.0931,0.1318,0.3955,0.4381,-1.1904,-0.4614,0.5000,-0.2000,-1.4448,0.9342,-1.1842,-0.3000,0.2000,1.5328,-1.2487,1.2398,1.4613,-1.7621,1.8251,-3.7392,2.5304,2.0045,1.2004,1.9032,-0.3577,-1.1169,0.3611,0.17
0.3229,0.0000,0.0000,0.0000,0.0000,0.0000,0.0000,-0.2404,-0.3948,0.2844,-0.0754,0.0168,-0.9970,0.4940,-0.1456,-1.4060,0.9589,-1.2760,-0.3197,0.1639,1.5656,-1.1836,1.2913,0.1318,-0.6243,0.2637,-0.1008,0.0892,0.1784,0.2753,-0.1551,-0.2094,-0.2559,0.5000,-0.2000,-1.4652,0.9322,-1.1742,-0.3000,0.1528,1.5022,-1.1201,1.2432,1.8296,-1.7862,2.0316,-3.8555,2.2786,1.9411,0.5278,2.4863,0.6375,-1.1179,0.3889,0.17
0.3459,0.0000,0.0000,0.0000,0.0000,0.0000,0.0000,-0.0612,-0.2094,0.2072,-0.0851,0.0225,-0.9961,0.4945,-0.1567,-1.4003,0.9578,-1.2724,-0.3160,0.1646,1.5577,-1.1763,1.2843,0.0078,-0.3916,0.1357,0.0039,0.1939,0.2210,-0.1551,-0.5467,0.9965,-0.2675,0.5000,-0.2000,-1.4856,0.9295,-1.1641,-0.3000,0.0178,1.4717,-1.0461,1.2456,2.5030,-2.0385,1.6573,-3.0752,2.0850,2.0907,-0.8224,3.0172,1.9100,-1.0069,0.4167,0.17
0.3699,0.0000,0.0000,0.0000,0.0000,0.0000,0.0000,0.1396,0.2881,0.1126,-0.0822,0.0258,-0.9963,0.4948,-0.1637,-1.4000,0.9556,-1.2677,-0.3125,0.1421,1.5438,-1.1468,1.2800,0.0698,-0.2094,-0.1628,-0.1202,0.2598,0.2482,-1.5897,-0.7794,1.6401,-0.0504,0.5000,-0.2000,-1.5059,1.0657,-1.1541,-0.3000,0.0000,1.4411,-1.0014,1.2533,3.1337,-3.0274,1.0880,0.3955,2.2905,2.3480,-2.2476,3.1490,3.3651,-0.9393,0.4444,0.17
0.3939,0.0000,0.0000,0.0000,0.0000,0.0000,0.0000,0.2878,0.6149,-0.0660,-0.0672,0.0233,-0.9975,0.4953,-0.1682,-1.4063,0.9657,-1.2603,-0.3106,0.1129,1.5246,-1.1079,1.2794,0.0465,-0.1822,-0.3994,0.9810,0.2830,0.0737,-1.3338,-0.8491,1.9852,0.0349,0.5000,-0.2000,-1.5934,1.1223,-1.1440,-0.3000,0.0000,1.4106,-0.9519,1.2659,2.1573,-4.1024,0.3288,4.5521,2.2623,2.2349,-1.3660,2.5287,4.0284,-0.8232,0.4722,0.17
0.4179,0.0000,0.0000,0.0000,0.0000,0.0000,0.0000,0.4763,0.4510,-0.2066,-0.0553,0.0159,-0.9983,0.4972,-0.1703,-1.4297,0.9950,-1.2517,-0.3090,0.0863,1.5022,-1.0630,1.2803,0.0931,-0.0039,-1.2291,1.5548,0.3257,0.1512,-1.0353,-1.0314,1.7875,0.1047,0.4638,-0.2000,-1.5467,1.1180,-1.1771,-0.3000,0.2000,1.3800,-0.9000,1.3146,0.6376,-3.4841,1.2966,3.5051,0.5689,1.1264,1.3491,2.1994,2.5508,-0.6244,0.5000,0.18
0.4419,0.0000,0.0000,0.0000,0.0000,0.0000,0.0000,0.4475,0.4247,-0.2659,-0.0446,0.0049,-0.9990,0.4960,-0.1702,-1.4489,1.0230,-1.2459,-0.3081,0.0878,1.4793,-1.0206,1.2858,-0.1745,0.0543,-0.4769,1.0275,0.2171,0.1473,0.6824,-1.0314,1.8766,0.4381,0.3671,-0.2000,-1.5670,1.1133,-1.3023,-0.3735,0.2000,1.4004,-0.9052,1.2699,-0.3285,-2.5571,1.5658,1.9157,-0.7833,0.2653,1.4480,2.5809,1.6211,-1.2954,0.5278,0.17
0.4659,0.0000,0.0000,0.0000,0.0000,0.0000,0.0000,0.2668,0.3670,-0.1063,-0.0362,0.0008,-0.9993,0.4824,-0.1706,-1.4609,1.0412,-1.2556,-0.3144,0.1104,1.4597,-0.9845,1.2899,-0.9965,-0.0155,-0.5196,0.6359,-0.8647,-0.5816,1.0818,-0.6592,1.3377,-0.1202,0.3925,-0.1761,-1.5874,1.1083,-1.2977,-0.4151,0.1482,1.4207,-0.9103,1.2627,-0.0752,-0.7611,1.1594,1.0760,-0.8380,-0.1513,0.4818,2.3043,2.2559,-2.5087,0.5556,0.17
0.4909,0.0000,0.0000,0.0000,0.0000,0.0000,0.0000,0.1760,0.4998,0.2890,-0.0252,-0.0018,-0.9997,0.4622,-0.1716,-1.4761,1.0533,-1.2706,-0.3330,0.1236,1.4485,-0.9540,1.2868,-0.6126,0.0543,-0.6514,0.4110,-0.3645,-0.9267,0.2482,-0.3528,1.1361,-0.1590,0.4208,-0.1383,-1.6078,1.1031,-1.1918,-0.3911,0.1286,1.4411,-0.9152,1.2556,0.2078,-0.3829,1.0709,1.0501,0.1202,0.0892,0.2861,1.8179,3.8052,-3.0873,0.5833,0.17
0.5149,0.0000,0.0000,0.0000,0.0000,0.0000,0.0000,0.2407,0.6132,0.5801,-0.0097,-0.0103,-0.9999,0.4523,-0.1682,-1.4937,1.0624,-1.2650,-0.3489,0.1276,1.4434,-0.9294,1.2829,-0.2326,0.2675,-0.8802,0.5041,0.6863,-0.5545,0.1551,-0.1163,0.8530,-0.1435,0.4298,-0.2000,-1.6078,1.1209,-1.1915,-0.3602,0.1679,1.4615,-0.9198,1.2485,0.2976,-1.3682,1.0923,1.8720,0.6466,0.3976,0.6791,1.5506,4.2298,-3.0839,0.6111,0.17
0.5399,0.0000,0.0000,0.0000,0.0000,0.0000,0.0000,0.1403,0.8302,0.6915,0.0108,-0.0161,-0.9998,0.4482,-0.1711,-1.5140,1.0721,-1.2504,-0.3555,0.1367,1.4432,-0.9093,1.2795,-0.0853,-0.3490,-0.8026,0.4537,0.5234,-0.0659,0.5118,0.0310,0.6204,-0.1435,0.3656,-0.2000,-1.5772,1.1722,-1.2746,-0.3683,0.2000,1.4819,-0.9239,1.2414,-0.3443,-2.2502,1.0805,2.1565,-0.0568,0.3172,1.3639,1.4154,4.1362,-2.7660,0.6389,0.17
0.5649,0.0000,0.0000,0.0000,0.0000,0.0000,0.0000,0.0892,0.7837,0.6420,0.0330,-0.0223,-0.9992,0.4374,-0.1809,-1.5317,1.0838,-1.2477,-0.3597,0.1503,1.4472,-0.8955,1.2773,-0.6940,-0.3063,-0.5545,0.6475,-0.3063,-0.2637,0.8298,0.1822,0.5583,-0.1784,0.3142,-0.2000,-1.5467,1.1943,-1.3698,-0.4168,0.2000,1.5022,-0.9276,1.2342,-0.8576,-1.5807,1.1747,0.7434,-0.8844,-0.1677,1.9989,1.3637,3.6297,-2.9538,0.6667,0.19
0.5889,0.0000,0.0000,0.0000,0.0000,0.0000,0.0000,0.0735,0.5348,0.5216,0.0484,-0.0282,-0.9984,0.4145,-0.1880,-1.5412,1.1006,-1.2647,-0.3705,0.1681,1.4518,-0.8859,1.2742,-1.1477,-0.2947,-0.3451,0.5777,-0.9383,-0.6592,0.4730,0.2055,0.3296,-0.1667,0.3301,-0.1379,-1.5197,1.1325,-1.3179,-0.4390,0.2000,1.5226,-0.9306,1.2271,-0.6988,-0.3793,0.9645,-0.2961,-0.2482,-0.3902,1.6895,1.0557,4.1130,-3.2755,0.6944,0.18
0.6139,0.0000,0.0000,0.0000,0.0000,0.0000,0.0000,0.1175,0.0609,0.3175,0.0522,-0.0370,-0.9980,0.3933,-0.1867,-1.5449,1.1058,-1.2801,-0.3865,0.1804,1.4558,-0.8807,1.2699,-0.6398,0.3296,0.0620,0.0427,-0.1939,-0.6398,0.4265,0.0969,0.1628,-0.1667,0.3686,-0.1503,-1.5123,1.1813,-1.2328,-0.4355,0.2000,1.5088,-0.9331,1.2200,-0.3140,-0.5032,0.7327,-0.1534,0.7106,-0.3547,1.7436,0.6582,3.8790,-3.0686,0.7222,0.18
0.6389,0.0000,0.0000,0.0000,0.0000,0.0000,0.0000,0.0814,0.0088,0.0047,0.0532,-0.0418,-0.9977,0.3841,-0.1834,-1.5420,1.1115,-1.2772,-0.3997,0.1899,1.4557,-0.8773,1.2650,0.0116,0.0543,0.0543,0.6436,0.6359,-0.4188,0.3335,-0.0620,0.1280,-0.2559,0.3697,-0.2000,-1.4898,1.3217,-1.2524,-0.4310,0.2000,1.4811,-0.9348,1.2128,-0.3028,-1.5670,0.6518,1.0088,0.6125,-0.3100,1.7467,0.1777,3.9185,-2.6317,0.7500,0.18
0.6629,0.0000,0.0000,0.0000,0.0000,0.0000,0.0000,0.0325,-0.0279,-0.1927,0.0575,-0.0415,-0.9975,0.3831,-0.1881,-1.5402,1.1380,-1.2625,-0.4064,0.1974,1.4524,-0.8743,1.2596,0.0775,-0.2986,-0.0543,1.4385,0.3451,-0.1280,0.1745,-0.1318,0.0698,-0.2171,0.3418,-0.2000,-1.4604,1.3094,-1.3381,-0.4336,0.2000,1.4516,-0.9358,1.2057,-0.5816,-1.9628,0.6406,0.7301,-0.1592,-0.3362,2.1990,-0.3212,4.6793,-2.2377,0.7778,0.20
0.6859,0.0000,0.0000,0.0000,0.0000,0.0000,0.0000,0.1056,-0.6785,-0.1865,0.0463,-0.0453,-0.9979,0.3778,-0.1938,-1.5372,1.1625,-1.2626,-0.4098,0.2011,1.4436,-0.8746,1.2537,-0.3839,-0.1551,0.2520,0.9034,-0.5157,-0.1163,0.0931,-0.4420,-0.1318,-0.3024,0.3500,-0.2000,-1.4580,1.2875,-1.2827,-0.4491,0.2000,1.4585,-0.9360,1.1986,-0.4997,-1.6166,0.3586,0.4773,0.4659,-0.4913,2.2519,-0.4560,4.3339,-2.0732,0.8056,0.18
0.7089,0.0000,0.0000,0.0000,0.0000,0.0000,0.0000,0.1337,-1.0510,-0.2954,0.0237,-0.0505,-0.9984,0.3712,-0.1974,-1.5285,1.1800,-1.2672,-0.4151,0.2026,1.4334,-0.8785,1.2459,-0.2171,-0.1047,0.4924,0.7134,0.1318,-0.2714,0.0349,-0.5700,-0.1822,-0.3916,0.3482,-0.2000,-1.4406,1.3051,-1.2700,-0.4511,0.2000,1.4567,-0.9355,1.1914,-0.5182,-1.6926,0.2269,0.7326,0.6523,-0.5113,2.0822,-0.6777,4.4672,-1.8915,0.8333,0.17
0.7329,0.0000,0.0000,0.0000,0.0000,0.0000,0.0000,0.0178,-0.8781,-0.4863,0.0043,-0.0514,-0.9987,0.3665,-0.1996,-1.5140,1.1969,-1.2639,-0.4222,0.2033,1.4253,-0.8834,1.2371,-0.1124,-0.0931,0.6436,0.6553,0.2210,-0.2210,0.1008,-0.2637,-0.0931,-0.4071,0.3666,-0.2000,-1.4083,1.3129,-1.2613,-0.4669,0.2000,1.4448,-0.9342,1.1842,-0.3341,-1.9027,0.2446,1.0854,0.7855,-0.6691,1.9429,-1.0048,4.6217,-1.6915,0.8611,0.17
0.7579,0.0000,0.0000,0.0000,0.0000,0.0000,0.0000,-0.0071,-0.8289,-0.6031,-0.0122,-0.0504,-0.9987,0.3648,-0.2007,-1.4974,1.2096,-1.2574,-0.4294,0.2035,1.4196,-0.8862,1.2275,0.0039,-0.0775,0.6863,0.4459,0.4110,-0.3373,-0.0465,-0.2288,-0.0233,-0.3955,0.3885,-0.2000,-1.3743,1.2839,-1.2610,-0.4750,0.2000,1.4652,-0.9322,1.1742,-0.1152,-2.0284,0.2794,1.4378,0.8227,-0.7495,1.8846,-1.1886,4.5062,-1.4243,0.8889,0.17
0.7819,0.0000,0.0000,0.0000,0.0000,0.0000,0.0000,-0.0199,-0.9885,-0.6528,-0.0338,-0.0507,-0.9981,0.3675,-0.2013,-1.4746,1.2173,-1.2503,-0.4373,0.2035,1.4171,-0.8879,1.2169,0.2365,0.0427,0.9073,0.1551,0.2559,-0.4149,-0.0039,-0.0543,-0.0543,-0.5041,0.4065,-0.2000,-1.3401,1.2461,-1.2693,-0.4755,0.2000,1.4856,-0.9295,1.1641,0.0650,-1.9825,0.3158,1.6596,0.7636,-0.7546,1.8330,-1.2280,4.2001,-1.1493,0.9167,0.17
0.8049,0.0000,0.0000,0.0000,0.0000,0.0000,0.0000,-0.0864,-0.9488,-0.7401,-0.0544,-0.0499,-0.9973,0.3733,-0.2018,-1.4515,1.2165,-1.2473,-0.4447,0.2035,1.4181,-0.8906,1.2051,0.3102,-0.0388,1.0779,-0.2559,0.1008,-0.1939,-0.0504,0.1124,-0.0737,-0.6243,0.4247,-0.2000,-1.3162,1.2014,-1.2855,-0.4749,0.2000,1.5059,-0.9262,1.1648,0.2472,-1.8085,0.2493,1.7912,0.6175,-0.7492,1.7253,-1.2871,3.9786,-0.8921,0.9444,0.16
0.8289,0.0000,0.0000,0.0000,0.0000,0.0000,0.0000,-0.1380,-0.8625,-0.8627,-0.0729,-0.0503,-0.9961,0.3814,-0.2026,-1.4252,1.2057,-1.2481,-0.4488,0.2038,1.4221,-0.8927,1.1920,0.3528,-0.0233,1.1710,-0.5777,-0.0853,-0.0737,0.0310,0.2365,-0.0194,-0.5390,0.4490,-0.2000,-1.3070,1.1519,-1.3131,-0.4670,0.2000,1.5263,-0.9223,1.1763,0.4897,-1.3195,0.0358,1.6938,0.3517,-0.6700,1.5392,-1.3611,3.7965,-0.6771,0.9722,0.18
0.8538,0.0000,0.0000,0.0000,0.0000,0.0000,0.0000,-0.1635,-0.7482,-0.8462,-0.0894,-0.0492,-0.9948,0.3929,-0.2040,-1.4004,1.1880,-1.2532,-0.4494,0.2045,1.4304,-0.8944,1.1797,0.5816,-0.0543,0.9810,-1.0159,-0.3412,0.0698,0.0039,0.3645,-0.0078,-0.4575,0.4810,-0.1495,-1.3171,1.1000,-1.3651,-0.4583,0.2000,1.5467,-0.9180,1.1801,0.8103,-0.4949,-0.3713,1.3359,0.1192,-0.5829,1.2250,-1.4442,3.6776,-0.5382,0.0000,0.17
0.8768,0.0000,0.0000,0.0000,0.0000,0.0000,0.0000,-0.1439,-0.5758,-0.7891,-0.1039,-0.0496,-0.9933,0.4088,-0.2003,-1.3816,1.1632,-1.2681,-0.4482,0.2048,1.4409,-0.8949,1.1690,0.6824,0.4692,0.6475,-1.2330,-0.8026,0.0620,-0.0039,0.5041,-0.0155,-0.4498,0.5000,-0.0286,-1.3911,1.0605,-1.3671,-0.4483,0.1636,1.5670,-0.9133,1.1670,1.3095,0.7139,-0.9068,0.5532,0.0277,-0.4825,0.6357,-1.6004,3.7798,-0.5694,0.0278,0.17
0.8999,0.0000,0.0000,0.0000,0.0000,0.0000,0.0000,-0.0477,-0.3655,-0.6917,-0.1125,-0.0533,-0.9922,0.4261,-0.1791,-1.3757,1.1356,-1.2864,-0.4461,0.2006,1.4546,-0.8941,1.1577,0.8181,1.5161,-0.1202,-1.1865,-0.7212,0.1551,-0.3296,0.6126,0.0504,-0.7096,0.5000,0.0000,-1.4207,0.9577,-1.3361,-0.4775,0.0746,1.5874,-0.9083,1.1152,2.0524,1.3595,-1.0355,-0.5258,0.2668,-0.7749,-0.2538,-1.7766,3.4935,-0.9869,0.0556,0.17
0.9239,0.0000,0.0000,0.0000,0.0000,0.0000,0.0000,-0.0133,-0.0783,-0.4483,-0.1173,-0.0588,-0.9914,0.4420,-0.1462,-1.3809,1.1002,-1.3002,-0.4458,0.1820,1.4736,-0.8925,1.1373,0.5622,1.3920,-0.2947,-1.6750,-0.3606,-0.1047,-1.2020,0.7910,0.1900,-1.0430,0.5000,-0.0303,-1.4286,0.9152,-1.3024,-0.5000,0.0637,1.6078,-0.9031,1.1038,2.3064,0.6973,-0.8744,-1.0299,0.5322,-1.0230,-0.3630,-1.6247,1.1299,-1.5410,0.0833,0.17
0.9469,0.0000,0.0000,0.0000,0.0000,0.0000,0.0000,0.0674,0.3322,0.0047,-0.1110,-0.0640,-0.9918,0.4544,-0.1228,-1.3866,1.0615,-1.3052,-0.4514,0.1576,1.4968,-0.8881,1.1150,0.5932,0.7367,-0.3335,-1.7409,-0.1047,-0.3722,-0.9887,1.0585,0.2986,-0.8220,0.5000,-0.0865,-1.4462,0.9198,-1.2786,-0.4738,0.1466,1.6078,-1.0971,1.1562,1.9525,0.1351,-0.8477,-1.3266,0.6991,-0.7383,0.4663,-1.5938,-0.7620,-1.7086,0.1111,0.19
0.9718,0.0000,0.0000,0.0000,0.0000,0.0000,0.0000,-0.0625,0.4369,0.3515,-0.1003,-0.0637,-0.9929,0.4623,-0.1143,-1.3936,1.0237,-1.3069,-0.4560,0.1474,1.5212,-0.8968,1.1016,0.3218,-0.0000,-0.2947,-1.5161,-0.0892,-0.0427,0.0775,0.9538,-1.0197,-0.4226,0.5000,-0.1168,-1.4554,0.9239,-1.2414,-0.4184,0.2000,1.5772,-1.1722,1.1689,1.5634,-0.1676,-0.7355,-1.4053,1.3938,-0.1836,1.4844,-1.5626,-1.7102,-1.3716,0.1389,0.18
1.0019,0.0000,0.0000,0.0000,0.0000,0.0000,0.0000,-0.1780,-0.0246,0.3777,-0.0982,-0.0565,-0.9936,0.4670,-0.1164,-1.4001,0.9902,-1.3089,-0.4502,0.1548,1.5508,-0.9450,1.1033,0.1822,-0.1435,-0.1977,-0.7871,0.0078,0.4808,0.5428,0.9461,-1.8301,0.2675,0.5000,-0.1361,-1.4536,0.9483,-1.2342,-0.3441,0.2000,1.5467,-1.2200,1.2250,1.1780,-0.3606,-0.5139,-0.7927,2.0943,0.5593,1.4230,-1.2358,-1.7826,-0.5637,0.1667,0.28
1.0279,0.0000,0.0000,0.0000,0.0000,0.0000,0.0000,-0.0782,-0.9707,0.3680,-0.1259,-0.0505,-0.9908,0.4726,-0.1217,-1.4004,0.9810,-1.3073,-0.4326,0.1662,1.5643,-0.9942,1.1186,0.2404,-0.1822,0.1318,-0.0543,0.0737,0.8879,0.2133,0.2055,-1.9852,0.7173,0.4957,-0.1563,-1.4678,0.9951,-1.2271,-0.3000,0.1541,1.5251,-1.2289,1.2728,0.9573,-0.5633,-0.4522,-0.3555,2.2094,1.3575,0.5413,-0.9101,-0.6680,-0.2027,0.1944,0.23
1.0528,0.0000,0.0000,0.0000,0.0000,0.0000,0.0000,-0.1844,-1.1573,0.3267,-0.1566,-0.0383,-0.9869,0.4783,-0.1295,-1.3964,0.9859,-1.3079,-0.4049,0.1651,1.5656,-1.0432,1.1419,0.1977,-0.3218,0.0427,0.4343,-0.0698,1.2679,-0.2249,-0.1163,-1.8107,1.0469,0.5000,-0.2000,-1.4785,0.9416,-1.2200,-0.3000,0.1423,1.5190,-1.1806,1.2578,1.0227,-1.2360,-0.3558,-0.9143,2.0868,1.8560,0.4231,-0.6659,0.1595,-0.4607,0.2222,0.19
1.0769,0.0000,0.0000,0.0000,0.0000,0.0000,0.0000,-0.0745,-1.0477,0.4527,-0.1867,-0.0313,-0.9819,0.4822,-0.1415,-1.3945,0.9888,-1.3099,-0.3763,0.1597,1.5616,-1.0753,1.1620,0.0465,-0.6165,0.1357,-0.1241,0.0310,0.9693,-0.2908,-0.2830,-0.9926,0.6669,0.5000,-0.2000,-1.4727,0.9348,-1.2128,-0.3000,0.1580,1.5486,-1.1906,1.2300,1.0913,-1.6883,-0.0936,-1.7117,1.9914,2.0734,0.5796,-0.0638,0.3115,-0.8359,0.2500,0.18
1.1028,0.0000,0.0000,0.0000,0.0000,0.0000,0.0000,0.0627,-0.5978,0.5404,-0.2063,-0.0277,-0.9781,0.4849,-0.1539,-1.3928,0.9853,-1.3105,-0.3567,0.1570,1.5587,-1.0986,1.1726,0.2365,-0.3877,-0.0427,-0.2404,-0.0775,0.8104,-0.0194,0.0698,-0.8995,0.1900,0.5000,-0.2000,-1.4320,0.9358,-1.2057,-0.3000,0.1851,1.5825,-1.2117,1.2221,1.2744,-1.7838,0.5171,-2.6838,2.0882,2.1562,0.8509,0.5803,0.2467,-1.0973,0.2778,0.17
1.1269,0.0000,0.0000,0.0000,0.0000,0.0000,0.0000,0.1572,-0.3240,0.6713,-0.2158,-0.0259,-0.9761,0.4887,-0.1624,-1.3909,0.9765,-1.3096,-0.3422,0.1592,1.5637,-1.1190,1.1756,0.1628,-0.1822,0.1784,-0.4614,0.1396,0.4808,0.1628,0.2443,-0.8530,0.0000,0.5000,-0.2000,-1.4041,0.9360,-1.1986,-0.3000,0.2000,1.5939,-1.1910,1.2293,1.5349,-1.7704,1.3513,-3.7012,2.2532,2.2079,1.0469,1.3385,0.4881,-1.1850,0.3056,0.21
1.1508,0.0000,0.0000,0.0000,0.0000,0.0000,0.0000,0.0859,-0.3935,0.6568,-0.2252,-0.0213,-0.9741,0.4910,-0.1683,-1.3865,0.9659,-1.3069,-0.3321,0.1646,1.5703,-1.1359,1.1781,0.0504,-0.2094,0.3024,-0.3490,0.1667,0.3102,0.2055,0.2675,-0.5467,0.1628,0.5000,-0.2000,-1.4244,0.9355,-1.1914,-0.3000,0.1877,1.5633,-1.1318,1.2352,1.8036,-1.7161,1.8912,-4.3149,2.2880,2.1087,0.8767,2.0892,1.0959,-1.1761,0.3333,0.18
1.1738,0.0000,0.0000,0.0000,0.0000,0.0000,0.0000,0.0948,-0.4346,0.5081,-0.2363,-0.0164,-0.9715,0.4923,-0.1731,-1.3827,0.9578,-1.3038,-0.3252,0.1675,1.5703,-1.1416,1.1808,0.0737,-0.1822,-0.0116,-0.3179,0.1784,0.2947,0.0620,-0.2365,0.0892,0.0698,0.5000,-0.2000,-1.4448,0.9342,-1.1842,-0.3000,0.1220,1.5328,-1.1129,1.2398,2.1626,-1.5609,1.8783,-4.2831,2.2856,2.0332,0.2200,2.6772,1.6926,-1.1221,0.3611,0.17
1.1988,0.0000,0.0000,0.0000,0.0000,0.0000,0.0000,0.1687,-0.3070,0.3794,-0.2446,-0.0134,-0.9695,0.4933,-0.1775,-1.3838,0.9525,-1.2994,-0.3198,0.1615,1.5622,-1.1372,1.1822,0.1357,-0.0775,-0.1202,-0.2288,0.3606,0.1939,-0.5041,-0.3373,0.4071,-0.0349,0.5000,-0.2000,-1.4652,0.9322,-1.1742,-0.3000,0.0124,1.5022,-1.0839,1.2432,2.6146,-1.6894,1.4959,-3.4969,2.3485,2.1717,-0.8762,2.9687,2.4246,-1.0722,0.3889,0.19
1.2228,0.0000,0.0000,0.0000,0.0000,0.0000,0.0000,0.1958,-0.1544,0.2706,-0.2485,-0.0138,-0.9685,0.4941,-0.1808,-1.3883,0.9480,-1.2930,-0.3153,0.1388,1.5511,-1.1258,1.1823,-0.0155,-0.0698,-0.2947,-0.1280,0.4149,0.1667,-1.3920,-0.5506,0.7134,0.0039,0.5000,-0.2000,-1.4883,0.9295,-1.1641,-0.3000,0.0000,1.4717,-1.0461,1.2474,3.1475,-2.5921,0.9729,-1.0344,2.5475,2.4289,-2.0693,2.9743,3.4295,-0.9820,0.4167,0.20
1.2468,0.0000,0.0000,0.0000,0.0000,0.0000,0.0000,0.2652,-0.1686,0.3136,-0.2528,-0.0168,-0.9674,0.4946,-0.1828,-1.3962,0.9464,-1.2836,-0.3117,0.1093,1.5351,-1.1079,1.1818,-0.0078,-0.0659,-0.3645,-0.0116,0.3955,0.1551,-1.1051,-0.6669,0.9771,0.0194,0.5000,-0.2000,-1.5708,1.1262,-1.1541,-0.3000,0.0000,1.4411,-1.0014,1.2592,2.4607,-3.8586,0.3517,2.8779,2.6253,2.5239,-2.0405,2.7723,3.8159,-0.8805,0.4444,0.20
1.2718,0.0000,0.0000,0.0000,0.0000,0.0000,0.0000,0.3317,-0.0949,0.4493,-0.2545,-0.0177,-0.9669,0.4951,-0.1846,-1.4121,0.9634,-1.2734,-0.3089,0.0842,1.5179,-1.0822,1.1816,0.0155,-0.0465,-1.1361,1.4307,0.4265,0.0620,-0.8336,-0.8414,1.2446,0.0310,0.4816,-0.2000,-1.5341,1.1223,-1.1440,-0.3000,0.1369,1.4106,-0.9519,1.2869,0.8164,-3.5160,0.9219,3.4542,1.6486,1.5815,0.3685,2.3616,2.4002,-0.6134,0.4722,0.18
1.2948,0.0000,0.0000,0.0000,0.0000,0.0000,0.0000,0.4928,-0.1881,0.7012,-0.2562,-0.0256,-0.9663,0.4944,-0.1854,-1.4363,0.9965,-1.2616,-0.3082,0.0863,1.4957,-1.0535,1.1841,-0.0349,0.0194,-0.8763,1.2679,0.7018,0.0310,0.6359,-1.0895,1.3997,0.2171,0.3449,-0.2000,-1.5467,1.1180,-1.2649,-0.3727,0.2000,1.3800,-0.9556,1.2925,-0.5512,-2.5954,1.9059,1.3983,-0.3098,0.2725,1.5113,2.9914,0.4436,-0.8446,0.5000,0.19
1.3188,0.0000,0.0000,0.0000,0.0000,0.0000,0.0000,0.3836,-0.4575,0.8603,-0.2640,-0.0320,-0.9640,0.4777,-0.1858,-1.4542,1.0248,-1.2612,-0.3140,0.1074,1.4668,-1.0280,1.1916,-1.3454,0.0620,-0.6398,0.9810,-0.5777,-0.5816,1.2097,-1.1710,0.8957,0.3335,0.3451,-0.1158,-1.5670,1.0474,-1.2513,-0.4532,0.1126,1.4004,-1.0547,1.2699,-0.5486,-0.1576,1.4907,0.3414,-0.2743,-0.5316,0.1261,3.1422,-0.4949,-2.0498,0.5278,0.19
1.3418,0.0000,0.0000,0.0000,0.0000,0.0000,0.0000,0.1461,-0.4565,1.4582,-0.2769,-0.0310,-0.9604,0.4466,-0.1784,-1.4720,1.0389,-1.2734,-0.3357,0.1218,1.4458,-1.0201,1.1960,-1.2136,0.7018,-0.8026,0.2714,-0.4963,-1.1438,-0.0349,-0.7716,-0.2326,-0.0427,0.3000,-0.0137,-1.5874,1.0653,-1.1547,-0.5000,0.0868,1.4207,-0.9608,1.2627,-1.0917,0.8626,1.3442,0.5702,0.5913,-1.0219,-0.1318,2.8614,0.4949,-2.4378,0.5556,0.17
1.3648,0.0000,0.0000,0.0000,0.0000,0.0000,0.0000,0.2270,-0.5574,1.5255,-0.2910,-0.0270,-0.9563,0.4138,-0.1534,-1.4860,1.0466,-1.2748,-0.3683,0.1191,1.4361,-1.0146,1.1925,-1.3532,1.5936,-0.5467,0.5622,0.3257,-1.5316,-0.3179,-0.3839,0.7987,-0.2133,0.3000,-0.0254,-1.6078,1.0886,-1.1193,-0.5000,0.1219,1.4411,-0.9529,1.2556,-1.5554,0.7459,1.7925,0.8543,0.8457,-1.1002,0.2191,2.6914,0.6227,-2.8883,0.5833,0.18
1.3908,0.0000,0.0000,0.0000,0.0000,0.0000,0.0000,0.6123,-0.2612,1.6732,-0.2994,-0.0288,-0.9537,0.3842,-0.1249,-1.5000,1.0585,-1.2615,-0.4017,0.1182,1.4252,-0.9994,1.1839,-1.0973,1.0469,-0.7212,0.5583,0.9616,-1.1981,-0.0194,-0.3839,0.6126,-0.4420,0.3000,-0.0158,-1.6078,1.0659,-1.2598,-0.5000,0.1475,1.4615,-0.9479,1.2485,-2.0211,0.8421,2.3830,0.4496,-0.0367,-1.3767,0.4753,2.6257,0.7184,-3.2863,0.6111,0.18
1.4148,0.0000,0.0000,0.0000,0.0000,0.0000,0.0000,0.5442,0.2223,1.5303,-0.2965,-0.0343,-0.9544,0.3592,-0.1019,-1.5190,1.0639,-1.2565,-0.4276,0.1225,1.4227,-0.9876,1.1768,-0.8259,0.8414,-0.9344,0.0582,-0.3800,-0.8763,0.1977,-0.0116,0.5467,-0.2094,0.3000,0.0000,-1.5772,0.9722,-1.3360,-0.5000,0.1808,1.4819,-0.9239,1.2414,-2.6143,2.1730,2.6303,-1.4362,-0.6709,-1.9950,0.8080,2.2045,1.3249,-3.6978,0.6389,0.21
1.4388,0.0000,0.0000,0.0000,0.0000,0.0000,0.0000,0.2688,0.3798,1.5965,-0.2897,-0.0365,-0.9564,0.3433,-0.0839,-1.5357,1.0510,-1.2728,-0.4457,0.1341,1.4254,-0.9767,1.1718,-0.6553,0.8375,-0.5506,-0.9073,-1.0159,-0.5583,0.5583,0.1241,0.5971,-0.2598,0.3000,0.0000,-1.5467,1.0200,-1.2333,-0.5000,0.2000,1.5022,-0.9713,1.2342,-3.2672,3.1375,2.8236,-2.5773,0.4803,-3.0008,1.7139,1.3901,0.5630,-4.0312,0.6667,0.21
1.4628,0.0000,0.0000,0.0000,0.0000,0.0000,0.0000,0.0425,0.2936,1.5468,-0.2814,-0.0313,-0.9591,0.3293,-0.0697,-1.5454,1.0317,-1.2818,-0.4588,0.1480,1.4288,-0.9692,1.1643,-0.4459,0.4032,-0.3528,-0.5545,0.2055,-0.5390,0.5622,0.1977,0.0465,-0.4226,0.3000,0.0000,-1.5161,1.0621,-1.1931,-0.5000,0.2000,1.5226,-1.1306,1.2271,-4.0281,2.6996,3.1159,-1.4760,1.7934,-4.1304,2.1788,1.2137,-2.5146,-3.6659,0.6944,0.19
1.4868,0.0000,0.0000,0.0000,0.0000,0.0000,0.0000,0.1196,-0.2584,1.3097,-0.2830,-0.0254,-0.9588,0.3184,-0.0614,-1.5495,1.0236,-1.2762,-0.4709,0.1619,1.4353,-0.9875,1.1528,-0.3606,0.2482,-0.0698,-0.1512,0.4885,-0.5157,0.4420,0.4032,-1.4773,-0.5583,0.3000,0.0000,-1.4856,1.2932,-1.2109,-0.5000,0.2000,1.5430,-1.1331,1.2200,-4.4085,1.5722,3.4462,0.9655,0.9294,-4.2699,1.3822,1.8983,-2.7771,-2.1999,0.7222,0.20
1.5118,0.0000,0.0000,0.0000,0.0000,0.0000,0.0000,0.1485,-1.0879,1.0304,-0.3028,-0.0210,-0.9528,0.3102,-0.0545,-1.5463,1.0393,-1.2651,-0.4800,0.1712,1.4444,-1.0234,1.1450,-0.2675,0.3412,0.1706,1.4424,0.4110,-0.3490,0.2249,0.3102,-1.6169,-0.1784,0.3000,0.0000,-1.4550,1.1265,-1.3794,-0.5000,0.1882,1.5633,-1.0995,1.2128,-4.6641,1.4534,3.0513,-0.9524,-0.6577,-3.6731,0.8823,2.1145,-0.6475,-1.2404,0.7500,0.18
1.5358,0.0000,0.0000,0.0000,0.0000,0.0000,0.0000,-0.0164,-1.5584,0.6912,-0.3395,-0.0198,-0.9404,0.3046,-0.0471,-1.5405,1.0599,-1.2727,-0.4877,0.1753,1.4492,-1.0567,1.1419,-0.1628,0.2559,0.4381,0.2055,-1.0469,-0.2016,0.0698,-0.0271,-1.1399,-0.1900,0.3000,0.0000,-1.4244,1.1364,-1.2912,-0.5000,0.2000,1.5837,-1.0194,1.2057,-4.3460,1.2846,2.3016,-2.0028,0.3089,-3.9747,1.0289,1.4789,0.1634,-1.6309,0.7778,0.18
1.5598,0.0000,0.0000,0.0000,0.0000,0.0000,0.0000,-0.3344,-1.2058,0.2415,-0.3681,-0.0165,-0.9297,0.3003,-0.0417,-1.5292,1.0649,-1.2863,-0.4916,0.1796,1.4514,-1.0722,1.1349,-0.1473,0.2365,0.4265,0.3490,-0.3412,-0.1667,0.1977,0.0349,-0.0698,-0.3761,0.3000,-0.0213,-1.3939,1.1398,-1.2302,-0.5000,0.2000,1.6041,-1.0255,1.1986,-4.1598,0.7869,1.2664,-2.1668,0.9916,-3.7094,1.3465,1.1407,0.1047,-1.4919,0.8056,0.18
1.5858,0.0000,0.0000,0.0000,0.0000,0.0000,0.0000,-0.4441,-0.9085,-0.2814,-0.3855,-0.0069,-0.9227,0.2945,-0.0413,-1.5148,1.0672,-1.2906,-0.4932,0.1843,1.4548,-1.0751,1.1210,-0.3218,0.0116,0.6204,0.1163,0.0969,-0.0310,0.1551,0.1590,-0.1047,-0.6708,0.3000,-0.0968,-1.4214,1.1318,-1.2352,-0.5000,0.2000,1.6109,-0.9780,1.1914,-3.7794,0.0317,0.4191,-1.8073,1.3228,-3.2792,1.2747,0.8646,0.5750,-1.2733,0.8333,0.19
1.6108,0.0000,0.0000,0.0000,0.0000,0.0000,0.0000,-0.1904,-0.9860,-0.8608,-0.4082,-0.0116,-0.9128,0.2883,-0.0522,-1.5021,1.0694,-1.2883,-0.4902,0.1877,1.4616,-1.0739,1.1053,-0.1357,-0.5777,0.4032,0.2714,0.1900,0.2094,0.1280,0.2869,0.2753,-0.4498,0.3000,-0.1662,-1.4802,1.1129,-1.2398,-0.5000,0.1807,1.6067,-0.9342,1.1842,-2.9820,-0.6620,-0.4744,-1.1065,1.2500,-2.7194,0.8069,0.6185,1.0646,-1.0266,0.8611,0.18
1.6358,0.0000,0.0000,0.0000,0.0000,0.0000,0.0000,-0.5299,-0.5852,-1.0175,-0.4219,-0.0108,-0.9066,0.2857,-0.0755,-1.4994,1.0719,-1.2871,-0.4887,0.1871,1.4722,-1.0616,1.0974,-0.0233,-1.1128,-0.0620,0.0853,-0.0000,0.1435,-0.1318,0.3800,0.8685,-0.2133,0.3000,-0.2000,-1.4904,1.1655,-1.2623,-0.5000,0.0828,1.6030,-0.9322,1.2029,-2.3340,-1.6691,-0.8822,-0.1831,0.8091,-2.5215,-0.1723,0.3785,1.5520,-0.7129,0.8889,0.18
1.6598,0.0000,0.0000,0.0000,0.0000,0.0000,0.0000,-0.6223,-0.2089,-1.1451,-0.4223,-0.0038,-0.9064,0.2854,-0.1047,-1.5024,1.0776,-1.2910,-0.4893,0.1729,1.4840,-1.0416,1.0960,0.0543,-1.2020,-0.2559,0.4459,-0.2559,-0.0310,-1.1051,0.5855,0.8336,0.0233,0.3000,-0.2000,-1.4439,1.2362,-1.2456,-0.5000,0.0081,1.5765,-0.9295,1.2199,-1.5837,-2.3604,-0.7225,0.9009,1.0666,-2.4532,-0.9187,-0.0906,1.9545,-0.4423,0.9167,0.19
1.6838,0.0000,0.0000,0.0000,0.0000,0.0000,0.0000,-0.5333,-0.5124,-1.3364,-0.4260,-0.0030,-0.9047,0.2852,-0.1288,-1.5041,1.0954,-1.2916,-0.4907,0.1459,1.4947,-1.0221,1.0983,0.0737,-0.8181,-0.0078,0.9616,0.1241,-0.0039,-1.5509,0.3645,0.7987,0.1396,0.3276,-0.2000,-1.3777,1.2014,-1.2472,-0.5000,0.0175,1.5647,-0.9262,1.2868,-0.7239,-2.2529,-0.3657,1.5408,1.8446,-1.7748,-0.8253,-0.4120,1.7763,0.3269,0.9444,0.18
1.7068,0.0000,0.0000,0.0000,0.0000,0.0000,0.0000,-0.6303,-1.2802,-1.5757,-0.4488,-0.0097,-0.8936,0.2873,-0.1456,-1.4960,1.1121,-1.2896,-0.4927,0.1178,1.4986,-1.0068,1.1093,0.1086,-0.6902,0.7600,0.4692,0.1939,-0.0388,-1.0430,0.0543,0.5506,0.7406,0.3802,-0.2000,-1.3159,1.1519,-1.2483,-0.4542,0.0349,1.5919,-0.9223,1.3416,-0.1983,-1.8340,-0.0535,1.2937,1.9549,-0.5422,-0.6511,-0.3437,1.5120,0.9763,0.9722,0.20
1.7298,0.0000,0.0000,0.0000,0.0000,0.0000,0.0000,-0.7850,-1.5609,-1.9375,-0.4801,-0.0173,-0.8770,0.2974,-0.1586,-1.4717,1.1187,-1.2871,-0.4900,0.1015,1.5006,-0.9947,1.1296,0.6824,-0.4924,1.1632,-0.0194,0.2016,0.2637,-0.4265,0.1241,0.4420,1.0546,0.4316,-0.2000,-1.2762,1.1000,-1.2770,-0.3331,0.0343,1.6050,-0.9180,1.3278,0.3162,-1.1741,0.0381,1.0993,1.3468,0.6687,-0.6569,-0.4171,1.6574,0.9384,0.0000,0.17
1.7548,0.0000,0.0000,0.0000,0.0000,0.0000,0.0000,-0.8126,-1.3448,-2.4966,-0.5076,-0.0285,-0.8611,0.3181,-0.1689,-1.4400,1.1129,-1.2861,-0.4738,0.0934,1.5059,-0.9822,1.1507,1.1942,-0.4032,1.2912,-0.5932,0.0775,1.2679,-0.3257,0.3567,0.5002,0.6475,0.5000,-0.1119,-1.3172,1.1052,-1.3382,-0.3000,0.0584,1.5954,-0.9133,1.2760,1.2405,-0.1194,-0.1683,1.3609,0.3167,1.7558,-0.4162,-0.7160,2.0486,0.5211,0.0278,0.18
1.7788,0.0000,0.0000,0.0000,0.0000,0.0000,0.0000,-0.5377,-0.6896,-3.0426,-0.5248,-0.0565,-0.8494,0.3512,-0.1673,-1.4154,1.1021,-1.2924,-0.4397,0.0913,1.5185,-0.9649,1.1618,1.5044,0.6049,0.5661,-0.2598,-0.5234,1.4424,0.0116,0.6475,0.9500,0.1706,0.5000,-0.0259,-1.3683,1.1103,-1.4262,-0.3000,0.0998,1.5874,-0.9083,1.2321,2.2793,0.7410,-0.4754,1.8818,-0.6349,2.5374,-0.0025,-1.0731,2.8115,0.1823,0.0556,0.17
1.8028,0.0000,0.0000,0.0000,0.0000,0.0000,0.0000,-0.2099,0.2344,-2.8261,-0.5236,-0.0883,-0.8474,0.3829,-0.1443,-1.4118,1.0958,-1.3140,-0.4108,0.0974,1.5394,-0.9408,1.1651,1.2640,1.3454,-0.1241,-0.0969,-1.2601,1.0120,0.3102,0.9616,1.3106,0.0388,0.5000,0.0000,-1.3992,1.1152,-1.4540,-0.3000,0.1392,1.6078,-0.9031,1.2111,2.8299,1.3475,-0.5808,1.9040,-0.9842,2.7692,0.3924,-1.4001,3.3211,0.0731,0.0833,0.17
1.8258,0.0000,0.0000,0.0000,0.0000,0.0000,0.0000,-0.1719,1.1164,-2.3250,-0.5037,-0.1129,-0.8565,0.4081,-0.1125,-1.4195,1.0917,-1.3435,-0.3889,0.1105,1.5726,-0.9115,1.1694,0.9926,1.3610,-0.3916,-0.0969,-1.2563,0.9422,0.7406,1.5316,1.1981,0.1435,0.5000,0.0000,-1.4341,1.1198,-1.4485,-0.3000,0.1624,1.6078,-0.9209,1.2561,2.8803,1.6017,-0.7261,1.6918,-1.2403,2.6516,0.6243,-1.4453,3.4119,-0.0006,0.1111,0.18
1.8488,0.0000,0.0000,0.0000,0.0000,0.0000,0.0000,-0.0622,1.4425,-1.7796,-0.4762,-0.1309,-0.8695,0.4260,-0.0861,-1.4309,1.0881,-1.3663,-0.3687,0.1266,1.6044,-0.8876,1.1804,0.7600,1.0818,-0.6359,-0.1318,-0.7638,0.7987,0.6630,1.4812,0.8608,0.7096,0.5000,0.0000,-1.4693,1.1239,-1.4414,-0.3000,0.1905,1.5772,-0.9722,1.2624,2.8056,1.7132,-0.8747,1.2542,-1.4914,2.3872,0.9052,-1.3652,3.1884,-0.0657,0.1389,0.17
1.8728,0.0000,0.0000,0.0000,0.0000,0.0000,0.0000,-0.1396,1.2789,-1.2716,-0.4509,-0.1432,-0.8810,0.4405,-0.0659,-1.4483,1.0866,-1.3833,-0.3520,0.1446,1.6317,-0.8734,1.1972,0.5739,0.6630,-0.7600,0.0155,-0.5506,0.6243,0.7483,0.9383,0.4343,0.7638,0.5000,0.0000,-1.5022,1.0963,-1.4342,-0.3000,0.2000,1.5467,-1.0200,1.2718,2.7744,1.9676,-1.0915,0.6875,-1.8222,2.1043,1.2707,-1.1430,2.6509,-0.0949,0.1667,0.17
1.8978,0.0000,0.0000,0.0000,0.0000,0.0000,0.0000,-0.2201,0.9862,-0.6178,-0.4326,-0.1468,-0.8896,0.4524,-0.0518,-1.4669,1.0845,-1.3947,-0.3391,0.1620,1.6486,-0.8703,1.2142,0.3800,0.5506,-0.7832,-0.1784,-0.3994,0.4730,0.6785,0.5622,-0.0504,0.6243,0.5000,0.0000,-1.5226,1.0334,-1.4271,-0.3000,0.2000,1.5284,-1.0621,1.2590,2.7459,2.3630,-1.3352,0.0272,-2.0016,1.7589,1.6331,-0.8775,1.9877,-0.3406,0.1944,0.17
1.9218,0.0000,0.0000,0.0000,0.0000,0.0000,0.0000,-0.2023,0.6687,0.1227,-0.4238,-0.1427,-0.8944,0.4598,-0.0420,-1.4841,1.0762,-1.4034,-0.3293,0.1749,1.6558,-0.8767,1.2262,0.2365,0.3412,-0.5506,-0.5428,-0.2908,0.3335,0.3994,0.1822,-0.4265,0.2365,0.5000,0.0000,-1.5430,0.9758,-1.4200,-0.3000,0.2000,1.5255,-1.0966,1.2245,2.5622,2.5107,-1.6651,-0.5722,-1.9034,1.3021,1.6333,-0.6006,1.4468,-0.7941,0.2222,0.17
1.9458,0.0000,0.0000,0.0000,0.0000,0.0000,0.0000,-0.2316,0.6047,0.7606,-0.4175,-0.1307,-0.8992,0.4664,-0.0357,-1.4962,1.0599,-1.4097,-0.3233,0.1836,1.6571,-0.8928,1.2288,0.2947,0.3063,-0.5739,-0.8104,-0.2637,0.2404,0.2869,0.0078,-0.8995,-0.0969,0.5000,0.0000,-1.5633,0.9422,-1.4128,-0.3145,0.2000,1.5102,-1.1217,1.2148,2.3463,2.2333,-1.9188,-0.9258,-1.6226,0.8546,1.4005,-0.4476,1.1299,-0.9881,0.2500,0.17
1.9688,0.0000,0.0000,0.0000,0.0000,0.0000,0.0000,-0.1591,0.5815,1.3624,-0.4131,-0.1136,-0.9036,0.4700,-0.0313,-1.5074,1.0377,-1.4150,-0.3201,0.1908,1.6556,-0.9144,1.2255,0.1784,0.1318,-0.4692,-0.9810,-0.1900,0.1086,0.1861,-0.1822,-0.9306,-0.3218,0.5000,0.0000,-1.5837,0.9358,-1.4057,-0.3414,0.2000,1.4948,-1.1492,1.2313,2.2242,1.7686,-2.0180,-1.2569,-1.4483,0.5864,1.2426,-0.2969,0.8711,-0.9079,0.2778,0.17
1.9928,0.0000,0.0000,0.0000,0.0000,0.0000,0.0000,-0.0260,0.6221,1.9542,-0.4076,-0.0967,-0.9080,0.4737,-0.0289,-1.5177,1.0166,-1.4184,-0.3216,0.1938,1.6488,-0.9404,1.2216,0.1047,0.1435,-0.4459,-0.7212,-0.1163,-0.1667,0.0543,-0.3839,-1.1632,-0.0931,0.5000,0.0000,-1.6041,0.9360,-1.3986,-0.3524,0.2000,1.4859,-1.1739,1.2583,2.1720,1.4352,-1.9365,-1.5932,-1.3298,0.4758,1.1643,-0.0798,0.6588,-0.7102,0.3056,0.18
2.0178,0.0000,0.0000,0.0000,0.0000,0.0000,0.0000,-0.0275,0.5911,2.5572,-0.4016,-0.0728,-0.9129,0.4763,-0.0274,-1.5300,1.0016,-1.4212,-0.3266,0.1953,1.6380,-0.9695,1.2211,0.1784,0.0853,-0.6165,-0.4924,-0.0349,-0.2094,0.0349,-0.5622,-1.2252,-0.0233,0.5000,0.0000,-1.6244,0.9355,-1.3914,-0.3623,0.2000,1.4900,-1.1945,1.2950,2.0573,1.2372,-1.7281,-1.8219,-1.1292,0.3770,1.0284,0.2669,0.3735,-0.4020,0.3333,0.24
2.0428,0.0000,0.0000,0.0000,0.0000,0.0000,0.0000,0.0803,0.6007,3.0215,-0.3951,-0.0451,-0.9175,0.4782,-0.0272,-1.5451,0.9878,-1.4221,-0.3335,0.1965,1.6229,-1.0024,1.2258,0.0892,0.0582,-0.7096,-0.4847,0.0737,-0.2249,0.0582,-0.6592,-1.4424,0.2986,0.5000,0.0000,-1.6448,0.9342,-1.3583,-0.3769,0.1711,1.5044,-1.2140,1.3406,1.8298,1.1180,-1.4566,-1.8376,-0.7406,0.2306,0.7113,0.7165,-0.0114,0.0079,0.3611,0.21
2.0668,0.0000,0.0000,0.0000,0.0000,0.0000,0.0000,0.2301,0.7507,3.3612,-0.3835,-0.0198,-0.9233,0.4793,-0.0269,-1.5645,0.9762,-1.4182,-0.3419,0.1929,1.6069,-1.0383,1.2374,0.0116,0.0194,-0.8375,-0.4265,0.3024,-0.3528,-0.2249,-0.6087,-1.6052,0.5700,0.5000,-0.0153,-1.6652,0.9322,-1.2838,-0.3975,0.1158,1.5022,-1.2303,1.4004,1.4572,0.8472,-1.1312,-1.5893,-0.0961,0.0250,0.1576,1.3314,-0.4645,0.5721,0.3889,0.22
2.0918,0.0000,0.0000,0.0000,0.0000,0.0000,0.0000,0.2726,0.9119,3.5675,-0.3665,0.0047,-0.9304,0.4803,-0.0272,-1.5856,0.9647,-1.4057,-0.3522,0.1831,1.5900,-1.0755,1.2585,0.0659,-0.0233,-0.9538,-0.4381,0.8685,-0.4730,-0.6630,-0.7173,-1.5161,1.0314,0.4916,-0.0681,-1.6491,0.9311,-1.1731,-0.4174,0.0656,1.4717,-1.2295,1.4456,0.9163,0.3188,-0.6354,-0.9838,0.9103,-0.1744,-0.3438,2.1309,-0.8337,1.1867,0.4167,0.19
2.1168,0.0000,0.0000,0.0000,0.0000,0.0000,0.0000,0.4435,1.0566,3.7108,-0.3415,0.0283,-0.9394,0.4813,-0.0332,-1.6025,0.9542,-1.3738,-0.3640,0.1604,1.5706,-1.1078,1.2869,0.0620,-0.4537,-0.5583,-0.2714,1.7293,-0.4381,-1.1283,-0.9228,-1.1361,1.4114,0.4048,-0.1470,-1.5645,1.0927,-1.1541,-0.4659,0.0305,1.4411,-1.1887,1.4472,0.0476,-0.4698,0.4147,0.6648,2.5677,-0.6594,-0.6946,3.0964,-0.8727,1.5777,0.4444,0.19
2.1407,0.0000,0.0000,0.0000,0.0000,0.0000,0.0000,0.6259,1.0189,3.7351,-0.3086,0.0490,-0.9499,0.4721,-0.0515,-1.6079,0.9569,-1.3303,-0.3826,0.1340,1.5444,-1.1316,1.3176,-0.5390,-1.0004,-0.1512,0.6281,1.6091,-0.9267,-1.0353,-1.1826,-0.7057,1.1399,0.3000,-0.2000,-1.5263,1.1223,-1.1440,-0.5000,0.0752,1.4106,-1.1519,1.4483,-1.3629,-1.3952,1.4781,2.5409,2.4167,-1.3123,-0.2483,3.8360,-1.4012,2.0527,0.4722,0.18
2.1647,0.0000,0.0000,0.0000,0.0000,0.0000,0.0000,0.8123,0.2933,3.7820,-0.2886,0.0532,-0.9560,0.4447,-0.0743,-1.6102,0.9698,-1.2959,-0.4063,0.1191,1.5135,-1.1463,1.3439,-1.5781,-0.9849,0.0698,0.6436,1.5122,-1.0314,-0.3179,-1.5703,-0.5661,0.9500,0.3000,-0.1603,-1.5467,1.1180,-1.2155,-0.5000,0.0796,1.3800,-1.1000,1.4770,-2.1727,-0.6027,1.7731,1.0321,0.1846,-2.1724,-0.2044,4.2011,-2.0327,2.1746,0.5000,0.18
2.1897,0.0000,0.0000,0.0000,0.0000,0.0000,0.0000,0.6290,-0.0034,3.1776,-0.2840,0.0649,-0.9566,0.4069,-0.0884,-1.6088,0.9859,-1.2769,-0.4320,0.1131,1.4674,-1.1516,1.3703,-1.3881,-0.2171,-0.0116,0.5855,0.0116,-0.7212,-0.1473,-1.6867,0.0853,1.0469,0.3000,-0.0126,-1.5670,1.0754,-1.1239,-0.5000,0.0216,1.4004,-1.1052,1.4699,-2.7761,0.8742,1.4092,0.6214,1.3177,-2.6302,-0.7839,3.8814,-2.1987,1.2698,0.5278,0.17
2.2127,0.0000,0.0000,0.0000,0.0000,0.0000,0.0000,0.5338,-0.0746,2.0438,-0.2811,0.0681,-0.9573,0.3782,-0.0762,-1.6090,0.9947,-1.2694,-0.4496,0.1017,1.4397,-1.1509,1.3878,-0.9344,1.3803,0.0814,0.2482,0.6785,-0.6630,-0.7677,-0.9771,-0.0000,0.5079,0.3000,-0.0609,-1.5874,1.0881,-1.1139,-0.5000,0.0210,1.4207,-1.1103,1.4627,-3.1022,0.3906,1.6079,0.7977,1.0514,-2.8867,-0.7901,3.6577,-1.6152,1.3875,0.5556,0.17
2.2377,0.0000,0.0000,0.0000,0.0000,0.0000,0.0000,0.7899,0.0541,1.3199,-0.2773,0.0624,-0.9588,0.3595,-0.0580,-1.6056,1.0004,-1.2548,-0.4626,0.0855,1.4196,-1.1530,1.3941,-0.6824,0.3839,0.0931,0.4265,0.5700,-0.5002,-0.5971,-0.6436,-0.1628,0.0969,0.3000,-0.0347,-1.6078,1.0103,-1.1296,-0.5000,0.0657,1.4411,-1.1152,1.4556,-3.1284,0.6534,1.6443,0.0715,0.7422,-2.9054,-0.3433,3.2041,-1.8063,1.0943,0.5833,0.19
2.2607,0.0000,0.0000,0.0000,0.0000,0.0000,0.0000,0.8060,0.6084,0.7445,-0.2647,0.0440,-0.9633,0.3440,-0.0465,-1.6047,1.0023,-1.2417,-0.4716,0.0814,1.4073,-1.1537,1.3959,-0.4885,0.5506,-0.0504,-0.2637,0.6087,-0.3645,0.0931,-0.3063,0.0388,0.0543,0.3000,-0.0391,-1.6078,0.9800,-1.1721,-0.5000,0.0956,1.4615,-1.1198,1.4129,-3.3915,0.6087,1.8121,-0.4091,0.8407,-2.9890,-0.0445,2.7193,-1.4492,0.6440,0.6111,0.18
2.2857,0.0000,0.0000,0.0000,0.0000,0.0000,0.0000,0.4795,1.1113,0.3245,-0.2391,0.0325,-0.9704,0.3343,-0.0382,-1.6050,0.9919,-1.2358,-0.4794,0.0868,1.4060,-1.1505,1.3941,-0.2482,0.2404,-0.0310,-0.6049,0.0504,-0.3528,0.3606,0.0620,0.2249,-0.2094,0.3000,-0.0166,-1.5772,0.9875,-1.2161,-0.5000,0.1430,1.4819,-1.1239,1.3572,-3.7267,0.8342,2.0211,-0.8471,0.5281,-3.1085,0.4303,2.2021,-1.3312,0.1582,0.6389,0.18
2.3107,0.0000,0.0000,0.0000,0.0000,0.0000,0.0000,0.3897,1.2446,0.0460,-0.2064,0.0200,-0.9783,0.3271,-0.0328,-1.6037,0.9812,-1.2367,-0.4862,0.1005,1.4133,-1.1439,1.3860,-0.2947,0.3024,0.0349,-0.3567,-0.1551,-0.2443,0.8336,0.2753,0.3179,-0.5855,0.3000,0.0000,-1.5467,1.0200,-1.2537,-0.5000,0.1951,1.5022,-1.1276,1.2822,-4.0698,1.2971,2.1429,-1.0814,0.2761,-3.3076,0.9513,1.7122,-1.3145,-0.5198,0.6667,0.18
2.3347,0.0000,0.0000,0.0000,0.0000,0.0000,0.0000,0.2984,0.9455,-0.2713,-0.1792,0.0069,-0.9838,0.3204,-0.0265,-1.5996,0.9788,-1.2420,-0.4915,0.1263,1.4216,-1.1361,1.3689,-0.1551,0.2753,0.2598,0.0310,-0.3141,-0.1124,1.0857,0.3451,0.3955,-1.1361,0.3000,0.0000,-1.5161,1.0716,-1.2850,-0.5000,0.2000,1.5226,-1.1306,1.2271,-4.2167,1.7785,2.1555,-0.9051,0.0803,-3.4647,1.5464,1.2875,-1.4661,-1.2380,0.6944,0.17
2.3587,0.0000,0.0000,0.0000,0.0000,0.0000,0.0000,0.0822,0.5639,-0.5476,-0.1616,-0.0013,-0.9869,0.3155,-0.0218,-1.5909,0.9865,-1.2513,-0.4942,0.1490,1.4289,-1.1286,1.3439,-0.1861,0.1435,0.2830,0.5777,-0.5079,-0.0698,0.9073,0.3024,0.2559,-1.1128,0.3000,0.0000,-1.4856,1.1435,-1.2865,-0.5000,0.2000,1.5430,-1.1331,1.2200,-4.0977,2.0773,2.2171,-0.5312,0.1740,-3.5907,1.8929,1.0615,-1.5058,-1.7483,0.7222,0.17
2.3817,0.0000,0.0000,0.0000,0.0000,0.0000,0.0000,-0.0634,0.2497,-0.8769,-0.1519,-0.0067,-0.9884,0.3099,-0.0200,-1.5813,1.0046,-1.2603,-0.4953,0.1675,1.4347,-1.1237,1.3217,-0.2094,0.1241,0.4692,1.0430,-0.3179,0.0388,0.6785,0.1047,0.1318,-0.8879,0.3000,0.0000,-1.4550,1.2176,-1.2824,-0.5000,0.2000,1.5547,-1.1348,1.2128,-3.8354,2.1221,2.1579,-0.0410,0.3126,-3.6334,2.1129,0.9141,-1.5041,-2.0367,0.7500,0.17
2.4057,0.0000,0.0000,0.0000,0.0000,0.0000,0.0000,-0.1492,-0.0053,-1.2681,-0.1481,-0.0101,-0.9889,0.3048,-0.0196,-1.5687,1.0359,-1.2664,-0.4947,0.1821,1.4400,-1.1221,1.3028,-0.1396,-0.0427,0.5312,1.6014,-0.1667,0.0427,0.5467,0.1512,-0.0000,-0.7832,0.3000,0.0000,-1.4244,1.2716,-1.2879,-0.5000,0.2000,1.5586,-1.1358,1.2057,-3.4707,1.9175,1.8630,0.3521,0.3424,-3.4872,2.1909,0.7494,-1.1767,-2.1067,0.7778,0.17
2.4288,0.0000,0.0000,0.0000,0.0000,0.0000,0.0000,-0.1286,-0.2915,-1.7019,-0.1510,-0.0169,-0.9884,0.3004,-0.0194,-1.5553,1.0707,-1.2706,-0.4943,0.1940,1.4435,-1.1223,1.2875,-0.0892,0.0388,0.6747,1.7060,-0.1590,-0.0000,0.3916,0.1086,0.0116,-0.6669,0.3000,0.0000,-1.3939,1.2797,-1.2967,-0.5000,0.2000,1.5458,-1.0863,1.1986,-2.9717,1.5708,1.2688,0.3994,0.3261,-3.1578,2.3514,0.4177,-0.5027,-2.1924,0.8056,0.18
2.4537,0.0000,0.0000,0.0000,0.0000,0.0000,0.0000,-0.2561,-0.4504,-2.1879,-0.1580,-0.0242,-0.9871,0.2963,-0.0183,-1.5352,1.1095,-1.2751,-0.4941,0.2016,1.4460,-1.1183,1.2709,-0.1163,0.1008,0.9810,1.5626,-0.2714,0.0116,0.3102,0.0271,0.3528,-0.6863,0.3000,0.0000,-1.4263,1.2595,-1.2754,-0.5000,0.2000,1.5082,-1.0188,1.1914,-2.1817,1.1081,0.3703,0.2767,0.5985,-2.7332,2.5335,-0.1626,0.1667,-2.3754,0.8333,0.17
2.4767,0.0000,0.0000,0.0000,0.0000,0.0000,0.0000,-0.4329,-0.4206,-2.6244,-0.1677,-0.0285,-0.9854,0.2935,-0.0156,-1.5149,1.1422,-1.2791,-0.4937,0.2087,1.4455,-1.1025,1.2557,-0.0931,0.1357,0.8336,1.1283,-0.0814,0.0388,0.2947,-0.1667,1.0120,-0.7173,0.3102,-0.0398,-1.4881,1.2817,-1.2534,-0.5000,0.2000,1.4604,-0.9864,1.1842,-0.8977,0.6017,-0.5532,0.6883,0.8641,-2.3528,2.6604,-0.8442,0.4777,-2.2525,0.8611,0.17
2.5018,0.0000,0.0000,0.0000,0.0000,0.0000,0.0000,-0.4076,-0.0631,-2.8734,-0.1663,-0.0306,-0.9856,0.2939,-0.0175,-1.5035,1.1722,-1.2837,-0.4931,0.2130,1.4408,-1.0726,1.2429,0.0737,-0.1745,0.1784,1.3222,-0.1667,0.1086,0.1163,-0.2404,1.5781,-0.5041,0.4488,-0.0470,-1.5022,1.2839,-1.2795,-0.5000,0.2000,1.4652,-0.9322,1.1742,0.4882,0.5303,-1.1719,1.0066,0.6376,-1.9545,2.1937,-1.4156,1.5445,-1.9981,0.8889,0.17
2.5257,0.0000,0.0000,0.0000,0.0000,0.0000,0.0000,-0.3567,-0.1172,-3.1552,-0.1663,-0.0330,-0.9855,0.3119,-0.0207,-1.4995,1.1974,-1.2928,-0.4907,0.2154,1.4392,-1.0350,1.2278,1.4773,-0.0737,0.1512,0.8491,-0.2404,0.1435,-0.0155,0.0000,1.5820,-0.6514,0.5000,0.0000,-1.4717,1.2090,-1.3354,-0.5000,0.2000,1.4856,-0.9295,1.1641,1.7202,1.5708,-1.2513,0.6285,0.1019,-1.5448,1.4594,-1.9182,2.5311,-1.6617,0.9167,0.17
2.5497,0.0000,0.0000,0.0000,0.0000,0.0000,0.0000,0.0635,-0.1902,-3.1750,-0.1675,-0.0465,-0.9848,0.3541,-0.0167,-1.4888,1.2046,-1.3010,-0.4899,0.2143,1.4422,-1.0034,1.2098,2.1015,0.3645,0.7173,-0.1822,-0.2869,-0.0078,-0.1202,0.2404,1.1206,-0.8220,0.5000,0.0000,-1.4411,1.1234,-1.3568,-0.5000,0.2000,1.5059,-0.9262,1.1541,2.6670,2.5738,-1.2006,0.2198,-0.0958,-1.1916,1.1881,-2.1918,1.7857,-1.4751,0.9444,0.17
2.5737,0.0000,0.0000,0.0000,0.0000,0.0000,0.0000,-0.1696,0.1848,-2.5409,-0.1602,-0.0533,-0.9856,0.3933,-0.0110,-1.4715,1.1930,-1.3103,-0.4901,0.2121,1.4528,-0.9809,1.1930,1.3106,0.1706,0.8918,-0.9383,-0.5079,0.0310,-0.1667,0.6010,0.8840,-0.7328,0.5000,0.0000,-1.4106,1.0727,-1.3396,-0.5000,0.2000,1.5263,-1.0048,1.1440,2.9665,2.8909,-1.4117,0.2076,0.0866,-1.0075,1.1376,-2.0895,0.1752,-1.4822,0.9722,0.20
2.5977,0.0000,0.0000,0.0000,0.0000,0.0000,0.0000,-0.1726,0.4023,-2.1202,-0.1463,-0.0534,-0.9878,0.4195,-0.0076,-1.4485,1.1646,-1.3178,-0.4896,0.2099,1.4686,-0.9697,1.1762,1.0508,0.1822,0.9577,-1.3765,-0.0504,-0.0504,-0.0969,0.8453,0.2133,-0.8375,0.5000,0.0000,-1.3800,1.0122,-1.3263,-0.4849,0.1977,1.5467,-1.0882,1.1340,2.9352,2.8571,-1.5976,0.1217,0.5070,-0.8490,0.9774,-2.0315,-0.7025,-1.2377,0.0000,0.18
2.6217,0.0000,0.0000,0.0000,0.0000,0.0000,0.0000,-0.2384,0.2352,-1.5942,-0.1343,-0.0533,-0.9895,0.4416,-0.0061,-1.4246,1.1295,-1.3189,-0.4882,0.2088,1.4911,-0.9731,1.1596,0.7522,0.0620,1.0857,-1.5277,0.0388,0.1241,-0.0233,0.9383,-0.4924,-0.7289,0.5000,0.0000,-1.4004,1.0149,-1.2699,-0.4549,0.1628,1.5670,-1.1133,1.1375,2.7975,2.4191,-1.5807,0.0966,1.0614,-0.5489,0.6280,-1.9034,-1.0859,-0.8643,0.0278,0.19
2.6447,0.0000,0.0000,0.0000,0.0000,0.0000,0.0000,-0.2926,-0.1330,-0.9108,-0.1329,-0.0484,-0.9899,0.4575,-0.0059,-1.4045,1.0995,-1.3140,-0.4800,0.2044,1.5120,-0.9879,1.1481,0.6126,-0.0737,0.7600,-1.0120,0.5002,0.4924,-0.3528,0.8918,-0.7212,-0.4924,0.5000,0.0000,-1.4207,1.0398,-1.2627,-0.4047,0.1034,1.5874,-1.1083,1.1636,2.7895,1.9299,-1.4948,0.2949,1.5171,-0.0466,0.0343,-1.8039,-1.0083,-0.5027,0.0556,0.18
2.6687,0.0000,0.0000,0.0000,0.0000,0.0000,0.0000,-0.1539,-0.1666,-0.2843,-0.1351,-0.0455,-0.9898,0.4691,-0.0060,-1.3923,1.0835,-1.3051,-0.4659,0.1898,1.5321,-1.0033,1.1420,0.4420,-0.0000,0.2753,-0.4110,0.3684,0.7832,-0.8298,0.6940,-0.5700,-0.0853,0.5000,0.0000,-1.4411,1.0404,-1.2556,-0.3552,0.0514,1.6078,-1.0719,1.1699,2.9954,1.4614,-1.3067,0.2516,1.7429,0.4481,-0.4858,-1.8314,-0.6876,-0.3393,0.0833,0.19
2.6927,0.0000,0.0000,0.0000,0.0000,0.0000,0.0000,-0.0549,-0.0175,0.1291,-0.1352,-0.0434,-0.9899,0.4768,-0.0060,-1.3903,1.0729,-1.2993,-0.4431,0.1693,1.5474,-1.0124,1.1410,0.2482,0.0620,-0.0775,-0.3141,0.1977,0.8957,-1.2175,0.6708,-0.1163,0.0194,0.5000,-0.0131,-1.4615,1.0326,-1.2485,-0.3196,0.0399,1.6078,-1.0759,1.2173,3.1237,0.8690,-1.1278,0.1283,1.7921,0.8042,-0.6011,-1.8336,-0.5502,-0.3889,0.1111,0.18
2.7167,0.0000,0.0000,0.0000,0.0000,0.0000,0.0000,0.0894,0.1317,0.1162,-0.1317,-0.0445,-0.9903,0.4816,-0.0061,-1.3946,1.0650,-1.2959,-0.4226,0.1464,1.5593,-1.0173,1.1445,0.2675,-0.0000,-0.3102,-0.3257,0.1318,0.9732,-0.9422,0.4381,-0.1939,0.3063,0.5000,-0.0533,-1.4819,1.0377,-1.2414,-0.3000,0.0567,1.5772,-1.1251,1.2196,3.1209,0.4668,-1.0440,0.1373,1.7512,1.1437,-0.4331,-1.8226,-0.5290,-0.4932,0.1389,0.18
2.7417,0.0000,0.0000,0.0000,0.0000,0.0000,0.0000,-0.0685,0.1661,-0.1789,-0.1270,-0.0431,-0.9910,0.4853,-0.0110,-1.4028,1.0582,-1.2938,-0.4004,0.1296,1.5670,-1.0279,1.1512,0.2520,-0.2947,-0.3761,-0.1435,0.0543,1.0081,-0.4769,0.2094,-0.5855,0.1628,0.5000,-0.0924,-1.5022,1.0645,-1.2342,-0.3000,0.0841,1.5467,-1.1645,1.2298,3.0273,0.0758,-1.0542,0.3691,1.7765,1.5077,-0.1592,-1.8333,-0.4445,-0.5152,0.1667,0.17
2.7658,0.0000,0.0000,0.0000,0.0000,0.0000,0.0000,-0.1026,-0.1438,-0.2369,-0.1278,-0.0391,-0.9910,0.4902,-0.0212,-1.4110,1.0573,-1.2934,-0.3783,0.1224,1.5710,-1.0434,1.1584,0.2288,-0.4808,-0.3528,0.1784,0.0155,0.7794,-0.1512,0.0349,-0.7716,0.2830,0.5000,-0.1325,-1.5226,1.0829,-1.2271,-0.3000,0.0886,1.5161,-1.1635,1.2534,2.7668,-0.3247,-1.1261,0.5223,1.7663,1.8827,-0.1136,-1.7062,-0.0137,-0.3969,0.1944,0.17
2.7897,0.0000,0.0000,0.0000,0.0000,0.0000,0.0000,-0.0486,-0.6008,-0.0786,-0.1415,-0.0363,-0.9893,0.4944,-0.0381,-1.4177,1.0666,-1.2937,-0.3626,0.1198,1.5699,-1.0618,1.1693,0.2133,-0.7367,-0.2133,0.5622,-0.0465,0.7134,-0.1124,-0.2365,-0.6669,0.5312,0.5000,-0.1775,-1.5430,1.0454,-1.2200,-0.3000,0.0809,1.4856,-1.1400,1.2583,2.4366,-0.7746,-1.0706,0.1234,1.5826,2.0817,-0.1915,-1.3680,0.5661,-0.4557,0.2222,0.19
2.8137,0.0000,0.0000,0.0000,0.0000,0.0000,0.0000,-0.0574,-0.6592,0.1597,-0.1594,-0.0310,-0.9867,0.4980,-0.0592,-1.4215,1.0740,-1.2944,-0.3494,0.1165,1.5615,-1.0742,1.1805,0.1551,-1.0120,-0.1512,0.1512,0.0814,0.5041,-0.1435,-0.4459,-0.3218,0.5079,0.5000,-0.2000,-1.5543,0.9881,-1.2128,-0.3000,0.0883,1.4670,-1.1402,1.2450,2.2220,-1.2888,-0.9100,-0.4671,1.4172,2.0382,-0.1174,-0.8797,0.8150,-0.6862,0.2500,0.18
2.8377,0.0000,0.0000,0.0000,0.0000,0.0000,0.0000,-0.0096,-0.4500,0.4197,-0.1738,-0.0261,-0.9844,0.5011,-0.0813,-1.4234,1.0712,-1.2959,-0.3399,0.1145,1.5498,-1.0800,1.1893,0.1512,-0.8802,-0.0155,-0.3335,0.0349,0.3296,-0.0853,-0.4692,-0.1667,0.2443,0.5000,-0.2000,-1.5438,0.9358,-1.2057,-0.3000,0.1034,1.4924,-1.1661,1.2342,2.0619,-1.8079,-0.6006,-1.1076,1.3798,1.8650,0.0344,-0.3202,0.7022,-0.8794,0.2778,0.18
2.8617,0.0000,0.0000,0.0000,0.0000,0.0000,0.0000,0.0789,-0.2099,0.6745,-0.1824,-0.0234,-0.9829,0.5048,-0.1002,-1.4238,1.0576,-1.2980,-0.3328,0.1155,1.5428,-1.0868,1.1939,0.2326,-0.6243,-0.0078,-0.8995,-0.0388,0.2404,0.1086,-0.1202,-0.4420,0.0892,0.5000,-0.2000,-1.5115,0.9360,-1.1986,-0.3000,0.1358,1.5195,-1.2109,1.2293,1.9864,-2.1437,-0.0742,-1.8778,1.4715,1.8378,0.3580,0.2556,0.2890,-1.1233,0.3056,0.18
2.8857,0.0000,0.0000,0.0000,0.0000,0.0000,0.0000,0.1265,0.0088,0.9394,-0.1846,-0.0204,-0.9826,0.5081,-0.1137,-1.4214,1.0387,-1.2985,-0.3282,0.1198,1.5435,-1.1004,1.1962,0.1706,-0.6204,0.0737,-0.7328,0.0310,0.1086,0.3606,0.1124,-0.6359,-0.0504,0.5000,-0.2000,-1.4504,0.9355,-1.1914,-0.3000,0.1772,1.5575,-1.2266,1.2352,2.0321,-2.1679,0.7405,-3.0002,1.6174,2.0931,0.7718,0.9421,0.0522,-1.2718,0.3333,0.18
2.9107,0.0000,0.0000,0.0000,0.0000,0.0000,0.0000,0.1155,-0.0820,1.1137,-0.1863,-0.0173,-0.9823,0.5103,-0.1267,-1.4150,1.0191,-1.2968,-0.3261,0.1340,1.5490,-1.1187,1.1993,0.0155,-0.4032,0.3024,-0.7638,0.1512,0.1667,0.7794,0.2947,-0.9034,0.0892,0.5000,-0.2000,-1.4448,0.9342,-1.1842,-0.3000,0.1730,1.5328,-1.1504,1.2398,2.1568,-1.9798,1.4406,-3.9677,1.6855,2.2850,0.7305,1.7700,0.6251,-1.1334,0.3611,0.18
2.9367,0.0000,0.0000,0.0000,0.0000,0.0000,0.0000,0.0558,-0.1834,1.0668,-0.1913,-0.0117,-0.9815,0.5105,-0.1378,-1.4098,1.0024,-1.2926,-0.3248,0.1474,1.5496,-1.1294,1.2030,-0.0155,-0.4265,0.1318,-0.5816,0.2443,0.0892,0.4032,-0.2133,-0.0233,0.2869,0.5000,-0.2000,-1.4652,0.9322,-1.1742,-0.3000,0.1015,1.5022,-1.0839,1.2432,2.5434,-1.6411,1.5038,-4.1931,1.7319,2.2507,0.0149,2.5075,1.5201,-1.0537,0.3889,0.18
2.9597,0.0000,0.0000,0.0000,0.0000,0.0000,0.0000,0.1954,-0.0313,0.9028,-0.1946,-0.0093,-0.9808,0.5100,-0.1482,-1.4084,0.9884,-1.2852,-0.3234,0.1475,1.5414,-1.1224,1.2066,0.0078,-0.3877,-0.0543,-0.5079,0.3684,0.0039,-0.3179,-0.5118,0.6940,0.1163,0.5000,-0.2000,-1.4856,0.9295,-1.1641,-0.3000,0.0000,1.4717,-1.0461,1.2456,3.0795,-1.7099,1.0481,-2.9078,2.1482,2.3227,-1.2803,2.8755,2.5756,-1.0145,0.4167,0.18
2.9847,0.0000,0.0000,0.0000,0.0000,0.0000,0.0000,0.2823,0.1553,0.7374,-0.1919,-0.0100,-0.9814,0.5100,-0.1558,-1.4118,0.9772,-1.2771,-0.3228,0.1306,1.5251,-1.1016,1.2091,0.0504,-0.2753,-0.2637,-0.3955,0.3800,-0.0078,-1.2446,-0.6359,0.9655,0.1047,0.5000,-0.2000,-1.5366,1.1124,-1.1541,-0.3000,0.0000,1.4411,-1.0014,1.2472,3.2993,-3.0740,0.6933,0.8622,2.7110,2.3773,-2.2641,2.8956,3.7063,-1.0299,0.4444,0.18
3.0087,0.0000,0.0000,0.0000,0.0000,0.0000,0.0000,0.3469,0.2385,0.5533,-0.1856,-0.0132,-0.9825,0.5103,-0.1606,-1.4231,0.9834,-1.2658,-0.3227,0.1037,1.5081,-1.0753,1.2102,0.0388,-0.1473,-0.6281,1.0895,0.4537,0.0388,-0.7987,-0.7910,1.3881,0.0194,0.5000,-0.2000,-1.6009,1.1223,-1.1440,-0.3000,0.0050,1.4106,-0.9519,1.2628,1.6841,-3.8899,0.2535,4.1558,2.4697,2.1503,-0.9501,2.3052,3.7652,-0.8541,0.4722,0.17
3.0347,0.0000,0.0000,0.0000,0.0000,0.0000,0.0000,0.4917,0.0268,0.5385,-0.1843,-0.0218,-0.9826,0.5106,-0.1625,-1.4489,1.0118,-1.2559,-0.3227,0.0888,1.4862,-1.0433,1.2114,0.0194,-0.0388,-1.2252,1.3842,0.3800,-0.0155,-0.6785,-1.0042,1.3106,0.1163,0.4109,-0.2000,-1.5467,1.1180,-1.1778,-0.3187,0.2000,1.3800,-0.9000,1.3021,0.1095,-3.2750,1.6416,2.5489,0.5620,0.8128,1.6158,2.4489,1.6370,-0.7490,0.5000,0.18
3.0587,0.0000,0.0000,0.0000,0.0000,0.0000,0.0000,0.3701,-0.1261,0.5706,-0.1894,-0.0272,-0.9815,0.5011,-0.1627,-1.4695,1.0395,-1.2497,-0.3248,0.0969,1.4626,-1.0110,1.2167,-0.7445,-0.0000,-0.5041,0.8995,0.1163,-0.0931,0.8026,-1.1361,1.4152,0.3528,0.3247,-0.2000,-1.5670,1.1042,-1.2953,-0.4215,0.2000,1.4004,-0.9796,1.2699,-0.7530,-1.6740,1.7347,0.9087,-0.7142,-0.2149,1.1548,2.9129,0.2561,-1.5495,0.5278,0.18
3.0827,0.0000,0.0000,0.0000,0.0000,0.0000,0.0000,0.1167,-0.1224,0.7186,-0.1954,-0.0291,-0.9803,0.4741,-0.1634,-1.4812,1.0563,-1.2608,-0.3381,0.1222,1.4400,-0.9921,1.2199,-1.5509,0.0504,-0.4924,0.5312,-1.0702,-0.8957,1.1555,-0.6398,0.2404,-0.1551,0.3430,-0.0235,-1.5874,0.9916,-1.2574,-0.4885,0.1102,1.4207,-0.9162,1.2627,-0.5700,0.7647,1.3911,-0.1666,-0.4350,-0.8848,0.1018,2.5478,0.9414,-2.8160,0.5556,0.17
3.1067,0.0000,0.0000,0.0000,0.0000,0.0000,0.0000,-0.0057,-0.1532,1.0239,-0.2038,-0.0339,-0.9784,0.4415,-0.1472,-1.4961,1.0572,-1.2817,-0.3703,0.1343,1.4308,-0.9775,1.2162,-1.1438,1.1671,-0.4575,-0.3877,-0.4963,-1.3493,0.0737,-0.4226,0.9267,-0.2559,0.3000,0.0000,-1.6078,0.9526,-1.1455,-0.4960,0.1493,1.4411,-0.9152,1.2556,-1.0597,1.3788,1.4654,-0.5054,0.5837,-0.9599,0.4928,1.9854,1.9068,-3.3743,0.5833,0.17
3.1307,0.0000,0.0000,0.0000,0.0000,0.0000,0.0000,0.2583,0.2281,1.0569,-0.2032,-0.0374,-0.9784,0.4108,-0.1174,-1.5047,1.0457,-1.2817,-0.4015,0.1405,1.4234,-0.9566,1.2073,-1.4114,1.2834,-0.3955,-0.4730,0.6436,-1.2059,0.3877,-0.1435,0.8840,-0.3722,0.3000,0.0000,-1.6078,0.9814,-1.1562,-0.5000,0.1871,1.4615,-0.9198,1.2485,-1.3365,1.0364,2.1282,-0.3950,1.1480,-1.3206,0.8712,1.7022,1.3061,-3.7498,0.6111,0.17
3.1537,0.0000,0.0000,0.0000,0.0000,0.0000,0.0000,0.4647,0.8200,1.0946,-0.1865,-0.0450,-0.9814,0.3833,-0.0920,-1.5122,1.0339,-1.2687,-0.4246,0.1514,1.4244,-0.9386,1.2000,-1.0004,0.9732,-0.4847,-0.4071,0.6165,-0.8259,0.5700,0.1590,0.6514,-0.2598,0.3000,-0.0100,-1.5772,1.0860,-1.2201,-0.5000,0.2000,1.4819,-0.9385,1.2414,-1.8717,0.9001,2.8669,0.1383,0.4880,-1.8358,1.1669,1.6097,0.8541,-3.5589,0.6389,0.18
3.1777,0.0000,0.0000,0.0000,0.0000,0.0000,0.0000,0.3744,0.9351,1.2584,-0.1650,-0.0493,-0.9851,0.3633,-0.0739,-1.5229,1.0349,-1.2595,-0.4450,0.1648,1.4323,-0.9283,1.1983,-0.7057,0.5932,-0.5002,0.2714,0.2288,-0.9228,0.5079,0.4808,0.1551,-0.1280,0.3000,0.0000,-1.5467,1.0534,-1.3690,-0.5000,0.2000,1.5022,-0.9276,1.2342,-2.8446,1.6856,3.1663,-0.6656,-0.8767,-2.3678,1.3033,1.5252,1.1618,-3.5167,0.6667,0.17
3.2017,0.0000,0.0000,0.0000,0.0000,0.0000,0.0000,0.1862,0.5586,1.1318,-0.1502,-0.0562,-0.9871,0.3476,-0.0596,-1.5338,1.0372,-1.2766,-0.4619,0.1747,1.4441,-0.9236,1.1962,-0.5467,0.6010,-0.3335,-0.1512,-1.1904,-0.6863,0.3567,0.3335,0.1435,-0.0737,0.3000,0.0000,-1.5161,1.0621,-1.3327,-0.5000,0.2000,1.5123,-0.9306,1.2271,-3.6138,3.2984,3.0960,-2.4638,-0.3964,-3.2330,2.0121,0.8972,1.0203,-3.8655,0.6944,0.17
3.2257,0.0000,0.0000,0.0000,0.0000,0.0000,0.0000,-0.1587,0.0856,0.8933,-0.1460,-0.0529,-0.9879,0.3358,-0.0492,-1.5403,1.0347,-1.2974,-0.4753,0.1839,1.4479,-0.9218,1.1922,-0.4885,0.4343,-0.0814,-0.0078,-0.6398,-0.5545,0.4575,0.0271,0.0814,-0.3257,0.3000,0.0000,-1.4856,1.0966,-1.2039,-0.5000,0.2000,1.5031,-1.1331,1.2200,-3.9629,3.2310,2.9785,-1.8749,1.6380,-4.1776,2.8173,0.6015,-2.3943,-3.7066,0.7222,0.17
3.2497,0.0000,0.0000,0.0000,0.0000,0.0000,0.0000,-0.1732,-0.3077,0.3531,-0.1512,-0.0471,-0.9874,0.3241,-0.0429,-1.5373,1.0379,-1.2986,-0.4866,0.1922,1.4468,-0.9343,1.1855,-0.4188,0.1551,0.3335,0.4343,0.5079,-0.4459,0.3645,0.0349,-1.0353,-0.4498,0.3000,0.0000,-1.4550,1.3217,-1.2136,-0.5000,0.2000,1.5633,-1.1348,1.2128,-3.8633,2.0563,3.2204,1.1788,1.6162,-4.5448,2.1547,1.2435,-4.2302,-2.4918,0.7500,0.17
3.2747,0.0000,0.0000,0.0000,0.0000,0.0000,0.0000,-0.1065,-0.8698,-0.2803,-0.1672,-0.0436,-0.9850,0.3158,-0.0393,-1.5237,1.0654,-1.2871,-0.4936,0.1979,1.4548,-0.9674,1.1807,-0.2482,0.0620,0.3955,1.7642,0.4110,-0.2249,0.1241,0.5273,-1.6518,-0.2404,0.3000,0.0000,-1.4244,1.3364,-1.4188,-0.5000,0.2000,1.5837,-1.1358,1.2057,-3.5577,1.7775,2.9507,1.2985,-0.9666,-3.4640,1.4884,1.5371,-1.1361,-1.1345,0.7778,0.16
3.3007,0.0000,0.0000,0.0000,0.0000,0.0000,0.0000,-0.1029,-1.1611,-0.6370,-0.1913,-0.0435,-0.9806,0.3094,-0.0354,-1.5119,1.1126,-1.2928,-0.4959,0.2010,1.4686,-1.0096,1.1787,-0.1861,0.1784,0.4381,2.1364,-0.8957,0.0349,0.0465,0.3761,-1.5858,-0.1124,0.3000,0.0000,-1.3939,1.1398,-1.4088,-0.5000,0.2000,1.5854,-0.9526,1.1986,-3.4337,1.5347,2.4599,-1.1599,-0.7951,-3.3942,1.7245,0.8129,0.8335,-2.0251,0.8056,0.16
3.3257,0.0000,0.0000,0.0000,0.0000,0.0000,0.0000,-0.5726,-1.2667,-1.0732,-0.2302,-0.0479,-0.9720,0.3029,-0.0300,-1.4971,1.1435,-1.3176,-0.4937,0.2044,1.4756,-1.0292,1.1732,-0.2714,0.1551,0.8918,0.1706,-0.9810,0.2559,0.0233,0.0000,0.0737,-0.2559,0.3000,0.0000,-1.3633,1.1318,-1.2974,-0.5000,0.2000,1.5456,-0.9959,1.1914,-3.0535,1.2424,1.2317,-1.8086,0.3778,-3.3662,2.3447,0.2112,0.3959,-2.2737,0.8333,0.16
3.3487,0.0000,0.0000,0.0000,0.0000,0.0000,0.0000,-0.6714,-0.5012,-1.2548,-0.2418,-0.0409,-0.9695,0.2978,-0.0253,-1.4736,1.1446,-1.3364,-0.4921,0.2075,1.4738,-1.0256,1.1634,-0.1861,0.1628,0.9655,-0.2637,-0.2133,0.0310,0.0969,-0.1745,0.4226,-0.4769,0.3000,-0.0223,-1.4019,1.1129,-1.2398,-0.5000,0.2000,1.5256,-1.0647,1.1842,-2.6329,0.7767,0.3084,-1.1993,1.2921,-3.0690,2.5123,-0.1925,-0.3052,-2.0956,0.8611,0.17
3.3727,0.0000,0.0000,0.0000,0.0000,0.0000,0.0000,-0.4886,-0.5354,-1.6294,-0.2506,-0.0386,-0.9673,0.2925,-0.0251,-1.4528,1.1363,-1.3397,-0.4875,0.2095,1.4721,-1.0230,1.1483,-0.0427,-0.0388,0.6902,-0.2908,0.1784,0.2016,0.0349,0.0582,-0.2055,-0.5351,0.3000,-0.0759,-1.4438,1.1756,-1.2432,-0.5000,0.2000,1.5225,-1.0281,1.1742,-1.8638,0.2413,-0.4162,-0.0821,1.3313,-2.3693,2.1679,-0.4265,0.0410,-1.8700,0.8889,0.16
3.3977,0.0000,0.0000,0.0000,0.0000,0.0000,0.0000,-0.2658,-0.7868,-1.5132,-0.2677,-0.0387,-0.9627,0.2906,-0.0317,-1.4387,1.1393,-1.3332,-0.4844,0.2091,1.4754,-1.0263,1.1382,0.0698,-0.4226,0.4459,0.7328,0.1784,0.0388,-0.0465,0.1318,-0.0194,-0.2637,0.3072,-0.1281,-1.4619,1.1944,-1.2871,-0.5000,0.2000,1.5115,-0.9295,1.1641,-0.9275,-0.2811,-0.9024,0.4827,0.5849,-1.7215,1.2632,-0.7402,1.8640,-1.4931,0.9167,0.20
3.4227,0.0000,0.0000,0.0000,0.0000,0.0000,0.0000,-0.3564,-0.4066,-1.2328,-0.2787,-0.0339,-0.9598,0.2925,-0.0477,-1.4317,1.1551,-1.3340,-0.4848,0.2076,1.4794,-1.0159,1.1317,0.2365,-0.7018,0.1163,0.5971,-0.3024,0.0310,-0.0465,0.0349,1.0120,-0.2753,0.3670,-0.1828,-1.4005,1.1795,-1.3386,-0.5000,0.1773,1.5074,-0.9262,1.1556,-0.3299,-0.8284,-0.5936,0.7812,0.0858,-1.6893,0.7732,-0.9857,2.8458,-0.9846,0.9444,0.18
3.4467,0.0000,0.0000,0.0000,0.0000,0.0000,0.0000,-0.3272,-0.1457,-1.1367,-0.2807,-0.0308,-0.9593,0.3042,-0.0719,-1.4220,1.1611,-1.3478,-0.4866,0.2035,1.4808,-0.9954,1.1242,0.6863,-1.1012,0.5932,-0.1241,-0.5390,-0.1435,-0.2210,0.0271,0.8453,-0.3800,0.4179,-0.1989,-1.3529,1.1519,-1.3707,-0.5000,0.1625,1.5263,-0.9223,1.2187,0.1791,-0.9892,-0.4237,1.4419,-0.2244,-1.4803,0.6250,-1.1426,2.7265,-0.2528,0.9722,0.18
3.4706,0.0000,0.0000,0.0000,0.0000,0.0000,0.0000,-0.3234,-0.3806,-1.2271,-0.2873,-0.0294,-0.9574,0.3262,-0.0965,-1.4083,1.1563,-1.3645,-0.4884,0.1955,1.4834,-0.9808,1.1226,1.1206,-0.9344,0.6940,-0.3645,-0.6281,-0.1008,-0.2869,0.0892,0.5041,0.1590,0.4759,-0.1669,-1.3317,1.1000,-1.4566,-0.4903,0.1574,1.5467,-0.9180,1.2616,0.7591,-0.6691,-0.5168,1.8710,-0.7959,-0.9032,0.5744,-1.1753,2.2503,0.2767,0.0000,0.18
3.4956,0.0000,0.0000,0.0000,0.0000,0.0000,0.0000,-0.4138,-0.6229,-1.2292,-0.3015,-0.0289,-0.9530,0.3563,-0.1134,-1.3895,1.1429,-1.3863,-0.4887,0.1890,1.4852,-0.9707,1.1287,1.3338,-0.5661,0.7212,-0.7328,-1.1865,0.0039,-0.2443,0.1124,0.3955,0.2986,0.5000,-0.0966,-1.3746,1.1052,-1.4699,-0.4267,0.1493,1.5670,-0.9133,1.2603,1.5820,0.0342,-0.7425,2.1014,-1.4080,-0.2665,0.4926,-1.3197,2.0630,0.3642,0.0278,0.18
3.5196,0.0000,0.0000,0.0000,0.0000,0.0000,0.0000,-0.4731,-0.3674,-1.2292,-0.3093,-0.0244,-0.9507,0.3891,-0.1179,-1.3780,1.1272,-1.4126,-0.4819,0.1843,1.4880,-0.9617,1.1345,1.2873,0.1163,0.1473,-0.5002,-0.9732,0.4537,-0.2443,0.1357,0.4459,0.0853,0.5000,-0.0115,-1.4170,1.1103,-1.4627,-0.3734,0.1191,1.5874,-0.9083,1.2170,2.4958,0.8852,-0.9627,1.9469,-1.7735,0.2661,0.1915,-1.6467,2.5653,0.0310,0.0556,0.18
3.5437,0.0000,0.0000,0.0000,0.0000,0.0000,0.0000,-0.1812,0.0525,-1.3719,-0.3059,-0.0292,-0.9516,0.4160,-0.1047,-1.3793,1.1194,-1.4290,-0.4652,0.1763,1.4972,-0.9517,1.1323,0.9577,0.8840,-0.2830,-0.1900,-0.4614,0.9383,-0.3800,0.4110,0.4420,-0.3412,0.5000,0.0000,-1.4406,1.1152,-1.4556,-0.3322,0.0973,1.6078,-0.9031,1.1766,3.1596,1.2431,-0.9950,1.7118,-1.7881,0.6779,-0.0270,-1.8078,3.1737,-0.2720,0.0833,0.18
3.5687,0.0000,0.0000,0.0000,0.0000,0.0000,0.0000,0.1115,0.2587,-1.2231,-0.2970,-0.0430,-0.9539,0.4370,-0.0854,-1.3894,1.1164,-1.4381,-0.4391,0.1648,1.5119,-0.9389,1.1202,0.7638,0.7328,-0.5506,-0.0116,-0.2520,1.0740,-0.4381,0.7406,0.4847,-0.5196,0.5000,0.0000,-1.4542,1.1198,-1.4485,-0.3100,0.0891,1.6078,-0.9209,1.2349,3.3970,1.1348,-0.9275,1.4982,-1.6418,0.9000,-0.1094,-1.7359,3.3685,-0.2124,0.1111,0.19
3.5936,0.0000,0.0000,0.0000,0.0000,0.0000,0.0000,0.1433,0.2448,-1.0090,-0.2866,-0.0569,-0.9564,0.4525,-0.0680,-1.4023,1.1152,-1.4431,-0.4112,0.1545,1.5301,-0.9292,1.1129,0.5428,0.6087,-0.5855,-0.0349,-0.2055,1.1283,-0.4653,0.6359,0.2288,-0.0155,0.5000,-0.0121,-1.4714,1.1239,-1.4414,-0.3000,0.0952,1.5772,-0.9722,1.2599,3.4007,0.8788,-0.8956,1.3011,-1.6312,1.1166,-0.0478,-1.5648,3.2792,-0.0906,0.1389,0.18
3.6187,0.0000,0.0000,0.0000,0.0000,0.0000,0.0000,-0.0101,-0.0668,-0.7522,-0.2834,-0.0646,-0.9568,0.4638,-0.0565,-1.4154,1.1151,-1.4479,-0.3859,0.1455,1.5389,-0.9280,1.1157,0.3994,0.4188,-0.4808,0.0737,-0.1667,0.9616,-0.3257,0.2249,-0.1939,0.2171,0.5000,-0.0207,-1.4948,1.1276,-1.4342,-0.3000,0.1182,1.5467,-1.0200,1.2862,3.3486,0.7926,-0.9256,1.0805,-1.7299,1.2742,0.1823,-1.3331,3.0012,0.0486,0.1667,0.19
3.6436,0.0000,0.0000,0.0000,0.0000,0.0000,0.0000,-0.0636,-0.4605,-0.4583,-0.2900,-0.0683,-0.9546,0.4731,-0.0496,-1.4269,1.1174,-1.4519,-0.3658,0.1420,1.5427,-0.9376,1.1273,0.3994,0.1784,-0.5041,0.1473,-0.1357,0.7600,-0.0427,0.0310,-0.4885,0.5041,0.5000,0.0000,-1.5226,1.1055,-1.4271,-0.3000,0.1595,1.5161,-1.0621,1.3090,3.3278,1.0453,-1.0058,0.7484,-1.8266,1.3945,0.5951,-1.0928,2.5776,0.1590,0.1944,0.19
3.6696,0.0000,0.0000,0.0000,0.0000,0.0000,0.0000,-0.0951,-0.7992,-0.1596,-0.3062,-0.0713,-0.9493,0.4794,-0.0426,-1.4379,1.1210,-1.4563,-0.3494,0.1451,1.5401,-0.9553,1.1454,0.2133,0.3179,-0.4304,0.1473,-0.2326,0.5506,0.3684,-0.1202,-0.9151,0.7561,0.5000,0.0000,-1.5430,1.0591,-1.4200,-0.3000,0.2000,1.4975,-1.0966,1.3143,3.3140,1.7008,-1.1284,0.2608,-1.9008,1.4353,1.0919,-0.8805,2.0183,0.1042,0.2222,0.19
3.6927,0.0000,0.0000,0.0000,0.0000,0.0000,0.0000,-0.1443,-0.8779,0.1600,-0.3269,-0.0678,-0.9426,0.4840,-0.0352,-1.4465,1.1195,-1.4640,-0.3384,0.1566,1.5364,-0.9752,1.1660,0.1628,0.2559,-0.2947,-0.1357,-0.3373,0.4498,0.7018,-0.2482,-0.8802,0.8530,0.5000,0.0000,-1.5633,1.0076,-1.4128,-0.3000,0.2000,1.4859,-1.1217,1.2767,3.1557,2.3379,-1.3373,-0.2719,-1.9148,1.1987,1.3576,-0.6911,1.4108,-0.3690,0.2500,0.18
3.7167,0.0000,0.0000,0.0000,0.0000,0.0000,0.0000,-0.0833,-0.8337,0.4000,-0.3439,-0.0629,-0.9369,0.4865,-0.0294,-1.4517,1.1113,-1.4728,-0.3281,0.1686,1.5338,-0.9965,1.1806,0.0931,0.3102,-0.2365,-0.5700,-0.2559,0.4188,0.3102,-0.0775,-0.8957,0.3451,0.5000,0.0000,-1.5837,0.9735,-1.4057,-0.3253,0.2000,1.4706,-1.1393,1.2351,2.7553,2.3404,-1.6309,-0.6222,-1.6685,0.7472,1.3137,-0.5381,0.9705,-0.8700,0.2778,0.18
3.7406,0.0000,0.0000,0.0000,0.0000,0.0000,0.0000,0.0686,-0.8215,0.6900,-0.3631,-0.0580,-0.9299,0.4871,-0.0233,-1.4568,1.0951,-1.4813,-0.3214,0.1749,1.5330,-1.0164,1.1864,-0.0078,0.2326,-0.2753,-0.5777,-0.2365,0.0931,0.1784,-0.0078,-0.7173,0.0310,0.5000,0.0000,-1.6041,0.9408,-1.3986,-0.3581,0.2000,1.4510,-1.1709,1.2293,2.4684,1.9808,-1.8606,-0.9516,-1.3671,0.4192,1.1224,-0.4291,0.6884,-1.0592,0.3056,0.17
3.7647,0.0000,0.0000,0.0000,0.0000,0.0000,0.0000,0.3392,-0.8874,1.0716,-0.3830,-0.0543,-0.9222,0.4881,-0.0183,-1.4623,1.0780,-1.4904,-0.3228,0.1796,1.5313,-1.0350,1.1884,0.0892,0.3024,-0.2482,-0.8608,-0.3994,-0.1473,0.0814,-0.1124,-0.8375,0.0620,0.5000,0.0000,-1.6244,0.9355,-1.3914,-0.3682,0.1979,1.4399,-1.1839,1.2394,2.3047,1.5462,-1.9247,-1.2785,-1.2157,0.3181,0.9786,-0.2348,0.4796,-0.9580,0.3333,0.17
3.7886,0.0000,0.0000,0.0000,0.0000,0.0000,0.0000,0.3919,-1.0161,1.4850,-0.4053,-0.0452,-0.9131,0.4908,-0.0140,-1.4705,1.0586,-1.5000,-0.3290,0.1809,1.5281,-1.0567,1.1912,0.1318,0.1939,-0.3839,-0.7561,-0.3412,-0.2288,0.0039,-0.1977,-0.7755,0.1784,0.5000,0.0000,-1.6448,0.9342,-1.3842,-0.3659,0.1902,1.4397,-1.1837,1.2653,2.2345,1.2510,-1.8435,-1.5609,-1.2148,0.3414,0.9016,0.0695,0.2919,-0.7451,0.3611,0.17
3.8126,0.0000,0.0000,0.0000,0.0000,0.0000,0.0000,0.4159,-1.0362,1.9818,-0.4294,-0.0303,-0.9026,0.4934,-0.0109,-1.4817,1.0420,-1.5074,-0.3328,0.1798,1.5219,-1.0763,1.1993,0.1280,0.1435,-0.5583,-0.7289,-0.2404,-0.0543,-0.1822,-0.3179,-0.7445,0.4381,0.5000,0.0000,-1.6652,0.9322,-1.3742,-0.3681,0.1765,1.4454,-1.1824,1.2921,2.1015,1.1813,-1.6736,-1.7679,-1.1493,0.3189,0.7653,0.4322,0.0144,-0.5110,0.3889,0.17
3.8366,0.0000,0.0000,0.0000,0.0000,0.0000,0.0000,0.4635,-0.7169,2.3365,-0.4495,-0.0121,-0.8932,0.4944,-0.0078,-1.5003,1.0253,-1.5102,-0.3351,0.1763,1.5152,-1.0932,1.2132,-0.0078,0.0892,-1.0702,-0.7057,0.0737,-0.1047,-0.1900,-0.2055,-0.6359,0.6436,0.5000,0.0000,-1.6856,0.9295,-1.3579,-0.3803,0.1487,1.4521,-1.1816,1.3223,1.8395,1.0884,-1.5180,-1.7915,-0.9382,0.1968,0.4871,0.8047,-0.3548,-0.2332,0.4167,0.18
3.8626,0.0000,0.0000,0.0000,0.0000,0.0000,0.0000,0.4956,-0.2512,2.6270,-0.4588,0.0087,-0.8885,0.4948,-0.0044,-1.5272,1.0064,-1.5067,-0.3386,0.1693,1.5111,-1.1065,1.2315,0.0233,0.1822,-1.2795,-0.7328,0.2365,-0.2133,-0.4730,-0.0853,-0.4226,0.8491,0.5000,-0.0254,-1.7059,0.9262,-1.3235,-0.4004,0.1119,1.4411,-1.1699,1.3631,1.4708,0.7456,-1.3087,-1.6689,-0.6944,-0.0036,0.1190,1.2764,-0.6850,0.1586,0.4444,0.17
3.8866,0.0000,0.0000,0.0000,0.0000,0.0000,0.0000,0.4923,0.1943,2.9337,-0.4592,0.0350,-0.8877,0.4949,-0.0032,-1.5614,0.9851,-1.4926,-0.3473,0.1557,1.5079,-1.1135,1.2546,-0.0427,-0.0000,-1.4695,-0.9849,0.8259,-0.4537,-0.5661,-0.2094,-0.1241,1.0353,0.4963,-0.0678,-1.7225,0.9223,-1.2783,-0.4247,0.0824,1.4106,-1.1499,1.4093,0.9631,0.3216,-0.9623,-1.4604,-0.3429,-0.2467,-0.1755,1.8896,-0.9797,0.6109,0.4722,0.17
3.9117,0.0000,0.0000,0.0000,0.0000,0.0000,0.0000,0.5135,0.5431,3.1842,-0.4496,0.0621,-0.8911,0.4951,-0.0084,-1.5989,0.9623,-1.4689,-0.3610,0.1397,1.5013,-1.1137,1.2830,0.0892,-0.2482,-1.4501,-0.8414,1.0973,-0.5739,-0.6398,-0.4304,0.1008,1.1748,0.4219,-0.0975,-1.6847,0.9206,-1.2060,-0.4627,0.0622,1.3800,-1.1000,1.4770,0.2188,0.0253,-0.3802,-0.9742,0.2794,-0.6266,-0.3778,2.4897,-1.0189,1.0138,0.5000,0.17
3.9366,0.0000,0.0000,0.0000,0.0000,0.0000,0.0000,0.3797,0.3931,3.4488,-0.4371,0.0968,-0.8942,0.4877,-0.0176,-1.6304,0.9382,-1.4331,-0.3797,0.1252,1.4861,-1.1085,1.3176,-0.6243,-0.3645,-1.0663,-0.8763,1.6828,-0.8957,-0.6940,-0.8065,0.3412,1.5238,0.3048,-0.1084,-1.6273,1.0068,-1.1239,-0.5000,0.0550,1.4004,-1.1052,1.4699,-0.9524,-0.0841,0.3978,-0.0648,1.1061,-1.3014,-0.4500,3.2365,-1.1929,1.3463,0.5278,0.17
3.9627,0.0000,0.0000,0.0000,0.0000,0.0000,0.0000,0.2698,0.1570,3.6431,-0.4231,0.1358,-0.8958,0.4587,-0.0257,-1.6447,0.9275,-1.3845,-0.4071,0.1116,1.4659,-1.1042,1.3544,-1.5781,-0.2637,-0.3800,0.1163,2.1985,-1.0818,-0.4032,-0.6669,0.1163,1.2757,0.3000,-0.0874,-1.5874,1.0671,-1.1139,-0.5000,0.0433,1.4207,-1.1103,1.4627,-2.1069,0.1262,1.0184,0.5881,1.3657,-1.9328,-0.5667,3.7886,-1.4128,1.6729,0.5556,0.17
3.9866,0.0000,0.0000,0.0000,0.0000,0.0000,0.0000,0.4848,-0.1024,2.9965,-0.4139,0.1631,-0.8956,0.4173,-0.0289,-1.6520,0.9315,-1.3244,-0.4360,0.1035,1.4545,-1.1063,1.3820,-1.4424,0.0853,-0.2171,0.4071,2.2217,-0.8763,-0.3528,-0.4498,-0.1241,0.9189,0.3000,-0.0507,-1.6078,1.0498,-1.1038,-0.5000,0.0391,1.4411,-1.1152,1.4556,-2.5551,0.4927,1.2954,0.4662,1.1193,-2.4244,-0.6090,3.8684,-1.4482,1.8200,0.5833,0.17
4.0097,0.0000,0.0000,0.0000,0.0000,0.0000,0.0000,0.4193,-0.3076,1.9163,-0.4178,0.1729,-0.8919,0.3854,-0.0255,-1.6591,0.9370,-1.2803,-0.4500,0.0944,1.4451,-1.1110,1.3999,-1.0934,0.2210,-0.3335,0.1822,1.6052,-0.6436,-0.5157,-0.2094,-0.1861,0.5700,0.3000,-0.0564,-1.6078,1.0445,-1.1562,-0.5000,0.0546,1.4615,-1.1198,1.4485,-2.6397,0.4363,1.1977,0.2358,1.0767,-2.6237,-0.4543,3.5615,-1.0738,1.8291,0.6111,0.17
4.0336,0.0000,0.0000,0.0000,0.0000,0.0000,0.0000,0.2806,-0.1127,0.9900,-0.4175,0.1787,-0.8909,0.3648,-0.0231,-1.6640,0.9382,-1.2531,-0.4635,0.0853,1.4452,-1.1151,1.4096,-0.7871,0.0078,-0.1784,0.0233,0.6824,-0.4381,-0.2675,0.0737,-0.1318,0.1124,0.3000,-0.0818,-1.5772,1.0653,-1.1689,-0.5000,0.0795,1.4819,-1.0873,1.4414,-2.5374,0.1821,1.0285,-0.0687,1.1109,-2.6183,-0.2051,3.0527,-0.6339,1.7189,0.6389,0.18
4.0586,0.0000,0.0000,0.0000,0.0000,0.0000,0.0000,0.1259,-0.0363,0.3579,-0.4169,0.1797,-0.8910,0.3481,-0.0271,-1.6655,0.9418,-1.2394,-0.4721,0.0843,1.4506,-1.1127,1.4089,-0.6243,-0.3722,0.0194,0.2520,0.5079,-0.2559,0.2482,0.1590,0.2908,-0.2016,0.3000,-0.1054,-1.5695,1.0812,-1.1813,-0.5000,0.0990,1.5022,-1.0545,1.4342,-2.3767,-0.0543,0.7717,-0.3876,1.0671,-2.4151,-0.0096,2.5444,-0.2696,1.6492,0.6667,0.17
4.0846,0.0000,0.0000,0.0000,0.0000,0.0000,0.0000,0.0998,-0.1799,-0.1952,-0.4238,0.1724,-0.8892,0.3347,-0.0397,-1.6638,0.9516,-1.2269,-0.4782,0.0905,1.4560,-1.1027,1.4019,-0.4381,-0.6747,0.1318,0.6281,0.5157,-0.2482,0.3490,0.2520,0.6087,-0.3800,0.3000,-0.1381,-1.5746,1.0956,-1.1931,-0.5000,0.1147,1.5226,-1.0243,1.4271,-2.1705,-0.3809,0.4153,-0.6653,1.0062,-2.0685,0.1467,2.0486,0.0633,1.6548,0.6944,0.17
4.1106,0.0000,0.0000,0.0000,0.0000,0.0000,0.0000,0.0122,-0.0711,-0.7135,-0.4321,0.1612,-0.8873,0.3253,-0.0597,-1.6608,0.9666,-1.2176,-0.4866,0.1000,1.4629,-1.0887,1.3926,-0.3490,-0.9073,0.0698,0.6398,0.2753,-0.2908,0.3916,0.2637,0.6824,-0.4614,0.3000,-0.1912,-1.5752,1.1072,-1.2163,-0.5000,0.1242,1.5430,-0.9873,1.4200,-1.9713,-0.9122,0.1039,-0.8937,0.8762,-1.6947,0.2416,1.5743,0.4574,1.5842,0.7222,0.17
4.1356,0.0000,0.0000,0.0000,0.0000,0.0000,0.0000,0.0065,0.2709,-1.0949,-0.4341,0.1458,-0.8890,0.3194,-0.0872,-1.6590,0.9815,-1.2127,-0.4927,0.1116,1.4727,-1.0693,1.3832,-0.2249,-1.2485,0.0194,0.5971,0.1124,-0.2055,0.4110,0.4188,0.9538,-0.3645,0.3000,-0.2000,-1.5655,1.1239,-1.2522,-0.5000,0.1072,1.5633,-0.9409,1.4128,-1.8880,-1.5064,-0.1053,-0.9787,0.6144,-1.3872,0.0719,1.1593,0.9387,1.4675,0.7500,0.17
4.1596,0.0000,0.0000,0.0000,0.0000,0.0000,0.0000,-0.0008,0.6122,-1.3923,-0.4285,0.1288,-0.8943,0.3137,-0.1138,-1.6588,0.9953,-1.2155,-0.4956,0.1154,1.4852,-1.0443,1.3763,-0.2520,-1.0197,-0.0388,0.5739,-0.2288,-0.0349,-0.0078,0.5079,1.1438,-0.2869,0.3000,-0.2000,-1.5359,1.1656,-1.2765,-0.5000,0.0565,1.5640,-0.9358,1.4057,-1.8476,-2.1329,-0.1141,-0.7073,0.4560,-1.3110,-0.4354,0.8033,1.4834,1.2915,0.7778,0.18
4.1836,0.0000,0.0000,0.0000,0.0000,0.0000,0.0000,0.0372,0.7956,-1.7256,-0.4183,0.1104,-0.9016,0.3078,-0.1353,-1.6573,1.0114,-1.2227,-0.4974,0.1102,1.4991,-1.0168,1.3703,-0.2482,-0.6630,0.0582,0.7638,-0.3645,-0.0698,-0.4032,0.5700,1.0353,-0.2055,0.3000,-0.2000,-1.4922,1.2327,-1.2383,-0.5000,0.0000,1.5477,-0.9360,1.3986,-1.6388,-2.6805,0.0170,-0.0707,0.9104,-1.3435,-1.0220,0.4361,2.0975,1.1381,0.8056,0.17
4.2076,0.0000,0.0000,0.0000,0.0000,0.0000,0.0000,0.0771,0.6011,-2.0582,-0.4110,0.0896,-0.9072,0.3032,-0.1510,-1.6501,1.0334,-1.2248,-0.4989,0.0933,1.5093,-0.9941,1.3657,-0.1667,-0.5700,0.4265,1.1826,0.0582,-0.0427,-0.9112,0.2947,0.9151,-0.2016,0.3000,-0.2000,-1.4426,1.2695,-1.2352,-0.5000,0.0000,1.5328,-0.9355,1.3914,-1.2329,-2.8124,0.2075,0.3771,1.8550,-1.1598,-1.1378,0.0835,2.4129,1.2682,0.8333,0.17
4.2326,0.0000,0.0000,0.0000,0.0000,0.0000,0.0000,0.0916,0.1237,-2.3646,-0.4126,0.0640,-0.9086,0.2991,-0.1619,-1.6336,1.0625,-1.2239,-0.4996,0.0749,1.5142,-0.9768,1.3613,-0.1396,-0.2443,0.9306,1.3726,0.0388,-0.0194,-0.7638,0.0931,0.6087,-0.1939,0.3165,-0.2000,-1.4028,1.2559,-1.2398,-0.4625,0.0000,1.5250,-0.9342,1.3842,-0.8346,-2.5926,0.2993,0.4302,2.1977,-0.6253,-1.0532,-0.1982,2.6312,1.5990,0.8611,0.18
4.2576,0.0000,0.0000,0.0000,0.0000,0.0000,0.0000,-0.0630,-0.2259,-2.6801,-0.4242,0.0364,-0.9048,0.2978,-0.1699,-1.6049,1.0928,-1.2246,-0.4961,0.0607,1.5150,-0.9631,1.3572,0.0969,-0.3063,1.2485,1.1167,-0.0000,0.3606,-0.5041,0.0000,0.3994,-0.1357,0.3528,-0.2000,-1.3782,1.2415,-1.2432,-0.4039,0.0000,1.5223,-0.9322,1.3742,-0.4724,-2.4514,0.2404,0.5765,1.9711,-0.0389,-1.0399,-0.4293,2.7300,1.5982,0.8889,0.19
4.2816,0.0000,0.0000,0.0000,0.0000,0.0000,0.0000,-0.2665,-0.0927,-2.9896,-0.4326,0.0111,-0.9015,0.3028,-0.1764,-1.5715,1.1153,-1.2264,-0.4824,0.0500,1.5156,-0.9527,1.3538,0.3218,-0.2365,1.3377,0.8957,-0.0659,0.7755,-0.3451,0.0388,0.4032,-0.1512,0.4180,-0.2000,-1.3614,1.2322,-1.2456,-0.3511,0.0180,1.5011,-0.9295,1.3641,0.1801,-2.0350,0.1029,0.8610,1.6937,0.4887,-0.8198,-0.8442,2.7671,1.3443,0.9167,0.18
4.3056,0.0000,0.0000,0.0000,0.0000,0.0000,0.0000,-0.3332,0.1630,-3.2696,-0.4336,-0.0137,-0.9010,0.3176,-0.1809,-1.5372,1.1322,-1.2296,-0.4598,0.0458,1.5160,-0.9417,1.3495,0.9461,-0.1551,1.2679,0.5622,-0.1086,1.2524,0.0116,0.0000,0.5622,-0.1900,0.5000,-0.2000,-1.3579,1.2014,-1.2472,-0.3000,0.0429,1.5059,-0.9262,1.3541,1.0584,-1.1437,-0.1677,1.0674,1.1164,1.1800,-0.5706,-1.2643,3.0426,1.0958,0.9444,0.18
4.3306,0.0000,0.0000,0.0000,0.0000,0.0000,0.0000,-0.3668,0.2645,-3.4348,-0.4300,-0.0425,-0.9018,0.3470,-0.1835,-1.5078,1.1425,-1.2329,-0.4288,0.0483,1.5181,-0.9281,1.3433,1.6324,-0.0582,1.1516,0.2986,-0.1396,1.3648,0.1628,0.1667,0.5273,-0.3451,0.5000,-0.1240,-1.3574,1.1519,-1.3350,-0.3000,0.0511,1.5263,-0.9223,1.3288,1.9277,-0.2397,-0.4683,1.4430,0.1322,2.0062,-0.4890,-1.4363,3.5733,0.8475,0.9722,0.18
4.3546,0.0000,0.0000,0.0000,0.0000,0.0000,0.0000,-0.4224,0.4059,-3.3161,-0.4201,-0.0703,-0.9048,0.3831,-0.1767,-1.4793,1.1443,-1.2488,-0.3971,0.0543,1.5249,-0.9135,1.3325,1.3493,0.6010,1.1283,-0.0039,-0.9732,1.0004,0.2094,0.3684,0.6979,-0.5390,0.5000,-0.0765,-1.3362,1.1000,-1.4322,-0.3000,0.0704,1.5467,-0.9180,1.3061,2.5150,0.2351,-0.5624,1.9234,-0.5519,2.4434,-0.2960,-1.4396,3.8718,0.7210,0.0000,0.17
4.3796,0.0000,0.0000,0.0000,0.0000,0.0000,0.0000,-0.5110,0.7641,-2.7495,-0.4023,-0.0909,-0.9110,0.4097,-0.1595,-1.4549,1.1399,-1.2789,-0.3750,0.0634,1.5358,-0.9009,1.3188,0.9383,0.9500,1.1399,-0.4226,-1.8573,0.8724,0.3994,0.6049,0.5273,-0.7289,0.5000,-0.0477,-1.3557,1.1052,-1.4560,-0.3000,0.0960,1.5670,-0.9133,1.2954,2.7093,0.5230,-0.5528,2.1445,-0.8610,2.6188,-0.0401,-1.4521,4.0561,0.7150,0.0278,0.17
4.4026,0.0000,0.0000,0.0000,0.0000,0.0000,0.0000,-0.6028,1.0563,-2.2840,-0.3754,-0.1029,-0.9211,0.4305,-0.1352,-1.4298,1.1309,-1.3225,-0.3573,0.0758,1.5528,-0.8885,1.3033,0.7949,1.1477,0.8802,-0.1822,-1.4424,0.6669,0.6010,0.7173,0.5041,-0.6359,0.5000,-0.0312,-1.3874,1.1103,-1.4627,-0.3000,0.1077,1.5874,-0.9083,1.2803,2.7241,0.6879,-0.6666,2.2340,-1.0679,2.6460,0.0774,-1.4331,4.0948,0.6647,0.0556,0.18
4.4276,0.0000,0.0000,0.0000,0.0000,0.0000,0.0000,-0.7460,1.3204,-1.6995,-0.3446,-0.1031,-0.9331,0.4458,-0.1106,-1.4173,1.1273,-1.3554,-0.3440,0.0928,1.5704,-0.8767,1.2886,0.5894,1.0857,0.2637,-0.1318,-1.3144,0.4188,0.6087,0.7251,0.4420,-0.6863,0.5000,-0.0225,-1.4261,1.1152,-1.4556,-0.3000,0.1125,1.6078,-0.9031,1.2572,2.7119,0.7747,-0.8501,2.1842,-1.1937,2.4920,0.1250,-1.3650,4.0144,0.5338,0.0833,0.18
4.4506,0.0000,0.0000,0.0000,0.0000,0.0000,0.0000,-0.8241,1.4854,-1.0596,-0.3068,-0.0909,-0.9474,0.4584,-0.0881,-1.4151,1.1250,-1.3838,-0.3344,0.1072,1.5902,-0.8659,1.2738,0.4110,0.8647,-0.1628,-0.1008,-1.0353,0.3955,0.5932,0.7096,0.4808,-0.7600,0.5000,-0.0272,-1.4615,1.1198,-1.4485,-0.3000,0.1138,1.6078,-0.9209,1.2980,2.6642,0.7280,-1.0429,1.9147,-1.2684,2.1844,0.1385,-1.2111,3.8154,0.4185,0.1111,0.18
4.4746,0.0000,0.0000,0.0000,0.0000,0.0000,0.0000,-0.3202,1.4287,-0.6619,-0.2719,-0.0838,-0.9587,0.4649,-0.0724,-1.4224,1.1211,-1.4027,-0.3262,0.1181,1.6048,-0.8588,1.2606,0.3645,0.4537,-0.4343,-0.2947,-0.4265,0.2869,0.1784,0.5390,0.0737,-0.3490,0.5000,-0.0502,-1.4819,1.1239,-1.4414,-0.3000,0.1180,1.5772,-0.9722,1.3071,2.6175,0.4981,-1.1237,1.4569,-1.3242,1.8853,0.1804,-1.0814,3.6523,0.3819,0.1389,0.17
4.4976,0.0000,0.0000,0.0000,0.0000,0.0000,0.0000,-0.0031,1.1081,-0.3472,-0.2438,-0.0877,-0.9658,0.4727,-0.0642,-1.4306,1.1173,-1.4106,-0.3202,0.1214,1.6099,-0.8628,1.2554,0.3761,0.2133,-0.2675,-0.1086,-0.2326,0.2288,0.0698,-0.0271,-0.4420,0.0582,0.5000,-0.0749,-1.5022,1.1276,-1.4342,-0.3000,0.1276,1.5546,-1.0200,1.3253,2.6420,0.2512,-1.1376,1.0111,-1.3884,1.6913,0.2761,-0.9209,3.3757,0.4397,0.1667,0.17
4.5216,0.0000,0.0000,0.0000,0.0000,0.0000,0.0000,-0.3379,1.0474,0.1539,-0.2188,-0.0787,-0.9726,0.4788,-0.0622,-1.4390,1.1168,-1.4144,-0.3155,0.1233,1.6105,-0.8783,1.2617,0.1512,-0.0271,-0.4110,0.0427,-0.0155,0.1396,0.0775,-0.0194,-0.8142,0.3839,0.5000,-0.1040,-1.5226,1.0937,-1.4271,-0.3000,0.1453,1.5455,-1.0621,1.3384,2.6708,-0.0396,-1.1460,0.6303,-1.3844,1.4823,0.4531,-0.7063,2.8794,0.4536,0.1944,0.17
4.5446,0.0000,0.0000,0.0000,0.0000,0.0000,0.0000,-0.3362,0.8142,0.5608,-0.1987,-0.0650,-0.9779,0.4830,-0.0657,-1.4472,1.1142,-1.4161,-0.3114,0.1284,1.6098,-0.9013,1.2740,0.1241,-0.2520,-0.3257,-0.1977,-0.0000,0.2016,0.3063,-0.0853,-1.1555,0.4730,0.5000,-0.1197,-1.5430,1.0443,-1.4200,-0.3000,0.1722,1.5381,-1.0966,1.3585,2.6260,-0.1966,-1.0980,0.1125,-1.3489,1.4107,0.7215,-0.4741,2.3427,0.5460,0.2222,0.17
4.5676,0.0000,0.0000,0.0000,0.0000,0.0000,0.0000,-0.2845,0.6907,0.9778,-0.1831,-0.0522,-0.9817,0.4869,-0.0724,-1.4536,1.1039,-1.4165,-0.3080,0.1374,1.6081,-0.9301,1.2871,0.1396,-0.2326,-0.3373,-0.5428,0.0310,0.1202,0.4537,-0.1280,-1.3648,0.6436,0.5000,-0.1145,-1.5555,0.9823,-1.4128,-0.3000,0.1954,1.5370,-1.1217,1.3700,2.5781,-0.1454,-0.9216,-0.5243,-1.2177,1.3690,0.9544,-0.1805,1.8750,0.5642,0.2500,0.19
4.5906,0.0000,0.0000,0.0000,0.0000,0.0000,0.0000,-0.3460,0.7220,1.4512,-0.1675,-0.0376,-0.9852,0.4902,-0.0779,-1.4588,1.0857,-1.4163,-0.3055,0.1482,1.6053,-0.9612,1.3005,0.1396,-0.1473,-0.1435,-1.1555,0.0233,0.1473,0.6049,-0.1241,-1.3222,0.4924,0.5000,-0.1021,-1.5453,0.9358,-1.4016,-0.3000,0.2000,1.5519,-1.1364,1.3782,2.4860,-0.0214,-0.6156,-1.2238,-0.9595,1.2604,1.0229,0.2742,1.3973,0.5612,0.2778,0.18
4.6146,0.0000,0.0000,0.0000,0.0000,0.0000,0.0000,-0.3300,0.8626,1.9550,-0.1479,-0.0222,-0.9888,0.4924,-0.0802,-1.4622,1.0572,-1.4150,-0.3040,0.1633,1.6042,-0.9886,1.3118,0.0775,0.0039,-0.1667,-1.4385,0.0969,0.0388,0.5506,-0.0310,-1.0702,0.3606,0.5000,-0.0963,-1.5275,0.9360,-1.3401,-0.3000,0.1819,1.5723,-1.1398,1.3873,2.4802,0.0367,-0.2340,-1.7995,-0.4155,1.1760,0.8193,0.7841,1.0094,0.5793,0.3056,0.17
4.6386,0.0000,0.0000,0.0000,0.0000,0.0000,0.0000,-0.2803,0.9257,2.4078,-0.1241,-0.0067,-0.9922,0.4941,-0.0802,-1.4657,1.0275,-1.4052,-0.3031,0.1716,1.6039,-1.0152,1.3194,0.0698,0.1473,-0.1706,-1.1710,0.5971,0.0892,0.2559,0.0039,-1.0895,0.2055,0.5000,-0.1363,-1.5073,0.9355,-1.2329,-0.3000,0.1378,1.5633,-1.1640,1.4092,2.4104,-0.3629,0.1710,-1.9390,0.5852,1.1810,0.3776,1.4346,0.6782,0.7396,0.3333,0.18
4.6626,0.0000,0.0000,0.0000,0.0000,0.0000,0.0000,-0.1867,0.8470,2.7260,-0.1003,0.0083,-0.9949,0.4946,-0.0847,-1.4683,1.0026,-1.3797,-0.3028,0.1727,1.6006,-1.0405,1.3255,-0.0000,-0.3800,-0.1357,-0.9228,1.5005,0.0116,-0.1047,-0.2326,-1.1671,0.2055,0.5000,-0.2000,-1.4836,0.9342,-1.1842,-0.3000,0.0675,1.5328,-1.1454,1.4048,2.1224,-1.3543,0.6118,-1.0277,2.2775,1.3593,-0.3253,2.3192,0.6745,0.6495,0.3611,0.19
4.6876,0.0000,0.0000,0.0000,0.0000,0.0000,0.0000,0.1107,0.5139,2.7593,-0.0854,0.0163,-0.9962,0.4932,-0.1019,-1.4673,0.9807,-1.3461,-0.3026,0.1613,1.5882,-1.0639,1.3298,-0.1939,-0.8414,0.1086,-0.5739,1.2989,0.0388,-0.6553,-0.5971,-0.7251,0.1551,0.5000,-0.2000,-1.4652,1.1322,-1.1742,-0.3000,0.0322,1.5022,-1.0986,1.3576,1.3747,-3.0091,1.1401,2.2668,3.3664,1.5975,-0.6776,3.2818,0.8521,0.1434,0.3889,0.18
4.7116,0.0000,0.0000,0.0000,0.0000,0.0000,0.0000,0.4121,0.1685,2.5273,-0.0791,0.0150,-0.9968,0.4934,-0.1208,-1.4637,0.9848,-1.3167,-0.3031,0.1411,1.5665,-1.0761,1.3294,0.0737,-0.6630,-0.0659,0.8918,1.0197,-0.1280,-0.9732,-1.1322,-0.2094,-0.1163,0.3720,-0.2000,-1.4856,1.1295,-1.1657,-0.3006,0.1426,1.4717,-1.0461,1.3413,-0.2803,-4.2910,1.1401,4.5810,0.9842,0.9937,0.4260,3.5582,1.1484,-0.0434,0.4167,0.18
4.7356,0.0000,0.0000,0.0000,0.0000,0.0000,0.0000,0.4588,0.0372,2.3050,-0.0747,0.0055,-0.9972,0.4834,-0.1330,-1.4669,1.0046,-1.2929,-0.3079,0.1361,1.5355,-1.0753,1.3287,-0.7871,-0.4226,-0.2210,1.0973,0.9383,-0.2753,0.3141,-1.4230,0.3528,0.0543,0.3000,-0.2000,-1.5059,1.1262,-1.3541,-0.4394,0.2000,1.4411,-1.1223,1.2604,-1.0733,-3.0230,1.7230,2.7184,-1.2172,-0.3942,1.3958,3.9661,-0.2092,-0.8678,0.4444,0.18
4.7606,0.0000,0.0000,0.0000,0.0000,0.0000,0.0000,0.1087,0.2740,1.9296,-0.0691,0.0045,-0.9976,0.4505,-0.1429,-1.4749,1.0254,-1.2927,-0.3281,0.1498,1.5014,-1.0785,1.3220,-1.6324,-0.2869,-0.3528,0.8065,-0.7212,-1.1206,0.6747,-1.1399,-0.2520,-0.5583,0.3000,-0.1825,-1.5263,1.1223,-1.3041,-0.4821,0.0852,1.4106,-1.0629,1.2483,-1.2055,-0.8252,1.4525,1.9504,-0.6008,-0.8205,-0.1479,3.7299,-0.1097,-1.9029,0.4722,0.17
4.7846,0.0000,0.0000,0.0000,0.0000,0.0000,0.0000,-0.3239,0.0865,1.7317,-0.0636,0.0213,-0.9978,0.4120,-0.1500,-1.4845,1.0420,-1.3069,-0.3589,0.1505,1.4772,-1.0765,1.3097,-1.3881,-0.1667,-0.4730,0.5855,-0.3335,-1.4463,-0.5273,-1.1012,0.3877,-0.5157,0.3000,-0.1213,-1.5467,1.1180,-1.3020,-0.4772,0.0590,1.3800,-0.9000,1.2770,-1.6543,-0.2125,1.3956,1.8207,-0.6802,-0.7716,-0.4100,3.2302,1.0085,-2.1528,0.5000,0.17
4.8096,0.0000,0.0000,0.0000,0.0000,0.0000,0.0000,0.2539,-0.1552,1.1651,-0.0661,0.0195,-0.9976,0.3836,-0.1473,-1.4912,1.0566,-1.3118,-0.3880,0.1374,1.4446,-1.0511,1.3029,-1.0430,0.3955,-0.2830,0.5583,-0.0233,-1.0353,-0.6126,-1.4579,1.7991,-0.1590,0.3000,-0.0245,-1.5670,1.0893,-1.3239,-0.4577,0.1272,1.4004,-0.9052,1.2699,-1.4547,0.7552,1.5334,0.7599,-1.1024,-0.5769,0.2723,2.5519,2.2822,-2.7647,0.5278,0.17
4.8346,0.0000,0.0000,0.0000,0.0000,0.0000,0.0000,0.4566,0.6394,0.9726,-0.0496,0.0064,-0.9987,0.3632,-0.1249,-1.5002,1.0631,-1.3150,-0.4088,0.1334,1.4165,-1.0140,1.3015,-0.7134,1.2873,-0.4808,0.0388,-0.0543,-0.7173,0.0969,-0.9616,1.5122,-0.0504,0.3000,0.0000,-1.5874,0.9479,-1.2395,-0.4952,0.1528,1.4207,-0.9103,1.2627,-1.1231,1.8424,2.1035,-0.6037,-0.2561,-0.9519,0.5284,1.9425,3.4417,-3.6166,0.5556,0.18
4.8586,0.0000,0.0000,0.0000,0.0000,0.0000,0.0000,0.3219,1.1384,0.4210,-0.0208,-0.0060,-0.9998,0.3472,-0.0952,-1.5148,1.0445,-1.3086,-0.4258,0.1380,1.4054,-0.9805,1.3012,-0.4730,1.0197,-0.4575,-1.1089,0.5467,-0.7367,0.3063,-0.1939,1.2408,-0.0233,0.3000,0.0000,-1.6078,0.9196,-1.1729,-0.5000,0.2000,1.4411,-0.9152,1.2556,-1.0413,1.7952,2.7392,-0.8355,0.3090,-1.6493,1.1178,1.5678,1.2290,-3.7623,0.5833,0.17
4.8836,0.0000,0.0000,0.0000,0.0000,0.0000,0.0000,0.2068,1.4096,0.2242,0.0148,-0.0142,-0.9998,0.3381,-0.0736,-1.5244,1.0173,-1.2908,-0.4432,0.1500,1.4069,-0.9514,1.3012,-0.2753,0.7987,-0.5079,-1.0934,0.9926,-0.6630,0.6669,0.2016,1.1167,0.0155,0.3000,0.0000,-1.6078,1.0067,-1.2320,-0.5000,0.2000,1.4615,-1.1198,1.2485,-1.7712,1.9320,3.4749,-0.1417,0.2413,-2.6837,1.4796,1.3882,-1.0375,-3.1624,0.6111,0.17
4.9066,0.0000,0.0000,0.0000,0.0000,0.0000,0.0000,0.2555,1.4709,0.2890,0.0540,-0.0214,-0.9983,0.3309,-0.0586,-1.5350,1.0018,-1.2801,-0.4567,0.1630,1.4168,-0.9385,1.3036,-0.2288,0.5157,-0.4808,-0.1357,0.0543,-0.5118,0.4343,0.5971,-0.0969,0.0465,0.3000,0.0000,-1.5772,1.1496,-1.3689,-0.5000,0.2000,1.4819,-1.1239,1.2414,-2.7130,2.4672,4.3824,0.7738,-1.0639,-3.5005,1.8444,1.3509,-1.9800,-2.5166,0.6389,0.18
4.9316,0.0000,0.0000,0.0000,0.0000,0.0000,0.0000,-0.0411,0.9035,0.1865,0.0804,-0.0232,-0.9965,0.3258,-0.0473,-1.5466,1.0112,-1.2909,-0.4681,0.1725,1.4335,-0.9476,1.3049,-0.1745,0.4110,-0.4226,1.1361,-0.9383,-0.3645,0.4149,0.8569,-0.8065,-0.0775,0.3000,0.0000,-1.5467,1.1302,-1.3813,-0.5000,0.2000,1.5022,-1.1276,1.2342,-3.4436,3.6239,4.6610,0.1018,-2.4868,-3.9463,2.2308,1.2363,-1.0506,-2.4668,0.6667,0.17
4.9556,0.0000,0.0000,0.0000,0.0000,0.0000,0.0000,-0.1755,-0.2367,0.1747,0.0809,-0.0207,-0.9965,0.3211,-0.0394,-1.5532,1.0339,-1.3131,-0.4754,0.1814,1.4503,-0.9697,1.3023,-0.2598,0.2830,-0.0504,0.8259,-0.5583,-0.2249,0.3955,0.5002,-0.9538,-0.1745,0.3000,0.0000,-1.5161,1.0777,-1.3931,-0.5000,0.2000,1.5066,-1.1148,1.2271,-4.1567,4.3435,4.2184,-0.8442,-1.1284,-4.4689,2.2150,0.8397,-0.8412,-3.1350,0.6944,0.17
4.9796,0.0000,0.0000,0.0000,0.0000,0.0000,0.0000,-0.1540,-0.8781,0.0965,0.0616,-0.0214,-0.9979,0.3176,-0.0348,-1.5475,1.0441,-1.3295,-0.4803,0.1879,1.4564,-0.9917,1.2971,-0.1008,0.2016,0.2869,0.1241,-0.6087,-0.1473,0.2830,0.1008,-0.8840,-0.2986,0.3000,0.0000,-1.4856,1.1924,-1.2781,-0.5000,0.2000,1.5293,-1.1331,1.2200,-4.3328,3.8579,4.0105,-0.0421,0.2581,-4.7188,2.7174,0.8637,-3.2237,-3.0399,0.7222,0.17
5.0046,0.0000,0.0000,0.0000,0.0000,0.0000,0.0000,-0.2071,-0.7098,0.0292,0.0460,-0.0164,-0.9988,0.3156,-0.0315,-1.5350,1.0592,-1.3280,-0.4864,0.1922,1.4592,-1.0126,1.2906,0.0116,0.1435,0.6436,1.2097,0.7289,-0.3296,0.1784,0.1706,-0.7716,-0.3412,0.3000,0.0000,-1.4550,1.3217,-1.3510,-0.5000,0.2000,1.5633,-1.1348,1.2128,-4.2247,3.1709,4.1610,1.5925,-0.3741,-4.4956,2.3222,1.4030,-3.5163,-2.1125,0.7500,0.18
5.0285,0.0000,0.0000,0.0000,0.0000,0.0000,0.0000,-0.0918,-0.5238,-0.0799,0.0361,-0.0134,-0.9993,0.3139,-0.0283,-1.5237,1.0922,-1.3182,-0.4912,0.1953,1.4668,-1.0310,1.2833,-0.0078,0.1939,0.2326,1.6169,-0.0582,-0.1628,0.0465,0.3528,-0.7561,-0.3179,0.3000,0.0000,-1.4244,1.2913,-1.4221,-0.5000,0.2000,1.5837,-1.1358,1.2057,-4.1127,3.5500,4.0290,0.5499,-2.2694,-4.0008,2.3938,1.4003,-1.1154,-1.8492,0.7778,0.18
5.0526,0.0000,0.0000,0.0000,0.0000,0.0000,0.0000,-0.0103,-0.8754,-0.2827,0.0186,-0.0151,-0.9997,0.3117,-0.0244,-1.5192,1.1208,-1.3251,-0.4950,0.1966,1.4751,-1.0521,1.2730,-0.0931,0.2055,0.3645,0.9344,-0.6436,-0.2210,0.0892,0.2792,-0.8491,-0.5816,0.3000,0.0000,-1.3939,1.1436,-1.4141,-0.5000,0.2000,1.5635,-1.0122,1.1986,-4.1948,3.8049,3.4945,-0.9618,-0.8473,-4.3658,2.3951,0.5945,0.2377,-3.0194,0.8056,0.18
5.0765,0.0000,0.0000,0.0000,0.0000,0.0000,0.0000,-0.0769,-1.1278,-0.7514,-0.0065,-0.0165,-0.9998,0.3094,-0.0213,-1.5046,1.1280,-1.3415,-0.4974,0.1971,1.4790,-1.0593,1.2583,-0.0504,0.1861,0.9538,-0.3567,-0.4808,-0.0543,0.0116,-0.1241,0.4032,-0.7677,0.3000,0.0000,-1.3633,1.1765,-1.2352,-0.5000,0.2000,1.5440,-1.1355,1.1914,-3.9213,3.2184,2.4528,-0.5533,1.2999,-4.1739,3.1311,0.1956,-2.3448,-3.0938,0.8333,0.17
5.1015,0.0000,0.0000,0.0000,0.0000,0.0000,0.0000,-0.0245,-0.6432,-1.0910,-0.0233,-0.0169,-0.9996,0.3086,-0.0193,-1.4808,1.1249,-1.3342,-0.4990,0.1973,1.4777,-1.0644,1.2475,0.0194,0.0504,1.0740,0.1706,1.3144,-0.1241,-0.0194,0.1628,-0.5118,-0.2249,0.3000,0.0000,-1.3328,1.3129,-1.2398,-0.5000,0.2000,1.6068,-1.1342,1.1842,-3.2626,2.1836,2.0556,1.8725,1.6546,-3.7415,2.4884,0.6203,-3.5453,-2.0969,0.8611,0.17
5.1266,0.0000,0.0000,0.0000,0.0000,0.0000,0.0000,-0.1739,-0.6164,-1.4218,-0.0328,-0.0128,-0.9994,0.3087,-0.0182,-1.4544,1.1367,-1.3056,-0.4996,0.1974,1.4915,-1.0707,1.2425,0.0194,0.0388,0.8918,0.9926,1.3106,0.0233,-0.0388,0.6514,-0.2443,-0.2365,0.3000,0.0000,-1.3022,1.2839,-1.4125,-0.5000,0.2000,1.6446,-1.1322,1.1951,-2.5455,1.5644,1.7934,2.5384,-0.6926,-2.4011,2.1515,0.7941,-1.1877,-0.7906,0.8889,0.17
5.1516,0.0000,0.0000,0.0000,0.0000,0.0000,0.0000,-0.0550,-1.0248,-1.5495,-0.0559,-0.0157,-0.9983,0.3089,-0.0166,-1.4284,1.1544,-1.2981,-0.4994,0.1975,1.5075,-1.0805,1.2349,0.0659,0.0969,1.0469,0.5234,-0.5700,-0.0737,0.0465,0.6863,-0.4653,-0.2869,0.3000,-0.0374,-1.2717,1.2218,-1.4456,-0.5000,0.2000,1.5756,-0.9295,1.1641,-1.9900,0.6257,1.2381,0.7567,-1.0037,-1.8043,2.4976,-0.0991,1.2729,-1.5692,0.9167,0.17
5.1765,0.0000,0.0000,0.0000,0.0000,0.0000,0.0000,0.0088,-1.0771,-1.7419,-0.0784,-0.0216,-0.9967,0.3082,-0.0191,-1.4030,1.1588,-1.3185,-0.4998,0.1974,1.5164,-1.0740,1.2210,-0.0698,-0.1900,1.2291,-0.0388,-1.1167,0.0737,-0.1047,-0.0582,1.0004,-0.6747,0.3359,-0.0919,-1.3059,1.2014,-1.3064,-0.5000,0.2000,1.5358,-0.9262,1.1541,-0.6406,0.0815,0.3520,1.3520,0.4081,-1.6075,2.3176,-0.7008,2.2209,-1.6614,0.9444,0.17
5.2006,0.0000,0.0000,0.0000,0.0000,0.0000,0.0000,0.1194,-1.1167,-1.9766,-0.1040,-0.0241,-0.9943,0.3102,-0.0297,-1.3803,1.1581,-1.3266,-0.4992,0.1972,1.5124,-1.0483,1.2044,0.1396,-0.6320,0.7794,0.0698,0.6359,0.0116,0.0194,-0.2947,1.4850,-0.6979,0.4213,-0.1187,-1.3447,1.1519,-1.3463,-0.4607,0.2000,1.5322,-0.9223,1.1440,0.2132,-0.1867,-0.3413,1.5119,0.0198,-0.6070,1.8021,-0.9406,3.0301,-1.0637,0.9722,0.17
5.2255,0.0000,0.0000,0.0000,0.0000,0.0000,0.0000,-0.0183,-0.8913,-2.3585,-0.1251,-0.0311,-0.9917,0.3238,-0.0463,-1.3653,1.1510,-1.3200,-0.4938,0.1972,1.5086,-1.0157,1.1858,0.8608,-0.7522,0.5079,-0.5157,0.0698,0.4847,-0.0388,-0.1008,1.3803,-0.9034,0.5000,-0.0382,-1.3326,1.1000,-1.4103,-0.3993,0.2000,1.5467,-0.9180,1.1813,1.1582,0.6181,-0.5258,1.1452,-0.3332,0.0071,1.2643,-1.3083,3.5014,-0.5270,0.0000,0.18
5.2495,0.0000,0.0000,0.0000,0.0000,0.0000,0.0000,-0.1258,-0.5736,-2.4328,-0.1375,-0.0351,-0.9899,0.3575,-0.0508,-1.3484,1.1334,-1.3279,-0.4719,0.1974,1.5116,-0.9865,1.1676,1.6595,0.2171,0.6708,-0.8181,-0.6204,1.2524,-0.0620,0.2133,1.0391,-0.7018,0.5000,0.0000,-1.3881,1.0702,-1.4170,-0.3663,0.1311,1.5670,-0.9133,1.1948,2.1741,1.6526,-0.8768,0.6502,-0.4708,0.3372,0.3105,-1.7078,3.5979,-0.2911,0.0278,0.17
5.2725,0.0000,0.0000,0.0000,0.0000,0.0000,0.0000,-0.0348,-0.5523,-1.9917,-0.1482,-0.0424,-0.9880,0.3933,-0.0436,-1.3412,1.1154,-1.3424,-0.4479,0.1898,1.5198,-0.9649,1.1561,1.3687,0.4614,-0.0116,-0.7289,-0.6747,1.1361,-0.7173,0.3722,0.8414,-0.4459,0.5000,0.0000,-1.4207,1.0488,-1.3805,-0.3642,0.0527,1.5874,-0.9083,1.1691,2.8040,1.6446,-1.0653,0.3851,-0.1780,0.3575,-0.4734,-1.8211,2.9657,-0.4476,0.0556,0.17
5.2955,0.0000,0.0000,0.0000,0.0000,0.0000,0.0000,-0.1013,-0.3269,-1.3251,-0.1558,-0.0445,-0.9868,0.4206,-0.0361,-1.3442,1.1007,-1.3526,-0.4265,0.1676,1.5311,-0.9479,1.1454,1.0275,0.2792,-0.2520,-0.5583,-0.1163,0.8065,-1.2950,0.5467,0.7638,-0.6010,0.5000,-0.0131,-1.4411,1.0405,-1.3555,-0.3650,0.0219,1.6078,-0.9031,1.1189,3.0844,0.8692,-1.1153,0.2530,0.0010,0.3505,-0.7814,-1.7995,2.0111,-0.8496,0.0833,0.17
5.3205,0.0000,0.0000,0.0000,0.0000,0.0000,0.0000,0.0591,-0.0305,-0.8188,-0.1578,-0.0498,-0.9862,0.4401,-0.0325,-1.3541,1.0873,-1.3545,-0.4122,0.1417,1.5489,-0.9297,1.1254,0.7483,0.1047,-0.6359,-0.5079,0.0698,0.5390,-1.2679,0.7367,0.6785,-1.0624,0.5000,-0.0701,-1.4615,1.0394,-1.3551,-0.3555,0.0530,1.6078,-0.9209,1.1562,3.1687,0.2994,-1.0845,0.1962,-0.0663,0.4453,-0.4695,-1.8080,1.0830,-1.1522,0.1111,0.18
5.3455,0.0000,0.0000,0.0000,0.0000,0.0000,0.0000,0.1889,0.1570,-0.3360,-0.1552,-0.0590,-0.9861,0.4565,-0.0369,-1.3704,1.0744,-1.3544,-0.3997,0.1211,1.5679,-0.9148,1.1067,0.6785,-0.3296,-0.7600,-0.5622,0.0388,0.4769,-0.5428,0.7328,0.5777,-0.6087,0.5000,-0.1119,-1.4819,1.0403,-1.3457,-0.3434,0.1002,1.5772,-1.0302,1.1689,3.0864,-0.1191,-1.0452,0.1641,-0.0438,0.5663,0.0024,-1.7522,0.4197,-1.0323,0.1389,0.17
5.3695,0.0000,0.0000,0.0000,0.0000,0.0000,0.0000,0.0619,0.0436,0.1248,-0.1544,-0.0632,-0.9860,0.4675,-0.0506,-1.3891,1.0615,-1.3552,-0.3895,0.1157,1.5804,-0.9145,1.0977,0.3761,-0.6436,-0.8181,-0.3916,-0.0814,0.4924,0.1357,0.4692,-0.4304,-0.2520,0.5000,-0.1684,-1.4973,1.0451,-1.3270,-0.3235,0.1358,1.5467,-1.0955,1.2095,2.8203,-0.6845,-0.9504,0.1754,0.0721,0.7653,0.3577,-1.5880,0.2452,-0.7186,0.1667,0.17
5.3935,0.0000,0.0000,0.0000,0.0000,0.0000,0.0000,0.0144,-0.3979,0.4467,-0.1659,-0.0620,-0.9842,0.4743,-0.0700,-1.4034,1.0553,-1.3570,-0.3781,0.1212,1.5874,-0.9317,1.1001,0.2055,-1.1283,-0.5506,-0.0892,-0.0271,0.5273,0.4381,0.1435,-1.0779,0.2249,0.5000,-0.2000,-1.5093,1.0453,-1.3182,-0.3000,0.1496,1.5161,-1.1110,1.2511,2.4377,-1.1277,-0.8666,0.1466,0.0891,1.1091,0.4960,-1.2286,0.5110,-0.4197,0.1944,0.19
5.4165,0.0000,0.0000,0.0000,0.0000,0.0000,0.0000,-0.0578,-0.7277,0.6414,-0.1895,-0.0598,-0.9800,0.4784,-0.0946,-1.4168,1.0551,-1.3590,-0.3640,0.1319,1.5868,-0.9553,1.1141,0.2133,-1.1516,-0.4537,0.0698,-0.0349,0.7406,0.5157,-0.1435,-1.1748,0.8065,0.5000,-0.2000,-1.5140,1.0156,-1.3269,-0.3000,0.1574,1.5233,-1.1078,1.2796,2.0527,-1.3874,-0.7106,-0.1744,-0.0692,1.4504,0.5745,-0.6226,0.8880,-0.2425,0.2222,0.18
5.4405,0.0000,0.0000,0.0000,0.0000,0.0000,0.0000,-0.0868,-0.5679,0.9486,-0.2119,-0.0544,-0.9758,0.4829,-0.1174,-1.4253,1.0537,-1.3635,-0.3490,0.1432,1.5825,-0.9788,1.1345,0.1628,-0.8453,-0.4110,-0.2210,-0.1551,0.5118,0.3722,-0.1861,-0.9189,0.8569,0.5000,-0.2000,-1.5043,0.9617,-1.3288,-0.3000,0.1732,1.5527,-1.1217,1.3065,1.9563,-1.4941,-0.4093,-0.7306,-0.1599,1.6118,0.7324,-0.0231,1.1629,-0.0713,0.2500,0.19
5.4655,0.0000,0.0000,0.0000,0.0000,0.0000,0.0000,-0.0383,-0.0667,1.2717,-0.2233,-0.0498,-0.9735,0.4869,-0.1349,-1.4336,1.0424,-1.3688,-0.3395,0.1527,1.5810,-1.0007,1.1561,0.0698,-0.5816,-0.3063,-0.8026,-0.1861,0.3490,0.3722,0.0000,-0.8491,0.8259,0.5000,-0.2000,-1.4769,0.9358,-1.3122,-0.3000,0.1862,1.5795,-1.1364,1.3282,2.1206,-1.3741,0.0684,-1.4070,-0.0651,1.7166,0.8616,0.5510,1.2973,0.0607,0.2778,0.18
5.4895,0.0000,0.0000,0.0000,0.0000,0.0000,0.0000,-0.1017,0.4001,1.4462,-0.2215,-0.0405,-0.9743,0.4894,-0.1492,-1.4398,1.0205,-1.3704,-0.3315,0.1646,1.5838,-1.0231,1.1791,0.0620,-0.5390,-0.2520,-0.9693,0.0310,0.2792,0.4265,0.1784,-0.9461,0.8802,0.5000,-0.2000,-1.4427,0.9360,-1.2740,-0.3000,0.1844,1.5939,-1.1398,1.3342,2.3888,-1.0217,0.6133,-2.1744,0.2453,1.9101,0.8442,1.1446,1.4013,0.0490,0.3056,0.17
5.5135,0.0000,0.0000,0.0000,0.0000,0.0000,0.0000,-0.0710,0.6028,1.5166,-0.2138,-0.0306,-0.9764,0.4904,-0.1593,-1.4412,0.9991,-1.3653,-0.3258,0.1722,1.5878,-1.0426,1.1984,0.0814,-0.3490,-0.0233,-0.8453,0.4924,0.2559,0.2288,0.1396,-0.9073,0.7367,0.5000,-0.1770,-1.4278,0.9355,-1.1914,-0.3000,0.1542,1.5633,-1.1318,1.3323,2.7055,-0.7700,0.9663,-2.8213,1.0003,2.0594,0.5417,1.7899,1.5851,-0.0294,0.3333,0.17
5.5375,0.0000,0.0000,0.0000,0.0000,0.0000,0.0000,0.0503,0.6122,1.5040,-0.2036,-0.0218,-0.9788,0.4910,-0.1641,-1.4399,0.9786,-1.3449,-0.3218,0.1742,1.5867,-1.0598,1.2160,0.0543,-0.0659,0.0233,-0.6514,1.1826,0.1512,-0.0659,-0.3412,-0.5118,0.5855,0.5000,-0.2000,-1.4448,0.9342,-1.1842,-0.3000,0.0673,1.5328,-1.1129,1.3135,2.9660,-1.0155,1.0232,-2.7918,2.0989,2.2163,-0.3266,2.4192,1.9306,-0.2636,0.3611,0.17
5.5616,0.0000,0.0000,0.0000,0.0000,0.0000,0.0000,0.2494,0.4273,1.3933,-0.1967,-0.0178,-0.9803,0.4912,-0.1671,-1.4393,0.9627,-1.3203,-0.3177,0.1610,1.5780,-1.0709,1.2272,0.0737,-0.2288,-0.0892,-0.5661,1.0585,0.1435,-0.9034,-0.4808,-0.3257,0.3606,0.5000,-0.2000,-1.4652,0.9618,-1.1742,-0.3000,0.0000,1.5022,-1.0839,1.2879,2.8700,-2.3330,1.0081,-0.7034,3.1012,2.3687,-1.4906,2.9652,2.7049,-0.5537,0.3889,0.18
5.5865,0.0000,0.0000,0.0000,0.0000,0.0000,0.0000,0.3189,0.2881,1.3118,-0.1929,-0.0154,-0.9811,0.4924,-0.1708,-1.4404,0.9561,-1.3002,-0.3149,0.1366,1.5600,-1.0748,1.2326,0.0388,-0.0349,-0.1047,0.0233,0.7755,0.1047,-1.4346,-0.8763,0.0775,0.0853,0.5000,-0.2000,-1.5147,1.1295,-1.1641,-0.3000,0.0000,1.4717,-1.0461,1.2775,1.8442,-4.0165,0.7084,3.4494,2.7507,2.4166,-1.3662,3.1679,2.9732,-0.6812,0.4167,0.20
5.6105,0.0000,0.0000,0.0000,0.0000,0.0000,0.0000,0.3897,0.3290,1.2075,-0.1858,-0.0148,-0.9825,0.4953,-0.1731,-1.4483,0.9708,-1.2822,-0.3141,0.1071,1.5381,-1.0704,1.2342,0.2753,-0.0853,-0.6940,1.3803,0.5002,0.0388,-0.9344,-0.9887,0.4847,0.0620,0.4110,-0.2000,-1.5059,1.1262,-1.1858,-0.3000,0.2000,1.4411,-1.0014,1.3020,0.1104,-3.8912,1.1346,3.5240,0.6826,1.2214,1.0423,2.9035,1.9374,-0.4523,0.4444,0.18
5.6345,0.0000,0.0000,0.0000,0.0000,0.0000,0.0000,0.3155,0.2496,1.0837,-0.1773,-0.0187,-0.9840,0.4887,-0.1740,-1.4606,0.9975,-1.2729,-0.3152,0.1059,1.5124,-1.0577,1.2402,-0.6010,0.0039,-0.4537,1.0546,0.2326,-0.0310,0.6824,-1.2795,0.7445,0.4265,0.3175,-0.2000,-1.5263,1.1223,-1.3094,-0.4085,0.2000,1.4106,-1.0285,1.2483,-0.8251,-2.4896,1.6405,1.6908,-0.6534,-0.0851,1.1594,3.3278,0.2340,-1.1286,0.4722,0.20
5.6605,0.0000,0.0000,0.0000,0.0000,0.0000,0.0000,0.0365,0.2978,0.8448,-0.1730,-0.0156,-0.9848,0.4625,-0.1748,-1.4715,1.0210,-1.2800,-0.3291,0.1234,1.4815,-1.0477,1.2456,-1.5393,-0.0775,-0.4730,0.8802,-0.9810,-0.8995,0.8491,-1.0353,0.3955,-0.0155,0.3404,-0.1255,-1.5467,1.1180,-1.2749,-0.4571,0.0702,1.3800,-0.9641,1.2770,-0.5955,-0.2550,1.2635,1.0076,-0.4092,-0.5708,-0.2982,3.1609,0.3588,-2.0768,0.5000,0.20
5.6855,0.0000,0.0000,0.0000,0.0000,0.0000,0.0000,-0.1567,0.3065,0.8048,-0.1659,-0.0042,-0.9861,0.4283,-0.1680,-1.4850,1.0457,-1.2989,-0.3568,0.1285,1.4578,-1.0312,1.2498,-1.0740,0.6087,-0.4226,0.9228,-0.4537,-1.1593,-0.4420,-1.0973,1.0934,0.4110,0.3321,-0.0604,-1.5670,1.1099,-1.2288,-0.4618,0.0687,1.4004,-0.9052,1.2699,-0.6786,0.3960,1.1429,0.9666,-0.0489,-0.6181,-0.3133,2.5780,1.9195,-2.4250,0.5278,0.19
5.7105,0.0000,0.0000,0.0000,0.0000,0.0000,0.0000,0.2045,0.2772,0.4020,-0.1598,-0.0070,-0.9871,0.4029,-0.1479,-1.4945,1.0633,-1.3041,-0.3829,0.1174,1.4340,-0.9993,1.2545,-0.8957,0.9810,-0.4265,0.7600,0.0271,-0.8569,-0.4149,-0.9577,1.4579,0.1008,0.3563,-0.0521,-1.5874,1.0792,-1.1953,-0.4347,0.1149,1.4207,-0.9103,1.2627,-0.4370,0.4785,1.3072,0.7089,0.1861,-0.3474,0.1486,2.0419,2.6340,-3.1187,0.5556,0.18
5.7355,0.0000,0.0000,0.0000,0.0000,0.0000,0.0000,0.3183,0.8748,0.0961,-0.1406,-0.0177,-0.9899,0.3882,-0.1259,-1.5051,1.0741,-1.2978,-0.3982,0.1165,1.4160,-0.9655,1.2562,-0.4459,0.8763,-0.5196,0.2133,0.5118,-0.3063,0.1512,-0.3877,1.2214,0.0310,0.3861,-0.0811,-1.6078,1.0577,-1.1949,-0.4446,0.1427,1.4411,-0.9152,1.2556,-0.1392,0.1886,1.5640,0.5452,0.0893,-0.4457,0.4272,1.5632,3.2735,-3.2977,0.5833,0.17
5.7595,0.0000,0.0000,0.0000,0.0000,0.0000,0.0000,0.2453,1.3994,-0.1111,-0.1061,-0.0266,-0.9940,0.3830,-0.1132,-1.5194,1.0746,-1.2857,-0.4048,0.1221,1.4142,-0.9414,1.2576,0.0620,0.2365,-0.6940,-0.1047,0.4226,-0.2171,0.2792,0.1706,0.9383,-0.0233,0.4100,-0.1089,-1.6078,1.0743,-1.2600,-0.4550,0.1733,1.4615,-0.9198,1.2485,0.0998,-0.0889,1.5157,0.5338,-0.0382,-0.5505,0.7329,1.1782,3.4814,-3.1709,0.6111,0.17
5.7845,0.0000,0.0000,0.0000,0.0000,0.0000,0.0000,0.1623,1.4075,-0.0871,-0.0703,-0.0328,-0.9970,0.3851,-0.1104,-1.5349,1.0733,-1.2829,-0.4112,0.1343,1.4203,-0.9214,1.2586,0.2404,-0.0155,-0.6359,0.0543,-0.1435,-0.2637,0.5467,0.3218,0.7328,-0.0271,0.4087,-0.1310,-1.5772,1.1265,-1.2669,-0.4546,0.2000,1.4780,-0.9239,1.2414,0.0869,-0.3105,1.2749,0.5429,0.0208,-0.5457,1.0740,0.9612,3.5218,-3.0743,0.6389,0.18
5.8085,0.0000,0.0000,0.0000,0.0000,0.0000,0.0000,-0.0165,1.1678,0.0056,-0.0367,-0.0323,-0.9988,0.3893,-0.1145,-1.5461,1.0766,-1.2863,-0.4180,0.1504,1.4286,-0.9063,1.2590,0.1628,-0.1745,-0.3722,0.2792,-0.1784,-0.1822,0.7328,0.3451,0.4692,-0.0620,0.3913,-0.1635,-1.5467,1.1859,-1.2691,-0.4590,0.2000,1.4784,-0.9276,1.2342,-0.0867,-0.6354,1.1128,0.6594,0.1224,-0.5904,1.3330,0.7622,3.5719,-2.9946,0.6667,0.17
5.8345,0.0000,0.0000,0.0000,0.0000,0.0000,0.0000,-0.0185,0.7332,-0.0656,-0.0152,-0.0308,-0.9994,0.3901,-0.1242,-1.5501,1.0881,-1.2880,-0.4241,0.1635,1.4344,-0.8982,1.2586,0.0078,-0.5312,-0.1435,0.7173,-0.0078,-0.2365,0.4459,0.0659,0.1900,-0.0620,0.3689,-0.2000,-1.5209,1.2338,-1.2970,-0.4550,0.2000,1.4754,-0.9306,1.2271,-0.3106,-1.0271,0.9517,0.7170,-0.0391,-0.5498,1.6283,0.5280,3.7556,-2.8422,0.6944,0.18
5.8595,0.0000,0.0000,0.0000,0.0000,0.0000,0.0000,0.0316,0.2495,-0.2233,-0.0037,-0.0289,-0.9996,0.3864,-0.1396,-1.5508,1.1086,-1.2882,-0.4298,0.1744,1.4352,-0.8958,1.2571,-0.1318,-0.6553,0.0271,0.8995,-0.0465,-0.1667,0.3567,0.0039,0.0543,-0.1124,0.3552,-0.2000,-1.5121,1.2243,-1.3131,-0.4556,0.2000,1.4687,-0.9331,1.2200,-0.4480,-1.1348,0.7350,0.2775,-0.0919,-0.5564,1.9672,0.2571,4.0338,-2.6266,0.7222,0.17
5.8825,0.0000,0.0000,0.0000,0.0000,0.0000,0.0000,0.0435,-0.1017,-0.3912,-0.0029,-0.0307,-0.9995,0.3806,-0.1542,-1.5478,1.1255,-1.2901,-0.4348,0.1837,1.4328,-0.8967,1.2542,-0.2675,-0.4808,0.2094,0.5390,-0.0931,-0.1667,0.3257,-0.1745,-0.0271,-0.0465,0.3613,-0.2000,-1.5100,1.2134,-1.2835,-0.4637,0.2000,1.4540,-0.9348,1.2128,-0.3873,-1.0727,0.4499,-0.0833,0.3008,-0.6368,2.0897,-0.0930,4.2067,-2.4157,0.7500,0.17
5.9075,0.0000,0.0000,0.0000,0.0000,0.0000,0.0000,0.0238,-0.1121,-0.4732,-0.0024,-0.0315,-0.9995,0.3771,-0.1638,-1.5420,1.1372,-1.2894,-0.4399,0.1905,1.4285,-0.8970,1.2509,-0.0698,-0.3373,0.3063,0.4498,0.2326,-0.2210,0.2094,-0.2055,-0.0116,-0.1241,0.3669,-0.2000,-1.5042,1.2549,-1.2568,-0.4689,0.2000,1.4291,-0.9358,1.2057,-0.3311,-1.3634,0.2023,0.1858,0.6530,-0.6895,1.9646,-0.5464,4.4197,-2.2031,0.7778,0.17
5.9315,0.0000,0.0000,0.0000,0.0000,0.0000,0.0000,0.0793,-0.0893,-0.5196,-0.0009,-0.0325,-0.9995,0.3758,-0.1733,-1.5334,1.1528,-1.2800,-0.4449,0.1955,1.4222,-0.8949,1.2482,0.0504,-0.3102,0.2326,0.6243,0.5196,-0.1473,0.1745,-0.2792,0.1124,-0.1512,0.3693,-0.2000,-1.4848,1.3060,-1.2533,-0.4725,0.2000,1.4061,-0.9360,1.1986,-0.3074,-1.7077,0.0907,0.6619,0.7604,-0.7246,1.7922,-0.9794,4.9571,-2.0013,0.8056,0.17
5.9555,0.0000,0.0000,0.0000,0.0000,0.0000,0.0000,0.0868,-0.2625,-0.4429,-0.0029,-0.0346,-0.9994,0.3758,-0.1800,-1.5262,1.1721,-1.2689,-0.4487,0.1988,1.4146,-0.8919,1.2450,0.0116,-0.1745,0.2675,0.9577,0.4459,-0.1202,0.1357,-0.3412,0.0969,-0.1939,0.3775,-0.2000,-1.4468,1.3279,-1.2458,-0.4791,0.2000,1.4244,-0.9355,1.1914,-0.2247,-1.8396,0.1649,0.9608,0.8937,-0.7908,1.8227,-1.2205,4.9967,-1.8224,0.8333,0.17
5.9806,0.0000,0.0000,0.0000,0.0000,0.0000,0.0000,0.0834,-0.5966,-0.3792,-0.0133,-0.0366,-0.9992,0.3761,-0.1841,-1.5157,1.1928,-1.2581,-0.4530,0.2015,1.4079,-0.8908,1.2399,0.0620,-0.1551,0.5196,0.8453,0.4847,-0.2404,0.0620,-0.3335,0.0078,-0.3063,0.3868,-0.2000,-1.4081,1.3129,-1.2463,-0.4839,0.2000,1.4448,-0.9342,1.1842,-0.1317,-1.9221,0.2469,1.2353,0.9348,-0.8394,1.8891,-1.2833,4.7589,-1.6202,0.8611,0.17
6.0055,0.0000,0.0000,0.0000,0.0000,0.0000,0.0000,0.0110,-0.7712,-0.4752,-0.0308,-0.0382,-0.9988,0.3771,-0.1871,-1.4985,1.2108,-1.2480,-0.4586,0.2034,1.4022,-0.8926,1.2318,0.0620,-0.0853,0.7755,0.5855,0.4304,-0.2675,0.1202,-0.2792,-0.0659,-0.3684,0.4016,-0.2000,-1.3717,1.2839,-1.2507,-0.4925,0.2000,1.4652,-0.9322,1.1742,0.0165,-1.9769,0.3050,1.4921,0.9250,-0.9251,1.8741,-1.3334,4.5360,-1.4005,0.8889,0.30
6.0305,0.0000,0.0000,0.0000,0.0000,0.0000,0.0000,-0.0171,-0.6910,-0.6630,-0.0460,-0.0404,-0.9981,0.3804,-0.1896,-1.4766,1.2186,-1.2421,-0.4640,0.2057,1.3995,-0.8943,1.2223,0.2133,-0.0349,0.8918,0.1396,0.1745,-0.2133,0.0194,-0.0969,-0.0000,-0.4071,0.4244,-0.2000,-1.3453,1.2461,-1.2601,-0.4984,0.2000,1.4856,-0.9295,1.1641,0.2440,-1.9030,0.2641,1.6919,0.8558,-0.9836,1.8154,-1.4489,4.4346,-1.1917,0.9167,0.22
6.0555,0.0000,0.0000,0.0000,0.0000,0.0000,0.0000,-0.0528,-0.5714,-0.8631,-0.0581,-0.0424,-0.9974,0.3861,-0.1920,-1.4532,1.2173,-1.2396,-0.4695,0.2078,1.4019,-0.8942,1.2127,0.3877,-0.0659,0.9422,-0.2133,0.0620,-0.2288,0.0853,0.1473,0.0620,-0.4498,0.4540,-0.2000,-1.3296,1.2014,-1.2748,-0.4950,0.2000,1.5059,-0.9262,1.1541,0.5403,-1.5551,0.1149,1.7349,0.7246,-0.9501,1.6597,-1.5921,4.3975,-1.0092,0.9444,0.19
6.0805,0.0000,0.0000,0.0000,0.0000,0.0000,0.0000,-0.0772,-0.5176,-1.0601,-0.0689,-0.0452,-0.9966,0.3968,-0.1943,-1.4302,1.2079,-1.2409,-0.4726,0.2102,1.4089,-0.8933,1.2018,0.4653,-0.0698,0.9267,-0.5894,-0.0504,-0.0465,0.0427,0.3335,0.0659,-0.5506,0.4925,-0.1789,-1.3298,1.1519,-1.2962,-0.4806,0.2000,1.5263,-0.9223,1.1608,0.9246,-0.7886,-0.1929,1.4744,0.5210,-0.8058,1.3579,-1.7237,4.3955,-0.8322,0.9722,0.18
6.1034,0.0000,0.0000,0.0000,0.0000,0.0000,0.0000,-0.1003,-0.4323,-1.1967,-0.0776,-0.0482,-0.9958,0.4137,-0.1948,-1.4111,1.1921,-1.2459,-0.4723,0.2128,1.4190,-0.8920,1.1915,0.8298,0.1241,0.7367,-0.8763,-0.2986,0.0853,0.0853,0.4071,0.1124,-0.3839,0.5000,-0.0558,-1.3492,1.0791,-1.3379,-0.4665,0.1826,1.5467,-0.9180,1.1554,1.4949,0.4423,-0.6920,0.7909,0.3912,-0.6654,0.8263,-1.9147,4.5226,-0.7859,0.0000,0.17
6.1265,0.0000,0.0000,0.0000,0.0000,0.0000,0.0000,-0.0680,-0.2649,-1.1724,-0.0829,-0.0556,-0.9950,0.4315,-0.1791,-1.3961,1.1670,-1.2576,-0.4688,0.2125,1.4324,-0.8893,1.1801,0.7794,1.3222,0.5506,-1.4385,-0.6320,0.2249,-0.0349,0.6165,0.1008,-0.6785,0.5000,0.0000,-1.3986,0.9637,-1.3313,-0.4868,0.1043,1.5670,-0.9133,1.1239,2.3328,1.6638,-0.9822,-0.4152,0.3854,-0.8683,0.0428,-2.0672,4.0869,-1.0981,0.0278,0.18
6.1515,0.0000,0.0000,0.0000,0.0000,0.0000,0.0000,-0.1097,-0.0130,-0.9398,-0.0834,-0.0577,-0.9948,0.4469,-0.1460,-1.3906,1.1270,-1.2731,-0.4656,0.2026,1.4533,-0.8853,1.1634,0.6902,1.5587,0.0659,-1.9775,-0.5700,0.0349,-0.8220,0.8647,0.2133,-0.7638,0.5000,0.0000,-1.4081,0.9103,-1.2787,-0.5000,0.0834,1.5874,-0.9083,1.1139,2.7301,1.4558,-0.8732,-1.0765,0.8400,-1.2410,-0.1663,-1.9102,1.2863,-1.6314,0.0556,0.17
6.1765,0.0000,0.0000,0.0000,0.0000,0.0000,0.0000,-0.0309,0.3714,-0.4454,-0.0739,-0.0614,-0.9954,0.4593,-0.1144,-1.3894,1.0781,-1.2804,-0.4673,0.1819,1.4749,-0.8785,1.1456,0.4265,1.1671,-0.0271,-1.9038,-0.0931,-0.0931,-0.8608,1.0004,0.4343,-0.7173,0.5000,-0.0088,-1.4364,0.9152,-1.2556,-0.5000,0.1559,1.6078,-1.1031,1.1038,2.3418,0.9116,-0.9531,-1.5005,1.2210,-1.0578,0.5591,-1.8099,-1.1211,-1.6854,0.0833,0.17
6.1995,0.0000,0.0000,0.0000,0.0000,0.0000,0.0000,-0.1359,0.6059,0.0651,-0.0580,-0.0640,-0.9963,0.4691,-0.0925,-1.3919,1.0394,-1.2776,-0.4699,0.1716,1.5024,-0.8834,1.1302,0.4614,0.7755,-0.1861,-1.4579,0.0775,-0.2016,0.0039,1.1710,-0.7677,-0.7483,0.5000,-0.0388,-1.4451,0.9198,-1.2485,-0.4513,0.2000,1.6078,-1.1209,1.1562,1.7064,0.6120,-0.8359,-1.6954,2.0118,-0.5130,1.4086,-1.6862,-2.2111,-1.2965,0.1111,0.17
6.2245,0.0000,0.0000,0.0000,0.0000,0.0000,0.0000,-0.4121,0.4416,0.4174,-0.0433,-0.0542,-0.9976,0.4755,-0.0808,-1.3964,1.0038,-1.2765,-0.4691,0.1774,1.5343,-0.9100,1.1250,0.2559,0.3218,-0.2908,-1.1981,0.0078,0.2520,0.4304,1.2912,-1.3493,0.0078,0.5000,-0.0708,-1.4215,0.9239,-1.2414,-0.3900,0.2000,1.5772,-1.1722,1.2123,1.1892,0.2915,-0.3961,-1.4386,2.7713,0.1001,1.5125,-1.3056,-2.5732,-0.5663,0.1389,0.19
6.2484,0.0000,0.0000,0.0000,0.0000,0.0000,0.0000,-0.1758,-0.3096,0.5063,-0.0481,-0.0464,-0.9978,0.4782,-0.0779,-1.3969,0.9809,-1.2787,-0.4555,0.1854,1.5564,-0.9490,1.1349,0.0737,0.0271,0.1745,-0.6553,-0.0116,0.6785,0.1551,0.6708,-1.6479,0.6592,0.4839,-0.0790,-1.4107,0.9276,-1.2342,-0.3096,0.1994,1.5533,-1.2200,1.2758,0.8394,0.2098,-0.0846,-1.0929,2.9133,0.9041,0.9941,-0.9334,-2.1346,-0.0548,0.1667,0.18
6.2724,0.0000,0.0000,0.0000,0.0000,0.0000,0.0000,-0.2228,-0.9287,0.2892,-0.0671,-0.0359,-0.9971,0.4792,-0.0784,-1.3913,0.9685,-1.2807,-0.4337,0.1887,1.5666,-0.9944,1.1574,0.0543,0.0039,0.3218,-0.3955,-0.1280,1.2059,0.1241,0.2171,-1.9658,1.0895,0.4625,-0.1064,-1.4262,0.9399,-1.2271,-0.3000,0.1737,1.5342,-1.2621,1.3000,0.6253,-0.0635,-0.0362,-0.9076,2.6972,1.5290,0.7372,-0.8191,-1.3717,0.0693,0.1944,0.18
6.2954,0.0000,0.0000,0.0000,0.0000,0.0000,0.0000,-0.3186,-1.1573,0.1140,-0.0967,-0.0242,-0.9950,0.4782,-0.0815,-1.3830,0.9636,-1.2856,-0.4043,0.1874,1.5680,-1.0408,1.1822,-0.0659,-0.2365,0.4381,0.0388,-0.2598,1.1904,-0.1473,-0.0504,-2.1015,0.9926,0.4616,-0.1600,-1.4499,0.9331,-1.2200,-0.3000,0.1644,1.5118,-1.2424,1.2978,0.6160,-0.6000,-0.0698,-1.0265,2.4974,1.9541,0.6435,-0.7379,-0.4579,-0.0603,0.2222,0.18
6.3195,0.0000,0.0000,0.0000,0.0000,0.0000,0.0000,-0.2894,-1.1104,0.1775,-0.1251,-0.0130,-0.9921,0.4756,-0.0922,-1.3750,0.9638,-1.2916,-0.3827,0.1821,1.5667,-1.0819,1.2047,-0.0620,-0.6281,0.2869,0.1086,-0.2326,0.9344,-0.2249,-0.1745,-1.3842,0.8918,0.4740,-0.2000,-1.4538,0.9348,-1.2128,-0.3000,0.1718,1.5179,-1.2131,1.2742,0.7397,-1.1938,0.0951,-1.6402,2.3440,2.1615,0.7184,-0.3707,0.0860,-0.3945,0.2500,0.17
6.3444,0.0000,0.0000,0.0000,0.0000,0.0000,0.0000,-0.1181,-0.8735,0.2457,-0.1503,-0.0042,-0.9886,0.4751,-0.1106,-1.3681,0.9642,-1.2962,-0.3610,0.1785,1.5624,-1.1102,1.2207,-0.0233,-0.8491,0.1667,-0.0078,-0.1241,0.8647,-0.2016,-0.1628,-0.8142,0.4420,0.4953,-0.2000,-1.4282,0.9358,-1.2057,-0.3000,0.1929,1.5514,-1.2227,1.2476,0.9534,-1.4814,0.5553,-2.4991,2.3354,2.2126,0.9289,0.2691,0.1362,-0.7452,0.2778,0.18
6.3674,0.0000,0.0000,0.0000,0.0000,0.0000,0.0000,0.0236,-0.5329,0.4531,-0.1674,0.0004,-0.9859,0.4780,-0.1267,-1.3631,0.9629,-1.2989,-0.3450,0.1777,1.5625,-1.1296,1.2259,0.2365,-0.4924,0.1628,-0.1280,-0.0543,0.5700,-0.0078,0.1202,-0.8104,-0.0737,0.5000,-0.2000,-1.4041,0.9360,-1.1986,-0.3000,0.2000,1.5939,-1.2116,1.2331,1.1769,-1.6752,1.3481,-3.5126,2.5046,2.1804,1.1535,1.0509,0.2821,-0.9622,0.3056,0.17
6.3914,0.0000,0.0000,0.0000,0.0000,0.0000,0.0000,0.0314,-0.4338,0.4543,-0.1797,0.0050,-0.9837,0.4832,-0.1368,-1.3584,0.9584,-1.2993,-0.3347,0.1792,1.5687,-1.1465,1.2252,0.1822,-0.4032,0.2482,-0.2094,0.0310,0.3955,0.0388,0.2443,-0.6087,-0.1745,0.5000,-0.2000,-1.4244,0.9355,-1.1914,-0.3000,0.2000,1.5633,-1.1596,1.2352,1.4431,-1.8170,2.0287,-4.2122,2.5955,2.0435,1.1339,1.8540,0.7222,-1.1496,0.3333,0.17
6.4145,0.0000,0.0000,0.0000,0.0000,0.0000,0.0000,0.0272,-0.2743,0.3327,-0.1891,0.0103,-0.9819,0.4889,-0.1459,-1.3557,0.9533,-1.2990,-0.3280,0.1819,1.5709,-1.1538,1.2238,0.2830,-0.3567,-0.0116,-0.1900,0.0775,0.2559,0.1008,-0.0620,0.1086,0.0078,0.5000,-0.2000,-1.4448,0.9342,-1.1842,-0.3000,0.1601,1.5328,-1.1129,1.2398,1.8657,-1.7737,2.2845,-4.3910,2.4753,1.9278,0.6013,2.5135,1.2941,-1.2363,0.3611,0.17
6.4384,0.0000,0.0000,0.0000,0.0000,0.0000,0.0000,0.0839,-0.0326,0.2306,-0.1935,0.0147,-0.9810,0.4927,-0.1532,-1.3586,0.9489,-1.2978,-0.3226,0.1795,1.5661,-1.1482,1.2235,0.1512,-0.2792,-0.2133,-0.1163,0.1435,0.2443,-0.2830,-0.2792,0.5118,-0.0388,0.5000,-0.2000,-1.4652,0.9322,-1.1742,-0.3000,0.0506,1.5022,-1.0839,1.2432,2.3342,-1.9023,2.0035,-3.8172,2.3371,2.0474,-0.4940,2.9791,2.0476,-1.1774,0.3889,0.18
6.4625,0.0000,0.0000,0.0000,0.0000,0.0000,0.0000,0.1655,0.1394,0.1223,-0.1923,0.0151,-0.9812,0.4954,-0.1581,-1.3654,0.9465,-1.2947,-0.3188,0.1613,1.5571,-1.1324,1.2233,0.0659,-0.2520,-0.3490,-0.0698,0.1784,0.1551,-1.2563,-0.4110,0.8763,0.0233,0.5000,-0.2000,-1.4856,0.9295,-1.1641,-0.3000,0.0000,1.4717,-1.0461,1.2456,2.9248,-2.5917,1.4142,-1.6204,2.3013,2.3580,-1.8337,3.1227,3.1438,-1.0710,0.4167,0.18
6.4864,0.0000,0.0000,0.0000,0.0000,0.0000,0.0000,0.2246,0.2483,0.0962,-0.1883,0.0125,-0.9820,0.4979,-0.1624,-1.3744,0.9453,-1.2874,-0.3161,0.1306,1.5436,-1.1090,1.2228,0.0969,-0.0853,-0.4071,0.0310,0.3761,0.1008,-1.3687,-0.6630,1.2563,-0.0620,0.5000,-0.2000,-1.5474,1.1262,-1.1541,-0.3000,0.0000,1.4411,-1.0014,1.2514,2.7884,-3.8549,0.5852,2.5291,2.3559,2.5228,-2.2158,2.9286,3.9049,-0.9578,0.4444,0.18
6.5104,0.0000,0.0000,0.0000,0.0000,0.0000,0.0000,0.2879,0.3466,0.1733,-0.1802,0.0105,-0.9836,0.4998,-0.1661,-1.3890,0.9613,-1.2779,-0.3140,0.1014,1.5292,-1.0804,1.2215,0.2094,-0.1086,-1.0624,1.2369,0.4459,0.1435,-0.9926,-0.7755,1.3454,-0.0155,0.5000,-0.2000,-1.5749,1.1223,-1.1440,-0.3000,0.0850,1.4106,-0.9519,1.2786,1.2277,-3.6913,0.5144,4.1376,1.8498,1.8518,-0.1497,2.2162,3.2665,-0.6966,0.4722,0.17
6.5354,0.0000,0.0000,0.0000,0.0000,0.0000,0.0000,0.4832,0.2275,0.3213,-0.1743,0.0020,-0.9847,0.5012,-0.1696,-1.4190,0.9988,-1.2661,-0.3131,0.0940,1.5079,-1.0450,1.2219,0.0659,-0.0388,-1.2795,1.5665,0.5196,0.0582,0.0737,-1.0857,1.5005,0.1124,0.3786,-0.2000,-1.5467,1.1180,-1.2384,-0.3415,0.2000,1.3800,-0.9000,1.2979,-0.2137,-3.1205,1.7370,2.1295,-0.0439,0.5854,1.6022,2.6696,1.3538,-0.7908,0.5000,0.18
6.5594,0.0000,0.0000,0.0000,0.0000,0.0000,0.0000,0.3624,0.1037,0.4722,-0.1729,-0.0071,-0.9849,0.4891,-0.1721,-1.4404,1.0300,-1.2636,-0.3174,0.1127,1.4825,-1.0110,1.2256,-0.8995,-0.0931,-0.7367,0.9810,-0.3179,-0.3296,1.1244,-1.2757,1.6983,0.2947,0.3443,-0.2000,-1.5670,1.1094,-1.2871,-0.4217,0.1555,1.4004,-0.9503,1.2699,-0.5572,-1.2343,1.5039,0.9610,-0.6313,-0.2171,0.5551,2.9304,0.5488,-1.8684,0.5278,0.17
6.5834,0.0000,0.0000,0.0000,0.0000,0.0000,0.0000,0.1183,0.1693,0.8489,-0.1721,-0.0100,-0.9850,0.4605,-0.1759,-1.4590,1.0537,-1.2781,-0.3361,0.1311,1.4592,-0.9829,1.2276,-1.3377,-0.1435,-0.7406,0.8142,-0.8414,-0.9306,0.4730,-0.7794,0.6824,-0.1473,0.3510,-0.0685,-1.5874,1.0510,-1.2332,-0.4594,0.0897,1.4207,-0.9103,1.2627,-0.4897,0.3154,1.2623,0.4274,-0.1935,-0.5945,-0.1032,2.5229,1.7706,-2.8503,0.5556,0.19
6.6064,0.0000,0.0000,0.0000,0.0000,0.0000,0.0000,0.0858,0.1161,0.9796,-0.1716,-0.0089,-0.9851,0.4333,-0.1660,-1.4767,1.0653,-1.2900,-0.3605,0.1353,1.4463,-0.9622,1.2225,-0.9267,1.1787,-0.6669,0.2830,-0.1628,-1.1399,-0.2210,-0.5002,1.1477,-0.2171,0.3410,-0.0519,-1.6078,1.0348,-1.1440,-0.4438,0.1197,1.4411,-0.9152,1.2556,-0.5900,0.4806,1.4161,0.3163,0.5984,-0.4377,0.1975,2.0334,2.7954,-3.3964,0.5833,0.18
6.6304,0.0000,0.0000,0.0000,0.0000,0.0000,0.0000,0.3664,0.4275,0.9744,-0.1656,-0.0158,-0.9861,0.4115,-0.1438,-1.4886,1.0681,-1.2836,-0.3842,0.1355,1.4379,-0.9410,1.2158,-0.9383,0.9034,-0.6087,0.2171,0.8026,-0.8220,0.0931,-0.3645,0.9228,-0.2365,0.3425,-0.1145,-1.6078,1.0856,-1.1829,-0.4328,0.1488,1.4615,-0.9198,1.2485,-0.5750,-0.1447,1.7085,0.6467,0.7323,-0.3278,0.4882,1.7431,3.0670,-3.5938,0.6111,0.18
6.6544,0.0000,0.0000,0.0000,0.0000,0.0000,0.0000,0.4057,1.0746,0.8055,-0.1418,-0.0239,-0.9896,0.3937,-0.1329,-1.5031,1.0725,-1.2691,-0.3997,0.1419,1.4365,-0.9231,1.2137,-0.5312,0.1202,-0.7755,0.2908,0.4963,-0.5932,0.2908,0.1241,0.6553,-0.1163,0.3343,-0.1611,-1.5772,1.1600,-1.2759,-0.4295,0.1795,1.4819,-0.9239,1.2414,-0.6572,-0.6107,1.7381,0.8783,-0.0691,-0.2954,0.7954,1.3977,3.5446,-3.4081,0.6389,0.19
6.6784,0.0000,0.0000,0.0000,0.0000,0.0000,0.0000,0.2671,1.0964,0.6891,-0.1131,-0.0312,-0.9931,0.3802,-0.1363,-1.5212,1.0847,-1.2670,-0.4109,0.1517,1.4437,-0.9098,1.2141,-0.5079,-0.2986,-0.8181,0.5622,-0.1977,-0.3684,0.4420,0.3335,0.4032,-0.0388,0.3228,-0.1318,-1.5467,1.1364,-1.3356,-0.4366,0.2000,1.5022,-0.9276,1.2342,-0.7721,-0.3179,1.4286,0.1636,-0.5424,-0.3664,1.2884,1.1510,3.5887,-3.3619,0.6667,0.18
6.7034,0.0000,0.0000,0.0000,0.0000,0.0000,0.0000,-0.0229,0.7166,0.6001,-0.0930,-0.0348,-0.9951,0.3688,-0.1396,-1.5329,1.0959,-1.2805,-0.4209,0.1656,1.4512,-0.9037,1.2138,-0.6126,0.0155,-0.3528,0.1202,-0.7096,-0.3335,0.6708,0.2133,0.1473,-0.0853,0.3304,-0.0766,-1.5161,1.0908,-1.2708,-0.4670,0.2000,1.5182,-0.9306,1.2271,-0.6964,0.2344,1.1596,-0.7137,0.2230,-0.6700,1.4492,0.9565,3.6121,-3.4001,0.6944,0.17
6.7264,0.0000,0.0000,0.0000,0.0000,0.0000,0.0000,-0.2346,0.2063,0.1716,-0.0870,-0.0334,-0.9957,0.3569,-0.1337,-1.5359,1.0970,-1.2944,-0.4327,0.1796,1.4544,-0.9015,1.2120,-0.3994,0.5506,0.1396,-0.0698,-0.1551,-0.5545,0.5041,0.0737,0.0737,-0.1745,0.3363,-0.1101,-1.4975,1.1272,-1.2087,-0.4858,0.2000,1.5004,-0.9331,1.2200,-0.6371,-0.1014,0.8801,-0.6937,0.9522,-0.8578,1.6990,0.5745,2.5321,-3.0837,0.7222,0.16
6.7494,0.0000,0.0000,0.0000,0.0000,0.0000,0.0000,-0.1261,0.0910,-0.3996,-0.0844,-0.0314,-0.9959,0.3483,-0.1288,-1.5291,1.0976,-1.2916,-0.4447,0.1901,1.4542,-0.8997,1.2090,-0.1512,0.0388,0.3528,0.3063,0.4381,-0.4498,0.3296,-0.0504,0.1163,-0.2249,0.3335,-0.1916,-1.4813,1.2540,-1.2403,-0.5000,0.2000,1.4817,-0.9348,1.2128,-0.6649,-0.9161,0.7372,0.3229,0.7335,-1.0362,1.8510,0.1835,1.9614,-2.6077,0.7500,0.17
6.7724,0.0000,0.0000,0.0000,0.0000,0.0000,0.0000,0.0210,0.0881,-0.6807,-0.0801,-0.0333,-0.9962,0.3446,-0.1371,-1.5202,1.1144,-1.2836,-0.4528,0.1965,1.4525,-0.8983,1.2062,-0.0931,-0.6320,0.4847,1.4307,0.0465,-0.2404,0.1590,-0.0892,0.0349,-0.1512,0.3101,-0.2000,-1.4621,1.2384,-1.3573,-0.5000,0.2000,1.4715,-0.9358,1.2057,-0.8990,-1.3586,0.6239,0.0206,-0.3516,-1.1791,1.8691,-0.1222,3.3390,-2.2695,0.7778,0.16
6.7964,0.0000,0.0000,0.0000,0.0000,0.0000,0.0000,-0.0748,-0.1545,-0.5080,-0.0800,-0.0340,-0.9962,0.3384,-0.1519,-1.5125,1.1393,-1.2916,-0.4585,0.2001,1.4503,-0.8993,1.2033,-0.3839,-0.4498,0.3761,0.7522,-0.7600,-0.2482,0.1241,-0.2288,-0.0504,-0.1784,0.3131,-0.1979,-1.4564,1.1998,-1.3026,-0.5000,0.2000,1.4704,-0.9360,1.1986,-0.8691,-0.9792,0.3753,-0.3995,0.2672,-1.3627,1.8685,-0.3372,3.4939,-2.0368,0.8056,0.17
6.8204,0.0000,0.0000,0.0000,0.0000,0.0000,0.0000,-0.1857,-0.5156,-0.4856,-0.0908,-0.0306,-0.9954,0.3313,-0.1618,-1.5032,1.1496,-1.3013,-0.4634,0.2023,1.4451,-0.9025,1.1997,-0.1590,-0.2986,0.4963,0.2365,0.0543,-0.1551,0.0620,-0.3141,-0.1396,-0.1473,0.3080,-0.2000,-1.4578,1.2231,-1.2807,-0.5000,0.2000,1.4682,-0.9355,1.1914,-0.9198,-1.1043,0.0550,-0.0869,0.5452,-1.2547,1.6255,-0.5629,3.5120,-1.8017,0.8333,0.17
6.8444,0.0000,0.0000,0.0000,0.0000,0.0000,0.0000,-0.0853,-0.4082,-0.4814,-0.0999,-0.0285,-0.9946,0.3267,-0.1697,-1.4900,1.1550,-1.2980,-0.4680,0.2035,1.4394,-0.9055,1.1954,-0.1124,-0.2365,0.4343,0.3373,0.2055,-0.1667,0.0078,-0.2016,-0.0620,-0.1435,0.3138,-0.2000,-1.4350,1.2633,-1.2716,-0.5000,0.2000,1.4532,-0.9342,1.1842,-0.8623,-1.5223,-0.0218,0.5044,0.6819,-1.2579,1.4253,-0.9160,3.9337,-1.6584,0.8611,0.18
6.8684,0.0000,0.0000,0.0000,0.0000,0.0000,0.0000,-0.0337,-0.0634,-0.2433,-0.0994,-0.0254,-0.9947,0.3247,-0.1751,-1.4784,1.1648,-1.2917,-0.4726,0.2044,1.4364,-0.9069,1.1920,0.0155,-0.1977,0.5506,0.5932,0.3218,-0.0775,-0.0659,-0.1318,-0.0349,-0.1551,0.3247,-0.2000,-1.4030,1.2839,-1.2670,-0.5000,0.2000,1.4652,-0.9322,1.1742,-0.7530,-1.8681,-0.0079,1.0419,0.7618,-1.3402,1.4654,-1.1677,4.0598,-1.5555,0.8889,0.17
6.8914,0.0000,0.0000,0.0000,0.0000,0.0000,0.0000,0.0032,-0.2146,-0.1861,-0.1003,-0.0241,-0.9947,0.3240,-0.1786,-1.4687,1.1762,-1.2837,-0.4763,0.2045,1.4355,-0.9079,1.1880,0.0504,-0.1047,0.5041,0.4304,0.4343,-0.1473,-0.0271,-0.0659,-0.0465,-0.2792,0.3386,-0.2000,-1.3655,1.2461,-1.2773,-0.5000,0.2000,1.4856,-0.9295,1.1641,-0.6137,-2.0189,0.0615,1.4196,0.6834,-1.3468,1.5543,-1.1868,3.7673,-1.3271,0.9167,0.17
6.9154,0.0000,0.0000,0.0000,0.0000,0.0000,0.0000,-0.0540,-0.5401,-0.2798,-0.1097,-0.0222,-0.9937,0.3255,-0.1810,-1.4533,1.1809,-1.2778,-0.4791,0.2048,1.4342,-0.9105,1.1810,0.0931,-0.0194,0.8104,0.0543,0.1396,-0.1163,-0.0233,-0.0931,-0.1280,-0.4420,0.3543,-0.2000,-1.3305,1.2014,-1.2952,-0.5000,0.2000,1.5059,-0.9262,1.1541,-0.4569,-1.9546,0.1065,1.6106,0.5201,-1.3312,1.5532,-1.1271,3.3538,-1.0045,0.9444,0.17
6.9404,0.0000,0.0000,0.0000,0.0000,0.0000,0.0000,-0.0848,-0.5425,-0.4700,-0.1217,-0.0217,-0.9923,0.3291,-0.1831,-1.4332,1.1768,-1.2766,-0.4824,0.2057,1.4337,-0.9125,1.1715,0.1784,-0.1047,0.9577,-0.2869,-0.0310,-0.0892,0.0155,0.0349,-0.0543,-0.4575,0.3751,-0.2000,-1.3115,1.1519,-1.3258,-0.5000,0.2000,1.5263,-0.9223,1.1721,-0.2495,-1.7201,-0.0096,1.6845,0.2243,-1.3232,1.5517,-1.1531,3.0442,-0.7193,0.9722,0.17
6.9644,0.0000,0.0000,0.0000,0.0000,0.0000,0.0000,-0.0995,-0.3922,-0.6476,-0.1296,-0.0228,-0.9913,0.3355,-0.1861,-1.4109,1.1647,-1.2806,-0.4841,0.2075,1.4364,-0.9121,1.1648,0.3645,-0.1745,0.7794,-0.6940,-0.2094,0.0078,0.0233,0.2094,0.0465,-0.2171,0.4103,-0.2000,-1.3163,1.1000,-1.3864,-0.5000,0.2000,1.5467,-0.9180,1.1784,0.1032,-1.1283,-0.3626,1.5919,-0.0939,-1.3094,1.4657,-1.2420,2.8160,-0.5553,0.0000,0.17
6.9894,0.0000,0.0000,0.0000,0.0000,0.0000,0.0000,-0.1298,-0.2700,-0.7372,-0.1358,-0.0253,-0.9904,0.3469,-0.1892,-1.3926,1.1440,-1.2941,-0.4837,0.2100,1.4439,-0.9108,1.1601,0.6592,-0.1435,0.5622,-0.9926,-0.8763,0.0388,0.0698,0.3528,0.1163,-0.2908,0.4640,-0.0995,-1.3901,1.1023,-1.4001,-0.5000,0.2000,1.5670,-0.9133,1.1677,0.6399,0.0050,-0.8968,0.9710,-0.3018,-1.1883,1.1225,-1.3667,2.8212,-0.5620,0.0278,0.17
7.0164,0.0000,0.0000,0.0000,0.0000,0.0000,0.0000,-0.0736,-0.1470,-0.7108,-0.1399,-0.0280,-0.9898,0.3662,-0.1804,-1.3875,1.1236,-1.3154,-0.4833,0.2129,1.4535,-0.9081,1.1532,0.9461,0.8530,-0.1900,-0.5816,-0.8685,0.0116,0.0388,0.4537,0.2094,-0.5196,0.5000,0.0000,-1.4207,0.9937,-1.3778,-0.5000,0.1253,1.5874,-0.9083,1.1246,1.3618,1.1262,-1.2174,-0.1665,-0.1504,-1.0831,0.2533,-1.6051,3.2924,-0.8929,0.0556,0.23
7.0414,0.0000,0.0000,0.0000,0.0000,0.0000,0.0000,0.0826,0.0645,-0.5645,-0.1387,-0.0407,-0.9895,0.3948,-0.1491,-1.3946,1.0956,-1.3329,-0.4831,0.2044,1.4711,-0.9038,1.1371,1.0197,1.5316,-0.2249,-1.4734,-0.4730,0.0698,-0.7173,0.7367,0.2016,-0.8647,0.5000,0.0000,-1.4411,0.9152,-1.3248,-0.5000,0.0996,1.6078,-0.9031,1.1038,1.8730,1.0669,-1.0150,-1.2200,0.3083,-1.3239,-0.0036,-1.6021,1.4971,-1.5332,0.0833,0.22
7.0644,0.0000,0.0000,0.0000,0.0000,0.0000,0.0000,0.0649,0.3406,-0.3724,-0.1303,-0.0504,-0.9902,0.4186,-0.1183,-1.4019,1.0586,-1.3369,-0.4830,0.1879,1.4913,-0.8976,1.1179,0.8685,1.1283,-0.3296,-1.7409,-0.0349,-0.0116,-0.6940,0.9228,0.3257,-0.8879,0.5000,-0.0614,-1.4585,0.9198,-1.2994,-0.5000,0.1908,1.6078,-1.1209,1.1562,1.6100,0.3862,-0.9704,-1.5612,0.4912,-1.1154,0.9081,-1.4925,-1.0093,-1.8005,0.1111,0.19
7.0884,0.0000,0.0000,0.0000,0.0000,0.0000,0.0000,-0.0718,0.5632,-0.0103,-0.1163,-0.0526,-0.9918,0.4359,-0.1029,-1.4097,1.0228,-1.3358,-0.4835,0.1842,1.5109,-0.9036,1.1070,0.6979,0.2133,-0.4226,-1.4346,0.0853,-0.0116,0.3024,0.9849,-0.6824,-0.2830,0.5000,-0.0619,-1.4711,0.9239,-1.2414,-0.4448,0.2000,1.5772,-1.1722,1.1689,1.2964,0.3805,-0.8925,-1.6117,1.1912,-0.4484,1.9159,-1.5108,-1.8955,-1.5035,0.1389,0.18
7.1124,0.0000,0.0000,0.0000,0.0000,0.0000,0.0000,-0.2702,0.2994,0.2036,-0.1060,-0.0446,-0.9934,0.4473,-0.0988,-1.4182,0.9963,-1.3324,-0.4772,0.1911,1.5332,-0.9345,1.1084,0.4110,0.1861,-0.3412,-0.9073,0.3335,0.4730,0.1900,0.8065,-1.7526,0.0853,0.4997,-0.0854,-1.4681,0.9360,-1.2342,-0.3848,0.2000,1.5467,-1.2200,1.2276,0.9971,0.1462,-0.6584,-0.9158,2.0787,0.1516,1.6217,-1.1532,-1.8198,-0.5370,0.1667,0.17
7.1354,0.0000,0.0000,0.0000,0.0000,0.0000,0.0000,-0.0532,-0.3907,0.1639,-0.1114,-0.0415,-0.9929,0.4556,-0.0977,-1.4211,0.9823,-1.3242,-0.4609,0.1942,1.5496,-0.9772,1.1222,0.4537,0.0155,-0.0659,-0.2792,0.3451,0.8181,0.1163,0.5739,-1.8728,0.8840,0.4862,-0.1081,-1.4659,0.9697,-1.2271,-0.3086,0.1713,1.5268,-1.2621,1.2841,0.8615,-0.0814,-0.4329,-0.6090,2.3512,0.9140,0.7130,-0.8929,-1.2358,-0.0891,0.1944,0.17
7.1604,0.0000,0.0000,0.0000,0.0000,0.0000,0.0000,-0.1727,-0.9002,0.2605,-0.1307,-0.0330,-0.9909,0.4627,-0.0999,-1.4185,0.9811,-1.3176,-0.4371,0.1923,1.5574,-1.0255,1.1477,0.3141,-0.0543,0.1435,0.2249,0.2055,1.2020,-0.1784,0.1124,-2.0744,1.1710,0.4906,-0.1700,-1.4753,0.9625,-1.2200,-0.3000,0.1460,1.5109,-1.2525,1.2860,0.9056,-0.7005,-0.3232,-0.7056,2.1868,1.4848,0.4598,-0.7463,-0.5589,-0.1789,0.2222,0.17
7.1844,0.0000,0.0000,0.0000,0.0000,0.0000,0.0000,-0.2127,-0.9765,0.2843,-0.1572,-0.0234,-0.9873,0.4697,-0.1118,-1.4147,0.9850,-1.3140,-0.4055,0.1845,1.5577,-1.0713,1.1743,0.2598,-0.6940,0.1512,0.1396,0.0814,1.2524,-0.3839,-0.1551,-1.5471,0.8879,0.5000,-0.2000,-1.4877,0.9348,-1.2128,-0.3000,0.1579,1.5140,-1.2315,1.2621,1.0341,-1.2806,-0.2441,-1.1459,2.0304,1.8691,0.5790,-0.4100,-0.0975,-0.5156,0.2500,0.17
7.2084,0.0000,0.0000,0.0000,0.0000,0.0000,0.0000,-0.0901,-0.7274,0.4422,-0.1794,-0.0177,-0.9836,0.4751,-0.1282,-1.4126,0.9854,-1.3136,-0.3823,0.1775,1.5552,-1.1028,1.1910,0.2637,-0.6630,0.0388,-0.1086,0.0931,0.9383,-0.2326,-0.0892,-0.9810,0.5816,0.5000,-0.2000,-1.4679,0.9358,-1.2057,-0.3000,0.1706,1.5423,-1.2209,1.2466,1.1677,-1.6393,0.1579,-1.9960,1.9968,2.0811,0.7060,0.1785,0.1545,-0.7553,0.2778,0.17
7.2324,0.0000,0.0000,0.0000,0.0000,0.0000,0.0000,0.0305,-0.3468,0.5281,-0.1917,-0.0131,-0.9814,0.4802,-0.1433,-1.4105,0.9809,-1.3133,-0.3629,0.1737,1.5563,-1.1243,1.2010,0.2482,-0.4265,0.0892,-0.2559,0.0582,0.6436,-0.1396,0.1086,-0.7910,0.2210,0.5000,-0.2000,-1.4169,0.9360,-1.1986,-0.3000,0.1907,1.5845,-1.2172,1.2323,1.4073,-1.7401,0.8714,-3.0903,2.0685,2.2062,0.9068,0.9061,0.2260,-0.9703,0.3056,0.18
7.2564,0.0000,0.0000,0.0000,0.0000,0.0000,0.0000,0.0606,-0.1173,0.5977,-0.1961,-0.0100,-0.9805,0.4863,-0.1533,-1.4058,0.9727,-1.3106,-0.3503,0.1740,1.5618,-1.1399,1.2054,0.1551,-0.3490,0.3877,-0.4885,0.2326,0.5157,0.0814,0.3063,-0.5971,0.0504,0.5000,-0.2000,-1.4244,0.9355,-1.1914,-0.3000,0.2000,1.5633,-1.1727,1.2352,1.7354,-1.7522,1.6188,-4.0205,2.1892,2.1848,1.0123,1.7117,0.5914,-1.1706,0.3333,0.17
7.2824,0.0000,0.0000,0.0000,0.0000,0.0000,0.0000,-0.0348,-0.0652,0.4866,-0.1999,-0.0022,-0.9798,0.4898,-0.1602,-1.3987,0.9609,-1.3046,-0.3416,0.1766,1.5657,-1.1496,1.2080,0.2016,-0.1590,0.1745,-0.4071,0.2675,0.3528,0.1124,-0.0116,-0.0853,0.1357,0.5000,-0.2000,-1.4448,0.9342,-1.1842,-0.3000,0.1670,1.5328,-1.1129,1.2398,2.1263,-1.6515,1.9445,-4.3587,2.1758,2.0574,0.6702,2.3907,1.1901,-1.1999,0.3611,0.17
7.3074,0.0000,0.0000,0.0000,0.0000,0.0000,0.0000,0.0593,0.0715,0.2974,-0.2010,0.0023,-0.9796,0.4925,-0.1652,-1.3977,0.9518,-1.2983,-0.3331,0.1759,1.5618,-1.1446,1.2114,0.1706,-0.1396,-0.0427,-0.2482,0.2869,0.2908,-0.1939,-0.2598,0.5312,0.1745,0.5000,-0.2000,-1.4652,0.9322,-1.1742,-0.3000,0.0708,1.5022,-1.0839,1.2432,2.5430,-1.6163,1.7128,-3.8720,2.1574,2.0930,-0.2923,2.8589,1.8872,-1.1161,0.3889,0.17
7.3304,0.0000,0.0000,0.0000,0.0000,0.0000,0.0000,0.1046,0.2404,0.1215,-0.1985,0.0041,-0.9801,0.4945,-0.1690,-1.4005,0.9451,-1.2908,-0.3277,0.1619,1.5526,-1.1308,1.2139,0.0853,-0.0892,-0.2482,-0.1900,0.4110,0.1977,-1.0004,-0.4304,0.8491,0.1202,0.5000,-0.2000,-1.4856,0.9295,-1.1641,-0.3000,0.0000,1.4717,-1.0461,1.2456,3.0846,-2.2293,1.2304,-1.9979,2.2962,2.2817,-1.6131,2.9968,2.9963,-1.0012,0.4167,0.17
7.3544,0.0000,0.0000,0.0000,0.0000,0.0000,0.0000,0.1435,0.3900,0.0044,-0.1918,0.0037,-0.9814,0.4962,-0.1723,-1.4061,0.9406,-1.2820,-0.3237,0.1307,1.5406,-1.1082,1.2161,0.0853,-0.0465,-0.2947,-0.0892,0.4304,0.1784,-1.4191,-0.5583,1.1167,0.0620,0.5000,-0.2000,-1.5426,1.1262,-1.1541,-0.3000,0.0000,1.4411,-1.0014,1.2520,3.0264,-3.6123,0.6336,1.9134,2.4142,2.4505,-2.2917,2.8607,3.8184,-0.9526,0.4444,0.17
7.3784,0.0000,0.0000,0.0000,0.0000,0.0000,0.0000,0.2223,0.4528,-0.0213,-0.1821,0.0016,-0.9833,0.4983,-0.1750,-1.4194,0.9559,-1.2715,-0.3205,0.1018,1.5257,-1.0787,1.2174,0.1435,-0.1086,-0.7794,1.4269,0.4110,0.1357,-1.0585,-0.7483,1.4812,0.0737,0.5000,-0.2000,-1.5921,1.1223,-1.1440,-0.3000,0.0436,1.4106,-0.9519,1.2766,1.4493,-3.6869,0.3421,4.1427,2.0315,1.9965,-0.5644,2.1196,3.4665,-0.7166,0.4722,0.17
7.4034,0.0000,0.0000,0.0000,0.0000,0.0000,0.0000,0.3986,0.3511,0.0595,-0.1740,-0.0064,-0.9847,0.4999,-0.1772,-1.4451,0.9906,-1.2612,-0.3183,0.0877,1.5044,-1.0436,1.2206,0.1396,-0.0194,-1.2136,1.5044,0.4188,0.1435,-0.3722,-0.9306,1.4695,0.2288,0.4037,-0.2000,-1.5467,1.1180,-1.2176,-0.3267,0.2000,1.3800,-0.9000,1.3091,0.0367,-3.1111,1.6470,2.3040,0.1633,0.7327,1.4812,2.4172,1.4808,-0.6795,0.5000,0.17
7.4274,0.0000,0.0000,0.0000,0.0000,0.0000,0.0000,0.3144,0.2997,0.1438,-0.1676,-0.0152,-0.9857,0.4912,-0.1782,-1.4659,1.0247,-1.2565,-0.3186,0.1002,1.4795,-1.0086,1.2277,-0.7522,-0.0194,-0.5041,1.0546,-0.1202,-0.1241,1.1865,-1.1322,1.5665,0.4769,0.3462,-0.2000,-1.5670,1.1108,-1.3083,-0.4131,0.1751,1.4004,-0.9516,1.2699,-0.5381,-1.5217,1.5492,0.9752,-0.8435,-0.1313,0.7507,2.7551,0.5364,-1.5375,0.5278,0.17
7.4504,0.0000,0.0000,0.0000,0.0000,0.0000,0.0000,0.0282,0.3502,0.4241,-0.1626,-0.0167,-0.9866,0.4668,-0.1802,-1.4791,1.0456,-1.2704,-0.3309,0.1223,1.4595,-0.9831,1.2325,-1.2214,-0.0543,-0.6514,0.8181,-1.1477,-0.8647,0.7561,-0.6398,0.6359,-0.1124,0.3686,-0.0552,-1.5874,1.0278,-1.2733,-0.4633,0.0953,1.4207,-0.9103,1.2627,-0.3144,0.4481,1.2003,0.1951,-0.5939,-0.6329,-0.0472,2.3584,1.5152,-2.6974,0.5556,0.17
7.4734,0.0000,0.0000,0.0000,0.0000,0.0000,0.0000,-0.0397,0.3582,0.6147,-0.1575,-0.0159,-0.9874,0.4415,-0.1673,-1.4944,1.0548,-1.2897,-0.3555,0.1296,1.4488,-0.9637,1.2290,-0.9500,1.3571,-0.5583,-0.0465,-0.5467,-1.1012,-0.0892,-0.3296,1.1826,-0.1280,0.3493,-0.0127,-1.6078,0.9878,-1.1695,-0.4582,0.1277,1.4411,-0.9152,1.2556,-0.5074,0.8727,1.2510,-0.1537,0.3432,-0.5824,0.2772,1.8443,2.6225,-3.2550,0.5833,0.17
7.4984,0.0000,0.0000,0.0000,0.0000,0.0000,0.0000,0.2060,0.5538,0.5907,-0.1489,-0.0223,-0.9886,0.4197,-0.1371,-1.5044,1.0518,-1.2907,-0.3801,0.1319,1.4423,-0.9398,1.2230,-0.8104,1.3299,-0.3722,-0.1512,0.5041,-0.8181,0.1822,-0.2055,0.9693,-0.1900,0.3472,-0.0635,-1.6078,1.0198,-1.1745,-0.4637,0.1656,1.4615,-0.9198,1.2485,-0.5281,0.3654,1.6272,-0.0115,0.8163,-0.6365,0.6562,1.5687,2.3156,-3.5217,0.6111,0.17
7.5224,0.0000,0.0000,0.0000,0.0000,0.0000,0.0000,0.2902,1.2403,0.6217,-0.1201,-0.0291,-0.9923,0.4007,-0.1178,-1.5128,1.0483,-1.2780,-0.3976,0.1405,1.4419,-0.9202,1.2206,-0.6010,0.4188,-0.6165,0.0427,0.6320,-0.6708,0.4692,0.1124,0.7677,-0.0349,0.3214,-0.1208,-1.5772,1.1344,-1.2319,-0.4822,0.1833,1.4819,-0.9239,1.2414,-0.7858,-0.2079,2.0455,0.6225,0.3703,-0.8219,0.8330,1.3936,2.5699,-3.3460,0.6389,0.17
7.5484,0.0000,0.0000,0.0000,0.0000,0.0000,0.0000,0.2223,1.3750,0.7329,-0.0845,-0.0336,-0.9959,0.3838,-0.1154,-1.5247,1.0570,-1.2697,-0.4160,0.1521,1.4499,-0.9061,1.2219,-0.8453,-0.1357,-0.5583,0.5661,0.1784,-0.7328,0.4847,0.2986,0.3916,0.0349,0.3000,-0.1120,-1.5467,1.1504,-1.3666,-0.4827,0.2000,1.5022,-0.9276,1.2342,-1.3536,-0.1205,1.9897,0.3043,-0.8526,-0.8273,1.0928,1.2257,3.0585,-3.3218,0.6667,0.16
7.5744,0.0000,0.0000,0.0000,0.0000,0.0000,0.0000,0.0060,0.8631,0.7144,-0.0578,-0.0364,-0.9977,0.3643,-0.1178,-1.5361,1.0739,-1.2855,-0.4337,0.1655,1.4594,-0.8997,1.2232,-0.7212,-0.0233,-0.4304,0.5002,-1.1244,-0.5273,0.4381,0.2598,0.1396,-0.0078,0.3000,0.0000,-1.5161,1.0621,-1.3581,-0.5000,0.2000,1.5226,-0.9306,1.2271,-1.5150,1.0668,1.5640,-1.3312,-0.6501,-1.0656,1.5152,1.0165,3.3109,-3.5943,0.6944,0.19
7.5993,0.0000,0.0000,0.0000,0.0000,0.0000,0.0000,-0.2520,0.2099,0.4250,-0.0510,-0.0358,-0.9981,0.3458,-0.1055,-1.5410,1.0769,-1.3108,-0.4493,0.1763,1.4630,-0.8990,1.2229,-0.6979,0.9965,0.1551,-0.2986,-0.8336,-0.5079,0.3955,0.0000,0.0388,-0.0775,0.3000,0.0000,-1.4856,1.0966,-1.2039,-0.5000,0.2000,1.5022,-0.9331,1.2200,-1.5464,1.4522,1.2919,-2.0113,1.0260,-1.6478,2.2227,0.5927,1.1722,-3.4237,0.7222,0.18
7.6223,0.0000,0.0000,0.0000,0.0000,0.0000,0.0000,-0.1710,0.2665,-0.2586,-0.0431,-0.0315,-0.9986,0.3308,-0.0871,-1.5315,1.0742,-1.3136,-0.4597,0.1851,1.4608,-0.8976,1.2224,-0.4459,0.6902,0.3722,0.1473,0.8802,-0.2559,0.2986,-0.1202,0.1318,-0.0349,0.3000,-0.0008,-1.4550,1.1846,-1.2136,-0.5000,0.2000,1.5058,-1.1348,1.2128,-1.6028,0.9919,1.4651,-0.3712,1.8483,-2.4888,2.6129,0.4244,-2.4407,-2.9853,0.7500,0.20
7.6474,0.0000,0.0000,0.0000,0.0000,0.0000,0.0000,0.2052,0.2543,-0.5088,-0.0339,-0.0385,-0.9987,0.3232,-0.0732,-1.5188,1.0824,-1.2938,-0.4662,0.1899,1.4617,-0.9095,1.2228,-0.2094,0.5739,0.4537,0.7018,0.8142,-0.2714,0.1590,0.1900,-0.9926,-0.0155,0.3000,-0.0178,-1.4244,1.3364,-1.2893,-0.5000,0.2000,1.5660,-1.1358,1.2057,-1.7730,0.8221,1.8703,2.1541,0.3283,-2.5275,2.1787,0.8233,-2.4855,-2.1431,0.7778,0.18
7.6723,0.0000,0.0000,0.0000,0.0000,0.0000,0.0000,-0.1960,-0.3561,-0.5080,-0.0343,-0.0312,-0.9989,0.3183,-0.0641,-1.5057,1.1165,-1.2850,-0.4711,0.1923,1.4763,-0.9454,1.2232,-0.1745,0.3063,0.4537,1.8495,0.0659,-0.2830,0.1086,0.6553,-1.6789,-0.1008,0.3000,-0.0009,-1.3939,1.2589,-1.4293,-0.5000,0.2000,1.5827,-1.0070,1.1986,-2.1258,0.9912,2.1235,0.1910,-2.0297,-2.2828,1.9918,0.7865,0.2894,-1.5592,0.8056,0.18
7.6953,0.0000,0.0000,0.0000,0.0000,0.0000,0.0000,-0.1855,-1.2164,-0.5670,-0.0616,-0.0305,-0.9976,0.3135,-0.0561,-1.4923,1.1481,-1.2998,-0.4761,0.1942,1.4876,-0.9700,1.2198,-0.1241,0.5506,0.8220,0.7483,-1.2175,-0.2055,0.0000,0.2055,-0.4032,-0.3335,0.3000,0.0000,-1.3633,1.1318,-1.3690,-0.5000,0.2000,1.5324,-0.9355,1.1914,-2.2818,1.1852,1.4106,-1.1363,-0.3383,-2.7990,2.3095,0.0792,1.2852,-2.3736,0.8333,0.17
7.7183,0.0000,0.0000,0.0000,0.0000,0.0000,0.0000,0.0100,-0.8574,-0.7781,-0.0842,-0.0335,-0.9959,0.3110,-0.0471,-1.4712,1.1495,-1.3198,-0.4823,0.1952,1.4849,-0.9744,1.2131,-0.1900,0.3877,1.0430,-0.5041,-0.3024,-0.2171,0.0194,-0.3955,0.2869,-0.2133,0.3000,-0.0116,-1.3723,1.1189,-1.2398,-0.5000,0.2000,1.5204,-1.0404,1.1842,-2.1983,0.8842,0.6045,-0.9396,1.3623,-2.5850,2.7954,-0.2444,-0.0623,-2.4490,0.8611,0.17
7.7423,0.0000,0.0000,0.0000,0.0000,0.0000,0.0000,0.1014,-0.1758,-1.1379,-0.0873,-0.0412,-0.9953,0.3094,-0.0413,-1.4478,1.1383,-1.3142,-0.4874,0.1958,1.4803,-0.9736,1.2087,-0.0465,0.1977,0.8298,-0.4692,0.9344,-0.2365,0.0427,0.0853,-0.1163,-0.2365,0.3000,-0.0476,-1.3934,1.2578,-1.2432,-0.5000,0.2000,1.5203,-1.1322,1.1742,-1.6668,0.5241,0.0884,0.7399,2.0214,-2.2545,2.5572,-0.4489,-1.0400,-2.3857,0.8889,0.16
7.7654,0.0000,0.0000,0.0000,0.0000,0.0000,0.0000,-0.3575,-0.0499,-1.3033,-0.0830,-0.0341,-0.9960,0.3088,-0.0423,-1.4302,1.1376,-1.2887,-0.4889,0.1963,1.4859,-0.9842,1.2041,0.0465,-0.1939,0.5118,0.6514,0.8142,0.1435,0.0116,0.4071,-0.8608,-0.2637,0.3342,-0.0797,-1.3710,1.2461,-1.2832,-0.5000,0.2000,1.5228,-1.0540,1.1641,-0.6581,0.2030,0.0062,1.9880,0.6248,-1.6100,1.9566,-0.6271,-0.2449,-1.7340,0.9167,0.17
7.7893,0.0000,0.0000,0.0000,0.0000,0.0000,0.0000,-0.2013,-0.6197,-0.8235,-0.0915,-0.0268,-0.9954,0.3116,-0.0499,-1.4182,1.1521,-1.2771,-0.4873,0.1967,1.4951,-0.9965,1.1966,0.2792,-0.3490,0.5157,0.6359,0.0853,-0.0194,-0.0233,0.3024,-0.1512,-0.3102,0.3481,-0.1759,-1.3846,1.2014,-1.4127,-0.5000,0.2000,1.5217,-0.9262,1.1541,-0.5188,-0.7587,-0.4346,1.5450,-0.6551,-1.2419,1.9037,-0.8421,1.7278,-1.3757,0.9444,0.16
7.8124,0.0000,0.0000,0.0000,0.0000,0.0000,0.0000,0.0657,-0.9707,-0.4285,-0.1151,-0.0306,-0.9929,0.3184,-0.0679,-1.4084,1.1596,-1.2892,-0.4893,0.1965,1.4977,-0.9916,1.1869,0.3063,-1.1322,0.2675,-0.0853,-1.2175,-0.0078,-0.0698,-0.1435,0.8336,-0.5041,0.3723,-0.1965,-1.3451,1.1519,-1.3593,-0.5000,0.2000,1.5460,-0.9223,1.1440,-0.2771,-0.9651,-0.3454,1.7348,-0.1100,-1.4299,1.9630,-0.8031,2.0239,-1.0790,0.9722,0.16
7.8363,0.0000,0.0000,0.0000,0.0000,0.0000,0.0000,-0.0505,-0.5295,-0.4178,-0.1286,-0.0271,-0.9913,0.3269,-0.0943,-1.3960,1.1518,-1.3056,-0.4916,0.1961,1.4965,-0.9782,1.1733,0.3645,-1.1089,0.6049,-0.6010,-0.1357,-0.0543,-0.0582,0.0078,0.4963,-0.6979,0.3696,-0.1780,-1.3318,1.1000,-1.4087,-0.5000,0.2000,1.5725,-0.9180,1.1503,-0.3036,-0.7796,-0.5179,1.4816,-0.3170,-1.2138,1.8128,-0.7417,2.0547,-0.8365,0.0000,0.17
7.8593,0.0000,0.0000,0.0000,0.0000,0.0000,0.0000,-0.0705,-0.1160,-0.7136,-0.1318,-0.0265,-0.9909,0.3349,-0.1119,-1.3827,1.1315,-1.3150,-0.4915,0.1962,1.5015,-0.9649,1.1614,0.3179,-0.5273,0.5777,-1.2834,-0.6126,-0.0155,-0.0078,0.3645,0.6475,-0.4304,0.4140,-0.1180,-1.3859,1.1052,-1.3959,-0.5000,0.2000,1.5698,-0.9133,1.1469,0.1404,-0.1798,-0.8558,1.0994,-0.2606,-1.0699,1.4430,-0.9721,2.3488,-0.7699,0.0278,0.17
7.8834,0.0000,0.0000,0.0000,0.0000,0.0000,0.0000,-0.0550,0.0901,-0.5554,-0.1292,-0.0242,-0.9913,0.3472,-0.1171,-1.3779,1.1098,-1.3278,-0.4914,0.1969,1.5100,-0.9526,1.1516,0.6010,0.0504,-0.1473,-0.7251,-0.4575,0.0271,0.0000,0.2869,0.5351,-0.5041,0.4567,-0.0426,-1.4207,1.0243,-1.3611,-0.4820,0.1708,1.5874,-0.9083,1.1307,0.5673,0.5737,-1.1960,0.1400,0.0169,-0.8201,0.7075,-1.1517,2.8237,-0.8322,0.0556,0.17
7.9073,0.0000,0.0000,0.0000,0.0000,0.0000,0.0000,0.0952,0.0507,-0.5079,-0.1286,-0.0328,-0.9912,0.3669,-0.1060,-1.3851,1.0849,-1.3345,-0.4892,0.1939,1.5217,-0.9382,1.1376,0.9538,0.8220,-0.4110,-1.2059,-0.0271,0.2288,-0.2753,0.4847,0.5661,-0.7445,0.5000,-0.0146,-1.4411,0.9152,-1.3115,-0.4902,0.1190,1.6078,-0.9031,1.1038,1.0881,0.8542,-1.1335,-1.0114,0.4411,-0.9016,0.1897,-1.2496,1.8340,-1.2784,0.0833,0.16
7.9313,0.0000,0.0000,0.0000,0.0000,0.0000,0.0000,0.0089,0.2287,-0.3946,-0.1261,-0.0360,-0.9914,0.3914,-0.0895,-1.3930,1.0516,-1.3337,-0.4857,0.1843,1.5355,-0.9250,1.1182,1.1826,0.7561,-0.3141,-1.7216,0.0388,0.1512,-0.5234,0.5816,0.5816,-0.9461,0.5000,-0.0724,-1.4602,0.9198,-1.2900,-0.4859,0.1930,1.6078,-1.0921,1.1562,1.1714,0.2755,-0.9877,-1.5280,0.5844,-0.8594,0.9302,-1.1868,-0.7120,-1.7514,0.1111,0.19
7.9553,0.0000,0.0000,0.0000,0.0000,0.0000,0.0000,-0.0120,0.5832,-0.1547,-0.1128,-0.0376,-0.9929,0.4154,-0.0825,-1.3995,1.0163,-1.3301,-0.4840,0.1819,1.5503,-0.9251,1.1048,0.9655,-0.0349,-0.4032,-1.3106,0.2133,0.0892,0.3218,0.7212,-0.5739,-0.4188,0.5000,-0.0590,-1.4679,0.9239,-1.2414,-0.4231,0.2000,1.5772,-1.1722,1.1689,1.0891,0.4102,-0.8606,-1.6281,1.2964,-0.2314,1.9799,-1.2751,-1.9460,-1.6285,0.1389,0.18
7.9793,0.0000,0.0000,0.0000,0.0000,0.0000,0.0000,-0.1378,0.3462,0.1723,-0.1009,-0.0352,-0.9943,0.4323,-0.0831,-1.4083,0.9924,-1.3243,-0.4747,0.1905,1.5685,-0.9481,1.1032,0.4847,0.0582,-0.3955,-0.7212,0.4537,0.7057,0.3335,0.7134,-1.4773,-0.0194,0.4877,-0.0672,-1.4591,0.9353,-1.2342,-0.3681,0.2000,1.5560,-1.2200,1.2226,0.8775,0.3284,-0.5693,-0.9228,2.2300,0.3189,1.6113,-0.9069,-2.0028,-0.5869,0.1667,0.17
